department,semester,gender,hostel_or_dayscholar,study_time_preference,learning_style,sleep_quality,stress_level,internet_access_quality,part_time_job,mentor_support,placement_status,study_minutes_per_day,material_prep_minutes_per_week,extracurricular_minutes_per_week,skill_dev_minutes_per_week,attendance_percentage,previous_year_score,previous_semester_gpa,backlogs_count,internal_marks,projects_completed,hackathons_participated,internships_completed,certifications_count,coding_problems_solved,coding_platform_rating
CSE,6,Male,Day Scholar,Night,Visual,Average,Low,Good,No,No,Not Started,219,228,332,405,94.0,75.6,7.4,0,36,4,4,1,4.0,273,1049
CSE,5,Female,Hostel,Night,Visual,Poor,Medium,Good,No,No,Not Started,141,529,152,217,80.9,66.7,6.43,1,34,6,2,0,1.0,161,1238
CSE,1,Male,Day Scholar,Night,Auditory,Average,High,Good,No,Yes,Not Started,119,300,44,485,85.8,71.5,6.84,1,30,3,1,0,0.0,0,1031
CSE,1,Female,Hostel,Morning,Kinesthetic,Poor,High,Good,No,No,Not Started,227,225,0,350,86.2,72.1,7.46,0,36,1,0,0,1.0,89,957
CSE,7,Female,Hostel,Afternoon,Kinesthetic,Good,Medium,Good,No,Yes,In Progress,179,255,120,277,100.0,69.6,6.65,2,32,3,2,0,3.0,169,1096
CSE-AIML,7,Female,Hostel,Night,Kinesthetic,Poor,Medium,Average,No,No,In Progress,271,205,99,56,98.6,83.5,8.89,0,39,6,2,3,4.0,0,1056
ECE,8,Female,Hostel,Morning,Kinesthetic,Poor,High,Average,Yes,No,Placed,190,138,0,351,64.2,69.8,7.07,2,35,5,3,2,3.0,288,1081
CSE,5,Female,Hostel,Night,Visual,Average,Medium,,No,No,Not Started,265,242,190,292,65.7,65.6,6.95,1,34,3,1,0,2.0,108,1036
CSE-AIML,2,Female,Day Scholar,Night,Visual,Average,Low,Average,No,No,Not Started,279,249,46,443,73.0,71.1,7.25,0,41,2,2,0,0.0,0,804
CSE,1,Male,Hostel,Night,Visual,Good,Medium,Good,No,Yes,Not Started,136,269,90,610,88.8,74.8,7.91,0,38,0,0,0,0.0,73,945
ECE,4,Female,Hostel,Morning,Visual,Average,Medium,Average,No,No,Not Started,165,178,0,360,77.1,66.8,6.49,2,24,4,4,0,0.0,60,966
CSE-DS,4,Female,Hostel,Night,Kinesthetic,Good,Medium,Good,Yes,No,Not Started,128,257,16,406,86.6,77.9,7.15,1,34,2,2,1,1.0,165,901
CSE-DS,7,Male,Hostel,Night,Visual,Average,Medium,Good,No,Yes,Placed,122,54,0,62,68.9,72.8,7.89,0,36,5,2,1,1.0,63,978
CSE,8,Male,Day Scholar,Afternoon,Kinesthetic,Average,Medium,Good,Yes,No,In Progress,159,208,0,108,96.9,78.9,7.72,0,37,7,5,3,5.0,100,776
CSE,2,Other,Day Scholar,Night,Visual,Poor,Medium,Good,No,No,Not Started,120,350,137,160,76.5,67.3,7.06,0,35,1,0,0,0.0,0,1132
CSE,7,Female,Hostel,Night,Visual,Average,Medium,Good,No,No,In Progress,283,408,100,280,100.0,81.6,8.5,0,38,0,2,1,2.0,181,1157
CSE,2,Female,Hostel,Afternoon,Visual,Average,Medium,Good,Yes,Yes,Not Started,247,427,123,254,90.0,71.5,7.79,0,31,2,0,0,1.0,64,968
CSE-AIML,2,Female,Hostel,Afternoon,Visual,Poor,Medium,Average,No,Yes,Not Started,160,297,51,86,97.5,72.5,7.18,2,33,1,2,0,1.0,0,849
CSE,3,Male,Day Scholar,Afternoon,Auditory,Poor,Medium,Good,No,Yes,Not Started,211,192,228,431,75.1,68.1,6.5,0,34,1,2,1,1.0,165,1272
CSE,3,Male,Hostel,,Visual,Poor,High,Good,No,No,Not Started,353,84,74,373,82.9,74.4,7.14,0,38,3,0,0,2.0,137,1076
CSE,4,Male,Hostel,Night,Auditory,Good,Medium,Good,No,No,Not Started,324,180,120,0,75.1,67.9,6.9,0,31,5,1,1,3.0,17,753
IT,8,Female,Hostel,Morning,Kinesthetic,Average,High,Good,No,No,Placed,212,132,114,238,84.2,75.5,7.62,1,38,4,1,1,4.0,226,1133
CSE-DS,7,Female,Hostel,Morning,Visual,Good,Medium,Good,No,No,Placed,229,361,146,408,100.0,73.2,7.24,0,40,8,2,1,2.0,301,1162
CSE-DS,5,Male,Day Scholar,Night,Visual,Average,Medium,Good,No,No,Not Started,136,404,80,203,77.5,71.3,7.33,1,34,3,2,0,0.0,97,1114
CSE-DS,2,Female,Hostel,Morning,Auditory,Average,Medium,Good,No,No,Not Started,231,253,97,453,100.0,79.4,7.63,0,39,2,1,0,0.0,87,1171
IT,2,Female,Day Scholar,Afternoon,Visual,Average,Medium,Good,No,Yes,Not Started,76,185,166,447,74.1,60.2,6.06,1,32,1,0,0,0.0,18,1230
CSE-DS,5,Male,Day Scholar,Afternoon,Kinesthetic,Average,Low,Average,No,No,Not Started,273,362,121,279,89.8,75.1,7.36,1,37,3,3,1,4.0,209,1127
IT,2,Female,Hostel,Morning,Visual,Average,Medium,Good,No,Yes,Not Started,179,284,72,242,88.1,74.8,8.64,0,36,0,0,0,1.0,17,1162
CSE,7,Male,Hostel,Night,Auditory,Average,Low,Poor,No,Yes,In Progress,83,376,273,525,89.2,68.1,7.05,0,32,4,3,5,5.0,307,1095
IT,7,Male,Day Scholar,Night,Visual,Good,Low,Good,No,Yes,In Progress,229,243,304,256,100.0,85.0,8.87,0,44,8,0,2,5.0,231,1121
ECE,7,Female,Hostel,Morning,Auditory,Good,Low,Average,No,No,In Progress,202,136,0,224,68.0,70.1,6.67,0,38,8,0,3,3.0,256,948
IT,4,Male,Hostel,Morning,Visual,Good,Low,Average,No,Yes,Not Started,197,163,0,0,98.3,68.4,7.4,0,34,4,0,0,4.0,0,1068
IT,2,Male,Hostel,Night,Auditory,Average,Medium,Poor,No,Yes,Not Started,325,77,141,233,72.7,71.9,6.78,1,36,2,0,0,3.0,24,935
CSE,7,Male,Day Scholar,Morning,Auditory,Average,High,Good,No,Yes,Placed,183,268,139,243,100.0,81.2,8.38,0,41,3,2,3,6.0,126,1087
CSE-AIML,8,Female,Hostel,Morning,Visual,Poor,High,Good,No,Yes,In Progress,251,211,0,489,71.2,53.5,5.39,0,26,9,2,3,7.0,357,997
CSE,2,Male,Hostel,Night,Auditory,Good,Medium,Good,No,No,Not Started,94,129,124,529,77.8,66.8,6.24,0,35,2,1,0,0.0,218,1083
IT,4,Male,Hostel,Night,Visual,Poor,High,Good,Yes,No,Not Started,70,453,248,383,76.2,60.1,6.05,5,25,5,3,1,4.0,162,833
CSE-DS,2,Male,Day Scholar,Morning,Auditory,Good,Low,Good,No,Yes,Not Started,314,444,192,626,72.5,68.5,7.02,0,34,4,0,0,0.0,67,1047
CSE-DS,5,Female,Hostel,Afternoon,Auditory,Average,Medium,Poor,No,Yes,Not Started,127,355,60,135,79.9,66.5,6.92,0,31,3,4,1,4.0,148,793
CSE-AIML,5,Female,Hostel,Night,Kinesthetic,Poor,Medium,Average,No,No,Not Started,192,343,253,395,87.1,68.9,6.81,0,36,3,0,2,1.0,236,1130
CSE,7,Other,Hostel,Afternoon,Kinesthetic,Poor,High,Good,Yes,Yes,Placed,24,313,257,381,66.0,65.9,6.64,0,39,1,3,2,3.0,220,1104
ECE,4,Male,Day Scholar,Morning,Visual,Poor,High,Average,No,No,Not Started,218,224,415,318,72.2,67.5,5.59,1,27,5,1,1,1.0,82,1095
IT,4,Female,Hostel,Night,Kinesthetic,Average,Medium,Poor,No,No,Not Started,179,155,198,494,73.3,66.1,7.35,0,35,3,0,2,0.0,244,1069
ECE,3,Male,Day Scholar,Night,Auditory,Poor,Medium,Good,No,No,Not Started,230,116,43,518,91.1,77.8,8.2,0,40,5,1,0,2.0,125,1137
IT,3,Male,Day Scholar,Afternoon,Auditory,Average,Low,Good,No,No,Not Started,131,288,286,332,100.0,68.7,6.19,4,38,2,0,0,1.0,111,1044
IT,6,Male,Hostel,Night,Auditory,Average,Medium,Average,No,No,In Progress,186,249,151,657,85.1,77.2,6.59,2,40,3,3,2,2.0,375,1155
CSE-AIML,6,Male,Hostel,Morning,Kinesthetic,Good,Medium,Good,Yes,Yes,Not Started,114,175,116,113,90.8,64.9,7.15,0,33,4,1,1,3.0,54,1086
CSE-AIML,7,Male,Day Scholar,Night,Auditory,Good,Medium,Good,No,No,In Progress,236,293,165,274,82.5,76.3,6.94,0,44,7,1,1,4.0,262,1387
CSE-AIML,5,Male,Hostel,Morning,Kinesthetic,Poor,Medium,Good,No,No,Not Started,212,47,152,56,76.4,63.3,5.93,1,33,7,3,2,3.0,0,921
CSE,2,Female,Hostel,Night,Kinesthetic,Average,Medium,Good,Yes,No,Not Started,71,300,0,249,91.2,71.0,7.16,0,36,0,0,0,1.0,62,875
CSE,2,Female,Day Scholar,Night,Kinesthetic,Average,Medium,Average,No,No,Not Started,148,264,166,374,99.6,71.0,7.44,0,38,0,0,0,2.0,145,1042
ECE,8,Male,Hostel,Morning,Auditory,Good,Medium,Average,No,No,Placed,59,275,221,347,90.7,64.7,8.12,0,31,12,2,0,2.0,275,1364
ECE,8,Male,Hostel,Afternoon,Auditory,Average,High,Good,Yes,Yes,In Progress,152,139,27,440,94.1,76.5,7.37,0,33,6,0,3,1.0,375,1339
ECE,5,Male,Hostel,Night,Visual,Good,Low,Average,Yes,No,Not Started,238,392,203,334,83.4,77.3,7.28,0,39,2,1,1,1.0,154,1021
ECE,5,Female,Day Scholar,Night,Visual,Good,High,Average,Yes,Yes,Not Started,205,323,130,243,68.5,66.1,6.16,2,40,3,1,1,3.0,125,1346
CSE,1,Male,Hostel,Afternoon,Auditory,Poor,Medium,Good,No,No,Not Started,177,435,53,314,85.8,71.6,7.95,1,34,1,0,0,0.0,76,1044
CSE,8,Male,Hostel,Night,Kinesthetic,Average,Low,Good,No,No,Placed,130,218,0,202,76.8,61.6,6.74,1,25,7,0,2,1.0,115,1068
CSE-DS,2,Female,Hostel,Morning,Kinesthetic,Good,Low,Good,No,Yes,Not Started,120,164,92,400,83.2,67.2,6.41,1,33,1,0,0,1.0,64,1067
CSE-AIML,2,Female,Day Scholar,Night,Auditory,Average,Medium,Good,No,Yes,Not Started,307,295,42,37,79.5,81.3,8.78,0,37,1,0,0,3.0,73,951
CSE,3,Female,Hostel,Night,Visual,Good,Medium,Good,No,No,Not Started,121,226,61,162,79.3,72.6,7.36,0,39,2,1,0,0.0,52,802
CSE-AIML,4,Male,Hostel,Night,Visual,Average,Medium,,No,No,Not Started,219,200,246,405,73.7,67.6,6.75,0,40,4,1,0,1.0,211,1246
CSE-DS,8,Female,Day Scholar,Morning,Visual,Average,Medium,Average,No,Yes,Placed,329,201,0,119,99.1,81.8,8.2,0,43,10,4,3,6.0,36,1107
IT,7,Female,Day Scholar,Night,Visual,Poor,Medium,Poor,No,Yes,Placed,0,190,25,67,100.0,66.4,7.05,0,33,10,0,2,2.0,17,899
CSE-DS,4,Male,Hostel,Afternoon,Kinesthetic,Average,Medium,Good,No,No,Not Started,117,202,48,296,75.5,69.7,7.84,0,33,3,2,0,3.0,20,873
CSE-DS,2,Male,Hostel,Night,Auditory,Poor,High,Good,No,Yes,Not Started,194,74,0,42,62.7,71.0,7.33,0,39,2,0,0,0.0,0,934
IT,3,Male,Hostel,Night,Kinesthetic,Good,Low,Good,No,No,Not Started,345,327,3,266,86.3,82.9,8.97,0,48,1,1,1,1.0,78,905
CSE,5,Female,Hostel,Night,Auditory,Good,Low,Poor,No,No,Not Started,249,100,172,101,92.6,77.6,7.97,0,39,4,3,1,3.0,0,841
CSE,7,Female,Day Scholar,Night,Kinesthetic,Good,Medium,Average,No,No,In Progress,276,305,147,296,57.0,53.7,5.08,1,27,2,4,3,3.0,276,978
CSE-AIML,7,Male,Hostel,Morning,Kinesthetic,Poor,High,Average,No,No,In Progress,166,123,102,355,95.6,80.4,7.06,1,37,4,1,3,6.0,216,1190
CSE-DS,5,Male,Hostel,Afternoon,Auditory,Poor,High,Average,No,No,Not Started,88,214,231,424,75.4,63.6,6.44,2,30,5,1,0,2.0,236,1157
CSE,3,Female,Day Scholar,Afternoon,Kinesthetic,Average,Medium,Good,No,Yes,Not Started,181,300,29,78,88.3,68.7,6.94,1,33,1,1,0,,0,981
IT,5,Male,Hostel,Night,Kinesthetic,Poor,Medium,Good,No,No,Not Started,290,156,143,240,89.5,81.0,8.2,0,41,6,1,1,5.0,121,1090
CSE-DS,4,Female,Day Scholar,Morning,Kinesthetic,Good,Low,Average,No,Yes,Not Started,187,308,119,179,78.3,62.7,6.13,0,36,1,1,0,2.0,119,867
CSE-AIML,8,Male,Day Scholar,Night,Visual,Good,Low,Good,No,Yes,Placed,14,265,202,609,96.0,66.6,6.52,0,34,6,0,3,5.0,547,1452
IT,3,Male,Day Scholar,Morning,Kinesthetic,Average,High,Average,No,Yes,Not Started,128,298,215,225,79.6,71.8,6.13,1,37,2,1,0,2.0,97,1304
CSE-DS,2,Female,Hostel,Night,Auditory,Good,Medium,Average,Yes,Yes,Not Started,143,220,9,437,96.3,71.3,7.42,0,41,4,0,0,0.0,26,1216
CSE-AIML,7,Male,Hostel,Night,Visual,Average,Medium,Good,No,Yes,In Progress,154,201,162,564,52.6,62.9,6.05,1,34,1,3,4,3.0,300,1033
CSE-AIML,5,Male,Day Scholar,Night,Auditory,Average,Low,Good,No,Yes,Not Started,93,396,348,184,90.4,68.1,6.58,0,35,2,0,1,1.0,107,854
IT,8,Male,Hostel,Morning,Auditory,Good,Medium,Good,No,No,Placed,153,317,103,225,81.2,72.6,7.93,0,35,5,3,1,9.0,244,893
IT,1,Male,Hostel,Afternoon,Visual,Good,Low,Good,No,Yes,Not Started,274,180,107,507,86.1,74.8,6.91,0,36,0,0,0,1.0,146,1069
CSE,6,Female,Hostel,Night,Visual,Average,Medium,Good,No,No,In Progress,68,405,0,229,67.3,63.4,7.18,0,33,4,3,0,1.0,150,1251
CSE,1,Male,Hostel,Night,Kinesthetic,Good,Medium,Good,No,No,Not Started,356,228,177,0,63.0,70.8,6.92,0,38,4,1,0,0.0,104,893
CSE-AIML,4,Female,Day Scholar,Night,Kinesthetic,Good,Medium,Good,No,No,Not Started,229,233,152,502,76.4,75.0,7.56,0,39,5,0,0,2.0,237,935
CSE-AIML,7,Female,Hostel,Night,Auditory,Average,Low,Good,No,Yes,Placed,179,140,66,397,100.0,86.6,8.57,0,46,8,2,0,2.0,244,1112
CSE,6,Male,Hostel,Night,Auditory,Good,Medium,Average,Yes,Yes,Not Started,323,252,0,363,99.2,79.3,7.12,1,41,7,2,0,5.0,203,1120
CSE,8,Female,Day Scholar,Morning,Auditory,Poor,High,Good,No,No,Placed,56,170,32,223,70.0,61.5,5.28,1,31,12,0,2,4.0,78,868
CSE,6,Male,Hostel,Morning,Auditory,Average,Low,Good,No,No,In Progress,146,263,55,254,83.2,68.7,6.76,0,35,3,2,1,4.0,181,988
CSE,8,Female,Day Scholar,Night,Kinesthetic,Average,Medium,Good,No,No,Placed,149,276,95,124,76.8,64.2,5.71,3,29,7,1,0,5.0,107,821
ECE,4,Male,Hostel,Morning,Visual,Average,Medium,Average,No,Yes,Not Started,71,263,37,342,90.8,69.3,7.22,2,32,6,1,0,2.0,128,1080
CSE-AIML,5,Male,Hostel,Morning,Auditory,Good,Low,Average,No,No,Not Started,255,162,53,758,75.5,69.8,6.98,0,34,5,1,2,2.0,444,1194
CSE-DS,8,Male,Hostel,Afternoon,Visual,Average,Low,Good,No,No,Placed,349,169,64,683,91.4,84.6,9.07,0,39,5,3,0,5.0,573,1463
CSE,7,Female,Hostel,Afternoon,Visual,Average,Medium,Average,No,Yes,In Progress,65,194,78,87,63.7,63.7,6.85,0,31,4,1,1,7.0,57,714
CSE,8,Female,Hostel,Afternoon,Visual,Poor,Low,Average,No,No,Placed,81,206,67,627,78.7,65.0,6.71,0,33,12,1,0,7.0,404,1365
CSE-AIML,6,Female,Hostel,Night,Visual,Poor,Medium,,No,No,Not Started,273,322,159,341,67.0,69.6,6.07,4,38,1,3,4,0.0,219,1205
CSE,1,Male,Day Scholar,Morning,Visual,Average,Medium,Good,No,Yes,Not Started,170,189,0,403,72.6,64.8,6.28,1,32,2,0,0,0.0,64,876
IT,5,Male,Day Scholar,Morning,Kinesthetic,Average,Medium,Good,Yes,No,Not Started,106,67,160,325,74.0,65.1,6.73,0,36,2,0,2,2.0,184,966
CSE-DS,8,Female,Hostel,,Visual,Average,Low,Poor,No,No,Placed,313,196,156,400,71.7,70.5,6.53,0,38,5,2,1,4.0,329,1295
CSE-AIML,7,Female,Hostel,Morning,Auditory,Average,Medium,Good,Yes,Yes,Placed,209,220,99,206,82.7,73.5,7.48,0,37,4,3,1,2.0,120,1274
CSE,3,Female,Day Scholar,Night,Auditory,Average,Medium,Poor,Yes,No,Not Started,220,389,129,226,87.1,71.9,6.28,5,42,2,1,0,1.0,104,733
CSE,3,Male,Hostel,Morning,Kinesthetic,Good,Medium,Average,No,Yes,Not Started,111,270,0,450,90.4,68.2,7.05,1,31,3,3,0,2.0,117,665
CSE,8,Male,Hostel,Morning,Kinesthetic,Average,Low,Good,No,No,Placed,268,263,175,451,100.0,76.2,7.34,0,39,8,4,0,2.0,391,1331
CSE-DS,4,Male,Day Scholar,Afternoon,Kinesthetic,Average,Low,Good,No,Yes,Not Started,209,393,408,103,70.4,69.0,6.71,0,34,5,0,0,3.0,19,975
IT,5,Female,Hostel,Night,Visual,Average,Medium,Good,Yes,No,Not Started,164,0,112,240,80.8,66.7,6.5,1,36,2,1,1,1.0,161,1032
CSE,7,Male,Hostel,Afternoon,Kinesthetic,Poor,High,Average,No,No,In Progress,307,258,117,405,95.2,75.1,8.22,0,38,4,3,0,6.0,202,982
CSE-AIML,8,Female,Day Scholar,Afternoon,Auditory,Poor,Medium,Good,No,No,Placed,306,236,0,206,75.2,80.6,8.14,0,42,4,1,3,1.0,186,1272
CSE-AIML,8,Female,Hostel,Night,Kinesthetic,Good,Low,Average,No,No,Placed,249,278,8,0,75.0,69.7,7.13,2,35,4,2,1,6.0,0,1114
ECE,1,Male,Hostel,Night,Kinesthetic,Poor,Medium,Average,No,No,Not Started,140,238,195,226,73.7,60.2,6.48,1,33,1,0,0,1.0,61,1046
ECE,7,Female,Day Scholar,Night,Visual,Average,Medium,Good,Yes,No,Placed,327,161,104,254,71.5,72.4,6.83,0,42,7,1,4,3.0,230,1131
CSE,6,Male,Hostel,Morning,Visual,Average,Medium,Average,No,No,Not Started,345,212,2,564,100.0,85.6,8.5,0,40,5,3,0,2.0,305,1257
CSE,2,Male,Day Scholar,Morning,Auditory,Average,Low,Good,No,Yes,Not Started,41,0,156,524,81.3,68.2,6.82,0,32,1,3,0,1.0,63,977
CSE-DS,1,Male,Day Scholar,Night,Kinesthetic,Good,Medium,Good,No,Yes,Not Started,290,199,192,456,76.2,68.5,7.38,0,38,0,0,0,0.0,0,772
CSE-DS,7,Male,Hostel,Night,Visual,Average,Low,Good,No,No,Placed,163,259,0,345,73.1,63.4,6.41,0,33,5,1,0,2.0,308,1284
CSE-DS,8,Male,Hostel,Night,Auditory,Average,Medium,Good,No,No,Placed,207,340,199,252,68.2,67.2,6.85,0,29,4,2,0,3.0,274,1094
CSE,5,Male,Hostel,Afternoon,Auditory,Poor,Low,Good,No,No,Not Started,258,163,114,247,88.1,70.7,8.08,0,39,6,1,0,1.0,122,1113
IT,8,Male,Hostel,Night,Auditory,Poor,Medium,Average,No,Yes,Placed,141,140,115,440,82.3,78.8,8.19,0,39,6,2,0,4.0,375,1152
CSE,8,Female,Day Scholar,Night,Auditory,Good,Low,Poor,No,No,Placed,200,94,85,121,86.9,70.8,6.35,0,32,8,4,2,5.0,106,1197
CSE-AIML,4,Male,Hostel,Night,Kinesthetic,Poor,Low,Average,Yes,No,Not Started,0,286,85,504,86.4,73.2,6.49,2,37,2,2,0,1.0,223,1046
ECE,7,Male,Hostel,Night,Kinesthetic,Poor,Low,Good,No,Yes,In Progress,239,609,126,285,83.7,67.6,6.47,2,35,1,1,0,1.0,175,1182
CSE-DS,7,Female,Hostel,Night,Visual,Average,Medium,Good,Yes,Yes,In Progress,111,523,240,697,80.0,69.0,7.07,0,37,5,4,2,1.0,392,949
CSE,1,Male,Hostel,Morning,Auditory,Average,Medium,Good,No,Yes,Not Started,130,350,40,326,90.5,74.2,8.18,0,36,2,0,0,0.0,69,808
CSE-AIML,7,Female,Hostel,Afternoon,Visual,Good,Low,Good,No,No,In Progress,289,121,36,306,87.3,70.5,7.67,0,31,7,4,0,4.0,232,1421
CSE-DS,2,Other,Day Scholar,Night,Kinesthetic,Average,Medium,Average,Yes,No,Not Started,115,259,214,422,78.2,69.5,6.53,0,34,1,0,0,1.0,53,1011
CSE,5,Male,Hostel,Afternoon,Kinesthetic,Good,Medium,Average,No,No,Not Started,241,302,176,625,72.3,73.9,6.98,2,38,1,2,3,5.0,329,1113
IT,3,Male,Hostel,Morning,Kinesthetic,Good,Low,Average,No,Yes,Not Started,254,332,225,145,86.0,79.5,9.16,0,38,0,1,2,4.0,48,930
ECE,7,Male,Hostel,Night,Auditory,Average,Medium,Good,No,No,Placed,177,109,234,138,75.2,72.4,7.42,0,41,6,4,3,5.0,207,915
CSE-DS,6,Female,Day Scholar,Night,Visual,Good,Medium,Good,Yes,Yes,Not Started,198,62,99,345,76.3,76.2,7.95,0,41,3,0,0,1.0,229,1093
CSE-AIML,5,Female,Hostel,Afternoon,Visual,Poor,High,Good,No,No,Not Started,135,222,6,27,89.5,69.2,7.47,0,34,3,3,0,2.0,2,1266
CSE,1,Male,Day Scholar,Afternoon,Visual,Average,High,Good,No,No,Not Started,277,301,0,344,80.1,72.5,7.45,0,32,0,0,0,0.0,39,934
ECE,7,Female,Hostel,Night,Auditory,Poor,High,Good,Yes,No,In Progress,163,372,46,185,66.4,65.7,6.9,0,35,2,1,1,2.0,223,940
CSE-AIML,1,Male,Hostel,Night,Kinesthetic,Average,Medium,Average,No,Yes,Not Started,132,360,176,451,82.9,67.0,6.21,2,32,2,1,0,2.0,40,902
CSE,1,Female,Hostel,Morning,Kinesthetic,Good,High,Poor,No,No,Not Started,207,274,93,224,95.8,80.3,8.25,0,40,1,0,0,1.0,45,959
ECE,6,Male,Hostel,Night,Visual,Average,Medium,Good,No,Yes,In Progress,202,425,69,0,95.3,73.1,7.69,0,37,6,3,0,2.0,0,978
CSE,2,Female,Hostel,Morning,Auditory,Poor,High,Good,No,No,Not Started,119,53,42,637,100.0,86.0,8.32,0,43,2,0,0,1.0,192,1146
CSE,6,Female,Hostel,Night,Visual,Good,Low,Good,Yes,No,Not Started,4,52,0,246,80.5,61.3,6.67,0,31,7,1,0,3.0,111,1098
CSE,4,Male,Hostel,Afternoon,Visual,Poor,Medium,Good,No,Yes,Not Started,313,321,45,488,74.7,73.5,7.76,0,38,4,0,0,5.0,142,1367
CSE,2,Female,Hostel,Morning,Auditory,Average,Medium,Good,No,No,Not Started,92,340,64,467,99.4,67.6,6.65,0,31,0,1,0,2.0,100,831
CSE-AIML,2,Male,Day Scholar,Morning,Auditory,Good,Low,,Yes,Yes,Not Started,244,118,0,211,100.0,75.2,7.29,0,37,1,0,0,1.0,44,1017
ECE,6,Female,Day Scholar,Night,Auditory,Average,Medium,Good,No,Yes,Not Started,198,316,0,175,89.8,67.4,6.77,2,29,5,1,3,6.0,85,1230
CSE,5,Female,Hostel,Morning,Kinesthetic,Average,Medium,Good,Yes,No,Not Started,29,202,18,440,84.4,67.2,5.69,3,33,2,1,1,1.0,219,863
CSE,2,Female,Hostel,Night,Auditory,Good,Low,Good,No,Yes,Not Started,312,196,185,260,75.6,68.9,7.52,1,37,2,0,0,2.0,162,1110
CSE,5,Male,Hostel,Night,Kinesthetic,Average,Low,,No,No,Not Started,103,0,103,0,100.0,75.9,7.14,0,34,3,1,0,3.0,0,1147
CSE-DS,8,Male,Hostel,Night,Auditory,Good,Low,Poor,Yes,Yes,Placed,0,120,166,250,89.7,70.3,6.48,3,32,6,3,2,0.0,235,943
CSE,4,Male,Hostel,Afternoon,Auditory,Average,Medium,Average,No,No,Not Started,186,243,165,614,82.4,70.5,7.72,0,36,4,1,0,4.0,239,1043
CSE-AIML,5,Male,Hostel,Night,Visual,Average,Low,Average,No,No,Not Started,356,333,212,260,64.3,70.6,7.29,0,36,7,4,1,2.0,115,1014
CSE,6,Male,Hostel,Night,Auditory,Good,Low,Good,No,No,In Progress,219,221,264,410,94.9,75.8,7.25,2,35,8,4,3,5.0,255,1079
ECE,5,Male,Day Scholar,Night,Visual,Average,High,Average,No,No,Not Started,169,202,209,160,98.4,80.0,8.39,0,38,2,2,0,1.0,145,1057
CSE,1,Male,Hostel,Night,Kinesthetic,Good,Low,Good,No,Yes,Not Started,155,214,82,108,88.4,78.2,7.86,0,40,1,0,0,1.0,22,1150
IT,4,Female,Hostel,Morning,Auditory,Average,Medium,Good,No,No,Not Started,88,451,172,246,74.7,65.6,7.38,0,26,5,0,0,1.0,105,1249
CSE,3,Female,Hostel,Morning,Auditory,Good,Medium,Good,No,No,Not Started,146,337,244,234,62.7,64.9,6.51,0,32,4,1,1,,72,1157
CSE,1,Male,Hostel,Afternoon,Kinesthetic,Poor,Medium,Average,No,No,Not Started,363,344,323,492,99.2,83.8,7.85,1,37,1,0,0,1.0,68,1022
CSE-DS,1,Female,Day Scholar,Night,Visual,Good,Medium,Good,No,No,Not Started,314,272,70,207,57.6,64.3,6.86,0,26,0,0,0,2.0,4,878
CSE,3,Male,Hostel,Morning,Kinesthetic,Good,Medium,Average,Yes,No,Not Started,296,201,252,190,81.1,68.9,7.03,0,34,2,0,1,2.0,139,1146
CSE,6,Female,Day Scholar,Night,Visual,Poor,High,Good,No,No,In Progress,130,453,354,228,69.9,56.7,5.5,1,30,3,1,1,2.0,89,1204
CSE,3,Female,Hostel,Morning,Visual,Good,Low,Good,Yes,No,Not Started,0,124,258,0,89.1,67.3,6.12,3,32,2,0,1,2.0,0,849
CSE,1,Male,Day Scholar,Morning,Kinesthetic,Poor,Low,Average,No,Yes,Not Started,342,275,116,364,85.6,77.3,8.3,0,35,0,0,0,1.0,33,893
CSE,1,Male,Hostel,Night,Kinesthetic,Average,Medium,Average,No,No,Not Started,143,485,92,167,91.1,68.5,6.4,1,37,2,1,0,0.0,0,540
CSE,6,Male,Hostel,Night,Visual,Average,Medium,Good,No,No,Not Started,53,274,95,284,84.1,70.5,7.38,0,35,4,2,2,7.0,193,984
IT,6,Female,Hostel,Night,Auditory,Average,Medium,Average,No,Yes,Not Started,308,1,51,396,70.9,70.8,6.99,0,40,8,0,2,6.0,319,1254
CSE-AIML,2,Male,Hostel,Night,Auditory,Average,High,Good,No,No,Not Started,234,383,0,549,84.4,73.9,7.86,0,36,0,0,0,0.0,170,1085
CSE-AIML,1,Female,Hostel,Night,Kinesthetic,Average,Low,,No,Yes,Not Started,170,0,201,169,72.5,61.5,6.58,0,29,1,0,0,0.0,0,997
CSE,4,Male,Day Scholar,Morning,Auditory,Good,Medium,Average,No,No,Not Started,134,412,184,128,82.9,66.5,6.49,2,35,3,2,0,4.0,150,995
CSE,4,Male,Day Scholar,Afternoon,Visual,Poor,Medium,Good,Yes,No,Not Started,298,409,178,110,72.9,67.5,6.21,1,39,6,0,0,3.0,44,920
ECE,2,Male,Hostel,Afternoon,Kinesthetic,Average,Medium,Good,No,No,Not Started,186,178,209,542,82.5,71.3,6.92,0,36,1,0,0,2.0,118,1077
CSE-DS,1,Male,Hostel,Morning,Visual,Poor,Low,Good,No,No,Not Started,292,176,122,57,86.4,66.3,6.77,0,26,1,2,0,0.0,55,1123
CSE-DS,6,Male,Hostel,Night,Visual,Average,Low,Good,No,No,Not Started,337,312,61,553,62.4,77.1,7.16,1,42,2,3,0,2.0,265,1291
CSE-AIML,2,Female,Day Scholar,Morning,Kinesthetic,Good,Medium,Good,No,Yes,Not Started,166,439,144,0,90.3,78.9,7.86,0,41,0,1,0,1.0,34,1142
CSE,5,Other,Day Scholar,Night,Auditory,Poor,Low,Good,No,Yes,Not Started,215,421,189,529,88.1,72.5,8.44,0,34,3,0,2,4.0,232,923
IT,5,Female,Hostel,Night,Visual,Average,Medium,Poor,Yes,No,Not Started,267,178,3,227,63.4,67.8,6.46,1,35,2,3,0,2.0,226,1073
CSE-AIML,7,Male,Hostel,Afternoon,Auditory,Good,Medium,Average,No,No,In Progress,252,269,0,196,76.4,67.3,7.68,0,38,5,5,1,1.0,197,1210
CSE,8,Male,Hostel,Morning,Kinesthetic,Average,High,Good,Yes,No,In Progress,175,238,55,378,87.5,62.1,6.67,0,31,9,4,3,3.0,298,1228
CSE-DS,5,Female,Day Scholar,Afternoon,Auditory,Average,Medium,Good,No,No,Not Started,191,144,81,340,100.0,72.1,7.09,0,28,3,0,0,4.0,207,1308
ECE,8,Male,Hostel,Night,Auditory,Good,Medium,,Yes,No,Placed,271,337,0,8,84.6,71.6,6.19,0,39,6,2,3,4.0,38,1111
CSE,4,Male,Day Scholar,Night,Auditory,Good,High,Average,No,No,Not Started,88,135,0,144,73.3,63.8,7.18,1,33,7,1,0,1.0,0,1213
CSE,5,Male,Hostel,Night,Kinesthetic,Average,Medium,Good,No,Yes,Not Started,226,232,0,189,71.4,76.1,6.95,1,38,4,1,1,2.0,107,957
CSE,6,Male,Hostel,Morning,Visual,Average,Low,Average,No,No,Not Started,165,243,64,387,100.0,71.4,7.09,0,32,2,1,1,3.0,190,1336
CSE,6,Male,Hostel,Night,Auditory,Poor,High,Good,No,Yes,Not Started,65,316,0,120,96.4,63.2,5.46,0,26,4,3,0,4.0,153,998
CSE-DS,7,Male,Hostel,Morning,Visual,Average,High,Good,Yes,Yes,Placed,312,334,117,240,65.9,62.4,7.65,0,32,5,1,2,3.0,178,1337
CSE-AIML,4,Female,Hostel,Night,Visual,Average,Medium,Average,No,No,Not Started,311,201,182,458,71.8,69.1,7.08,1,38,1,0,1,1.0,153,1192
CSE-DS,5,Male,Day Scholar,Morning,Visual,Average,Medium,Average,No,No,Not Started,258,250,201,302,89.2,76.7,7.35,2,34,3,2,0,2.0,165,1276
ECE,5,Male,Hostel,Night,Auditory,Poor,Low,Good,No,No,Not Started,212,166,217,208,80.9,73.2,6.61,0,30,5,3,0,3.0,88,956
ECE,3,Male,Hostel,Morning,Kinesthetic,Poor,High,Average,No,Yes,Not Started,224,290,105,360,88.4,69.6,6.08,4,34,2,1,1,1.0,164,683
CSE,5,Male,Day Scholar,Afternoon,Visual,Average,Medium,Poor,No,No,Not Started,149,174,0,146,74.9,65.4,6.85,0,29,4,1,0,4.0,69,1128
CSE,8,Male,Day Scholar,Morning,Auditory,Poor,High,Good,No,No,Placed,269,336,21,151,52.0,61.8,5.79,2,33,5,4,4,4.0,99,1156
IT,8,Male,Hostel,Afternoon,Visual,Good,Medium,Poor,No,No,Placed,325,390,111,108,88.2,75.0,7.33,1,32,3,3,0,9.0,43,873
CSE-AIML,5,Female,Day Scholar,Night,Kinesthetic,Good,Low,Good,No,No,Not Started,159,91,99,322,79.6,72.7,6.98,1,40,2,1,0,2.0,208,1111
CSE,1,Male,Hostel,Afternoon,Kinesthetic,Good,Medium,Good,No,No,Not Started,186,100,162,438,74.6,75.3,8.09,0,34,0,1,0,0.0,83,1048
CSE,3,Male,Hostel,Morning,Visual,Average,High,Average,Yes,No,Not Started,34,92,308,508,81.8,71.4,6.78,1,37,1,3,1,1.0,173,1150
CSE,8,Male,Day Scholar,Afternoon,Kinesthetic,Poor,Medium,Good,No,No,Placed,216,330,190,0,74.4,80.2,7.67,0,40,6,3,2,7.0,0,894
CSE-AIML,4,Male,Day Scholar,Afternoon,Kinesthetic,Poor,High,Average,Yes,Yes,Not Started,140,237,123,189,100.0,72.1,7.59,0,37,2,0,1,3.0,1,881
CSE-AIML,3,Female,Day Scholar,Morning,Visual,Average,High,Average,No,No,Not Started,173,331,134,315,88.2,71.4,6.87,0,30,1,0,0,4.0,149,1031
ECE,6,Female,Hostel,Night,Kinesthetic,Average,Medium,Good,No,No,In Progress,322,320,134,466,69.5,67.3,7.22,0,32,4,0,2,4.0,182,987
CSE,1,Male,Day Scholar,Morning,Kinesthetic,Poor,Medium,Good,No,Yes,Not Started,204,296,100,550,80.2,75.8,6.8,0,38,0,2,0,2.0,77,1007
CSE,8,Male,Hostel,Night,Kinesthetic,Average,Medium,Average,No,No,In Progress,370,199,58,317,83.6,76.1,7.27,0,34,3,3,1,4.0,366,1205
CSE,5,Male,Day Scholar,Night,Kinesthetic,Good,Low,Good,No,Yes,Not Started,146,595,145,596,91.1,69.1,6.82,1,31,7,0,1,3.0,263,1081
IT,1,Male,Hostel,Afternoon,Visual,Average,Medium,Good,Yes,Yes,Not Started,220,514,54,0,69.4,77.7,7.15,1,41,1,1,0,0.0,0,1249
IT,1,Male,Hostel,Night,Kinesthetic,Good,High,Good,No,No,Not Started,162,290,181,86,83.0,70.4,7.09,0,37,0,0,0,2.0,27,1054
CSE,6,Male,Day Scholar,Afternoon,Auditory,Poor,High,Good,Yes,No,Not Started,141,285,249,455,71.7,59.7,5.47,3,29,4,3,1,2.0,240,1222
CSE-AIML,3,Male,Hostel,Night,Visual,Poor,Low,Good,No,Yes,Not Started,225,339,107,488,83.7,67.4,6.57,2,32,4,1,0,1.0,153,1305
IT,5,Male,Hostel,Morning,Auditory,Average,Low,Average,No,Yes,Not Started,348,419,182,134,76.5,75.2,7.64,0,38,7,2,1,5.0,55,1119
IT,3,Male,Hostel,Night,Visual,Average,Medium,Good,No,No,Not Started,224,113,0,699,88.0,69.7,5.27,1,37,2,0,3,4.0,182,1135
CSE,3,Female,Day Scholar,Afternoon,Kinesthetic,Good,Low,Good,No,Yes,Not Started,180,317,170,132,76.7,73.8,7.39,0,32,2,2,0,2.0,50,838
CSE,4,Female,Hostel,Night,Auditory,Good,Medium,Good,No,No,Not Started,289,318,415,492,75.6,60.2,6.62,0,32,1,1,0,1.0,239,1068
CSE-DS,1,Male,Hostel,Night,Kinesthetic,Poor,High,Average,No,No,Not Started,102,445,17,53,89.9,64.2,5.76,1,31,0,0,0,0.0,0,999
CSE,7,Male,Day Scholar,Night,Kinesthetic,Average,Medium,Good,No,No,In Progress,151,304,68,363,97.1,80.4,8.23,0,42,5,3,2,5.0,249,799
IT,5,Male,Hostel,Night,Kinesthetic,Average,High,Good,No,Yes,Not Started,168,248,42,430,81.6,58.5,6.62,0,33,6,0,0,3.0,240,1025
CSE-DS,7,Female,Hostel,Night,Visual,Poor,Medium,Good,Yes,No,Placed,154,166,196,188,78.3,71.8,6.63,0,35,4,0,2,5.0,129,1054
CSE,2,Female,Day Scholar,Afternoon,Kinesthetic,Poor,High,Poor,No,Yes,Not Started,251,31,86,263,92.6,84.4,8.73,0,37,2,1,0,2.0,68,823
CSE-DS,7,Female,Day Scholar,Night,Kinesthetic,Average,Medium,Poor,No,Yes,In Progress,92,147,246,97,77.5,70.9,7.16,0,38,4,0,4,5.0,25,975
CSE,7,Male,Day Scholar,Night,Auditory,Good,Medium,Good,No,No,In Progress,73,199,54,85,79.1,65.4,5.87,2,31,8,4,4,6.0,94,1221
CSE,4,Male,Hostel,Morning,Visual,Average,Medium,Average,No,Yes,Not Started,138,401,34,532,86.3,77.8,7.31,1,36,5,0,1,3.0,238,1186
CSE-AIML,7,Male,Day Scholar,Night,Visual,Average,Medium,Poor,No,No,Placed,171,196,154,480,93.2,69.6,6.56,1,30,2,1,4,2.0,355,1157
CSE,6,Female,Day Scholar,Morning,Auditory,Poor,Medium,Good,No,Yes,Not Started,172,13,175,256,65.1,68.7,7.9,0,35,8,2,0,3.0,209,877
CSE,2,Female,Hostel,Morning,Visual,Good,Low,Poor,No,No,Not Started,265,337,0,284,71.4,68.4,6.23,1,34,1,1,0,0.0,86,982
IT,8,Male,Hostel,Night,Auditory,Good,Medium,Average,No,Yes,Placed,266,269,281,92,67.6,70.2,7.37,0,35,3,4,1,4.0,47,1191
CSE,7,Female,Hostel,Morning,Auditory,Poor,High,Good,No,Yes,In Progress,76,283,112,534,62.8,57.2,6.29,1,25,4,2,1,5.0,356,1204
CSE,4,Female,Day Scholar,Afternoon,Visual,Average,Medium,Poor,No,No,Not Started,216,108,70,17,100.0,68.8,7.03,1,37,3,1,1,6.0,0,1095
CSE,6,Female,Day Scholar,Afternoon,Kinesthetic,Poor,High,Good,No,Yes,In Progress,74,401,276,561,61.0,66.0,6.78,1,38,6,1,1,4.0,364,1232
CSE-AIML,1,Male,Day Scholar,Night,Visual,Poor,Medium,Good,No,No,Not Started,223,264,159,411,100.0,69.2,5.98,1,36,3,0,0,1.0,0,1000
CSE,7,Female,Hostel,Night,Visual,Average,Medium,Average,No,No,In Progress,220,0,183,485,98.4,74.7,7.54,1,34,5,6,0,3.0,335,1243
CSE-DS,2,Male,Hostel,Afternoon,Kinesthetic,Average,Medium,Poor,No,No,Not Started,140,460,11,0,57.1,58.6,6.18,0,29,1,0,0,0.0,11,979
IT,1,Male,Day Scholar,Night,Auditory,Average,Medium,Poor,No,Yes,Not Started,261,407,106,247,98.5,81.8,8.82,0,43,0,0,0,0.0,63,981
CSE-AIML,4,Male,Day Scholar,Night,Visual,Good,High,Good,No,No,Not Started,222,392,104,171,99.9,75.6,7.13,1,44,4,1,0,3.0,17,1125
ECE,5,Male,Hostel,Night,Visual,Poor,High,Good,No,No,Not Started,233,513,47,0,100.0,74.0,7.68,0,35,4,2,0,2.0,0,1033
CSE,4,Male,Hostel,Morning,Kinesthetic,Average,Medium,Good,No,No,Not Started,194,421,256,832,82.5,69.8,6.6,1,39,0,1,1,3.0,308,1204
CSE-AIML,5,Male,Hostel,Night,Auditory,Good,Low,Good,No,Yes,Not Started,262,206,221,200,87.7,71.7,6.97,0,28,7,2,2,3.0,0,992
CSE-AIML,7,Female,Hostel,Afternoon,Auditory,Good,Medium,Good,Yes,Yes,In Progress,242,453,231,565,75.8,67.6,7.18,0,36,8,0,2,4.0,299,1209
IT,5,Male,Hostel,Afternoon,Auditory,Average,Medium,Good,No,No,Not Started,239,99,53,14,90.2,68.4,6.31,2,33,3,2,2,1.0,35,979
CSE,8,Male,Day Scholar,Afternoon,Visual,Average,Medium,Average,Yes,Yes,Placed,327,443,131,76,69.3,71.3,6.61,1,34,4,0,2,2.0,80,1008
IT,2,Male,Day Scholar,Night,Auditory,Average,Medium,Poor,Yes,Yes,Not Started,359,182,46,402,88.6,76.2,7.72,0,40,0,1,0,2.0,107,809
IT,1,Female,Day Scholar,Night,Kinesthetic,Average,Medium,,No,Yes,Not Started,59,282,133,182,100.0,78.6,7.12,0,39,0,0,0,0.0,2,1060
CSE-AIML,5,Female,Hostel,Night,Visual,Poor,High,Good,No,Yes,Not Started,283,201,134,518,91.8,72.2,7.45,0,32,5,2,2,7.0,373,1287
CSE,7,Female,Hostel,Night,Visual,Average,High,Average,Yes,No,In Progress,241,303,31,515,63.1,66.2,6.48,4,36,1,5,2,1.0,363,1308
IT,4,Female,Day Scholar,Morning,Kinesthetic,Good,Low,Good,No,Yes,Not Started,249,347,180,430,76.1,73.2,6.91,0,34,7,0,0,3.0,165,1046
IT,4,Female,Hostel,Night,Auditory,Poor,Medium,Good,No,Yes,Not Started,232,74,197,182,88.6,70.8,7.01,1,35,3,0,1,3.0,63,948
CSE,2,Male,Hostel,Night,Visual,Average,Medium,Good,No,No,Not Started,319,309,225,263,68.8,66.1,5.82,1,36,3,0,0,1.0,91,889
CSE-AIML,7,Female,Hostel,Morning,Kinesthetic,Good,Medium,Good,Yes,No,In Progress,45,177,142,190,80.6,56.1,6.09,2,32,1,1,1,5.0,154,1273
IT,1,Male,Hostel,Night,Kinesthetic,Average,High,Good,No,No,Not Started,304,124,0,344,85.3,80.0,9.27,0,40,0,0,0,1.0,55,961
CSE-AIML,6,Female,Day Scholar,Night,Kinesthetic,Good,Low,Good,Yes,No,Not Started,74,51,84,363,100.0,82.6,8.17,0,43,3,1,1,8.0,213,1253
ECE,5,Female,Hostel,Morning,Kinesthetic,Poor,Medium,Average,No,No,Not Started,292,97,321,628,94.3,81.8,7.7,0,41,5,1,0,2.0,363,1090
CSE,5,Male,Day Scholar,Night,Kinesthetic,Average,Medium,Average,No,No,Not Started,82,268,0,628,77.0,70.6,6.48,2,39,8,2,2,4.0,344,1095
CSE-AIML,3,Female,Day Scholar,Night,Visual,Good,Medium,Good,No,Yes,Not Started,237,427,175,507,63.6,64.3,6.78,0,30,4,0,0,0.0,138,1060
IT,2,Female,Hostel,Night,Kinesthetic,Good,Low,Average,Yes,No,Not Started,231,153,0,456,72.5,80.7,7.76,0,35,3,0,0,1.0,57,940
CSE-AIML,5,Male,Hostel,Night,Visual,Average,Medium,Poor,No,Yes,Not Started,243,121,0,443,79.7,68.7,7.41,0,33,4,3,0,1.0,262,1209
CSE-DS,2,Male,Hostel,Night,Auditory,Average,Low,,No,Yes,Not Started,89,238,220,247,68.1,60.3,5.88,2,26,2,1,0,2.0,82,699
CSE,5,Male,Hostel,Morning,Visual,Average,Low,Good,Yes,No,Not Started,245,121,61,434,100.0,70.8,7.53,1,38,3,1,1,3.0,297,1340
IT,5,Female,Day Scholar,Night,Kinesthetic,Poor,Low,Good,No,No,Not Started,210,357,19,422,66.0,69.8,7.06,0,39,5,1,1,1.0,209,870
CSE-DS,4,Male,Hostel,Night,Auditory,Poor,High,Average,No,Yes,Not Started,362,316,87,126,90.2,88.0,8.94,0,44,1,2,1,3.0,11,1009
IT,1,Female,Hostel,Night,Visual,Average,Medium,Average,No,No,Not Started,198,81,119,263,82.6,72.9,6.82,0,37,1,0,0,1.0,4,897
CSE-DS,6,Male,Day Scholar,Afternoon,Kinesthetic,Good,Low,Good,No,Yes,Not Started,275,321,222,86,83.8,84.8,8.75,0,41,4,2,1,5.0,59,968
IT,4,Female,Hostel,Night,Visual,Average,Medium,Good,No,Yes,Not Started,85,105,56,0,65.2,66.1,6.6,2,35,2,3,2,1.0,0,1167
CSE-AIML,5,Female,Day Scholar,Night,Kinesthetic,Poor,High,Good,No,Yes,Not Started,251,169,43,530,57.2,63.2,6.47,2,28,2,4,0,0.0,325,1034
CSE-AIML,2,Male,Hostel,Night,Visual,Good,Medium,Average,No,No,Not Started,69,155,35,279,66.5,58.7,5.69,2,29,0,0,0,2.0,65,957
CSE,3,Female,Hostel,Night,Kinesthetic,Poor,Medium,Poor,No,No,Not Started,269,169,264,212,79.8,73.7,8.02,0,34,0,2,0,3.0,123,1308
CSE-AIML,8,Male,Hostel,Night,Kinesthetic,Good,Medium,Good,No,No,Placed,291,293,239,236,78.5,61.7,5.95,1,28,10,0,5,7.0,177,1076
CSE,5,Female,Day Scholar,,Kinesthetic,Good,Low,Poor,No,No,Not Started,355,83,51,330,93.3,76.9,8.51,0,41,4,0,0,0.0,108,1125
CSE,2,Male,Hostel,Afternoon,Auditory,Good,Medium,Average,No,No,Not Started,242,40,232,256,66.5,71.4,8.58,0,33,1,1,0,0.0,58,1025
IT,1,Female,Day Scholar,Night,Auditory,Average,Medium,Good,No,Yes,Not Started,298,257,0,314,72.8,71.3,6.88,0,34,0,0,0,1.0,51,1145
CSE,6,Male,Hostel,Night,Auditory,Poor,Low,Good,No,No,Not Started,330,223,47,151,60.3,69.2,7.29,0,39,6,1,0,5.0,100,1014
CSE,6,Male,Hostel,Night,Auditory,Average,Medium,Average,No,No,Not Started,77,293,211,31,69.2,54.1,6.4,1,29,5,1,0,6.0,0,910
CSE,6,Male,Hostel,Night,Kinesthetic,Good,Medium,Average,No,No,In Progress,217,232,185,146,82.6,80.1,8.25,0,36,7,0,1,4.0,123,1239
ECE,3,Female,Hostel,Morning,Visual,Good,Medium,Good,No,No,Not Started,145,381,241,400,80.1,65.0,6.77,0,31,0,1,0,1.0,27,1064
CSE-DS,1,Female,Day Scholar,Morning,Auditory,Average,Medium,Good,No,Yes,Not Started,102,305,141,109,81.0,71.1,7.25,1,36,1,0,0,0.0,0,1328
CSE-AIML,3,Other,Day Scholar,Afternoon,Visual,Average,Medium,Good,No,No,Not Started,0,368,41,470,79.4,64.4,6.41,0,31,2,0,2,1.0,129,1090
CSE-AIML,7,Female,Hostel,Afternoon,Kinesthetic,Average,Medium,Average,No,Yes,In Progress,138,223,0,141,66.5,67.3,6.35,2,31,8,3,2,6.0,129,989
CSE,4,Female,Hostel,Night,Kinesthetic,Poor,High,Poor,No,No,Not Started,169,79,179,0,100.0,78.7,7.95,0,37,7,0,1,0.0,17,954
CSE,5,Female,Hostel,Morning,Kinesthetic,Poor,High,Good,No,No,Not Started,157,132,142,207,72.5,64.9,6.3,2,32,3,2,2,4.0,47,1290
IT,3,Male,Day Scholar,Night,Kinesthetic,Average,Medium,Poor,No,Yes,Not Started,198,298,99,255,56.1,64.5,6.66,1,32,4,1,0,2.0,118,1247
CSE,2,Male,Day Scholar,Night,Visual,Good,Low,Good,No,Yes,Not Started,45,100,45,433,99.7,75.0,6.45,0,36,1,0,0,,139,1011
IT,4,Female,Day Scholar,Night,Auditory,Average,Medium,Good,No,No,Not Started,156,175,163,571,81.8,69.0,7.81,1,33,4,1,1,3.0,270,1172
IT,6,Male,Hostel,Night,Kinesthetic,Good,Low,Good,No,Yes,Not Started,41,325,173,275,100.0,65.3,6.38,1,29,3,3,1,1.0,101,1007
CSE,5,Female,Hostel,Afternoon,Visual,Average,Medium,Average,Yes,No,Not Started,156,156,150,141,95.7,79.0,8.1,0,44,2,4,1,3.0,41,790
IT,1,Male,Day Scholar,Night,Visual,Average,Low,Good,No,Yes,Not Started,146,301,203,494,77.5,65.9,7.5,1,36,1,0,0,1.0,4,1226
IT,3,Male,Hostel,Morning,Kinesthetic,Average,Medium,Average,No,No,Not Started,111,192,54,137,81.1,62.6,6.05,4,29,3,1,0,0.0,45,836
IT,3,Female,Hostel,Night,Kinesthetic,Average,High,Good,No,No,Not Started,231,178,0,0,77.6,73.0,7.17,0,33,6,0,2,1.0,0,795
CSE-AIML,7,Male,Day Scholar,Morning,Kinesthetic,Poor,Medium,Good,No,Yes,In Progress,147,25,189,485,77.3,65.9,7.44,0,28,7,0,1,3.0,405,1199
IT,1,Male,Day Scholar,Afternoon,Kinesthetic,Average,Low,Poor,No,No,Not Started,90,354,0,427,58.3,64.5,5.69,2,27,1,0,0,0.0,50,1026
CSE,4,Female,Day Scholar,Night,Kinesthetic,Poor,Medium,Good,No,No,Not Started,194,297,125,398,83.8,74.1,6.8,0,32,4,2,1,4.0,70,1024
CSE,1,Female,Hostel,Night,Auditory,Good,Low,Good,Yes,No,Not Started,223,381,118,183,85.7,72.1,6.74,0,36,2,1,0,0.0,50,1243
IT,5,Male,Hostel,Night,Visual,Average,Medium,Good,No,No,Not Started,146,371,334,491,69.3,77.6,7.8,2,33,4,0,0,4.0,186,1217
CSE,2,Male,Day Scholar,Night,Visual,Average,Low,Poor,Yes,No,Not Started,194,318,0,118,89.7,68.4,6.5,1,31,2,2,0,,81,1268
CSE,5,Male,Hostel,Morning,Kinesthetic,Average,Low,Good,No,Yes,Not Started,276,214,0,238,74.7,70.7,7.33,1,29,3,3,2,1.0,136,1240
CSE-DS,3,Female,Hostel,Night,Auditory,Poor,Medium,Average,No,No,Not Started,117,429,128,116,80.8,68.2,5.97,4,29,1,1,0,3.0,0,782
CSE,6,Male,Day Scholar,Morning,Visual,Average,High,Good,No,No,Not Started,120,311,147,84,89.6,78.0,7.82,0,37,10,2,0,2.0,76,1005
CSE-DS,2,Female,Hostel,Afternoon,Visual,Poor,High,Good,No,No,Not Started,98,0,56,249,78.5,76.7,7.63,0,37,2,2,0,1.0,13,900
CSE,5,Female,Hostel,Night,Kinesthetic,Average,High,Good,No,No,Not Started,310,262,219,273,76.4,69.7,6.42,1,33,7,2,0,0.0,162,1152
IT,4,Female,Hostel,Night,Auditory,Poor,High,Average,No,No,Not Started,105,95,82,55,63.7,64.8,6.68,0,28,4,2,1,4.0,225,1137
CSE-AIML,1,Male,Day Scholar,Night,Kinesthetic,Average,Medium,Average,Yes,No,Not Started,279,159,0,301,67.8,68.9,7.24,0,31,0,0,0,1.0,0,913
CSE-DS,6,Male,Hostel,Afternoon,Auditory,Average,Medium,Good,Yes,Yes,Not Started,312,245,75,200,68.0,66.3,7.55,0,33,2,5,2,2.0,20,850
CSE,2,Male,Hostel,Afternoon,Auditory,Poor,High,Good,No,No,Not Started,263,176,164,192,76.6,64.8,5.69,1,29,1,0,0,2.0,22,939
CSE,3,Male,Day Scholar,Morning,Auditory,Good,Low,Good,No,No,Not Started,175,322,125,243,62.4,65.6,6.32,0,29,3,0,0,1.0,5,932
CSE-AIML,4,Male,Hostel,Night,Auditory,Good,Medium,Average,No,No,Not Started,81,80,69,213,94.8,67.8,6.25,2,37,1,2,1,3.0,42,1170
CSE-AIML,7,Female,Hostel,Night,Auditory,Poor,Medium,Good,No,Yes,Placed,226,309,66,381,76.1,76.3,7.87,1,41,6,0,3,2.0,285,1197
CSE-AIML,8,Male,Day Scholar,Night,Visual,Good,Low,Good,Yes,Yes,In Progress,152,291,102,459,92.5,75.8,8.2,0,39,7,4,0,5.0,412,1291
IT,5,Male,Hostel,Night,Auditory,Average,High,Good,No,No,Not Started,139,150,178,157,97.4,68.5,6.62,0,37,7,2,1,3.0,95,1153
CSE,2,Male,Hostel,Afternoon,Kinesthetic,Average,Medium,,No,No,Not Started,76,314,93,531,71.1,71.7,7.24,0,39,2,2,0,0.0,146,1158
CSE,2,Male,Hostel,Morning,Auditory,Good,Low,Good,No,No,Not Started,231,281,72,373,76.0,65.4,5.94,5,33,0,2,0,5.0,67,1240
CSE,4,Female,Day Scholar,Morning,Visual,Average,Medium,Poor,No,No,Not Started,198,296,98,305,77.0,73.2,7.81,1,36,4,1,0,5.0,122,1081
CSE,4,Male,Hostel,Night,Kinesthetic,Average,Low,Good,No,No,Not Started,215,281,221,353,100.0,75.6,7.59,0,34,3,1,2,2.0,73,978
CSE-DS,8,Male,Hostel,Morning,Auditory,Good,Medium,Good,No,No,Placed,152,132,75,662,91.1,70.1,6.88,0,35,2,4,2,5.0,572,1470
ECE,7,Female,Hostel,Night,Auditory,Good,Low,Poor,No,Yes,In Progress,192,285,216,318,100.0,78.5,8.25,0,42,8,4,3,2.0,229,1082
CSE-AIML,2,Male,Hostel,Night,Visual,Average,High,Good,No,No,Not Started,98,341,93,662,91.0,69.8,6.93,0,40,3,0,0,3.0,92,904
CSE,2,Male,Hostel,Night,Kinesthetic,Good,Medium,Good,No,Yes,Not Started,157,308,110,251,100.0,74.3,7.5,0,37,2,0,0,0.0,60,850
CSE-AIML,2,Male,Hostel,Night,Kinesthetic,Average,High,Average,No,Yes,Not Started,342,153,192,194,74.7,65.4,6.17,2,36,2,0,0,3.0,89,1164
CSE,2,Male,Day Scholar,Afternoon,Visual,Poor,High,Good,No,No,Not Started,216,389,155,352,71.9,68.1,5.56,0,34,0,0,0,1.0,131,860
IT,3,Male,Hostel,Morning,Kinesthetic,Good,Low,Average,No,No,Not Started,175,126,0,266,80.4,66.4,6.94,0,30,2,0,0,1.0,80,738
CSE-DS,8,Male,Hostel,Morning,Kinesthetic,Average,Medium,Good,No,No,Placed,180,379,97,646,90.1,66.0,6.32,1,37,9,4,2,3.0,472,971
ECE,1,Female,Day Scholar,Afternoon,Visual,Good,Low,Average,No,No,Not Started,0,267,143,485,93.6,73.9,7.67,0,36,1,0,0,0.0,118,1185
CSE,5,Male,Hostel,Night,Auditory,Good,Low,Good,No,No,Not Started,217,433,65,416,83.9,73.8,7.4,0,33,7,2,3,2.0,252,1123
CSE,8,Female,Hostel,Night,Kinesthetic,Average,Low,Good,No,No,Placed,144,364,0,538,82.4,70.1,6.87,0,40,6,3,1,5.0,474,1321
IT,6,Other,Hostel,Morning,Visual,Good,Low,Average,No,Yes,Not Started,95,309,171,272,71.6,61.7,6.94,0,28,5,1,0,2.0,229,1030
ECE,5,Male,Hostel,Night,Kinesthetic,Good,Medium,,No,No,Not Started,150,130,213,313,53.7,59.3,5.93,2,26,7,1,0,3.0,103,675
CSE,7,Female,Hostel,Morning,Visual,Poor,Medium,Good,No,No,Placed,47,186,38,549,83.9,64.1,6.69,0,34,4,1,4,1.0,348,845
CSE-AIML,4,Female,Hostel,Morning,Visual,Good,Medium,Good,No,Yes,Not Started,72,139,187,290,79.1,67.1,6.54,0,31,4,0,0,3.0,131,1091
CSE-AIML,1,Female,Day Scholar,Night,Kinesthetic,Average,Medium,Good,Yes,Yes,Not Started,206,360,55,414,95.5,80.4,7.8,1,40,0,0,0,1.0,53,882
CSE,4,Female,Hostel,Morning,Visual,Good,Medium,Average,No,No,Not Started,108,297,229,544,76.9,72.0,7.96,0,32,5,1,1,1.0,72,956
CSE-AIML,4,Male,Day Scholar,Night,Visual,Average,Low,Average,Yes,No,Not Started,273,129,239,34,63.3,64.5,5.44,3,34,2,0,1,1.0,48,1179
CSE,2,Female,Day Scholar,Morning,Kinesthetic,Average,Medium,Good,No,Yes,Not Started,1,215,51,33,88.9,62.4,6.01,3,34,2,2,0,2.0,18,798
CSE-AIML,3,Female,Hostel,Night,Auditory,Good,Low,Good,No,No,Not Started,266,0,145,256,88.8,81.3,7.58,0,41,3,1,0,10.0,79,1207
CSE,6,Male,Hostel,Morning,Visual,Average,Medium,Good,No,No,Not Started,0,226,251,113,77.2,61.2,6.08,1,26,3,1,1,3.0,1,877
CSE,5,Male,Day Scholar,Morning,Visual,Poor,High,Average,No,Yes,Not Started,0,171,49,523,70.2,67.6,7.08,1,36,5,1,2,4.0,239,1147
ECE,7,Male,Hostel,Night,Auditory,Average,Low,Good,No,No,Placed,327,195,267,443,81.6,73.2,7.79,0,37,6,3,5,3.0,260,893
IT,8,Male,Hostel,Afternoon,Kinesthetic,Good,Low,Good,No,No,Placed,203,365,145,645,60.1,66.0,8.03,0,32,9,2,3,3.0,539,1286
CSE,5,Male,Hostel,Night,Kinesthetic,Good,Low,Good,No,Yes,Not Started,131,99,72,270,90.6,70.8,7.14,0,34,4,4,1,7.0,118,1110
CSE,4,Female,Hostel,Morning,Kinesthetic,Good,Medium,Poor,No,Yes,Not Started,117,56,68,466,97.1,75.2,7.7,0,39,1,0,0,5.0,83,803
ECE,6,Male,Hostel,Night,Auditory,Average,Medium,Good,No,Yes,Not Started,229,360,0,421,100.0,81.9,8.75,0,41,7,2,0,5.0,268,1148
CSE,1,Female,Hostel,Afternoon,Auditory,Poor,High,Poor,No,Yes,Not Started,317,306,131,368,71.1,66.1,6.77,0,28,1,2,0,1.0,117,1067
IT,8,Male,Day Scholar,Night,Auditory,Average,Low,Good,No,No,In Progress,85,352,193,176,87.0,67.5,6.43,0,33,7,2,1,5.0,97,846
CSE,7,Female,Day Scholar,Morning,Visual,Average,Low,Good,No,No,In Progress,355,123,240,224,77.9,83.8,8.6,0,36,6,2,1,4.0,196,1142
CSE,4,Female,Day Scholar,Night,Kinesthetic,Average,Medium,,No,No,Not Started,139,259,249,500,80.2,64.3,6.46,2,33,4,0,2,1.0,241,886
CSE-AIML,4,Male,Day Scholar,Night,Visual,Poor,Medium,Poor,No,No,Not Started,305,293,131,395,93.0,80.5,8.42,0,33,5,1,0,4.0,163,1144
IT,2,Female,Hostel,Morning,Visual,Average,Medium,Good,No,No,Not Started,78,167,24,712,97.1,69.5,6.07,2,41,0,1,0,3.0,41,1134
CSE,4,Female,Day Scholar,Morning,Kinesthetic,Poor,Medium,Good,Yes,No,Not Started,195,135,167,297,85.3,75.2,7.8,0,42,3,0,0,0.0,44,1219
CSE,3,Female,Day Scholar,Afternoon,Auditory,Average,Medium,Good,No,Yes,Not Started,162,283,318,354,82.9,77.7,7.76,1,46,1,0,0,1.0,77,1309
CSE-DS,7,Female,Hostel,Morning,Visual,Good,Low,Poor,No,Yes,In Progress,190,72,123,467,91.3,66.3,6.53,1,33,5,4,1,4.0,256,1130
CSE-DS,7,Male,Hostel,Afternoon,Auditory,Average,Medium,Average,No,No,In Progress,79,132,3,424,72.9,66.8,5.9,5,26,2,1,4,2.0,226,1183
CSE-AIML,1,Female,Hostel,,Visual,Good,Low,Good,No,Yes,Not Started,153,167,145,767,81.2,55.4,6.16,3,30,1,1,0,0.0,87,1030
IT,4,Female,Day Scholar,Night,Auditory,Good,Low,Good,No,No,Not Started,124,223,7,0,100.0,80.8,7.46,2,39,6,1,1,4.0,39,1200
CSE,6,Male,Hostel,Morning,Visual,Good,Low,Average,No,No,Not Started,209,252,53,437,93.5,69.0,6.52,0,37,4,1,4,2.0,303,1078
CSE-AIML,1,Male,Hostel,Night,Visual,Poor,High,Good,No,Yes,Not Started,137,255,35,430,67.6,58.6,5.95,2,33,1,1,0,1.0,132,1195
CSE,7,Female,Day Scholar,Afternoon,Auditory,Average,Medium,Average,No,No,Placed,187,215,169,478,97.2,83.1,8.6,0,37,4,2,1,2.0,344,1184
IT,4,Female,Hostel,Morning,Auditory,Average,Medium,Good,Yes,Yes,Not Started,120,258,94,168,87.8,71.0,6.2,2,32,4,0,1,5.0,40,1000
CSE,2,Female,Day Scholar,Night,Visual,Average,Medium,Average,No,No,Not Started,139,246,362,279,96.8,70.5,7.53,0,35,1,0,0,0.0,0,951
CSE,6,Male,Hostel,Night,Auditory,Poor,Medium,Good,No,Yes,Not Started,270,273,289,531,81.6,74.3,7.88,1,37,4,3,1,,305,1058
CSE-AIML,4,Male,Day Scholar,Afternoon,Auditory,Average,High,Average,No,Yes,Not Started,400,332,208,110,70.6,66.5,6.51,1,35,4,1,0,1.0,78,1222
CSE,5,Male,Hostel,Night,Auditory,Good,Medium,Good,No,Yes,Not Started,185,207,85,425,77.7,67.5,6.94,0,30,0,0,0,3.0,234,1236
CSE,8,Male,Day Scholar,Afternoon,Kinesthetic,Average,Low,Average,No,Yes,Placed,90,164,193,139,77.3,62.0,6.2,0,30,7,2,2,1.0,40,1120
CSE-AIML,4,Male,Hostel,Night,Visual,Good,Medium,Good,No,Yes,Not Started,105,581,188,299,78.2,67.0,7.41,0,28,5,5,0,2.0,70,1120
CSE,1,Male,Hostel,Night,Visual,Average,Medium,Good,No,No,Not Started,126,336,107,85,85.2,68.1,6.32,2,34,0,0,0,1.0,0,914
CSE,8,Male,Hostel,Night,Kinesthetic,Average,Medium,Average,No,No,Placed,45,358,94,592,85.2,65.0,7.15,0,28,4,1,2,9.0,509,1183
CSE-DS,2,Female,Day Scholar,Night,Kinesthetic,Average,High,Average,Yes,No,Not Started,93,227,236,767,73.3,58.9,5.88,2,31,2,0,0,1.0,170,1007
CSE,2,Female,Hostel,Night,Visual,Good,Low,Good,No,No,Not Started,162,218,153,315,81.4,69.0,7.29,0,37,0,1,0,0.0,166,1223
ECE,3,Female,Day Scholar,Morning,Auditory,Poor,High,Poor,No,Yes,Not Started,25,275,345,336,61.7,55.0,5.08,5,31,2,0,1,3.0,91,1058
IT,3,Male,Hostel,Night,Kinesthetic,Poor,Medium,Good,No,No,Not Started,182,322,63,459,85.1,65.5,7.57,0,23,2,4,0,3.0,99,1103
CSE-DS,6,Female,Day Scholar,Morning,Auditory,Average,Low,Good,No,No,Not Started,139,212,81,332,85.0,70.0,7.09,0,33,5,1,2,1.0,185,1126
IT,5,Female,Hostel,Morning,Visual,Average,Medium,Good,No,No,Not Started,132,152,218,285,80.6,69.9,7.13,0,34,3,2,2,1.0,183,1126
IT,5,Male,Hostel,Night,Visual,Good,Low,Good,No,No,Not Started,202,488,44,0,83.7,70.8,7.81,0,35,3,3,0,3.0,5,1065
CSE,8,Male,Hostel,Morning,Kinesthetic,Good,Low,Good,No,Yes,Placed,327,0,32,404,72.6,78.6,6.46,3,37,7,3,1,,356,1326
CSE,7,Male,Hostel,Morning,Auditory,Average,Medium,Good,No,No,Placed,126,232,307,479,96.6,76.7,7.17,0,39,4,2,1,5.0,352,1135
CSE-AIML,3,Female,Day Scholar,Night,Kinesthetic,Good,Low,Average,No,Yes,Not Started,200,226,70,580,85.4,77.0,7.65,0,37,2,0,0,3.0,197,923
IT,7,Male,Day Scholar,Morning,Auditory,Average,Medium,Average,No,No,Placed,137,169,145,659,85.9,72.9,6.78,0,37,5,1,1,3.0,461,1233
CSE,1,Male,Hostel,Night,Kinesthetic,Poor,Medium,Good,No,Yes,Not Started,73,246,283,391,100.0,72.5,7.83,1,36,0,0,0,1.0,29,1082
CSE,5,Male,Day Scholar,Afternoon,Visual,Good,Medium,Good,No,No,Not Started,107,167,231,273,100.0,80.5,7.68,0,39,7,0,1,2.0,147,847
CSE,7,Female,Hostel,Night,Visual,Good,Low,Average,No,No,Placed,202,382,295,275,93.8,66.4,6.71,0,28,7,3,2,0.0,236,1245
IT,3,Female,Hostel,Morning,Auditory,Average,Medium,Good,No,No,Not Started,221,409,81,538,90.5,79.7,8.38,0,39,2,1,0,1.0,210,704
IT,5,Female,Day Scholar,Night,Auditory,Poor,High,Average,Yes,No,Not Started,198,213,132,312,75.5,74.8,6.82,1,34,5,2,1,2.0,231,856
CSE,8,Male,Day Scholar,Morning,Kinesthetic,Average,Medium,Poor,Yes,No,Placed,266,245,75,382,89.1,83.5,8.67,0,40,5,5,3,5.0,337,1128
ECE,8,Male,Day Scholar,Morning,Auditory,Poor,High,Good,No,No,Placed,133,319,216,204,85.6,76.8,8.78,0,42,3,2,1,0.0,60,1133
CSE,7,Female,Day Scholar,Night,Kinesthetic,Average,Medium,Average,No,No,In Progress,195,116,165,60,75.5,66.5,6.96,0,31,4,0,2,4.0,41,1052
ECE,2,Female,Day Scholar,Morning,Auditory,Average,Medium,Average,Yes,No,Not Started,29,217,84,555,85.5,63.0,6.65,1,30,1,0,0,2.0,77,829
CSE-DS,7,Female,Hostel,Night,Auditory,Poor,Medium,Average,No,No,In Progress,197,196,179,28,100.0,75.2,6.96,0,39,5,0,2,2.0,23,1050
CSE-AIML,8,Female,Day Scholar,Afternoon,Kinesthetic,Good,Medium,Average,Yes,Yes,In Progress,156,164,116,394,81.3,75.5,8.0,0,37,13,1,3,4.0,332,1265
CSE,8,Male,Day Scholar,Night,Kinesthetic,Good,Low,Average,No,No,In Progress,35,528,139,142,76.0,63.4,6.79,0,28,13,2,2,5.0,71,1186
CSE,3,Female,Day Scholar,Afternoon,Auditory,Poor,High,Average,Yes,Yes,Not Started,240,259,230,246,80.1,76.2,7.17,0,35,1,2,0,3.0,12,920
CSE-AIML,7,Male,Hostel,Afternoon,Visual,Good,Medium,Good,No,No,Placed,137,256,0,38,89.4,63.2,6.19,1,34,7,3,1,5.0,97,1113
CSE-DS,1,Male,Hostel,Morning,Kinesthetic,Poor,High,Good,No,No,Not Started,163,95,82,59,80.2,69.2,6.73,0,36,0,0,0,0.0,34,827
CSE,4,Male,Day Scholar,Afternoon,Kinesthetic,Poor,Medium,Average,No,No,Not Started,179,57,0,277,88.9,71.5,7.1,0,35,3,2,0,0.0,76,1114
CSE,3,Female,Hostel,Morning,Visual,Poor,High,Good,No,Yes,Not Started,384,428,199,471,85.3,78.5,8.61,0,44,5,0,0,1.0,131,1012
CSE-AIML,7,Male,Hostel,Night,Kinesthetic,Good,Medium,Good,No,No,In Progress,105,124,75,464,92.9,71.5,7.93,2,33,7,1,2,3.0,260,1345
CSE-AIML,4,Male,Hostel,Afternoon,Kinesthetic,Average,Medium,Average,No,No,Not Started,168,193,4,251,86.6,71.0,6.37,2,37,1,2,0,1.0,78,781
CSE-AIML,7,Female,Hostel,Morning,Auditory,Good,Medium,Average,No,No,Placed,159,323,53,280,84.5,71.3,6.75,0,38,6,1,1,2.0,203,1275
CSE-DS,3,Male,Day Scholar,Afternoon,Auditory,Average,Medium,Average,No,No,Not Started,139,125,267,164,60.3,61.0,5.78,4,27,3,0,0,0.0,119,1131
CSE,5,Male,Day Scholar,Night,Visual,Poor,High,Good,No,No,Not Started,117,278,175,290,79.9,70.4,7.05,0,27,2,0,0,3.0,127,1023
CSE,7,Female,Hostel,Night,Visual,Good,Low,Good,Yes,Yes,Placed,182,450,0,141,85.8,74.0,7.08,1,37,6,2,4,4.0,74,1229
IT,2,Female,Hostel,Night,Kinesthetic,Average,Medium,Good,No,No,Not Started,64,239,134,92,85.6,65.0,6.48,4,32,1,1,0,1.0,53,751
CSE-DS,7,Female,Hostel,Morning,Visual,Good,Low,Good,No,Yes,In Progress,285,87,258,324,95.7,69.8,7.11,0,30,6,3,2,4.0,200,1049
CSE-AIML,4,Female,Hostel,Afternoon,Visual,Poor,Medium,Average,No,No,Not Started,119,240,146,411,80.0,57.1,5.65,3,28,7,0,0,0.0,195,1276
CSE-DS,2,Male,Hostel,Afternoon,Kinesthetic,Average,Medium,Good,No,Yes,Not Started,36,198,43,0,81.2,59.4,5.81,0,31,1,3,0,1.0,65,1126
CSE,7,Male,Day Scholar,Night,Kinesthetic,Average,Medium,Good,No,No,In Progress,207,164,0,641,92.9,79.3,8.28,0,36,2,3,0,6.0,519,1123
IT,5,Female,Day Scholar,Morning,Visual,Average,Medium,Good,No,No,Not Started,135,311,30,571,90.5,66.9,6.21,3,28,4,0,1,2.0,203,938
ECE,4,Male,Day Scholar,Night,Kinesthetic,Good,Medium,Good,No,Yes,Not Started,59,315,221,432,88.7,62.0,6.52,0,35,2,0,0,2.0,240,1234
CSE,5,Female,Day Scholar,Night,Auditory,Poor,High,Good,No,No,Not Started,129,135,33,471,92.6,63.9,6.71,0,32,5,1,1,2.0,210,1134
IT,3,Male,Hostel,Night,Auditory,Poor,Medium,Good,No,No,Not Started,127,291,62,252,88.1,67.6,7.59,0,30,2,1,0,0.0,71,1231
CSE-DS,4,Male,Hostel,Night,Kinesthetic,Poor,Medium,Good,No,Yes,Not Started,338,184,2,85,79.2,74.6,7.96,0,32,3,1,0,4.0,29,762
IT,4,Female,Hostel,Morning,Visual,Good,Low,Good,No,Yes,Not Started,131,250,143,348,83.6,65.9,6.18,3,37,0,1,3,2.0,85,1093
CSE-AIML,1,Female,Hostel,Morning,Auditory,Average,Medium,Good,No,No,Not Started,446,479,215,353,77.6,76.2,7.14,1,41,1,0,0,0.0,0,998
CSE,4,Female,Hostel,Night,Visual,Average,Low,Average,No,No,Not Started,135,64,0,343,87.4,56.6,6.55,2,26,5,1,0,0.0,190,1061
CSE,2,Male,Hostel,Night,Auditory,Average,Medium,Average,Yes,No,Not Started,319,199,38,243,77.9,75.0,6.65,0,37,4,0,0,0.0,70,1184
CSE-DS,4,Female,Hostel,Afternoon,Kinesthetic,Poor,High,Good,No,Yes,Not Started,101,331,113,544,100.0,78.7,8.3,0,38,5,3,0,1.0,213,1183
IT,7,Female,Hostel,Morning,Auditory,Good,High,Average,Yes,Yes,Placed,100,226,0,319,96.6,82.2,8.67,0,38,9,1,2,5.0,265,1064
CSE,8,Male,Hostel,Night,Kinesthetic,Average,Low,Average,Yes,No,Placed,18,220,89,309,94.0,71.3,6.28,1,33,7,3,4,4.0,273,1130
CSE-AIML,2,Male,Day Scholar,,Kinesthetic,Average,Low,Good,Yes,No,Not Started,359,403,0,373,73.7,73.6,7.86,0,39,1,2,0,4.0,42,1115
CSE,7,Male,Hostel,Morning,Auditory,Good,Low,Good,No,No,In Progress,37,285,186,269,79.3,60.7,6.12,1,26,2,4,1,4.0,149,1175
ECE,8,Male,Hostel,Night,Auditory,Good,Medium,Poor,No,Yes,Placed,91,361,79,727,83.9,61.7,7.02,0,31,9,1,2,5.0,542,1225
IT,2,Male,Hostel,Night,Visual,Good,Low,Average,No,Yes,Not Started,125,333,201,226,90.3,73.3,7.55,0,40,0,2,0,0.0,99,1071
CSE-AIML,3,Female,Day Scholar,Morning,Auditory,Average,Medium,Good,No,No,Not Started,249,394,199,696,65.0,71.0,6.47,0,34,1,0,0,2.0,260,1209
CSE,4,Male,Hostel,Night,Kinesthetic,Poor,Low,Average,No,No,Not Started,193,245,119,464,100.0,69.4,7.1,0,36,5,2,0,2.0,251,1164
CSE-AIML,8,Female,Hostel,Morning,Visual,Average,High,Poor,No,Yes,In Progress,333,136,58,363,68.7,69.3,6.6,0,33,6,3,4,5.0,216,1328
CSE,3,Male,Day Scholar,Morning,Auditory,Good,Medium,Good,No,Yes,Not Started,122,343,222,596,86.3,65.7,6.91,1,33,4,1,1,0.0,133,1126
CSE-AIML,4,Female,Hostel,Morning,Kinesthetic,Average,Low,Good,No,Yes,Not Started,6,23,111,441,80.2,66.5,6.33,2,33,2,1,1,3.0,184,944
CSE,4,Female,Day Scholar,Night,Visual,Good,Low,Good,No,Yes,Not Started,261,203,263,371,70.5,62.2,6.41,1,32,6,0,0,3.0,263,1352
CSE-DS,6,Male,Hostel,Night,Auditory,Good,Medium,Good,No,Yes,Not Started,261,138,13,470,72.6,63.6,5.74,5,34,4,0,0,2.0,289,1366
ECE,8,Male,Day Scholar,Night,Visual,Good,Low,Good,Yes,No,In Progress,96,191,296,382,73.1,77.0,7.89,1,40,6,4,1,3.0,283,1170
ECE,2,Male,Hostel,Night,Auditory,Poor,High,,No,No,Not Started,71,355,230,75,77.1,75.6,8.06,0,41,3,0,0,1.0,0,1099
CSE-AIML,2,Male,Hostel,Night,Visual,Good,Low,Good,No,Yes,Not Started,129,51,189,96,77.1,68.1,7.3,1,35,1,0,0,1.0,72,1281
CSE-DS,2,Female,Hostel,,Visual,Average,Medium,Good,No,Yes,Not Started,181,209,12,0,74.2,67.2,5.9,1,30,0,0,0,0.0,0,1034
IT,2,Male,Hostel,Night,Auditory,Average,Medium,Good,No,Yes,Not Started,232,68,327,167,66.3,60.2,6.42,0,32,1,1,0,1.0,26,1027
ECE,7,Male,Hostel,Night,Visual,Average,Medium,Average,No,No,Placed,240,133,126,316,79.9,78.3,8.06,0,38,4,2,3,3.0,250,1340
IT,2,Male,Day Scholar,Night,Auditory,Good,Low,Good,No,No,Not Started,281,222,0,235,88.8,76.8,7.48,0,35,4,0,0,1.0,112,1047
CSE-DS,8,Male,Hostel,Night,Visual,Good,Medium,Average,No,Yes,Placed,27,371,42,152,87.0,63.2,6.61,0,29,7,5,4,1.0,144,947
CSE,7,Female,Day Scholar,Afternoon,Visual,Good,Low,Average,No,Yes,Placed,108,115,155,271,98.5,74.2,7.3,0,38,4,2,0,8.0,138,1017
CSE,1,Female,Hostel,Night,Kinesthetic,Average,Medium,Good,No,No,Not Started,247,188,224,511,89.2,78.0,7.86,0,41,0,0,0,0.0,0,994
IT,4,Female,Day Scholar,Afternoon,Auditory,Average,Medium,Average,No,Yes,Not Started,62,180,84,549,94.8,77.3,7.62,0,40,2,0,1,3.0,119,996
CSE-DS,4,Male,Day Scholar,Night,Auditory,Average,Medium,Good,No,Yes,Not Started,168,337,16,566,90.5,73.8,7.73,0,37,3,0,0,2.0,222,1035
IT,2,Female,Day Scholar,Morning,Auditory,Good,Low,Good,No,No,Not Started,283,177,292,297,82.4,83.8,7.56,1,41,4,0,0,0.0,228,1157
CSE-DS,5,Male,Day Scholar,Afternoon,Visual,Average,Low,Poor,No,No,Not Started,152,406,0,416,85.3,77.1,8.16,0,36,2,2,1,3.0,234,878
ECE,7,Female,Hostel,Night,Kinesthetic,Good,Medium,Average,Yes,Yes,Placed,119,223,0,551,68.8,55.5,6.11,2,27,3,1,4,5.0,259,1073
CSE-AIML,3,Female,Day Scholar,Night,Kinesthetic,Average,Low,Good,Yes,Yes,Not Started,123,362,193,34,99.4,78.0,7.82,0,39,2,0,0,1.0,0,971
CSE-AIML,5,Male,Day Scholar,Afternoon,Auditory,Average,Medium,Good,No,No,Not Started,132,36,33,389,84.6,74.9,7.13,0,38,5,2,2,5.0,211,1294
CSE-AIML,4,Male,Day Scholar,Night,Kinesthetic,Average,Medium,Good,Yes,Yes,Not Started,291,364,145,282,84.0,71.6,6.19,4,36,4,1,1,1.0,44,1086
CSE,8,Male,Day Scholar,Night,Auditory,Good,Low,Poor,No,No,Placed,161,497,150,264,81.3,70.8,7.3,0,34,8,0,1,2.0,183,865
CSE-DS,5,Female,Day Scholar,Afternoon,Auditory,Poor,High,Good,No,No,Not Started,191,266,189,310,83.1,77.9,7.03,1,36,0,2,2,3.0,119,1157
CSE,4,Male,Hostel,Morning,Kinesthetic,Average,Medium,Average,No,No,Not Started,90,277,241,226,82.3,73.6,7.89,2,32,3,3,0,2.0,61,954
CSE,5,Female,Day Scholar,Afternoon,Auditory,Average,Medium,Poor,No,No,Not Started,40,210,42,351,78.3,65.6,7.12,2,39,2,4,1,,196,1130
CSE,5,Male,Day Scholar,Afternoon,Visual,Average,Low,Good,No,No,Not Started,180,274,263,608,78.8,72.1,6.95,0,34,2,2,1,3.0,380,983
IT,6,Male,Hostel,,Auditory,Poor,Medium,Good,No,Yes,Not Started,168,30,67,629,75.1,73.5,6.95,0,30,3,1,0,2.0,323,1355
CSE-DS,3,Female,Hostel,Night,Visual,Average,Medium,Good,Yes,No,Not Started,0,322,118,196,92.3,68.0,7.22,0,32,2,0,0,0.0,85,972
CSE-AIML,8,Male,Hostel,Night,Visual,Average,Medium,Average,Yes,Yes,In Progress,216,372,0,100,70.4,73.0,7.14,0,34,7,1,1,5.0,68,1373
CSE,7,Female,Day Scholar,Night,Visual,Good,Medium,Average,No,Yes,Placed,56,429,76,331,97.7,77.6,7.89,1,39,6,2,3,5.0,186,1180
CSE,7,Male,Day Scholar,Night,Kinesthetic,Poor,Medium,Average,No,No,In Progress,94,226,0,370,70.9,68.3,7.16,0,36,7,1,2,1.0,314,965
CSE-AIML,6,Male,Hostel,Afternoon,Auditory,Average,Medium,Good,No,Yes,Not Started,297,533,35,368,78.3,73.5,7.57,0,38,6,2,1,2.0,127,1024
CSE,8,Female,Hostel,Night,Kinesthetic,Average,Medium,Good,No,No,Placed,92,173,205,146,81.5,60.3,5.63,0,32,6,3,3,3.0,177,1197
CSE,3,Male,Hostel,Afternoon,Kinesthetic,Average,Medium,Good,No,Yes,Not Started,137,97,54,302,68.3,68.2,6.94,0,33,5,0,0,2.0,127,857
CSE-AIML,3,Male,Day Scholar,Night,Auditory,Good,Medium,Good,Yes,No,Not Started,131,127,90,485,68.8,64.3,6.35,4,31,5,2,0,3.0,128,1042
CSE-DS,1,Male,Hostel,Night,Visual,Average,Medium,Average,No,No,Not Started,174,99,124,161,78.7,72.5,7.37,0,37,0,1,0,0.0,0,954
CSE-AIML,8,Female,Day Scholar,Night,Auditory,Poor,Medium,Good,No,No,Placed,142,90,167,420,95.5,72.5,7.16,0,34,9,1,0,5.0,391,1213
CSE,3,Male,Day Scholar,Night,Kinesthetic,Good,Medium,Good,No,No,Not Started,224,117,72,242,82.0,66.0,6.45,0,37,0,0,0,0.0,74,1152
CSE-AIML,6,Female,Hostel,Morning,Auditory,Average,Low,Good,Yes,No,Not Started,87,400,78,181,98.4,70.9,6.52,0,31,6,2,2,2.0,135,1368
CSE-DS,6,Male,Day Scholar,Night,Auditory,Good,Low,Good,No,No,Not Started,244,73,161,57,82.2,73.8,9.01,0,33,8,1,2,8.0,0,952
CSE-AIML,4,Male,Day Scholar,Night,Auditory,Good,Low,Good,No,No,Not Started,167,464,227,0,99.1,80.8,7.57,0,42,4,1,0,3.0,0,1260
CSE-AIML,5,Female,Day Scholar,Night,Visual,Average,Medium,Good,No,No,Not Started,188,334,144,101,90.7,75.6,7.81,0,41,3,2,1,2.0,23,1222
CSE-DS,7,Male,Hostel,Afternoon,Auditory,Good,Medium,Good,Yes,No,Placed,279,349,97,63,98.7,82.0,8.2,0,38,5,2,1,4.0,0,994
CSE-AIML,4,Male,Hostel,Night,Kinesthetic,Average,Low,Good,No,No,Not Started,293,154,234,211,80.3,69.4,7.07,0,35,0,2,0,0.0,0,997
CSE-DS,5,Male,Day Scholar,Afternoon,Visual,Average,Medium,Good,No,Yes,Not Started,132,328,142,283,81.8,72.7,7.1,1,38,8,1,1,3.0,96,1032
ECE,8,Female,Day Scholar,Morning,Visual,Average,Medium,Good,No,Yes,Placed,156,0,0,672,74.6,75.7,7.57,0,37,7,1,3,9.0,511,1388
CSE,1,Male,Hostel,Morning,Kinesthetic,Average,Medium,Good,Yes,No,Not Started,67,0,45,39,84.8,72.6,7.42,1,43,1,1,0,0.0,0,1340
CSE,8,Male,Hostel,Morning,Auditory,Good,Medium,Average,No,No,Placed,132,223,57,74,85.7,67.5,6.55,0,31,6,3,5,5.0,0,954
CSE,5,Female,Day Scholar,Night,Auditory,Poor,Medium,Good,Yes,Yes,Not Started,98,110,228,351,75.2,65.3,6.99,0,28,4,0,2,2.0,117,1026
CSE,7,Female,Hostel,Night,Auditory,Poor,Low,Good,No,No,In Progress,291,294,177,584,81.2,73.0,7.55,0,39,9,1,3,3.0,436,1544
CSE-DS,6,Male,Day Scholar,Afternoon,Kinesthetic,Poor,High,Good,No,Yes,Not Started,194,13,300,354,76.7,75.4,7.44,0,35,6,3,2,2.0,223,1132
CSE,7,Female,Hostel,Morning,Kinesthetic,Good,Medium,Average,No,No,In Progress,243,288,71,673,71.1,62.1,6.79,0,30,13,1,2,5.0,510,1144
CSE,6,Male,Day Scholar,Night,Kinesthetic,Good,Low,Good,No,Yes,Not Started,173,86,49,318,85.0,75.1,7.18,0,40,2,1,1,2.0,260,1025
IT,8,Male,Day Scholar,Morning,Kinesthetic,Poor,High,Poor,No,Yes,Placed,156,135,257,646,76.1,68.6,7.61,0,36,3,0,3,7.0,428,1260
ECE,4,Male,Hostel,Afternoon,Auditory,Average,High,Good,No,No,Not Started,102,328,122,0,86.2,68.5,6.73,0,30,5,0,1,2.0,44,886
CSE-DS,8,Other,Hostel,Morning,Auditory,Poor,Medium,Good,No,No,Placed,329,405,162,303,73.1,70.9,7.4,1,40,3,1,2,4.0,216,1123
CSE,8,Female,Hostel,Night,Visual,Good,Low,Average,No,No,In Progress,252,501,4,419,78.3,72.0,6.93,0,35,12,0,2,4.0,401,1387
CSE,7,Female,Hostel,Morning,Auditory,Average,Medium,Good,No,No,Placed,235,157,58,536,82.1,66.8,6.62,0,32,5,2,1,5.0,342,987
CSE-AIML,1,Male,Hostel,Morning,Kinesthetic,Good,Low,Good,No,No,Not Started,128,172,81,219,94.1,59.7,5.72,3,34,0,1,0,1.0,0,867
CSE,6,Other,Day Scholar,Night,Kinesthetic,Average,Low,Poor,No,No,Not Started,171,253,103,112,66.8,70.4,7.14,1,34,3,0,0,4.0,96,1077
CSE,3,Male,Hostel,Night,Kinesthetic,Good,Medium,Good,No,No,Not Started,237,184,420,574,100.0,85.5,9.63,0,44,1,0,0,2.0,175,1177
IT,1,Male,Day Scholar,Night,Visual,Poor,Medium,Good,No,No,Not Started,110,146,92,457,65.7,67.4,6.46,3,31,1,0,0,0.0,69,984
CSE,4,Male,Day Scholar,Morning,Visual,Good,Low,Good,No,No,Not Started,359,145,14,432,73.8,71.6,7.37,0,37,0,1,1,1.0,219,1118
IT,8,Male,Hostel,Night,Visual,Average,Medium,Poor,No,Yes,Placed,154,353,44,219,99.1,79.4,7.27,0,35,4,4,1,6.0,169,822
ECE,8,Male,Hostel,Afternoon,Auditory,Good,Medium,Good,No,No,Placed,129,0,167,413,87.7,73.4,7.06,0,34,3,1,1,6.0,265,1220
CSE-DS,3,Male,Hostel,Night,Visual,Good,High,Good,Yes,No,Not Started,222,322,97,0,90.6,67.5,6.05,2,33,0,1,0,3.0,0,1243
IT,2,Female,Day Scholar,Night,Auditory,Average,High,Good,No,No,Not Started,291,314,153,769,78.6,77.7,8.46,0,36,3,1,0,0.0,92,875
CSE-AIML,7,Female,Hostel,Night,Visual,Good,Low,Good,Yes,No,In Progress,114,78,194,340,93.6,78.1,7.42,1,34,6,0,2,3.0,285,1112
ECE,5,Male,Day Scholar,Night,Visual,Average,Medium,Good,No,Yes,Not Started,227,229,124,543,83.9,81.8,8.28,0,44,7,1,0,0.0,310,1055
CSE,2,Male,Day Scholar,Morning,Visual,Average,Medium,Good,No,No,Not Started,241,391,0,569,82.4,75.5,7.72,0,39,1,0,0,3.0,76,1181
CSE-AIML,2,Male,Hostel,Night,Visual,Average,Low,Poor,No,Yes,Not Started,154,262,210,44,71.4,69.7,6.22,2,35,1,0,0,2.0,6,804
CSE-DS,3,Female,Hostel,Night,Kinesthetic,Average,Medium,Good,No,Yes,Not Started,203,289,242,307,86.3,76.8,7.87,0,37,0,0,0,1.0,58,1020
CSE,7,Male,Hostel,Afternoon,Visual,Good,Medium,Good,No,Yes,In Progress,0,395,293,474,85.5,62.4,6.02,1,30,4,3,2,2.0,364,1195
CSE-DS,1,Male,Hostel,Morning,Kinesthetic,Average,Low,Poor,No,No,Not Started,267,221,79,382,94.9,80.6,7.68,0,41,0,0,0,0.0,56,793
CSE,4,Male,Hostel,Morning,Kinesthetic,Average,Medium,Good,No,Yes,Not Started,222,226,0,636,64.2,64.6,6.33,2,29,4,2,2,0.0,298,1217
CSE-DS,2,Female,Hostel,,Auditory,Average,Low,Poor,No,No,Not Started,222,102,162,573,73.7,66.3,7.08,0,31,1,1,0,1.0,70,1037
CSE-AIML,7,Male,Hostel,Night,Auditory,Poor,High,Average,No,No,In Progress,322,373,0,497,86.8,73.5,7.84,0,37,4,0,0,3.0,398,1204
CSE,2,Male,Hostel,Morning,Kinesthetic,Average,Medium,Good,No,No,Not Started,305,375,195,65,50.1,68.0,7.17,0,33,2,1,0,1.0,18,994
CSE-AIML,4,Female,Hostel,Morning,Visual,Good,High,Good,No,No,Not Started,196,396,121,268,71.8,72.7,7.35,0,37,6,1,0,1.0,5,1008
CSE,1,Male,Hostel,Night,Auditory,Average,Medium,Good,No,No,Not Started,140,50,167,384,90.8,76.9,8.05,0,40,0,0,0,0.0,83,1147
IT,1,Male,Hostel,Morning,Kinesthetic,Good,Low,Good,No,No,Not Started,307,232,1,511,86.1,71.9,7.41,1,33,0,0,0,1.0,0,1072
IT,5,Female,Hostel,Night,Visual,Average,Medium,Good,No,No,Not Started,252,236,0,241,72.6,67.6,6.91,0,32,1,5,2,1.0,131,1324
CSE,3,Male,Hostel,Night,Auditory,Average,Medium,Good,No,Yes,Not Started,82,243,0,0,100.0,72.4,6.22,3,40,2,2,0,1.0,0,1405
ECE,4,Male,Day Scholar,Night,Kinesthetic,Average,Medium,Average,No,No,Not Started,114,348,58,387,76.9,68.1,6.93,0,31,2,4,0,3.0,214,981
CSE,5,Male,Hostel,Afternoon,Kinesthetic,Average,Medium,Good,No,No,Not Started,138,191,169,205,96.8,82.3,8.5,0,37,2,0,2,4.0,111,963
CSE,1,Female,Hostel,Night,Visual,Good,High,Good,Yes,No,Not Started,272,186,165,563,87.7,75.0,7.8,0,41,2,1,0,0.0,100,854
CSE-DS,4,Female,Hostel,Night,Kinesthetic,Average,High,Good,Yes,No,Not Started,217,494,169,279,100.0,76.8,7.46,0,44,2,0,0,1.0,0,945
CSE,2,Male,Day Scholar,Night,Auditory,Good,Medium,Good,No,No,Not Started,132,114,137,283,82.5,63.2,5.61,2,31,4,0,0,1.0,98,920
CSE,5,Other,Hostel,Night,Visual,Poor,Medium,Good,Yes,No,Not Started,220,337,210,246,71.6,71.9,7.88,0,39,7,0,0,1.0,194,1208
CSE-AIML,3,Male,Hostel,Night,Auditory,Poor,Medium,Good,No,Yes,Not Started,277,292,28,721,100.0,83.2,8.61,0,42,1,1,1,2.0,165,1145
CSE-DS,8,Male,Day Scholar,Morning,Kinesthetic,Good,Low,Good,Yes,Yes,In Progress,187,309,336,366,66.5,71.0,7.09,0,30,3,2,1,4.0,280,1152
CSE,5,Female,Day Scholar,Afternoon,Kinesthetic,Good,Medium,Good,Yes,Yes,Not Started,224,235,81,506,72.7,71.0,7.82,0,32,2,1,0,3.0,226,1261
CSE,1,Female,Hostel,Night,Visual,Good,Medium,Good,No,No,Not Started,325,373,202,765,87.4,71.8,7.5,0,42,0,0,0,1.0,99,1316
IT,8,Male,Hostel,Morning,Kinesthetic,Average,Medium,Average,No,No,Placed,175,151,187,0,95.0,79.0,7.63,0,39,5,1,2,5.0,33,1168
CSE,8,Male,Hostel,Night,Auditory,Average,Medium,Good,No,No,Placed,157,204,0,373,76.2,72.8,7.59,1,33,6,2,2,4.0,220,1018
CSE,4,Female,Day Scholar,Night,Visual,Good,Low,Good,No,No,Not Started,330,73,43,272,97.0,72.3,7.86,0,35,5,1,1,3.0,113,1113
CSE-DS,3,Female,Hostel,Night,Visual,Average,Low,Good,No,No,Not Started,30,420,181,176,73.3,56.6,5.79,2,28,2,1,0,1.0,117,1138
IT,1,Female,Hostel,Afternoon,Visual,Poor,High,Good,No,Yes,Not Started,197,337,61,268,61.0,66.0,6.8,0,29,2,0,0,,0,987
CSE-DS,2,Female,Day Scholar,Night,Kinesthetic,Poor,High,Good,Yes,No,Not Started,157,226,158,289,70.8,60.2,5.17,0,30,3,1,0,0.0,12,1021
CSE,5,Male,Day Scholar,Morning,Kinesthetic,Poor,High,Good,No,No,Not Started,362,275,212,443,74.1,79.4,7.61,0,43,3,2,1,3.0,140,958
CSE-AIML,5,Male,Day Scholar,Night,Visual,Poor,Medium,Good,No,No,Not Started,174,238,232,178,83.4,66.9,6.94,0,33,5,1,0,3.0,87,1085
CSE-DS,7,Female,Hostel,Night,Kinesthetic,Poor,Low,Average,Yes,No,In Progress,327,519,183,449,73.0,70.2,7.45,1,37,3,0,2,1.0,390,1306
CSE,1,Female,Hostel,Night,Kinesthetic,Average,Medium,Good,No,No,Not Started,182,148,221,24,84.8,81.1,8.43,0,38,0,0,0,1.0,33,755
CSE-DS,7,Other,Hostel,Night,Visual,Average,Medium,Average,No,No,Placed,176,228,58,417,64.4,78.4,7.84,1,41,2,2,4,1.0,301,991
CSE-DS,4,Female,Hostel,Night,Kinesthetic,Average,Low,Average,Yes,Yes,Not Started,147,295,110,293,100.0,70.8,7.35,0,33,3,2,0,1.0,114,901
CSE,7,Male,Hostel,Morning,Auditory,Average,Low,Average,No,No,In Progress,95,98,0,157,69.1,58.7,5.57,4,30,7,3,0,3.0,99,976
CSE-AIML,2,Male,Hostel,Morning,Auditory,Good,Low,Good,No,Yes,Not Started,237,82,169,63,76.7,80.7,7.59,1,41,1,1,0,1.0,41,899
CSE,2,Male,Hostel,Morning,Auditory,Good,High,Good,No,No,Not Started,186,295,216,47,68.1,59.6,5.55,4,27,2,0,0,0.0,61,1100
ECE,7,Male,Hostel,Night,Visual,Good,Low,Good,Yes,No,In Progress,209,199,203,153,73.6,64.3,5.05,0,32,8,2,2,2.0,172,913
CSE-DS,4,Female,Day Scholar,Afternoon,Kinesthetic,Good,Low,Good,No,No,Not Started,23,182,66,0,93.9,68.2,5.72,2,31,2,2,0,1.0,39,1102
CSE,4,Male,Hostel,Night,Auditory,Poor,Low,Good,No,No,Not Started,236,292,14,0,63.5,66.8,6.79,0,33,2,0,0,2.0,0,984
CSE-AIML,8,Female,Hostel,Afternoon,Auditory,Average,Low,Good,No,No,Placed,89,402,0,227,84.4,68.2,6.38,1,35,5,1,5,5.0,142,814
CSE,3,Other,Hostel,Afternoon,Auditory,Poor,Medium,Average,No,Yes,Not Started,243,107,97,297,100.0,83.8,8.39,0,41,1,1,1,2.0,122,1092
IT,7,Other,Hostel,Night,Auditory,Good,Medium,Good,No,No,In Progress,35,211,0,144,88.6,75.4,8.02,0,38,4,3,4,2.0,94,1122
CSE-AIML,5,Female,Day Scholar,Afternoon,Visual,Average,Low,Good,No,No,Not Started,127,186,52,506,88.8,72.8,6.76,0,34,1,1,0,1.0,352,1126
CSE,6,Male,Day Scholar,Morning,Visual,Average,Medium,Good,No,No,Not Started,192,1,240,64,78.9,75.4,7.08,2,38,7,2,0,3.0,114,1159
IT,2,Male,Day Scholar,Night,Auditory,Average,Medium,Average,No,No,Not Started,163,292,116,26,94.1,76.9,7.96,0,38,1,1,0,0.0,0,958
IT,2,Male,Day Scholar,Morning,Auditory,Good,Medium,Average,Yes,No,Not Started,191,103,81,672,85.3,64.0,5.84,3,37,1,2,0,1.0,226,1043
CSE,8,Female,Day Scholar,Morning,Visual,Good,Low,Poor,No,No,In Progress,244,177,205,878,60.4,69.9,7.06,0,33,7,6,2,4.0,743,1563
CSE,8,Male,Hostel,Morning,Auditory,Poor,High,Good,No,No,Placed,148,0,150,203,91.6,70.4,7.38,0,33,11,2,1,3.0,119,1021
CSE,2,Male,Hostel,Afternoon,Auditory,Average,Low,Average,No,No,Not Started,8,260,125,90,85.3,59.4,6.0,5,29,1,1,0,2.0,112,1114
CSE,7,Male,Hostel,Night,Visual,Average,Medium,Poor,No,No,Placed,250,322,121,270,82.1,74.8,7.71,1,39,4,0,3,1.0,171,1007
CSE,6,Female,Day Scholar,Morning,Visual,Average,Medium,Poor,No,Yes,Not Started,183,105,103,351,78.4,70.5,7.69,0,40,3,2,0,6.0,207,1234
CSE-AIML,6,Male,Day Scholar,Night,Auditory,Good,High,Good,No,No,Not Started,108,318,3,432,78.0,73.8,7.73,1,45,6,1,0,3.0,243,1026
CSE,3,Female,Day Scholar,Night,Auditory,Poor,Low,Good,No,No,Not Started,221,182,179,654,91.4,70.3,7.41,0,37,1,0,1,2.0,314,1422
CSE,6,Male,Day Scholar,Afternoon,Kinesthetic,Average,High,Good,No,No,In Progress,101,310,93,387,81.5,67.4,6.02,1,29,9,2,1,4.0,261,961
CSE,7,Male,Hostel,,Kinesthetic,Poor,Medium,Good,No,Yes,In Progress,118,131,0,589,85.0,76.6,7.59,0,39,7,2,3,3.0,428,1037
IT,8,Male,Hostel,Afternoon,Visual,Good,Medium,Good,No,No,In Progress,242,293,260,460,91.5,71.6,6.82,0,35,7,4,3,3.0,316,1250
CSE,1,Male,Hostel,Night,Auditory,Poor,High,Average,No,No,Not Started,89,219,109,0,78.6,66.8,7.31,0,34,0,1,0,0.0,0,923
CSE,3,Female,Hostel,Night,Auditory,Good,Low,Poor,No,Yes,Not Started,31,0,222,241,87.2,61.1,6.07,1,29,3,1,0,2.0,101,1071
CSE-DS,6,Male,Hostel,Night,Auditory,Average,Low,Average,No,No,Not Started,190,302,228,0,93.5,72.7,8.02,0,38,1,0,5,5.0,0,1231
CSE-AIML,1,Male,Hostel,Night,Visual,Average,High,Average,Yes,No,Not Started,300,215,155,103,71.2,71.0,7.07,0,34,0,0,0,0.0,44,1192
CSE,2,Male,Hostel,Night,Visual,Good,Medium,Poor,No,No,Not Started,0,351,161,326,91.5,61.1,6.83,0,27,0,0,0,1.0,6,1075
CSE-AIML,3,Female,Hostel,Afternoon,Kinesthetic,Poor,High,Good,No,Yes,Not Started,158,275,298,681,59.3,69.6,6.88,1,32,5,4,0,2.0,274,990
CSE,1,Male,Hostel,Night,Visual,Poor,High,Good,No,No,Not Started,124,418,88,332,71.2,79.6,8.5,0,35,2,0,0,0.0,55,1031
CSE,5,Female,Hostel,Afternoon,Visual,Average,Low,Good,No,No,Not Started,51,198,142,239,68.3,68.1,5.69,0,36,8,2,1,2.0,83,1036
CSE-AIML,2,Male,Hostel,,Kinesthetic,Average,Low,Average,No,No,Not Started,82,201,135,0,94.3,68.0,6.83,1,31,1,0,0,0.0,12,1181
CSE,2,Other,Hostel,Night,Kinesthetic,Poor,Low,Good,No,No,Not Started,222,427,180,444,78.6,70.6,6.79,0,35,1,0,0,1.0,67,987
CSE,6,Male,Hostel,Afternoon,Auditory,Poor,High,Good,No,No,Not Started,225,63,204,0,61.5,76.7,7.14,0,39,9,3,2,4.0,93,1022
ECE,1,Female,Hostel,Morning,Visual,Poor,High,Good,No,No,Not Started,184,172,21,156,70.2,68.2,7.21,1,36,1,1,0,1.0,35,892
CSE,6,Male,Hostel,Night,Auditory,Average,Medium,Good,No,Yes,Not Started,189,183,158,226,93.3,79.5,8.12,0,38,2,4,0,5.0,171,822
CSE-AIML,7,Female,Hostel,Morning,Visual,Good,Medium,Poor,No,No,In Progress,215,343,0,249,85.3,73.1,7.97,0,36,8,4,0,6.0,225,1087
CSE,5,Female,Hostel,Night,Auditory,Average,Medium,Average,No,No,Not Started,97,203,294,162,71.5,65.5,6.69,0,37,3,1,1,0.0,59,1147
CSE,1,Female,Day Scholar,Night,Kinesthetic,Poor,High,Average,No,Yes,Not Started,162,495,28,24,100.0,69.6,6.8,1,31,2,0,0,0.0,0,770
CSE,2,Male,Hostel,Morning,Kinesthetic,Good,Low,Average,No,No,Not Started,258,201,0,154,81.9,69.0,6.83,0,31,0,1,0,1.0,41,1070
CSE,8,Female,Hostel,Afternoon,Auditory,Poor,High,Average,No,No,In Progress,157,324,258,91,89.2,75.8,7.96,0,36,3,6,2,5.0,26,996
CSE,1,Male,Hostel,Afternoon,Auditory,Average,High,Poor,No,Yes,Not Started,185,258,90,0,85.1,64.4,6.24,0,29,0,0,0,0.0,0,861
CSE-AIML,6,Male,Hostel,Night,Auditory,Good,Low,Good,No,No,Not Started,52,261,315,432,85.7,61.7,6.74,0,31,8,3,2,5.0,244,980
CSE-DS,5,Female,Day Scholar,Afternoon,Auditory,Poor,Medium,Good,Yes,Yes,Not Started,129,363,198,157,70.7,65.1,6.27,2,32,3,1,4,2.0,103,857
CSE,4,Male,Hostel,Night,Kinesthetic,Average,Low,Good,No,No,Not Started,109,174,1,79,73.2,66.1,6.46,2,28,2,2,0,1.0,0,1022
CSE,4,Male,Hostel,Night,Kinesthetic,Poor,High,Good,Yes,Yes,Not Started,316,309,184,330,91.4,80.9,7.12,0,41,6,1,0,3.0,120,807
IT,5,Male,Hostel,Night,Visual,Poor,High,Poor,No,Yes,Not Started,13,349,108,242,80.6,65.2,7.64,0,35,5,2,0,3.0,125,913
CSE,5,Female,Hostel,Night,Auditory,Average,Medium,Good,No,No,Not Started,379,86,47,515,93.7,78.2,6.88,0,40,4,0,0,1.0,215,1360
CSE,6,Male,Hostel,Night,Kinesthetic,Average,Low,,No,Yes,Not Started,388,184,63,322,90.5,84.6,8.53,0,41,5,0,1,4.0,134,903
CSE,2,Male,Hostel,Night,Visual,Average,High,Average,No,Yes,Not Started,127,230,84,111,91.4,65.6,6.65,0,34,2,0,0,2.0,12,874
CSE-AIML,4,Male,Day Scholar,Night,Visual,Good,Low,Good,No,No,Not Started,154,78,120,391,83.4,59.4,5.68,0,29,0,0,1,3.0,170,690
CSE,4,Female,Day Scholar,Afternoon,Auditory,Average,Medium,Average,No,No,Not Started,329,386,36,194,83.2,72.0,7.06,1,33,2,1,0,1.0,123,1047
IT,8,Male,Hostel,Night,Visual,Average,Medium,Good,No,No,Placed,95,229,28,259,84.5,75.1,7.53,2,35,5,1,2,6.0,246,1354
CSE,1,Male,Hostel,Night,Auditory,Good,High,Average,No,No,Not Started,231,365,163,228,81.9,75.3,7.5,0,36,1,0,0,0.0,7,1173
CSE,8,Female,Day Scholar,Afternoon,Visual,Good,Medium,,No,No,In Progress,221,227,192,130,100.0,76.5,8.2,0,36,5,5,3,0.0,34,908
ECE,2,Female,Day Scholar,Night,Auditory,Average,Medium,Good,No,No,Not Started,165,195,94,309,89.1,65.9,6.1,0,32,0,0,0,1.0,119,1086
CSE,7,Female,Day Scholar,Night,Auditory,Poor,High,Average,No,Yes,Placed,131,222,14,365,65.8,58.2,4.95,4,25,5,2,1,7.0,195,841
CSE,1,Female,Hostel,Afternoon,Auditory,Average,High,Poor,No,No,Not Started,134,345,166,428,67.4,62.7,5.91,1,32,1,1,0,0.0,15,845
CSE-AIML,1,Male,Hostel,Afternoon,Auditory,Good,High,Average,No,Yes,Not Started,36,355,153,259,98.7,76.7,7.23,0,35,1,0,0,0.0,88,1078
CSE-DS,5,Male,Hostel,Night,Auditory,Poor,Medium,Poor,No,Yes,Not Started,96,225,316,251,81.7,63.6,5.31,2,33,2,0,1,1.0,168,1166
CSE,1,Male,Hostel,Morning,Visual,Good,Low,Good,No,No,Not Started,78,31,85,808,77.2,67.6,6.4,1,38,0,0,0,0.0,83,1254
CSE,6,Male,Day Scholar,Night,Kinesthetic,Poor,High,Good,No,No,Not Started,117,314,138,435,89.4,67.1,5.89,0,33,5,3,1,4.0,206,1251
CSE,6,Female,Day Scholar,Night,Kinesthetic,Good,Low,Good,No,Yes,Not Started,184,58,0,381,89.4,79.7,8.24,0,42,3,2,2,4.0,223,1154
CSE,2,Male,Hostel,Night,Kinesthetic,Average,Medium,Good,Yes,No,Not Started,248,199,63,220,73.5,66.7,6.79,0,33,1,1,0,2.0,45,1044
CSE,3,Male,Hostel,Night,Auditory,Poor,High,Good,No,No,Not Started,306,163,86,686,100.0,85.2,8.83,0,43,0,1,0,0.0,205,1237
ECE,7,Female,Hostel,Morning,Auditory,Average,Medium,Average,No,Yes,Placed,251,341,71,31,86.8,76.5,7.52,1,37,7,4,0,2.0,29,1144
IT,5,Male,Hostel,Night,Auditory,Average,Medium,Average,Yes,No,Not Started,51,169,0,0,48.1,54.0,5.68,1,30,4,0,1,2.0,21,1196
CSE,7,Male,Hostel,Night,Visual,Good,Low,Good,No,No,In Progress,226,287,150,526,79.1,79.3,7.45,1,39,1,1,0,5.0,409,1213
CSE,5,Male,Day Scholar,Morning,Visual,Good,Low,Good,No,No,Not Started,159,122,166,370,59.5,57.8,6.58,0,31,4,1,0,4.0,158,1079
CSE-DS,4,Male,Hostel,Night,Visual,Good,Low,Average,Yes,Yes,Not Started,296,245,51,388,78.6,80.9,7.47,0,37,6,0,1,0.0,151,829
CSE,3,Male,Day Scholar,Afternoon,Visual,Good,Low,Good,No,No,Not Started,226,162,235,590,83.6,72.1,7.77,0,40,1,1,1,2.0,179,834
CSE-AIML,8,Female,Day Scholar,Morning,Kinesthetic,Poor,Medium,Average,No,Yes,Placed,249,211,27,498,83.8,76.1,7.49,0,37,5,1,1,3.0,405,1087
CSE,1,Male,Day Scholar,Morning,Visual,Poor,High,Good,No,No,Not Started,285,237,41,286,93.2,71.8,7.26,0,39,1,1,0,2.0,9,896
CSE-DS,3,Female,Hostel,Night,Visual,Poor,Low,Poor,No,Yes,Not Started,67,242,40,477,81.7,66.0,6.14,0,25,2,2,0,0.0,82,1032
IT,1,Male,Hostel,Afternoon,Visual,Good,Medium,Good,Yes,Yes,Not Started,186,334,107,385,81.0,69.4,6.53,0,36,2,0,0,0.0,75,1314
CSE,4,Male,Day Scholar,Morning,Auditory,Average,Medium,Good,No,No,Not Started,235,236,80,597,76.8,68.8,7.13,1,37,4,1,3,2.0,234,1138
IT,4,Male,Hostel,Morning,Auditory,Average,Medium,Good,No,Yes,Not Started,0,256,90,251,74.8,48.0,5.03,0,22,1,0,0,1.0,64,1049
ECE,3,Female,Hostel,Morning,Visual,Average,Low,Good,No,No,Not Started,122,374,63,241,93.0,74.3,7.47,0,35,4,1,0,2.0,0,1030
CSE,8,Male,Hostel,Morning,Kinesthetic,Good,Medium,Average,No,No,Placed,292,510,290,293,65.2,65.1,6.4,0,34,8,1,0,3.0,255,977
CSE-AIML,8,Female,Day Scholar,Morning,Kinesthetic,Good,Medium,Good,Yes,No,Placed,165,121,34,292,86.6,72.6,8.12,0,38,7,1,1,3.0,268,1085
IT,6,Male,Day Scholar,Afternoon,Kinesthetic,Poor,Medium,Good,No,Yes,Not Started,192,98,199,379,86.7,81.6,9.28,0,42,5,0,1,2.0,202,919
CSE-AIML,4,Male,Hostel,Night,Auditory,Good,Medium,Poor,No,Yes,Not Started,13,283,0,189,86.2,69.0,6.46,2,32,7,0,1,3.0,163,1281
CSE-DS,8,Male,Hostel,Morning,Kinesthetic,Poor,Medium,,No,No,In Progress,149,482,244,255,79.9,67.6,6.31,1,33,6,1,3,7.0,257,1102
CSE,1,Female,Hostel,Morning,Visual,Poor,Medium,Good,No,Yes,Not Started,391,335,17,136,68.9,71.0,6.93,0,38,2,0,0,2.0,44,1083
CSE-DS,1,Male,Hostel,Night,Kinesthetic,Good,Low,Good,No,Yes,Not Started,188,326,175,226,80.6,60.4,5.62,2,32,0,0,0,1.0,75,1154
CSE-DS,1,Male,Day Scholar,Night,Kinesthetic,Average,Medium,Good,No,No,Not Started,131,310,308,137,92.4,69.9,7.23,0,35,0,0,0,0.0,45,1155
CSE,8,Male,Day Scholar,Night,Auditory,Poor,Medium,Good,No,No,Placed,256,170,132,161,74.6,70.4,7.8,0,33,2,4,0,2.0,132,1095
CSE,8,Male,Hostel,Afternoon,Kinesthetic,Poor,Medium,Average,Yes,Yes,Placed,149,399,212,449,73.7,72.0,8.05,0,33,8,5,1,0.0,322,1073
CSE-DS,1,Male,Hostel,Night,Kinesthetic,Average,Medium,Good,No,Yes,Not Started,140,384,267,369,100.0,70.6,6.0,2,32,0,0,0,1.0,0,960
CSE,7,Male,Hostel,Afternoon,Auditory,Good,Low,Good,No,No,Placed,28,231,358,408,81.8,62.3,6.07,4,28,9,7,1,5.0,399,1229
CSE,7,Female,Hostel,Night,Visual,Average,Medium,,No,No,In Progress,214,271,8,530,91.3,72.5,7.15,1,37,4,1,1,3.0,354,1233
IT,3,Male,Hostel,Night,Visual,Average,High,Good,No,No,Not Started,98,368,30,650,98.9,76.4,7.74,0,35,2,0,0,1.0,210,941
CSE-AIML,1,Female,Hostel,Afternoon,Visual,Average,High,Average,No,No,Not Started,170,239,281,256,99.7,82.3,7.53,2,38,1,2,0,0.0,43,922
ECE,8,Female,Hostel,Night,Auditory,Poor,Medium,Average,No,No,In Progress,325,392,94,205,75.5,77.6,7.69,1,38,9,0,3,5.0,123,919
CSE-AIML,6,Female,Day Scholar,Night,Visual,Average,Medium,Average,No,Yes,Not Started,286,258,249,598,89.0,80.3,8.97,0,42,5,1,2,1.0,322,979
CSE-AIML,8,Male,Day Scholar,Night,Visual,Poor,Medium,Good,No,Yes,Placed,211,244,175,573,99.3,77.2,7.68,0,37,8,2,0,2.0,421,1318
CSE,1,Male,Hostel,Night,Auditory,Good,Medium,Good,Yes,Yes,Not Started,125,226,178,273,75.0,75.6,7.53,0,39,2,1,0,0.0,20,1100
CSE-AIML,7,Male,Hostel,Morning,Kinesthetic,Poor,High,Average,Yes,Yes,Placed,266,314,216,386,96.2,77.7,7.76,0,45,6,1,0,4.0,292,1005
IT,1,Male,Day Scholar,Morning,Auditory,Good,Low,Good,No,No,Not Started,282,26,168,508,100.0,73.8,7.88,0,32,0,0,0,0.0,84,1135
CSE-AIML,3,Male,Hostel,Night,Auditory,Average,Medium,Average,No,Yes,Not Started,155,153,293,165,86.1,72.3,6.93,1,35,1,0,1,2.0,144,1117
CSE,5,Male,Hostel,Morning,Kinesthetic,Poor,High,,No,No,Not Started,92,203,33,301,78.9,69.6,7.12,0,35,2,0,1,3.0,187,1171
CSE-DS,7,Male,Hostel,Night,Kinesthetic,Poor,Medium,Good,No,No,Placed,296,162,0,731,81.7,74.2,7.33,0,39,4,5,1,6.0,508,906
CSE,6,Female,Hostel,Night,Visual,Good,High,Good,No,No,Not Started,175,172,87,420,81.0,65.5,6.63,1,35,5,4,2,3.0,311,1226
CSE,2,Female,Hostel,Morning,Kinesthetic,Poor,Medium,Average,No,No,Not Started,226,301,139,431,100.0,85.6,9.56,0,44,2,0,0,1.0,57,793
CSE,3,Male,Hostel,Afternoon,Visual,Good,Low,Good,Yes,Yes,Not Started,200,341,283,525,73.2,62.2,6.03,4,32,5,1,0,1.0,228,1190
CSE-DS,7,Male,Hostel,Night,Visual,Good,Low,Average,No,No,Placed,251,455,152,318,67.9,62.7,6.24,3,30,5,5,4,2.0,264,1288
CSE-AIML,1,Female,Hostel,Night,Kinesthetic,Average,Medium,Good,No,No,Not Started,183,50,65,369,81.6,73.1,7.43,2,34,0,1,0,2.0,0,1014
CSE,1,Male,Day Scholar,Afternoon,Auditory,Poor,Medium,Average,Yes,Yes,Not Started,192,82,156,364,77.4,66.0,5.82,4,33,1,0,0,2.0,0,746
CSE-DS,6,Male,Day Scholar,Night,Visual,Poor,Medium,Average,No,No,Not Started,222,0,143,468,80.6,77.0,7.23,0,34,8,2,1,2.0,309,1213
IT,6,Male,Hostel,Night,Visual,Good,Low,Average,No,No,In Progress,208,178,110,273,69.6,68.2,7.54,0,38,4,0,2,3.0,232,1182
CSE-DS,2,Male,Day Scholar,Night,Kinesthetic,Poor,High,Good,No,Yes,Not Started,319,0,203,411,100.0,80.7,9.06,0,44,2,3,0,0.0,114,1194
CSE,6,Male,Hostel,Morning,Visual,Good,Low,Poor,Yes,Yes,In Progress,354,215,172,507,57.6,69.3,7.81,0,36,5,1,2,4.0,347,868
CSE-AIML,4,Female,Hostel,Afternoon,Visual,Poor,High,Good,No,No,Not Started,188,275,136,353,82.7,69.7,7.22,0,31,2,2,1,1.0,87,1034
CSE,8,Male,Day Scholar,Morning,Visual,Poor,High,Average,No,Yes,Placed,359,388,32,561,80.0,76.5,7.78,0,37,3,1,1,4.0,414,998
CSE-DS,5,Male,Hostel,Night,Kinesthetic,Good,Low,Poor,No,Yes,Not Started,194,232,0,495,90.3,75.7,8.16,0,42,4,3,2,4.0,252,1276
CSE-AIML,5,Female,Day Scholar,Night,Kinesthetic,Poor,High,Good,No,Yes,Not Started,79,269,0,460,100.0,73.7,7.34,2,41,4,2,0,3.0,177,1131
CSE,7,Male,Hostel,Morning,Kinesthetic,Poor,Medium,Poor,No,Yes,Placed,154,213,91,151,71.9,72.4,8.13,0,35,6,3,0,5.0,102,1051
CSE,7,Female,Day Scholar,Morning,Auditory,Average,Medium,Good,No,No,In Progress,332,84,292,638,83.8,77.1,8.47,0,39,3,2,0,3.0,503,1224
IT,1,Male,Hostel,Night,Visual,Poor,High,Good,No,No,Not Started,286,142,81,300,79.7,78.3,8.84,0,42,1,0,0,1.0,0,921
CSE-DS,4,Female,Day Scholar,Afternoon,Visual,Good,Low,Good,No,Yes,Not Started,148,294,208,545,72.6,67.4,6.65,0,32,3,1,1,6.0,159,949
CSE,4,Male,Hostel,Night,Visual,Good,Low,Average,Yes,No,Not Started,197,94,162,396,70.5,66.8,6.78,0,33,3,1,0,3.0,136,1136
CSE,6,Male,Hostel,Morning,Visual,Good,Medium,Average,No,No,In Progress,210,132,46,506,89.1,69.9,6.81,0,37,4,1,0,1.0,267,1309
ECE,7,Male,Hostel,Night,Kinesthetic,Average,Low,Good,No,Yes,In Progress,164,224,209,565,56.4,66.5,6.42,5,34,5,4,0,6.0,426,1251
CSE,4,Male,Hostel,Night,Visual,Good,High,Good,No,No,Not Started,227,313,289,189,82.3,72.8,7.12,0,39,3,3,1,3.0,65,843
CSE,4,Female,Hostel,Morning,Kinesthetic,Good,Low,Average,No,Yes,Not Started,104,354,294,281,87.3,69.9,7.2,1,33,4,0,0,1.0,12,979
CSE-DS,4,Female,Day Scholar,Morning,Auditory,Poor,High,Good,No,Yes,Not Started,208,275,134,0,85.1,71.4,7.47,0,35,1,3,1,1.0,0,1192
CSE-DS,3,Female,Day Scholar,Night,Auditory,Good,Medium,Good,No,No,Not Started,178,96,192,489,54.0,64.0,6.12,0,29,1,1,0,2.0,169,1282
CSE-AIML,6,Male,Day Scholar,Night,Auditory,Good,Low,Good,No,Yes,Not Started,174,373,119,149,97.7,78.1,7.3,0,37,7,2,0,5.0,63,536
CSE,2,Female,Day Scholar,Night,Kinesthetic,Poor,Medium,Good,No,Yes,Not Started,260,344,113,20,65.4,72.4,6.44,5,39,0,1,0,1.0,50,1069
CSE-DS,5,Female,Hostel,Night,Visual,Average,Medium,Average,No,Yes,Not Started,140,361,206,178,100.0,70.9,6.58,0,34,4,2,0,5.0,89,821
CSE-AIML,5,Male,Hostel,Morning,Visual,Good,Low,Good,No,Yes,Not Started,175,189,144,132,74.9,68.6,7.53,0,33,3,1,2,2.0,68,1079
CSE,8,Female,Hostel,Morning,Visual,Good,Low,Average,No,No,Placed,169,272,205,497,90.9,72.8,7.67,1,37,6,3,5,7.0,414,821
CSE,1,Male,Day Scholar,Night,Visual,Good,Low,Average,No,Yes,Not Started,245,90,191,422,86.9,79.2,8.34,0,44,0,0,0,0.0,85,1074
ECE,4,Female,Day Scholar,Afternoon,Auditory,Good,Low,Good,No,Yes,Not Started,228,292,56,514,81.5,73.5,7.66,0,27,5,1,0,4.0,94,1140
ECE,8,Female,Hostel,Morning,Kinesthetic,Good,Low,Average,No,No,In Progress,285,218,144,397,85.6,69.4,6.42,1,32,7,1,2,4.0,343,1139
CSE,3,Female,Day Scholar,Night,Auditory,Average,Low,Poor,No,No,Not Started,284,0,101,53,91.7,77.0,7.25,1,40,3,0,1,1.0,0,1007
CSE-DS,1,Female,Hostel,Night,Auditory,Good,Medium,Good,No,No,Not Started,211,205,128,677,73.4,63.0,6.32,1,32,0,0,0,1.0,107,1257
CSE,8,Male,Day Scholar,Afternoon,Kinesthetic,Average,High,Average,No,Yes,Placed,308,220,125,236,68.8,66.9,6.03,0,31,4,3,5,4.0,208,880
CSE,3,Male,Hostel,Night,Kinesthetic,Poor,High,Good,No,No,Not Started,379,29,212,227,77.7,74.3,7.4,0,36,1,2,0,0.0,163,1036
CSE-DS,4,Female,Hostel,Night,Auditory,Poor,High,Good,No,No,Not Started,128,71,84,0,90.0,72.4,7.29,0,37,4,1,1,1.0,1,1074
IT,8,Male,Day Scholar,Morning,Kinesthetic,Average,Medium,Average,No,Yes,Placed,135,186,72,58,77.0,63.0,5.12,4,34,5,0,3,1.0,88,1118
CSE-DS,4,Male,Hostel,Morning,Visual,Good,Low,Good,No,Yes,Not Started,115,137,99,319,100.0,72.5,6.65,0,36,1,1,1,1.0,118,843
CSE-DS,1,Male,Hostel,Afternoon,Kinesthetic,Average,Medium,Average,No,No,Not Started,122,462,109,3,71.9,63.3,6.35,2,31,1,0,0,0.0,0,1128
CSE-AIML,5,Female,Hostel,Night,Auditory,Poor,Medium,Good,No,Yes,Not Started,199,112,213,259,73.9,65.0,6.15,3,35,5,2,0,2.0,94,927
CSE,4,Male,Hostel,Morning,Auditory,Poor,Medium,Poor,No,No,Not Started,204,195,80,340,74.6,68.7,7.39,1,35,3,2,0,3.0,155,1025
CSE,3,Female,Day Scholar,Night,Visual,Good,Medium,Good,No,Yes,Not Started,292,160,13,266,80.8,73.8,7.42,0,36,1,1,1,1.0,0,935
IT,6,Male,Hostel,Night,Visual,Average,Medium,Good,No,No,In Progress,128,399,269,385,93.8,70.6,6.47,1,25,2,2,0,3.0,112,837
CSE-AIML,7,Female,Day Scholar,Night,Visual,Average,Medium,,No,No,In Progress,347,157,56,292,83.3,74.3,7.93,0,36,4,2,0,2.0,308,990
CSE-AIML,7,Male,Day Scholar,Night,Visual,Average,Medium,Good,No,No,Placed,267,119,205,499,99.0,79.3,8.15,0,44,4,2,0,4.0,382,1568
CSE-DS,7,Female,Day Scholar,Night,Auditory,Poor,High,Average,No,Yes,Placed,263,124,102,576,82.0,70.4,6.84,0,37,2,0,2,5.0,422,1041
ECE,1,Male,Day Scholar,Night,Auditory,Average,Medium,Good,No,Yes,Not Started,122,226,151,105,91.6,78.8,8.23,0,39,0,1,0,1.0,12,1082
ECE,3,Female,Hostel,Night,Auditory,Good,Medium,Good,No,No,Not Started,106,34,106,379,85.2,64.6,6.58,0,29,1,0,0,3.0,134,856
IT,7,Female,Hostel,Afternoon,Auditory,Average,High,Good,No,No,Placed,0,157,88,0,79.5,58.7,5.79,1,26,4,0,0,3.0,82,1143
IT,6,Male,Hostel,Night,Kinesthetic,Average,Medium,Good,No,Yes,Not Started,252,387,0,0,84.9,74.0,7.9,0,39,2,1,1,9.0,0,767
CSE,3,Male,Day Scholar,Morning,Auditory,Good,Low,Good,No,No,Not Started,317,326,138,486,69.9,67.0,7.25,0,31,3,2,0,4.0,217,1018
IT,7,Male,Hostel,Afternoon,Kinesthetic,Poor,High,Average,No,No,Placed,102,140,0,578,90.1,66.8,7.44,0,29,5,1,1,3.0,482,1244
CSE,3,Female,Day Scholar,Night,Visual,Average,Low,Good,No,No,Not Started,264,301,94,345,88.2,67.3,6.22,4,29,1,0,1,0.0,25,1241
CSE-DS,1,Female,Hostel,Morning,Visual,Poor,High,Good,No,No,Not Started,161,325,87,279,63.3,56.2,5.73,1,24,0,0,0,0.0,0,1044
CSE,8,Male,Hostel,Morning,Kinesthetic,Average,High,Average,No,No,Placed,179,396,129,0,81.6,69.1,6.27,2,35,5,1,3,8.0,43,939
CSE-DS,3,Female,Day Scholar,Morning,Auditory,Good,Low,Average,Yes,Yes,Not Started,167,235,211,481,63.3,67.2,6.53,0,34,2,0,0,5.0,141,1119
CSE,1,Male,Hostel,Night,Visual,Average,Low,Good,No,No,Not Started,223,279,119,0,66.7,74.7,6.98,0,34,0,2,0,1.0,33,989
CSE-AIML,5,Male,Hostel,Night,Kinesthetic,Poor,Medium,Average,No,No,Not Started,142,329,155,489,100.0,76.8,7.1,0,35,3,2,1,0.0,263,1033
ECE,1,Female,Hostel,Morning,Visual,Average,Low,Good,Yes,No,Not Started,195,378,0,113,93.9,68.3,6.95,0,37,1,2,0,0.0,110,1080
IT,5,Male,Day Scholar,Afternoon,Kinesthetic,Poor,High,Average,No,Yes,Not Started,160,285,90,196,100.0,72.8,7.14,1,36,4,1,2,6.0,78,1220
CSE,3,Male,Hostel,Morning,Auditory,Average,Medium,Average,Yes,No,Not Started,277,228,304,147,77.5,72.8,8.67,0,35,3,1,0,1.0,48,1078
CSE-AIML,6,Female,Hostel,Night,Visual,Average,High,Good,Yes,No,Not Started,0,166,269,429,61.0,59.4,5.97,4,28,4,2,1,3.0,210,743
CSE-DS,8,Male,Hostel,Night,Kinesthetic,Good,Low,,No,No,In Progress,239,249,104,194,100.0,77.7,7.76,0,36,5,7,1,5.0,205,1403
CSE-DS,4,Male,Hostel,Morning,Auditory,Average,Medium,Poor,No,No,Not Started,180,81,140,337,58.5,65.7,5.79,0,33,4,2,1,1.0,224,964
IT,7,Other,Day Scholar,Morning,Kinesthetic,Poor,Medium,Good,No,No,Placed,140,212,62,460,71.4,69.0,6.84,0,36,4,2,0,7.0,333,1271
CSE-DS,2,Male,Day Scholar,Afternoon,Visual,Poor,Low,Good,Yes,Yes,Not Started,223,147,161,773,82.3,71.9,7.19,0,39,2,1,0,1.0,167,1525
CSE,5,Male,Day Scholar,Afternoon,Auditory,Poor,Low,Good,No,No,Not Started,194,611,63,311,84.1,74.9,7.59,2,39,2,0,0,0.0,119,964
CSE-AIML,6,Male,Hostel,Night,Auditory,Poor,High,Good,No,No,Not Started,250,220,0,128,58.8,70.7,7.69,0,38,7,1,2,3.0,21,794
IT,8,Male,Day Scholar,Night,Visual,Poor,Low,Good,No,No,Placed,102,406,17,223,100.0,71.0,7.04,0,41,4,4,0,2.0,163,1119
IT,2,Male,Hostel,Night,Kinesthetic,Good,Medium,Good,No,Yes,Not Started,124,35,0,0,77.7,63.5,6.0,0,33,1,0,0,1.0,35,993
ECE,6,Female,Day Scholar,Night,Kinesthetic,Average,Medium,Good,No,Yes,Not Started,111,160,108,393,83.1,70.1,7.97,0,38,5,1,1,1.0,198,1003
ECE,1,Female,Day Scholar,Night,Auditory,Poor,High,Good,No,No,Not Started,251,223,7,482,86.8,78.6,8.22,0,42,0,0,0,1.0,0,754
CSE-DS,8,Female,Day Scholar,Morning,Visual,Average,High,Average,Yes,Yes,Placed,341,391,197,63,68.7,71.5,6.77,0,38,4,5,1,1.0,29,1121
CSE,1,Male,Day Scholar,Morning,Auditory,Average,Low,Good,No,No,Not Started,89,297,16,103,86.8,72.7,7.47,0,37,0,0,0,1.0,58,1028
CSE-DS,2,Male,Day Scholar,Night,Kinesthetic,Good,Low,Good,No,No,Not Started,0,123,159,53,81.0,60.9,6.42,4,25,0,0,0,1.0,51,964
CSE,4,Female,Hostel,Night,Auditory,Good,High,Good,No,No,Not Started,106,311,25,260,74.3,65.0,5.69,2,28,6,2,1,3.0,98,990
CSE-AIML,3,Female,Hostel,Morning,Kinesthetic,Good,Low,Average,No,No,Not Started,0,267,153,476,87.7,63.4,6.45,1,29,2,1,2,1.0,119,882
CSE,2,Male,Hostel,Night,Kinesthetic,Poor,Medium,Good,No,No,Not Started,124,271,202,324,67.1,61.9,6.24,1,35,1,1,0,1.0,137,1145
IT,3,Female,Hostel,Morning,Visual,Good,Medium,Average,No,Yes,Not Started,77,398,0,465,100.0,66.6,6.08,3,32,2,1,0,1.0,160,1031
CSE,1,Male,Hostel,,Auditory,Average,Medium,Good,No,No,Not Started,200,276,175,454,79.7,67.3,7.41,0,34,1,0,0,0.0,16,1024
CSE,6,Male,Day Scholar,Night,Auditory,Average,Medium,Good,No,Yes,Not Started,104,294,178,332,63.8,59.8,5.53,2,32,6,5,2,2.0,198,1272
CSE-DS,3,Female,Hostel,Morning,Visual,Average,Low,Good,No,Yes,Not Started,359,435,185,370,71.9,76.3,7.88,0,37,2,1,0,1.0,65,1075
CSE,1,Female,Day Scholar,Morning,Kinesthetic,Good,Medium,Good,No,No,Not Started,89,146,159,681,86.5,70.8,6.55,1,37,1,1,0,4.0,40,1063
CSE,5,Male,Day Scholar,Afternoon,Visual,Good,Low,,No,Yes,Not Started,79,198,179,323,86.8,76.2,7.39,0,44,3,3,0,2.0,154,1020
ECE,6,Male,Hostel,Night,Visual,Poor,High,Poor,No,No,Not Started,463,170,25,253,82.7,78.1,7.83,0,32,6,0,3,5.0,111,929
CSE-DS,2,Male,Day Scholar,Night,Auditory,Poor,High,Average,No,No,Not Started,109,296,85,415,95.8,75.5,6.37,5,36,1,1,0,1.0,54,1250
CSE,8,Male,Hostel,Morning,Auditory,Poor,High,Good,No,Yes,Placed,48,260,184,346,76.5,61.6,5.56,1,32,7,0,0,1.0,275,945
CSE,1,Other,Day Scholar,Night,Auditory,Average,Medium,Good,No,No,Not Started,198,328,218,200,69.2,60.7,5.51,4,32,0,1,0,2.0,2,845
CSE,1,Female,Hostel,Afternoon,Visual,Average,Medium,Average,No,No,Not Started,133,257,0,62,76.7,79.8,7.55,0,40,2,0,0,0.0,92,874
CSE-DS,2,Male,Hostel,Afternoon,Kinesthetic,Average,Medium,Good,No,No,Not Started,111,36,53,594,81.7,60.0,6.21,1,29,2,0,0,2.0,74,925
IT,4,Male,Hostel,Night,Visual,Poor,Low,Average,No,No,Not Started,142,128,0,332,71.4,65.2,6.49,2,32,1,1,0,2.0,150,964
CSE-DS,7,Male,Day Scholar,Night,Kinesthetic,Average,Medium,Average,No,Yes,In Progress,215,303,185,123,84.8,70.4,6.8,0,35,6,2,2,4.0,205,1358
CSE,2,Male,Hostel,Afternoon,Kinesthetic,Good,Low,Poor,Yes,Yes,Not Started,226,38,94,310,75.8,67.2,6.22,0,28,1,1,0,2.0,16,1111
CSE-AIML,2,Male,Hostel,Morning,Auditory,Average,Medium,Good,No,No,Not Started,224,94,136,315,64.8,66.4,7.43,0,32,1,2,0,2.0,92,891
CSE-AIML,1,Male,Day Scholar,Afternoon,Visual,Poor,High,Good,No,Yes,Not Started,312,260,83,315,73.9,68.0,6.95,0,38,1,0,0,0.0,41,879
CSE,1,Female,Hostel,Night,Auditory,Good,Medium,Poor,No,Yes,Not Started,121,270,307,504,75.5,60.9,6.32,5,24,0,0,0,0.0,131,937
CSE-DS,8,Male,Hostel,Afternoon,Visual,Average,Low,Average,Yes,Yes,Placed,122,195,177,282,99.3,69.7,6.27,0,32,7,3,3,0.0,191,1339
IT,5,Male,Hostel,Night,Auditory,Good,High,Good,No,No,Not Started,63,0,92,285,77.6,66.9,7.92,0,36,1,0,1,2.0,128,1290
CSE-DS,2,Female,Day Scholar,Afternoon,Visual,Average,Medium,Good,No,Yes,Not Started,167,492,90,96,76.9,65.6,6.28,1,32,2,0,0,3.0,32,828
ECE,5,Female,Hostel,Night,Kinesthetic,Poor,Medium,Good,No,Yes,Not Started,215,296,108,441,83.2,68.6,6.36,2,31,2,2,0,3.0,172,1142
CSE-AIML,6,Male,Day Scholar,Night,Kinesthetic,Good,High,Good,No,Yes,In Progress,241,161,17,202,69.5,65.0,5.72,1,35,4,1,0,4.0,85,1337
IT,1,Other,Hostel,Night,Visual,Good,Low,Average,No,No,Not Started,147,254,70,172,62.3,67.1,6.67,0,34,1,0,0,0.0,137,997
CSE-DS,1,Male,Day Scholar,Morning,Visual,Good,Medium,Good,No,Yes,Not Started,213,304,0,369,85.8,71.1,6.41,2,34,0,1,0,2.0,80,932
CSE,1,Male,Day Scholar,Night,Kinesthetic,Poor,High,Good,No,No,Not Started,175,88,139,192,69.9,63.3,6.75,0,31,0,0,0,0.0,49,851
IT,1,Male,Day Scholar,Afternoon,Kinesthetic,Good,Low,Average,No,Yes,Not Started,104,129,142,381,95.6,75.2,8.43,0,40,1,0,0,0.0,0,1092
CSE,7,Female,Hostel,Night,Auditory,Average,Low,Average,No,No,Placed,249,230,87,0,60.3,63.1,6.23,5,29,5,1,1,,0,980
CSE,4,Female,Day Scholar,Morning,Kinesthetic,Average,High,Good,No,No,Not Started,111,391,144,324,100.0,80.0,7.94,0,37,5,0,1,1.0,90,1108
ECE,7,Female,Day Scholar,Afternoon,Visual,Good,Low,Good,No,No,In Progress,122,178,144,101,88.9,69.5,7.12,0,33,6,3,1,4.0,187,882
IT,4,Male,Hostel,Morning,Visual,Good,Medium,Average,No,No,Not Started,385,316,148,576,99.3,77.7,7.83,0,39,5,2,0,2.0,233,1360
CSE,7,Male,Hostel,Afternoon,Visual,Average,Medium,Good,Yes,Yes,Placed,142,119,34,192,74.6,72.9,7.88,1,37,6,2,1,6.0,213,1214
IT,3,Female,Day Scholar,Morning,Auditory,Good,Low,Poor,No,No,Not Started,298,412,163,229,69.8,72.2,7.1,0,35,1,1,0,4.0,12,852
ECE,7,Male,Day Scholar,Night,Auditory,Poor,High,Good,No,No,Placed,135,316,264,680,64.9,65.2,7.25,0,31,6,1,2,4.0,456,1260
CSE,8,Male,Hostel,Morning,Auditory,Poor,High,Good,No,No,Placed,13,148,136,108,91.1,64.4,6.32,2,32,6,1,1,5.0,7,1252
CSE,8,Male,Day Scholar,Morning,Kinesthetic,Average,Low,Good,No,Yes,In Progress,285,392,231,402,86.3,76.5,7.26,0,32,5,5,2,3.0,360,1071
CSE-DS,5,Male,Day Scholar,Night,Auditory,Average,High,Good,Yes,Yes,Not Started,36,114,113,200,80.7,60.0,5.95,1,26,5,1,1,0.0,106,822
CSE-DS,2,Female,Hostel,Afternoon,Visual,Average,Medium,Good,Yes,No,Not Started,243,261,208,213,97.6,79.7,7.58,0,43,0,1,0,1.0,0,819
CSE,8,Female,Hostel,Night,Kinesthetic,Average,High,Good,Yes,Yes,In Progress,102,391,189,401,76.4,71.7,6.44,0,33,12,5,3,6.0,281,1272
CSE-DS,1,Male,Day Scholar,Morning,Kinesthetic,Average,Medium,Good,No,No,Not Started,93,252,41,0,80.0,55.2,5.12,5,26,2,0,0,0.0,0,936
CSE-AIML,7,Male,Hostel,Morning,Visual,Poor,High,Average,No,No,In Progress,97,337,127,331,84.3,72.6,6.97,0,36,6,1,2,5.0,276,1398
CSE-AIML,7,Male,Day Scholar,Night,Kinesthetic,Good,Low,Good,No,No,In Progress,124,616,68,493,90.1,69.8,6.31,0,31,7,0,0,5.0,338,1291
CSE-DS,2,Male,Hostel,Night,Auditory,Poor,High,Good,Yes,Yes,Not Started,166,404,214,267,90.2,69.0,6.92,0,32,0,0,0,0.0,61,895
CSE,3,Female,Day Scholar,Morning,Kinesthetic,Good,Low,Average,No,Yes,Not Started,21,149,126,263,79.7,58.0,6.1,3,27,3,0,0,2.0,64,894
CSE,6,Male,Hostel,Afternoon,Kinesthetic,Poor,Medium,Good,No,No,Not Started,294,16,289,361,71.0,70.1,6.74,1,32,7,2,2,2.0,239,1002
CSE,6,Male,Hostel,Night,Visual,Average,High,Average,No,No,Not Started,239,293,82,373,80.3,77.8,7.08,0,34,4,3,1,4.0,193,1037
CSE,6,Male,Day Scholar,Morning,Kinesthetic,Average,Low,Average,No,No,Not Started,214,253,204,601,78.9,64.3,6.77,1,30,4,1,3,9.0,399,1411
ECE,2,Female,Hostel,Night,Kinesthetic,Good,Low,Good,Yes,Yes,Not Started,145,413,102,343,76.1,63.7,7.33,1,28,3,0,0,2.0,48,907
CSE,2,Female,Hostel,,Auditory,Poor,Medium,Good,No,Yes,Not Started,186,286,208,606,80.8,67.9,6.63,0,30,0,1,0,0.0,45,911
IT,1,Female,Hostel,Morning,Visual,Average,Medium,Average,No,No,Not Started,147,0,126,505,89.8,75.9,8.18,0,35,0,0,0,1.0,73,1081
CSE-DS,3,Male,Day Scholar,Morning,Auditory,Average,Medium,Good,No,Yes,Not Started,154,238,35,526,94.6,70.3,7.35,0,32,3,0,0,0.0,77,1007
CSE,6,Male,Hostel,Afternoon,Auditory,Good,Low,Good,No,No,Not Started,143,117,67,313,62.3,55.4,5.97,1,34,4,2,0,5.0,165,1173
CSE,5,Male,Hostel,Morning,Auditory,Good,Medium,Good,No,No,Not Started,0,135,362,181,69.4,57.9,5.52,0,28,6,3,0,4.0,94,1111
CSE,2,Other,Day Scholar,Afternoon,Visual,Average,Medium,Good,No,Yes,Not Started,227,123,0,371,97.6,77.8,8.02,0,37,2,0,0,0.0,35,902
CSE,3,Male,Day Scholar,Morning,Visual,Average,Medium,Good,No,Yes,Not Started,158,144,126,0,79.3,74.1,7.23,0,39,3,1,0,3.0,0,1078
CSE,2,Other,Hostel,Night,Kinesthetic,Good,High,Good,No,Yes,Not Started,191,225,189,266,85.3,77.1,7.71,0,34,2,2,0,0.0,93,1029
CSE,8,Male,Hostel,Night,Auditory,Good,Low,Average,No,No,Placed,89,291,305,491,83.7,63.1,5.78,0,30,6,2,2,2.0,374,1055
CSE-DS,7,Female,Hostel,Morning,Kinesthetic,Average,Medium,Poor,No,No,In Progress,265,203,149,150,88.9,76.0,7.8,0,34,5,4,1,7.0,77,1008
ECE,8,Female,Hostel,Morning,Kinesthetic,Average,Low,Good,No,Yes,Placed,252,427,124,572,98.6,76.2,7.91,0,36,5,2,3,5.0,515,1228
CSE,6,Male,Hostel,Morning,Kinesthetic,Average,High,Poor,No,No,Not Started,132,374,269,547,89.3,70.2,8.03,0,31,5,2,5,,334,939
IT,7,Male,Hostel,Morning,Auditory,Poor,High,Average,No,No,In Progress,213,75,357,251,90.6,83.3,8.86,0,41,6,4,2,6.0,171,740
CSE-AIML,2,Female,Day Scholar,Night,Visual,Average,Low,Good,No,Yes,Not Started,61,254,150,489,86.4,68.2,6.87,1,37,1,0,0,0.0,117,1193
CSE,2,Male,Hostel,Morning,Auditory,Poor,High,Average,No,No,Not Started,93,381,174,272,72.4,74.2,7.43,0,39,2,1,0,3.0,73,1067
CSE-DS,6,Female,Day Scholar,Night,Auditory,Poor,High,Average,Yes,Yes,Not Started,177,301,52,350,97.0,75.5,7.58,0,36,5,2,3,1.0,243,1082
CSE,7,Male,Hostel,Morning,Kinesthetic,Good,Medium,Good,No,No,In Progress,8,379,142,70,89.6,57.4,5.84,2,35,6,1,0,4.0,20,1111
IT,2,Female,Day Scholar,Night,Auditory,Average,Medium,Good,No,Yes,Not Started,259,83,46,234,66.1,67.3,7.19,0,35,3,1,0,1.0,35,935
CSE,6,Male,Hostel,Afternoon,Visual,Average,Medium,Average,No,Yes,Not Started,280,267,46,248,87.9,75.9,7.13,0,36,2,2,4,4.0,146,732
IT,1,Female,Hostel,Night,Visual,Poor,High,Good,No,No,Not Started,45,44,187,75,79.2,61.5,5.87,2,31,0,0,0,2.0,12,1329
CSE-AIML,7,Female,Hostel,Night,Auditory,Good,Low,Good,Yes,Yes,In Progress,218,130,230,360,73.7,71.5,6.78,0,40,9,3,1,2.0,282,1199
IT,4,Male,Hostel,Afternoon,Visual,Average,Low,Good,No,Yes,Not Started,230,153,190,79,71.5,67.5,6.67,0,39,0,0,0,4.0,7,1175
CSE-DS,6,Male,Hostel,Night,Kinesthetic,Good,Medium,Average,No,No,Not Started,257,121,126,513,88.3,74.6,7.78,0,37,7,4,1,5.0,383,1315
ECE,2,Male,Day Scholar,Afternoon,Kinesthetic,Average,Medium,Average,No,No,Not Started,163,0,197,315,100.0,72.2,7.09,0,37,1,1,0,0.0,24,846
CSE,6,Male,Hostel,Morning,Visual,Good,Medium,Average,No,Yes,Not Started,73,130,123,283,80.0,56.8,5.28,2,24,8,2,4,2.0,148,1304
IT,2,Male,Day Scholar,Afternoon,Kinesthetic,Poor,High,Good,No,Yes,Not Started,0,327,226,205,80.5,71.2,7.43,0,37,1,1,0,0.0,85,853
CSE,3,Male,Hostel,Afternoon,Visual,Good,Low,Average,Yes,No,Not Started,98,256,85,412,85.4,76.6,6.51,0,36,0,0,0,0.0,127,997
ECE,4,Male,Hostel,Night,Auditory,Average,Low,Average,No,Yes,Not Started,78,381,32,556,69.4,59.8,5.27,3,28,2,2,0,1.0,147,780
IT,8,Male,Hostel,Night,Kinesthetic,Poor,High,Average,No,No,Placed,87,145,102,152,100.0,69.9,6.97,1,34,9,2,2,1.0,135,1142
CSE-DS,5,Female,Day Scholar,Afternoon,Auditory,Poor,High,Good,No,No,Not Started,280,165,202,345,76.7,66.6,6.55,1,29,3,0,1,1.0,147,952
CSE,8,Other,Day Scholar,Morning,Kinesthetic,Average,Medium,Good,No,No,In Progress,233,334,49,177,83.7,76.2,8.21,0,40,6,2,2,5.0,151,900
CSE,3,Female,Day Scholar,Morning,Visual,Good,Low,,No,No,Not Started,60,96,104,158,83.5,69.9,6.24,2,32,1,0,0,1.0,0,915
CSE,1,Female,Hostel,Morning,Visual,Average,Medium,Average,No,No,Not Started,205,101,306,470,74.5,79.6,8.37,0,36,1,0,0,0.0,0,879
CSE,3,Male,Hostel,Night,Visual,Poor,High,Average,No,No,Not Started,143,354,106,238,87.2,76.8,7.84,0,39,1,0,0,2.0,58,888
CSE-AIML,5,Female,Day Scholar,Afternoon,Kinesthetic,Poor,Medium,Good,No,No,Not Started,210,393,45,84,97.6,76.1,7.76,0,36,4,1,0,0.0,20,1145
CSE-AIML,4,Male,Hostel,Night,Kinesthetic,Average,Medium,Average,Yes,No,Not Started,51,139,181,209,77.6,72.2,7.16,0,41,8,0,0,2.0,137,1049
CSE,6,Female,Hostel,Night,Kinesthetic,Good,High,Average,No,No,Not Started,238,281,41,367,68.5,68.1,7.13,0,34,7,2,1,4.0,183,1113
CSE,7,Female,Day Scholar,Night,Auditory,Poor,Medium,Good,No,No,Placed,75,321,119,271,75.7,66.3,6.68,1,33,8,1,0,3.0,185,1166
CSE-AIML,7,Female,Day Scholar,Night,Visual,Average,Medium,Good,No,Yes,In Progress,396,74,20,452,95.6,82.6,8.53,0,43,4,1,0,3.0,299,1373
IT,6,Male,Hostel,Night,Auditory,Good,Low,Good,No,No,Not Started,123,206,145,556,92.4,74.4,7.43,0,36,7,4,0,2.0,304,1168
IT,5,Female,Day Scholar,Morning,Visual,Average,Medium,Average,No,No,Not Started,167,108,156,326,67.7,57.3,5.24,3,29,5,1,3,3.0,232,1009
CSE-AIML,5,Female,Hostel,Afternoon,Auditory,Good,Low,Good,No,Yes,Not Started,349,166,185,30,81.0,88.0,8.46,0,40,1,0,0,3.0,60,984
CSE-DS,6,Male,Day Scholar,Afternoon,Visual,Poor,Medium,Average,No,Yes,Not Started,264,183,170,89,87.7,76.8,7.49,0,37,8,0,0,7.0,6,1044
CSE,6,Male,Hostel,Morning,Visual,Good,Low,Average,No,No,Not Started,94,144,115,222,62.4,52.9,5.77,1,25,4,3,1,1.0,133,949
ECE,4,Male,Day Scholar,Night,Visual,Average,Medium,Average,No,Yes,Not Started,13,216,212,184,84.4,61.2,6.38,1,29,2,0,1,3.0,0,828
CSE,3,Female,Hostel,Morning,Kinesthetic,Poor,Low,Good,No,No,Not Started,211,210,133,124,78.5,63.4,6.53,0,34,0,1,0,3.0,39,850
CSE,5,Male,Day Scholar,Morning,Kinesthetic,Average,Low,Good,Yes,No,Not Started,176,119,200,704,87.4,74.4,7.59,0,44,3,2,0,2.0,295,1296
CSE-AIML,3,Female,Hostel,Morning,Visual,Good,Low,Good,No,No,Not Started,228,0,0,331,76.6,68.6,7.22,1,31,1,0,0,0.0,78,870
CSE,3,Female,Day Scholar,Night,Visual,Average,Medium,Average,No,No,Not Started,134,191,249,133,92.5,69.0,6.38,5,37,2,0,0,2.0,9,1174
CSE,1,Male,Hostel,Afternoon,Kinesthetic,Average,Medium,Good,No,Yes,Not Started,159,263,109,596,73.1,69.5,7.03,0,35,0,0,0,0.0,0,746
CSE-DS,7,Female,Hostel,Morning,Visual,Poor,High,Average,No,Yes,In Progress,84,278,40,631,75.4,72.2,7.34,0,34,7,0,2,2.0,434,1129
IT,5,Female,Hostel,Morning,Kinesthetic,Good,Medium,Good,No,Yes,Not Started,77,242,198,427,59.3,68.3,7.32,0,36,4,0,2,4.0,179,929
CSE-DS,5,Female,Day Scholar,Afternoon,Auditory,Average,Medium,Average,No,Yes,Not Started,135,0,91,0,100.0,75.9,7.33,1,35,5,1,1,5.0,36,985
CSE,1,Female,Hostel,Night,Auditory,Average,Low,Good,Yes,No,Not Started,266,279,27,324,100.0,80.4,8.74,0,35,1,0,0,,39,1213
CSE-DS,2,Male,Hostel,Night,Kinesthetic,Good,Low,Good,Yes,No,Not Started,129,268,186,89,87.4,73.2,6.6,0,38,0,1,0,0.0,0,1030
CSE,3,Female,Day Scholar,Night,Kinesthetic,Average,Medium,Average,No,No,Not Started,231,279,39,497,79.0,71.7,6.66,0,39,1,1,0,1.0,174,1249
IT,1,Male,Hostel,Afternoon,Kinesthetic,Average,Medium,Good,Yes,Yes,Not Started,285,338,276,314,100.0,75.8,7.77,0,38,0,0,0,0.0,0,867
CSE-DS,6,Male,Hostel,Morning,Kinesthetic,Poor,Low,Poor,No,Yes,In Progress,178,287,226,445,93.1,67.9,5.46,1,31,5,5,1,2.0,285,1236
CSE-AIML,4,Female,Hostel,Afternoon,Kinesthetic,Average,Medium,Good,No,Yes,Not Started,314,242,111,551,86.8,72.6,7.18,0,39,4,1,1,2.0,258,1287
IT,8,Male,Day Scholar,Night,Auditory,Poor,Medium,Average,No,Yes,In Progress,265,360,0,488,90.6,74.2,8.14,0,33,7,1,2,3.0,515,1219
CSE-DS,3,Female,Hostel,Night,Kinesthetic,Poor,Low,Good,Yes,No,Not Started,255,372,263,242,81.2,71.9,6.13,1,34,3,0,0,2.0,90,1163
CSE,1,Male,Day Scholar,Night,Visual,Average,Medium,Average,No,No,Not Started,177,455,27,530,83.4,67.7,7.9,0,32,1,0,0,0.0,107,994
CSE,2,Female,Hostel,Morning,Visual,Good,Low,Poor,No,Yes,Not Started,74,65,234,0,87.7,70.0,7.86,2,31,2,1,0,0.0,0,999
IT,2,Male,Hostel,Afternoon,Visual,Good,Medium,Poor,No,No,Not Started,180,338,0,208,88.0,70.4,7.2,0,35,3,0,0,1.0,0,719
IT,5,Male,Hostel,Night,Visual,Good,High,Poor,No,No,Not Started,279,322,258,201,76.3,67.9,6.99,0,35,1,0,0,3.0,161,947
CSE-AIML,8,Female,Day Scholar,Afternoon,Kinesthetic,Average,Medium,Good,No,No,Placed,242,192,35,716,85.6,79.9,8.5,0,35,12,1,0,10.0,560,1207
CSE-AIML,7,Male,Day Scholar,Morning,Kinesthetic,Poor,Low,,No,Yes,In Progress,243,261,198,268,71.8,65.2,6.49,0,37,3,0,2,8.0,239,1202
CSE,7,Female,Hostel,Afternoon,Visual,Good,Low,Good,No,Yes,Placed,284,177,185,521,85.5,68.2,6.69,0,30,5,3,0,3.0,360,1323
CSE-AIML,8,Male,Hostel,Morning,Auditory,Average,Low,Average,No,No,Placed,214,255,224,69,84.3,76.7,8.27,0,38,5,1,2,2.0,95,1163
CSE,2,Male,Hostel,Night,Auditory,Average,Low,Good,No,No,Not Started,234,249,284,457,74.5,74.0,7.74,0,39,5,1,0,0.0,49,887
IT,1,Male,Hostel,Night,Kinesthetic,Average,Medium,Good,No,No,Not Started,459,86,215,379,100.0,89.5,9.39,0,45,0,0,0,0.0,94,1013
CSE-DS,3,Female,Day Scholar,Night,Auditory,Average,Medium,Average,No,Yes,Not Started,219,111,284,404,71.0,68.4,7.3,0,31,0,3,0,5.0,102,1096
CSE,3,Female,Hostel,Night,Kinesthetic,Average,High,Average,No,No,Not Started,167,287,4,471,80.9,57.2,5.67,2,25,5,1,1,3.0,108,869
CSE,3,Female,Day Scholar,Afternoon,Auditory,Good,Low,Average,No,No,Not Started,98,160,124,251,84.1,66.7,6.93,0,28,0,0,0,4.0,34,1106
CSE,4,Male,Day Scholar,Morning,Auditory,Good,Low,Good,No,No,Not Started,252,286,0,393,79.8,76.4,8.4,0,38,2,1,0,1.0,198,1077
IT,3,Male,Day Scholar,Morning,Auditory,Average,Medium,Good,No,No,Not Started,37,292,11,258,84.2,64.5,6.04,3,32,4,1,0,2.0,51,961
CSE-AIML,7,Female,Day Scholar,Night,Auditory,Poor,Medium,Good,No,No,In Progress,116,395,231,193,75.8,65.3,6.47,1,38,5,2,1,9.0,204,1134
IT,8,Female,Hostel,Morning,Visual,Poor,High,Good,No,No,In Progress,187,354,293,0,85.5,81.2,9.02,0,42,6,3,3,3.0,0,1169
CSE-DS,3,Female,Hostel,Night,Auditory,Poor,High,Average,No,No,Not Started,105,236,196,84,94.2,66.8,6.79,0,35,0,2,0,1.0,0,796
CSE,4,Female,Hostel,Afternoon,Auditory,Poor,Medium,Average,No,Yes,Not Started,164,182,260,433,92.3,74.9,7.99,0,31,6,1,0,2.0,208,1126
CSE-AIML,6,Male,Day Scholar,Night,Kinesthetic,Poor,Low,Average,Yes,No,Not Started,251,258,6,272,65.5,70.0,6.71,1,38,5,1,3,4.0,87,1238
CSE,4,Female,Day Scholar,Night,Visual,Good,Low,Good,No,No,Not Started,153,464,31,363,82.8,73.6,6.99,0,38,3,2,1,1.0,117,1132
CSE,4,Male,Day Scholar,Afternoon,Auditory,Good,High,Average,No,No,Not Started,216,158,50,587,79.3,69.5,6.18,2,35,2,0,0,0.0,311,860
ECE,6,Female,Hostel,Morning,Visual,Average,Medium,Average,No,No,Not Started,267,257,130,282,64.1,70.2,7.54,0,31,9,1,2,5.0,190,1015
CSE,8,Male,Hostel,Night,Auditory,Average,Medium,Average,No,No,Placed,74,228,87,89,60.8,58.9,5.41,0,29,5,0,1,5.0,87,1341
CSE-AIML,1,Male,Day Scholar,Afternoon,Kinesthetic,Average,Medium,Good,No,No,Not Started,247,133,167,343,56.5,67.1,6.34,2,34,1,1,0,0.0,2,992
CSE,1,Female,Day Scholar,Afternoon,Kinesthetic,Good,Low,Average,Yes,No,Not Started,50,172,28,109,69.8,54.3,4.57,0,25,0,0,0,2.0,0,856
CSE,5,Male,Day Scholar,Night,Kinesthetic,Poor,High,Good,Yes,No,Not Started,254,55,143,164,99.7,71.7,8.11,0,37,3,0,1,1.0,4,1055
ECE,5,Female,Hostel,Morning,Kinesthetic,Good,Medium,Good,No,No,Not Started,88,315,276,288,69.2,73.4,6.79,0,40,10,0,1,4.0,222,821
ECE,1,Female,Day Scholar,Night,Visual,Poor,Medium,Good,No,No,Not Started,310,252,113,729,79.8,60.2,5.23,1,31,0,0,0,0.0,107,1418
CSE-DS,2,Other,Day Scholar,Morning,Auditory,Poor,Medium,Average,No,No,Not Started,141,90,0,300,90.0,72.5,7.39,0,32,1,0,0,0.0,22,1234
ECE,2,Female,Day Scholar,Afternoon,Auditory,Good,Low,Poor,No,Yes,Not Started,299,8,51,280,77.9,63.0,6.4,3,29,1,1,0,0.0,112,1225
CSE,1,Female,Hostel,Afternoon,Kinesthetic,Average,Medium,Good,No,No,Not Started,185,426,0,407,92.2,82.2,7.51,0,43,1,0,0,0.0,127,1203
CSE,7,Male,Day Scholar,Afternoon,Visual,Average,Medium,Average,No,No,Placed,310,430,167,625,85.3,83.0,8.19,0,40,6,0,0,5.0,454,1301
CSE-DS,7,Female,Day Scholar,Night,Kinesthetic,Poor,Low,Good,No,Yes,Placed,184,253,131,354,86.2,72.2,7.27,2,33,12,3,5,3.0,371,1149
CSE-AIML,8,Male,Hostel,Night,Visual,Poor,Low,Average,No,No,In Progress,266,36,79,384,68.0,64.5,5.88,3,37,11,3,2,4.0,286,1365
CSE,1,Female,Day Scholar,Afternoon,Kinesthetic,Average,Low,Average,No,No,Not Started,171,342,125,148,75.5,69.2,6.61,0,32,0,0,0,0.0,20,843
CSE-DS,5,Female,Hostel,Night,Auditory,Good,Low,Average,No,Yes,Not Started,158,188,242,43,98.3,69.4,7.2,0,31,3,3,0,4.0,71,986
CSE-AIML,5,Male,Day Scholar,Morning,Kinesthetic,Poor,High,Average,No,Yes,Not Started,180,284,81,64,86.9,72.0,7.57,0,36,4,2,0,5.0,5,841
CSE-DS,2,Male,Hostel,Afternoon,Kinesthetic,Good,Low,Good,No,No,Not Started,227,416,167,0,100.0,71.4,6.12,2,38,0,0,0,0.0,89,1060
CSE-DS,6,Male,Hostel,Morning,Auditory,Poor,High,Average,No,Yes,Not Started,219,325,130,936,76.2,69.3,7.3,0,34,6,1,1,3.0,587,1305
ECE,3,Female,Day Scholar,Afternoon,Kinesthetic,Poor,High,Good,No,No,Not Started,163,330,260,744,70.0,64.8,6.65,1,26,2,2,0,1.0,293,1254
IT,7,Female,Hostel,Morning,Visual,Good,Low,,No,Yes,In Progress,230,387,212,389,100.0,71.0,7.23,0,35,4,1,1,1.0,252,1115
CSE,2,Male,Hostel,Morning,Visual,Good,Medium,Average,No,Yes,Not Started,13,490,0,485,83.1,62.3,6.23,0,33,2,0,0,0.0,124,870
CSE,7,Male,Hostel,Morning,Auditory,Good,Medium,Good,No,No,Placed,228,140,137,273,78.0,75.0,7.33,0,40,8,3,0,8.0,194,1046
CSE,6,Male,Day Scholar,Night,Visual,Good,Low,Average,No,No,In Progress,0,198,271,531,71.2,59.2,5.45,0,30,6,2,3,5.0,413,1007
CSE,4,Female,Hostel,Night,Visual,Poor,High,Good,No,Yes,Not Started,188,437,55,308,89.5,74.2,7.56,0,37,3,3,0,0.0,155,759
CSE,3,Male,Hostel,Afternoon,Visual,Average,Medium,Good,No,Yes,Not Started,204,73,53,476,90.4,80.2,7.27,0,40,3,0,0,1.0,153,1371
IT,3,Female,Hostel,Night,Kinesthetic,Poor,Medium,Good,No,Yes,Not Started,202,189,182,87,80.7,69.0,6.52,0,33,7,0,0,3.0,0,691
CSE-DS,2,Male,Hostel,Night,Kinesthetic,Average,Low,Good,Yes,No,Not Started,201,178,302,284,86.4,77.1,8.6,0,43,0,2,0,0.0,34,1258
CSE,4,Female,Day Scholar,Night,Visual,Poor,High,Poor,No,No,Not Started,195,144,118,289,88.2,77.4,6.8,2,36,1,2,0,3.0,88,1219
CSE,4,Male,Hostel,Night,Auditory,Poor,High,Average,No,No,Not Started,230,62,130,0,65.4,56.9,5.33,1,22,2,1,1,1.0,13,1095
CSE,4,Male,Hostel,Night,Visual,Average,High,Good,Yes,Yes,Not Started,203,220,62,406,63.3,66.7,7.24,2,38,1,0,0,4.0,144,1189
CSE,6,Female,Hostel,Night,Auditory,Average,Medium,Poor,No,Yes,Not Started,294,327,97,30,69.8,64.4,6.03,1,34,5,0,0,3.0,5,880
IT,7,Female,Hostel,Night,Visual,Average,Medium,Average,No,No,Placed,206,619,187,375,66.3,66.9,6.12,3,32,3,1,1,2.0,278,862
CSE-DS,3,Male,Hostel,Night,Auditory,Good,Low,Average,No,No,Not Started,222,23,41,130,81.8,64.5,6.15,3,35,1,0,0,1.0,0,859
CSE-DS,3,Male,Hostel,Morning,Kinesthetic,Average,High,Good,No,No,Not Started,122,256,117,74,89.8,67.5,6.39,1,33,3,0,0,1.0,17,900
CSE,5,Male,Hostel,Afternoon,Visual,Average,High,Good,No,No,Not Started,255,319,87,220,89.6,72.0,7.16,1,34,9,6,1,2.0,176,904
CSE,3,Male,Day Scholar,Afternoon,Auditory,Poor,Medium,Good,No,No,Not Started,188,345,0,271,99.7,74.9,7.48,1,34,1,0,0,1.0,56,1168
CSE,1,Female,Hostel,Morning,Visual,Poor,Low,Poor,No,No,Not Started,136,69,253,254,89.6,77.6,8.74,0,40,0,1,0,1.0,147,863
CSE-DS,8,Male,Day Scholar,Morning,Visual,Average,Medium,Average,No,No,In Progress,128,199,51,447,92.9,70.0,7.35,1,33,6,7,3,5.0,396,1333
CSE-AIML,6,Male,Day Scholar,Morning,Kinesthetic,Poor,High,Poor,No,No,Not Started,348,464,136,467,71.4,61.6,6.65,0,33,4,3,2,1.0,251,895
CSE,7,Male,Hostel,Afternoon,Auditory,Poor,Medium,Poor,No,No,In Progress,213,388,43,241,68.2,68.1,7.15,0,34,9,3,1,5.0,192,829
IT,8,Female,Day Scholar,Morning,Visual,Good,Low,Good,No,No,Placed,223,122,169,375,77.4,74.3,7.3,2,40,9,2,3,5.0,320,1051
CSE,6,Female,Hostel,Morning,Kinesthetic,Poor,Medium,Good,No,No,In Progress,299,259,181,418,100.0,79.2,7.38,0,41,2,1,2,2.0,254,1122
CSE-DS,4,Male,Hostel,Night,Auditory,Average,Medium,Good,No,Yes,Not Started,194,131,0,129,56.4,61.5,6.58,0,31,3,2,1,,183,986
IT,5,Female,Day Scholar,Night,Visual,Average,Medium,Average,No,No,Not Started,64,298,137,229,86.6,68.2,6.46,3,34,4,1,1,2.0,82,1065
CSE,3,Female,Hostel,Night,Auditory,Good,Low,Average,No,Yes,Not Started,248,203,46,698,69.7,79.5,7.42,0,38,1,1,0,1.0,287,1088
CSE,3,Male,Hostel,Night,Visual,Poor,Low,Good,No,Yes,Not Started,330,224,203,0,80.2,79.7,6.54,0,34,1,1,0,0.0,19,1300
CSE,8,Male,Day Scholar,Night,Kinesthetic,Average,Medium,Good,No,No,Placed,168,266,69,350,47.1,60.9,6.69,0,31,7,1,0,3.0,279,1036
CSE-DS,8,Male,Hostel,Morning,Visual,Poor,High,Average,No,Yes,Placed,43,273,187,238,97.0,69.2,6.21,1,35,3,4,1,10.0,108,1158
CSE,4,Female,Day Scholar,Morning,Visual,Average,Low,Good,No,No,Not Started,239,184,239,283,59.6,55.8,6.59,0,28,1,1,0,4.0,116,1087
CSE-DS,7,Male,Hostel,Night,Kinesthetic,Poor,High,Good,No,Yes,In Progress,128,125,0,195,70.9,54.6,4.78,5,30,7,6,0,8.0,150,1494
CSE-AIML,6,Male,Hostel,Afternoon,Auditory,Average,Medium,Average,No,No,Not Started,80,174,163,130,73.1,65.9,6.54,0,35,5,2,0,3.0,11,963
CSE-AIML,6,Male,Day Scholar,Afternoon,Auditory,Good,Medium,Average,Yes,No,In Progress,137,366,0,75,89.2,71.3,7.54,1,33,4,1,1,4.0,27,1163
CSE,1,Female,Day Scholar,Night,Kinesthetic,Good,Low,Good,No,Yes,Not Started,137,406,145,239,68.4,73.3,7.94,1,35,1,0,0,0.0,0,1195
CSE,4,Female,Hostel,Morning,Auditory,Poor,Medium,Good,Yes,No,Not Started,23,203,215,562,64.3,56.7,5.9,4,22,3,0,0,2.0,235,1145
CSE,5,Female,Day Scholar,Night,Visual,Average,Medium,Good,No,Yes,Not Started,176,292,0,445,72.8,74.5,7.3,0,36,7,1,1,1.0,167,889
CSE-AIML,2,Male,Hostel,Morning,Visual,Poor,High,Good,Yes,No,Not Started,131,340,177,435,58.0,50.8,5.9,2,26,3,1,0,0.0,148,976
CSE,3,Female,Day Scholar,Night,Auditory,Average,Medium,Average,No,Yes,Not Started,211,206,184,128,76.0,78.2,7.88,0,39,3,0,1,2.0,30,1186
ECE,5,Male,Hostel,Night,Auditory,Average,Medium,Average,No,No,Not Started,154,391,4,318,79.3,75.5,7.52,1,34,2,1,2,2.0,163,1215
CSE,2,Female,Hostel,Night,Visual,Average,Low,Average,No,No,Not Started,100,118,98,256,49.4,55.7,5.78,0,30,2,0,0,1.0,68,954
CSE-DS,2,Male,Hostel,Morning,Kinesthetic,Poor,Medium,Good,No,No,Not Started,181,251,84,124,74.5,68.4,6.95,0,33,0,0,0,0.0,112,899
CSE-AIML,8,Male,Hostel,Night,Auditory,Good,Low,Average,No,No,In Progress,143,208,0,315,100.0,74.9,7.38,1,34,3,4,1,2.0,271,1387
CSE,2,Female,Hostel,Morning,Kinesthetic,Good,Low,Good,No,No,Not Started,262,186,0,0,82.8,72.4,7.9,0,32,0,0,0,3.0,26,1272
CSE,1,Female,Day Scholar,Morning,Kinesthetic,Poor,High,Average,No,Yes,Not Started,61,344,226,439,100.0,69.8,7.07,0,30,0,0,0,3.0,73,855
CSE,7,Female,Hostel,Morning,Visual,Poor,High,Good,No,Yes,In Progress,277,490,123,575,88.9,76.2,7.22,1,31,8,2,2,4.0,454,1161
CSE,2,Male,Day Scholar,Night,Auditory,Average,Medium,Good,No,Yes,Not Started,80,138,104,459,62.2,61.9,5.21,4,23,0,0,0,1.0,186,996
CSE,5,Male,Day Scholar,Morning,Kinesthetic,Good,Low,Good,No,Yes,Not Started,204,335,281,164,82.4,70.0,6.42,4,40,2,0,2,5.0,140,1129
CSE,5,Male,Hostel,Afternoon,Kinesthetic,Good,Low,Average,No,No,Not Started,138,211,33,564,62.4,70.0,7.1,0,34,3,0,3,2.0,291,1040
CSE-AIML,3,Male,Hostel,Afternoon,Kinesthetic,Average,Low,Average,No,Yes,Not Started,62,48,199,0,66.0,61.5,6.77,0,33,3,1,0,2.0,0,946
CSE,1,Male,Day Scholar,Night,Kinesthetic,Average,Medium,Good,No,No,Not Started,235,257,206,366,84.7,65.8,6.4,1,33,2,0,0,0.0,42,946
CSE-AIML,1,Female,Hostel,Morning,Auditory,Poor,High,Average,No,Yes,Not Started,240,157,43,267,100.0,77.2,7.82,0,42,0,0,0,0.0,10,1055
ECE,3,Male,Day Scholar,Night,Kinesthetic,Poor,High,Poor,No,Yes,Not Started,47,162,0,254,64.1,65.0,6.72,0,35,2,0,0,4.0,60,1093
CSE-AIML,8,Male,Day Scholar,,Kinesthetic,Average,Medium,Good,No,No,Placed,282,455,189,79,100.0,81.9,8.38,0,43,6,0,1,2.0,45,1030
CSE,8,Male,Hostel,Night,Kinesthetic,Poor,High,Poor,No,No,Placed,30,409,59,236,79.5,63.9,6.24,4,33,3,2,2,7.0,165,1152
CSE-DS,1,Female,Hostel,Morning,Kinesthetic,Good,Medium,Average,No,Yes,Not Started,0,18,9,411,85.8,66.4,7.22,1,30,2,1,0,0.0,56,1208
CSE-DS,6,Female,Hostel,Morning,Auditory,Average,Medium,Average,No,Yes,Not Started,81,229,21,729,68.7,60.0,6.11,2,27,7,3,1,7.0,441,1040
CSE,7,Male,Day Scholar,Night,Kinesthetic,Good,Low,Average,No,No,Placed,340,290,186,41,75.2,70.1,7.24,0,35,6,2,1,3.0,53,778
CSE,6,Male,Hostel,Night,Visual,Good,High,Average,No,No,Not Started,84,106,206,230,92.9,74.7,7.14,0,33,4,0,3,4.0,136,880
ECE,8,Male,Hostel,Night,Auditory,Good,Medium,Average,No,Yes,Placed,332,256,89,87,74.9,72.2,7.22,2,36,3,3,4,3.0,50,885
IT,7,Female,Day Scholar,Afternoon,Kinesthetic,Good,Medium,Average,No,No,Placed,378,239,129,172,73.0,73.5,7.64,1,35,5,3,1,3.0,17,1098
CSE,2,Female,Day Scholar,Night,Kinesthetic,Good,Low,Good,No,No,Not Started,138,471,100,0,64.3,65.5,7.14,0,30,0,1,0,0.0,25,1425
CSE,7,Female,Day Scholar,Afternoon,Auditory,Average,Low,Good,No,Yes,In Progress,191,199,77,164,96.5,79.2,8.16,0,40,8,0,1,2.0,165,1257
CSE,2,Male,Day Scholar,Night,Auditory,Poor,High,Good,No,No,Not Started,247,231,122,330,66.3,68.4,7.19,0,37,2,2,0,2.0,37,954
CSE,1,Male,Day Scholar,Night,Visual,Good,Low,Good,No,Yes,Not Started,135,277,114,629,86.3,81.0,8.28,0,39,2,0,0,0.0,89,1046
IT,6,Male,Hostel,Night,Visual,Average,Low,Good,No,No,Not Started,99,87,18,478,100.0,73.8,7.11,0,39,1,3,0,2.0,217,1035
CSE-AIML,2,Female,Day Scholar,Afternoon,Visual,Average,Medium,Average,No,Yes,Not Started,250,169,75,167,100.0,77.5,7.8,0,37,3,0,0,0.0,91,813
CSE,3,Female,Hostel,Night,Auditory,Average,Low,Good,No,No,Not Started,157,287,360,485,67.8,67.1,6.74,1,34,4,0,0,1.0,174,1017
CSE,7,Male,Hostel,Night,Visual,Average,Medium,Good,No,No,In Progress,136,285,65,357,82.3,71.1,7.54,2,41,4,0,2,2.0,255,1136
CSE,3,Male,Hostel,Night,Kinesthetic,Good,Medium,Good,No,Yes,Not Started,241,190,170,120,78.3,75.5,6.76,0,41,2,1,0,3.0,60,1164
CSE-AIML,5,Female,Hostel,Night,Kinesthetic,Average,Low,Good,No,Yes,Not Started,173,560,91,124,70.3,72.3,7.34,0,39,6,1,1,3.0,59,797
CSE,1,Male,Hostel,Night,Kinesthetic,Poor,High,Good,No,No,Not Started,192,153,22,28,91.9,68.9,6.91,2,36,2,0,0,0.0,22,782
CSE-AIML,3,Female,Hostel,Afternoon,Auditory,Average,Medium,Good,No,No,Not Started,199,359,0,221,100.0,76.6,7.95,1,41,2,1,1,3.0,76,1112
CSE-AIML,1,Female,Hostel,Morning,Visual,Average,Medium,Good,No,No,Not Started,205,273,164,359,71.9,73.2,7.07,0,37,0,0,0,1.0,89,949
CSE-AIML,4,Female,Hostel,Afternoon,Kinesthetic,Average,Medium,Average,No,Yes,Not Started,56,265,216,251,64.5,64.0,7.78,0,31,4,1,0,1.0,118,1347
CSE,1,Female,Day Scholar,Afternoon,Visual,Poor,High,Good,No,No,Not Started,24,165,265,191,92.7,66.6,6.75,0,32,0,0,0,2.0,35,806
CSE,5,Female,Day Scholar,Morning,Visual,Poor,Medium,Average,No,No,Not Started,242,441,139,467,90.1,81.2,8.6,0,44,4,1,1,2.0,298,1067
CSE-DS,5,Male,Hostel,Night,Auditory,Average,High,Good,No,Yes,Not Started,203,334,91,107,96.1,71.2,6.79,0,34,5,2,0,2.0,0,1014
IT,6,Male,Day Scholar,Morning,Auditory,Average,Low,Average,No,No,Not Started,158,157,108,212,75.7,72.9,7.85,0,32,4,0,1,7.0,186,1253
CSE-AIML,4,Male,Hostel,Morning,Kinesthetic,Average,High,Good,No,Yes,Not Started,115,111,145,202,77.9,73.3,7.15,0,36,3,2,1,1.0,27,905
CSE-DS,3,Male,Day Scholar,Night,Kinesthetic,Good,Low,Good,No,No,Not Started,119,378,148,53,79.8,72.5,6.75,1,34,4,0,1,4.0,0,1221
CSE,1,Female,Day Scholar,Morning,Visual,Average,Medium,Good,No,No,Not Started,174,318,0,645,76.8,68.7,6.97,1,36,0,0,0,0.0,35,957
CSE-AIML,3,Male,Hostel,Night,Auditory,Average,Medium,Average,No,Yes,Not Started,72,243,0,391,63.1,57.5,5.85,0,28,2,0,0,0.0,187,1132
CSE-AIML,3,Male,Day Scholar,Morning,Visual,Good,Low,Good,No,No,Not Started,138,174,150,341,75.4,65.1,6.0,0,28,4,1,0,1.0,81,858
ECE,2,Female,Day Scholar,Morning,Auditory,Average,Low,,Yes,Yes,Not Started,107,282,0,96,92.2,67.3,6.81,0,33,2,0,0,2.0,87,1296
CSE,3,Female,Hostel,Night,Visual,Good,Low,Average,No,No,Not Started,247,114,86,399,68.9,68.6,6.67,1,35,2,2,0,4.0,44,1175
CSE-AIML,3,Male,Hostel,Night,Auditory,Average,Medium,Average,No,Yes,Not Started,158,292,175,424,90.8,68.2,7.55,0,36,4,1,0,3.0,222,1033
CSE,2,Male,Day Scholar,Night,Auditory,Average,Medium,Good,Yes,No,Not Started,191,241,252,92,82.0,60.2,5.96,1,26,1,3,0,0.0,0,1066
CSE,1,Female,Day Scholar,Morning,Kinesthetic,Good,Low,Poor,No,Yes,Not Started,195,216,143,620,70.7,70.3,7.16,0,38,1,0,0,0.0,155,1141
CSE-DS,6,Female,Hostel,Night,Auditory,Poor,High,Average,No,No,In Progress,154,207,122,130,100.0,72.5,7.0,0,37,3,2,1,2.0,73,1082
IT,5,Male,Day Scholar,Afternoon,Kinesthetic,Average,Medium,Average,No,Yes,Not Started,273,222,41,162,97.7,83.3,8.52,0,38,1,1,0,2.0,26,1133
CSE-AIML,4,Female,Hostel,Night,Kinesthetic,Good,Low,Average,Yes,No,Not Started,130,269,287,426,92.4,69.2,5.94,1,29,3,1,0,1.0,101,985
CSE,1,Male,Day Scholar,Afternoon,Auditory,Average,High,Good,No,Yes,Not Started,326,0,133,519,85.4,75.0,7.46,1,36,1,0,0,0.0,100,1086
ECE,5,Male,Day Scholar,Morning,Kinesthetic,Average,Low,Good,No,Yes,Not Started,267,374,104,0,82.0,78.1,8.34,0,39,6,1,1,7.0,3,1006
CSE,4,Female,Hostel,Night,Visual,Good,Low,Average,No,Yes,Not Started,121,104,206,501,84.0,67.7,6.42,1,37,1,1,0,2.0,171,1222
IT,1,Male,Day Scholar,Afternoon,Kinesthetic,Average,High,Good,No,No,Not Started,260,348,352,467,79.9,72.2,7.39,0,32,0,2,0,1.0,19,801
ECE,3,Male,Hostel,,Auditory,Good,Low,,No,Yes,Not Started,293,369,81,139,97.9,82.0,7.92,0,44,3,0,0,2.0,18,1119
CSE,3,Male,Hostel,Night,Auditory,Poor,Low,Good,No,No,Not Started,210,72,100,686,89.5,79.1,7.98,1,37,1,1,1,2.0,178,1076
CSE,7,Male,Day Scholar,Night,Kinesthetic,Good,High,Average,No,No,Placed,235,311,125,489,96.3,75.5,8.02,0,36,6,3,1,2.0,405,1227
CSE-AIML,1,Female,Day Scholar,Night,Visual,Poor,High,Good,No,No,Not Started,353,367,198,418,60.7,65.0,7.09,0,32,1,0,0,0.0,0,1122
ECE,1,Male,Hostel,Morning,Auditory,Poor,High,Average,No,No,Not Started,404,249,196,639,78.0,78.4,8.36,0,42,0,0,0,0.0,40,878
IT,2,Male,Day Scholar,Afternoon,Kinesthetic,Average,Medium,Good,No,No,Not Started,185,324,68,351,80.5,74.8,7.07,0,38,2,0,0,2.0,117,1164
IT,5,Male,Hostel,Afternoon,Auditory,Average,Medium,Average,No,Yes,Not Started,278,247,175,93,88.1,75.0,7.41,1,39,5,2,1,1.0,46,971
CSE,1,Male,Day Scholar,Night,Visual,Good,Low,Good,No,No,Not Started,233,190,273,180,56.2,63.9,6.13,4,29,2,0,0,0.0,118,914
CSE,1,Female,Day Scholar,Night,Auditory,Good,Low,Good,No,Yes,Not Started,88,309,88,372,89.5,74.6,7.23,0,29,1,0,0,0.0,73,1137
CSE-AIML,5,Male,Day Scholar,Morning,Kinesthetic,Poor,Medium,Good,No,Yes,Not Started,94,65,65,244,74.3,66.6,6.3,2,35,7,1,1,0.0,152,828
CSE,2,Female,Hostel,Night,Kinesthetic,Good,Low,Average,No,No,Not Started,136,332,308,353,76.3,55.6,5.31,2,30,0,0,0,0.0,67,1166
ECE,5,Male,Hostel,Morning,Visual,Average,High,Average,No,No,Not Started,157,60,194,0,86.6,76.2,7.59,0,39,5,3,0,6.0,0,1280
IT,2,Female,Hostel,Night,Kinesthetic,Average,Low,Good,No,No,Not Started,136,342,61,193,77.4,70.9,6.39,1,31,1,0,0,2.0,0,737
ECE,6,Female,Day Scholar,Night,Auditory,Poor,High,Good,Yes,Yes,In Progress,162,307,78,372,62.8,59.8,5.84,2,31,3,2,1,3.0,178,977
CSE-AIML,1,Male,Hostel,Night,Auditory,Average,Medium,Good,No,Yes,Not Started,276,289,129,159,90.8,77.4,7.44,0,41,1,1,0,2.0,38,1100
CSE-AIML,6,Male,Day Scholar,Night,Visual,Good,Low,Average,No,Yes,Not Started,155,222,0,502,70.0,66.1,6.86,0,29,4,1,0,7.0,279,964
IT,7,Male,Hostel,Morning,Kinesthetic,Good,Medium,Average,Yes,No,In Progress,195,265,356,2,99.8,78.9,7.53,0,44,7,2,2,2.0,0,965
CSE-AIML,3,Female,Day Scholar,Afternoon,Visual,Average,Medium,Poor,No,No,Not Started,227,195,63,939,86.4,65.6,6.54,0,31,3,1,0,2.0,208,1094
CSE-AIML,6,Female,Day Scholar,Morning,Kinesthetic,Good,Low,Poor,Yes,Yes,Not Started,154,346,124,358,70.4,66.7,7.32,0,33,4,2,1,4.0,257,1004
CSE,7,Male,Hostel,Afternoon,Auditory,Poor,Medium,Poor,No,No,Placed,469,179,116,0,73.1,70.9,7.0,0,33,3,0,2,4.0,8,1208
IT,5,Male,Day Scholar,Morning,Auditory,Good,Low,Poor,Yes,No,Not Started,184,236,140,250,89.2,71.0,6.95,0,42,2,4,1,1.0,253,1127
IT,6,Female,Hostel,Morning,Kinesthetic,Good,Low,Good,No,No,Not Started,314,207,5,140,83.9,73.3,6.97,0,35,7,1,1,4.0,133,1260
CSE,7,Male,Hostel,Night,Auditory,Good,Low,Good,No,No,Placed,239,138,93,230,67.1,75.3,7.25,0,32,0,2,1,4.0,117,875
CSE-AIML,2,Female,Day Scholar,Night,Auditory,Good,Medium,Good,No,No,Not Started,92,292,131,264,78.5,62.0,6.53,0,31,2,1,0,1.0,90,1079
CSE-AIML,7,Male,Hostel,Morning,Visual,Poor,Medium,Good,Yes,No,In Progress,296,310,64,444,71.3,74.9,7.78,2,35,5,0,0,4.0,209,1062
ECE,6,Male,Day Scholar,Night,Visual,Good,Low,Poor,No,No,Not Started,187,324,42,795,60.5,67.0,6.22,1,32,5,1,0,9.0,523,1511
IT,3,Male,Hostel,Night,Kinesthetic,Average,Medium,Good,No,Yes,Not Started,170,34,30,21,69.9,70.3,6.75,0,38,0,1,0,3.0,7,1080
CSE,3,Female,Day Scholar,Night,Kinesthetic,Average,Medium,Average,No,No,Not Started,288,405,123,157,66.4,63.8,6.22,3,34,3,2,0,0.0,43,1379
CSE,1,Male,Day Scholar,Morning,Visual,Poor,High,Poor,No,Yes,Not Started,234,353,108,97,84.7,69.1,7.05,0,31,1,0,0,0.0,0,1072
CSE-AIML,3,Female,Hostel,Night,Kinesthetic,Poor,High,Poor,No,No,Not Started,142,355,144,133,85.4,77.1,8.44,0,36,3,0,0,1.0,0,734
IT,2,Male,Hostel,Morning,Kinesthetic,Average,Medium,Good,Yes,No,Not Started,172,148,235,362,66.9,64.5,7.29,0,35,0,0,0,1.0,119,1297
CSE-AIML,3,Male,Hostel,Night,Visual,Average,Medium,Good,No,Yes,Not Started,181,241,80,167,81.2,67.4,6.87,0,29,1,1,0,3.0,53,1025
CSE,6,Female,Day Scholar,Night,Visual,Poor,High,Average,No,No,Not Started,173,379,139,276,100.0,77.9,7.86,1,42,4,4,2,2.0,172,952
CSE,7,Male,Hostel,Night,Visual,Poor,High,Average,No,No,In Progress,75,384,0,248,83.6,71.1,7.08,1,37,10,1,3,2.0,66,1121
CSE-DS,2,Male,Hostel,Night,Visual,Average,High,Poor,No,Yes,Not Started,265,351,193,194,70.6,70.3,6.92,0,35,1,1,0,0.0,102,1023
IT,6,Male,Day Scholar,Night,Auditory,Poor,High,Good,No,No,Not Started,190,361,128,406,100.0,75.8,7.86,0,39,6,5,2,1.0,307,1185
ECE,8,Female,Hostel,Morning,Visual,Poor,High,Average,No,No,In Progress,230,85,84,396,73.7,58.0,5.04,0,31,7,3,1,3.0,352,890
CSE,3,Male,Hostel,Morning,Visual,Average,Medium,Average,No,Yes,Not Started,264,182,22,552,73.9,74.5,7.42,0,37,4,2,1,2.0,226,742
CSE-AIML,7,Female,Day Scholar,Morning,Kinesthetic,Average,Medium,Good,No,Yes,In Progress,155,208,114,413,95.1,72.1,7.46,0,35,8,1,2,4.0,317,1125
ECE,6,Male,Hostel,Night,Kinesthetic,Average,Medium,Good,No,No,Not Started,285,395,0,492,73.3,67.8,6.22,2,32,5,1,2,3.0,292,1126
CSE,5,Female,Hostel,Afternoon,Kinesthetic,Good,High,Good,No,No,Not Started,174,377,278,75,100.0,82.6,7.47,0,40,3,3,1,6.0,0,508
CSE-DS,4,Male,Hostel,Night,Kinesthetic,Good,Medium,Average,No,No,Not Started,150,295,0,288,88.6,76.0,8.07,0,33,3,1,0,0.0,185,1280
CSE,7,Female,Hostel,Morning,Auditory,Average,Medium,Poor,No,Yes,In Progress,115,221,81,99,93.4,77.5,8.66,0,40,8,2,4,0.0,105,1058
CSE-AIML,6,Male,Hostel,Night,Visual,Average,Medium,Good,No,No,Not Started,0,366,4,610,85.8,74.7,6.88,0,36,2,2,1,3.0,355,1129
CSE,5,Female,Hostel,Night,Auditory,Good,Low,Good,No,No,Not Started,283,113,50,414,91.9,69.7,7.5,0,34,5,0,0,3.0,189,1047
CSE,1,Male,Hostel,Morning,Visual,Poor,Medium,Good,No,No,Not Started,121,326,61,602,68.6,68.5,7.59,0,36,1,0,0,0.0,63,744
CSE,5,Male,Day Scholar,Night,Auditory,Average,Low,Average,No,No,Not Started,338,238,148,489,100.0,87.8,8.6,0,44,1,2,1,3.0,234,1184
IT,3,Female,Hostel,Night,Visual,Average,Medium,Good,No,No,Not Started,204,63,95,628,66.0,70.1,7.11,1,28,1,0,0,2.0,184,995
CSE-DS,7,Male,Hostel,Night,Visual,Average,High,Average,No,No,In Progress,330,223,112,332,63.5,69.9,6.76,0,36,9,3,2,4.0,215,1129
CSE,7,Female,Day Scholar,Morning,Visual,Average,Medium,Good,No,No,In Progress,141,123,258,0,68.8,70.0,6.8,0,37,5,2,0,3.0,0,1187
IT,1,Male,Hostel,Night,Kinesthetic,Average,High,Good,No,No,Not Started,133,290,25,419,72.3,64.7,6.45,1,35,2,1,0,1.0,65,848
ECE,1,Male,Day Scholar,Afternoon,Kinesthetic,Poor,Medium,Good,No,Yes,Not Started,135,296,199,480,67.3,60.8,5.68,1,31,0,0,0,1.0,32,1267
CSE,1,Male,Hostel,Night,Visual,Average,Low,Average,No,No,Not Started,288,274,150,442,83.6,75.1,6.91,0,38,1,1,0,0.0,20,912
CSE-DS,5,Female,Hostel,Morning,Visual,Poor,Medium,Good,Yes,No,Not Started,180,73,1,322,69.7,62.7,5.96,3,31,2,1,2,5.0,177,1078
CSE,4,Male,Hostel,Night,Auditory,Average,High,Good,No,Yes,Not Started,117,209,321,358,86.5,70.6,6.73,0,35,3,0,0,,141,994
CSE-AIML,1,Male,Day Scholar,Morning,Auditory,Poor,Medium,Average,No,Yes,Not Started,199,238,125,0,72.8,67.8,7.38,0,31,3,0,0,0.0,0,1002
CSE,6,Female,Hostel,Morning,Auditory,Average,Medium,Average,No,No,Not Started,86,133,234,248,61.1,61.2,6.35,2,31,4,3,1,4.0,146,1031
CSE-DS,7,Male,Hostel,Afternoon,Visual,Average,High,Good,No,Yes,In Progress,260,243,367,522,94.2,76.8,7.78,1,40,1,2,0,4.0,384,1185
IT,6,Male,Day Scholar,Afternoon,Kinesthetic,Good,Low,Average,No,Yes,In Progress,217,240,286,137,68.5,72.4,7.89,0,37,3,2,2,2.0,131,944
CSE-DS,6,Male,Day Scholar,Night,Auditory,Poor,Low,Good,No,No,In Progress,99,398,28,446,78.2,64.2,6.32,0,28,2,3,0,3.0,199,1426
CSE-DS,1,Female,Day Scholar,Night,Visual,Average,Medium,Good,No,No,Not Started,267,84,30,148,93.9,72.3,7.57,2,37,0,0,0,1.0,0,1163
CSE-AIML,8,Female,Day Scholar,Night,Kinesthetic,Average,Medium,Average,No,No,Placed,188,182,147,0,80.5,71.0,7.21,0,33,4,0,1,6.0,17,1128
CSE,1,Male,Hostel,Night,Kinesthetic,Average,High,Good,No,No,Not Started,131,391,282,132,82.0,69.0,7.19,0,43,2,1,0,0.0,0,900
CSE,2,Female,Hostel,Afternoon,Auditory,Poor,High,Poor,Yes,No,Not Started,170,158,178,0,83.4,66.2,7.54,0,36,0,0,0,1.0,87,1034
CSE-DS,6,Female,Hostel,Morning,Auditory,Average,Medium,Average,No,No,Not Started,107,2,176,115,88.5,64.0,6.62,0,33,6,2,1,2.0,0,934
CSE-DS,6,Male,Hostel,Night,Kinesthetic,Average,High,Good,Yes,No,Not Started,100,203,24,620,86.2,71.8,6.41,1,37,8,2,0,5.0,461,1318
CSE-AIML,4,Male,Hostel,Night,Visual,Average,Medium,Good,No,No,Not Started,66,178,365,402,81.4,63.6,7.27,0,33,3,1,1,1.0,148,849
CSE,7,Male,Day Scholar,Night,Visual,Average,Low,Good,No,No,In Progress,162,256,45,413,66.0,60.6,6.12,0,33,6,0,0,7.0,285,1049
CSE,3,Male,Hostel,Afternoon,Auditory,Good,Low,Good,No,No,Not Started,220,62,5,289,73.6,67.7,7.22,2,31,5,1,0,0.0,151,1143
CSE-AIML,2,Male,Day Scholar,Night,Visual,Good,Medium,Average,No,No,Not Started,283,32,163,0,62.1,66.8,5.94,1,33,2,1,0,2.0,105,1127
CSE-DS,6,Female,Hostel,Afternoon,Kinesthetic,Poor,Medium,Good,No,Yes,Not Started,233,202,69,527,65.0,73.6,6.88,0,34,5,1,1,4.0,286,1190
CSE,7,Female,Day Scholar,Afternoon,Visual,Poor,Medium,Good,No,No,In Progress,139,198,83,331,64.7,53.0,4.72,3,21,4,2,2,4.0,164,1310
CSE,6,Male,Day Scholar,Morning,Auditory,Good,Low,Poor,No,Yes,Not Started,303,0,160,400,90.1,78.3,8.15,0,38,4,2,2,2.0,187,1164
IT,1,Female,Day Scholar,Night,Auditory,Average,Medium,Good,No,No,Not Started,285,196,236,333,66.6,73.2,7.36,0,33,0,0,0,2.0,0,981
CSE,1,Male,Day Scholar,Morning,Visual,Good,Medium,Good,No,No,Not Started,362,264,296,32,81.9,77.6,7.88,0,36,0,0,0,0.0,0,1159
CSE,1,Female,Day Scholar,Morning,Auditory,Good,Medium,Poor,No,Yes,Not Started,242,171,122,642,85.8,77.1,8.02,0,33,2,0,0,0.0,27,1216
CSE,5,Male,Day Scholar,Morning,Auditory,Average,Medium,Average,Yes,Yes,Not Started,159,18,0,93,76.1,67.2,6.11,3,30,4,0,1,4.0,106,1173
CSE-AIML,6,Male,Hostel,Morning,Visual,Poor,High,Average,No,No,In Progress,235,175,128,483,82.8,75.8,7.37,1,38,6,2,1,3.0,299,962
CSE-AIML,3,Male,Day Scholar,Night,Kinesthetic,Average,Medium,Good,No,No,Not Started,97,260,201,461,90.8,68.9,6.61,0,29,5,0,1,2.0,116,976
CSE-DS,3,Female,Hostel,Night,Kinesthetic,Average,Medium,Good,No,Yes,Not Started,321,300,106,430,83.9,71.7,7.58,1,32,3,0,1,2.0,45,1201
CSE,5,Male,Hostel,Afternoon,Visual,Poor,Medium,Good,No,Yes,Not Started,207,276,97,171,87.2,70.0,6.96,0,35,4,1,0,3.0,72,1116
CSE-DS,3,Female,Hostel,Morning,Kinesthetic,Good,Low,,No,No,Not Started,189,354,219,278,100.0,66.8,6.93,0,37,1,1,0,0.0,87,1147
CSE-AIML,2,Male,Hostel,Night,Visual,Average,Medium,Good,No,Yes,Not Started,241,106,273,197,89.1,75.7,7.88,0,42,3,2,0,2.0,37,952
CSE,1,Female,Hostel,Afternoon,Visual,Average,Medium,Average,No,Yes,Not Started,228,194,398,205,81.6,66.1,6.68,1,30,3,2,0,1.0,1,934
CSE,5,Male,Hostel,Afternoon,Kinesthetic,Good,Low,Average,Yes,Yes,Not Started,56,388,61,0,72.9,56.0,5.64,1,31,2,3,1,3.0,6,966
IT,2,Female,Day Scholar,Afternoon,Kinesthetic,Poor,High,Poor,No,No,Not Started,102,267,260,458,91.8,74.4,6.87,0,31,3,0,0,0.0,109,949
CSE-AIML,5,Male,Day Scholar,Night,Auditory,Poor,Medium,Good,No,No,Not Started,73,164,54,148,74.6,65.4,6.27,0,32,2,1,1,1.0,30,959
CSE,1,Male,Day Scholar,Morning,Auditory,Average,Medium,Average,Yes,No,Not Started,275,203,438,176,66.8,72.8,6.5,3,34,1,0,0,1.0,63,1238
CSE-AIML,6,Male,Hostel,Afternoon,Auditory,Poor,Medium,Good,No,No,In Progress,306,148,0,876,87.2,79.4,7.81,0,40,3,1,5,,572,1131
CSE-DS,2,Male,Day Scholar,Morning,Kinesthetic,Good,Medium,Poor,No,Yes,Not Started,335,172,160,254,86.0,82.1,7.44,0,35,2,1,0,0.0,0,1196
IT,1,Male,Day Scholar,Morning,Auditory,Good,Low,Poor,No,No,Not Started,208,260,327,182,100.0,69.0,5.71,3,39,0,0,0,0.0,61,986
CSE,4,Female,Day Scholar,Afternoon,Visual,Good,Low,Good,Yes,No,Not Started,349,519,18,487,82.0,76.1,8.02,0,40,5,0,0,3.0,121,1263
CSE-AIML,6,Male,Day Scholar,Afternoon,Kinesthetic,Average,Medium,Good,No,No,In Progress,0,311,0,0,97.9,67.7,5.85,1,31,5,2,1,2.0,10,1160
CSE,6,Male,Hostel,Morning,Visual,Poor,Medium,Good,Yes,No,Not Started,140,151,236,154,68.0,77.4,8.19,0,41,1,4,0,1.0,73,1000
CSE,3,Male,Day Scholar,Night,Kinesthetic,Poor,High,Good,No,Yes,Not Started,294,161,177,4,85.1,78.8,8.17,0,37,2,0,1,2.0,0,884
CSE,4,Male,Hostel,Afternoon,Visual,Average,Medium,Good,No,No,Not Started,271,93,233,574,84.7,73.6,6.87,2,33,2,5,0,0.0,251,1110
CSE,3,Female,Day Scholar,Morning,Kinesthetic,Average,Medium,Good,No,No,Not Started,234,355,39,344,100.0,69.2,6.95,2,43,1,0,0,2.0,175,1019
CSE-AIML,6,Male,Day Scholar,Night,Kinesthetic,Average,Medium,Good,No,Yes,Not Started,276,314,268,112,71.5,77.4,6.61,1,41,4,2,0,1.0,0,893
CSE-AIML,2,Female,Hostel,Morning,Auditory,Average,Medium,Good,No,No,Not Started,201,277,172,408,96.9,79.1,8.57,0,39,0,1,0,0.0,17,1010
CSE-DS,7,Male,Day Scholar,Night,Auditory,Average,Medium,Average,Yes,Yes,Placed,231,374,42,284,73.0,68.9,6.92,0,36,5,1,2,1.0,139,1299
CSE,8,Male,Hostel,Night,Kinesthetic,Good,High,Poor,No,No,Placed,306,142,0,172,73.5,76.0,7.52,0,37,3,2,1,6.0,132,1157
CSE,6,Male,Day Scholar,Morning,Auditory,Good,Low,Good,Yes,Yes,In Progress,171,321,131,194,75.4,60.9,6.4,1,32,5,4,0,4.0,114,1058
CSE-DS,5,Male,Day Scholar,Night,Visual,Poor,Medium,Average,No,No,Not Started,143,126,164,568,76.5,62.8,6.21,0,35,7,2,1,2.0,281,1123
CSE,5,Male,Hostel,Night,Auditory,Poor,High,Good,Yes,No,Not Started,273,157,114,601,88.4,80.1,8.71,0,35,4,0,0,3.0,305,1186
ECE,4,Male,Hostel,Night,Auditory,Average,Medium,,No,Yes,Not Started,309,493,103,208,71.9,66.2,6.82,0,34,0,1,0,1.0,68,1016
CSE-DS,4,Female,Hostel,Night,Kinesthetic,Good,Low,Average,No,Yes,Not Started,175,337,208,0,90.5,79.9,7.88,0,43,1,0,0,3.0,0,990
CSE,2,Male,Hostel,Morning,Auditory,Average,Medium,Average,No,No,Not Started,355,144,272,432,58.9,58.1,5.33,2,31,2,1,0,,0,1062
CSE-DS,3,Male,Day Scholar,Night,Auditory,Average,Low,Good,No,Yes,Not Started,276,0,132,182,62.7,65.5,7.17,0,32,6,0,0,0.0,77,992
CSE-AIML,6,Male,Hostel,Morning,Kinesthetic,Average,Medium,Good,No,No,In Progress,257,376,0,374,85.7,72.2,7.06,0,34,5,1,0,2.0,308,889
CSE,7,Female,Hostel,Morning,Kinesthetic,Good,Medium,Average,No,No,In Progress,193,295,64,224,81.0,70.8,6.93,1,28,6,0,1,1.0,84,724
CSE-DS,8,Male,Hostel,Afternoon,Auditory,Poor,High,Good,Yes,No,In Progress,304,367,13,618,88.7,73.0,8.08,0,36,8,3,0,3.0,516,1305
CSE-AIML,8,Female,Hostel,Night,Kinesthetic,Good,Medium,Good,Yes,No,Placed,207,77,17,387,88.0,78.8,7.51,0,40,8,0,0,4.0,317,1134
CSE-AIML,6,Male,Hostel,Night,Visual,Good,Medium,Good,No,No,Not Started,177,127,63,87,90.7,73.3,7.5,0,38,5,5,0,6.0,141,1130
CSE,2,Male,Hostel,Night,Kinesthetic,Poor,High,Good,No,No,Not Started,212,217,191,401,98.8,71.1,7.88,0,33,0,0,0,0.0,156,1147
CSE-AIML,4,Male,Day Scholar,Night,Kinesthetic,Good,Low,,No,No,Not Started,179,433,0,268,72.9,60.3,6.37,2,33,4,3,0,1.0,142,1337
CSE-AIML,1,Male,Hostel,Morning,Kinesthetic,Poor,Medium,Average,No,Yes,Not Started,279,206,116,179,68.8,68.6,7.75,1,29,0,2,0,0.0,3,980
ECE,7,Male,Hostel,Morning,Visual,Average,Medium,Average,No,Yes,In Progress,292,128,198,259,67.7,64.1,5.98,2,30,7,6,2,3.0,165,1441
CSE,5,Other,Hostel,Night,Auditory,Average,Low,Average,No,Yes,Not Started,161,270,39,404,100.0,74.1,7.16,0,39,4,2,1,4.0,212,1204
CSE-DS,8,Female,Hostel,Night,Visual,Average,Medium,Poor,No,Yes,In Progress,437,408,407,171,82.7,76.8,8.08,0,36,5,1,2,4.0,206,1025
CSE-DS,4,Female,Hostel,Morning,Kinesthetic,Average,Medium,Good,No,Yes,Not Started,274,48,114,0,82.5,72.5,7.29,0,38,3,0,0,3.0,37,856
CSE,8,Male,Hostel,Night,Kinesthetic,Good,High,Good,No,Yes,Placed,180,21,164,490,75.1,69.4,7.01,0,35,3,1,3,6.0,332,1328
CSE,4,Female,Hostel,Morning,Auditory,Average,Medium,Good,No,Yes,Not Started,0,330,313,66,93.5,79.9,7.52,0,43,5,0,1,3.0,2,1081
CSE,6,Male,Day Scholar,Afternoon,Visual,Poor,High,Average,No,Yes,In Progress,151,210,182,257,85.8,73.3,7.07,2,38,5,0,2,4.0,91,844
IT,3,Female,Hostel,Night,Auditory,Average,Low,Good,No,No,Not Started,143,246,251,744,87.6,76.9,8.33,0,39,1,2,0,3.0,318,1050
ECE,6,Male,Hostel,Morning,Kinesthetic,Poor,Medium,Good,Yes,No,Not Started,175,384,152,532,80.1,79.0,6.86,0,46,6,2,1,4.0,332,1144
CSE,8,Male,Day Scholar,Night,Auditory,Average,High,,No,Yes,Placed,246,277,40,0,72.0,64.8,6.37,1,36,6,2,2,4.0,0,931
CSE,5,Female,Day Scholar,Morning,Visual,Good,High,Average,No,No,Not Started,326,252,215,677,62.3,66.7,6.98,0,31,3,0,0,5.0,315,1032
CSE-DS,5,Male,Hostel,Afternoon,Auditory,Poor,High,Good,No,Yes,Not Started,335,241,418,66,100.0,95.9,9.79,0,48,5,1,0,3.0,73,1062
CSE,2,Female,Day Scholar,Night,Visual,Good,Medium,Average,No,Yes,Not Started,17,348,308,260,77.0,58.1,6.78,0,25,1,1,0,0.0,83,811
CSE-AIML,7,Female,Hostel,Morning,Kinesthetic,Good,Medium,Good,No,Yes,In Progress,93,280,99,294,81.2,72.7,7.39,0,29,6,0,1,3.0,107,1044
CSE-DS,8,Male,Day Scholar,Night,Visual,Good,Medium,Good,No,Yes,Placed,42,216,58,0,87.8,73.7,7.1,1,37,5,1,0,5.0,10,765
ECE,3,Female,Day Scholar,Afternoon,Visual,Poor,Medium,Good,No,Yes,Not Started,142,103,0,503,87.8,60.0,6.23,0,33,2,0,0,1.0,196,1119
ECE,6,Male,Hostel,Afternoon,Visual,Good,Low,Average,No,Yes,Not Started,229,87,108,101,74.6,69.5,6.9,0,35,5,2,3,5.0,0,1127
CSE-DS,1,Female,Hostel,Afternoon,Visual,Average,High,Good,No,No,Not Started,159,310,0,207,82.5,69.9,7.8,0,36,0,0,0,0.0,10,1013
IT,1,Female,Hostel,Afternoon,Kinesthetic,Good,Low,Average,No,No,Not Started,200,402,53,260,97.2,78.2,7.79,0,35,2,0,0,0.0,64,747
CSE-AIML,5,Other,Day Scholar,Night,Auditory,Average,Medium,Poor,No,Yes,Not Started,84,58,202,410,81.4,79.7,7.05,1,43,7,2,3,,241,1033
IT,3,Male,Day Scholar,Night,Auditory,Average,Medium,Good,No,No,Not Started,100,201,231,258,72.7,61.8,5.96,2,31,2,0,0,2.0,36,690
CSE-DS,1,Female,Day Scholar,Night,Auditory,Poor,High,Poor,No,Yes,Not Started,267,224,59,205,75.4,74.4,7.61,0,42,2,0,0,0.0,46,806
CSE,8,Female,Day Scholar,Morning,Kinesthetic,Poor,High,Good,No,No,Placed,18,161,203,182,88.0,72.8,7.67,0,37,5,1,1,2.0,169,1396
CSE,6,Male,Day Scholar,Afternoon,Auditory,Poor,High,Average,Yes,No,Not Started,179,199,200,302,55.8,70.0,6.89,0,32,2,2,1,4.0,235,1188
CSE,2,Female,Hostel,Morning,Auditory,Average,Medium,Good,No,No,Not Started,256,195,252,396,77.0,63.0,7.69,0,32,7,0,0,0.0,79,1203
IT,1,Female,Day Scholar,Morning,Kinesthetic,Average,Low,Average,No,Yes,Not Started,296,521,57,724,71.1,77.5,7.75,0,34,2,0,0,2.0,69,1177
CSE,7,Male,Hostel,Night,Kinesthetic,Average,Medium,Good,No,No,Placed,153,169,75,357,76.3,75.8,7.24,0,36,4,4,3,2.0,269,1061
CSE,1,Other,Hostel,Night,Kinesthetic,Average,Medium,Good,No,No,Not Started,161,351,45,469,93.0,79.9,7.96,0,36,1,1,0,0.0,58,943
CSE-DS,4,Female,Hostel,Night,Visual,Good,Medium,Average,No,Yes,Not Started,340,220,235,88,78.4,78.1,8.18,0,38,6,2,0,3.0,64,984
ECE,3,Female,Hostel,Night,Visual,Poor,Medium,Average,No,Yes,Not Started,180,509,30,20,72.3,71.6,6.66,1,38,1,1,0,3.0,63,1019
CSE,6,Female,Day Scholar,Morning,Visual,Average,Low,Poor,No,No,In Progress,29,201,135,446,74.4,58.6,5.95,4,31,3,3,1,3.0,310,959
CSE,2,Female,Hostel,Afternoon,Visual,Poor,Medium,Good,No,Yes,Not Started,192,202,84,0,61.3,66.3,6.47,4,31,2,0,0,3.0,72,896
IT,2,Male,Day Scholar,Night,Kinesthetic,Good,High,Good,No,No,Not Started,337,92,37,581,73.7,74.1,8.47,0,31,2,0,0,1.0,30,853
CSE-DS,8,Male,Hostel,Night,Visual,Average,Low,Good,No,No,Placed,223,361,0,263,66.1,66.7,6.78,2,32,6,2,3,3.0,157,790
IT,8,Male,Hostel,Morning,Auditory,Average,Medium,Average,Yes,No,In Progress,124,225,153,591,96.5,73.7,7.16,0,36,11,5,1,3.0,524,1128
CSE,6,Male,Hostel,Night,Auditory,Poor,High,Poor,No,No,Not Started,186,457,79,530,76.4,65.5,5.47,3,32,5,1,0,3.0,256,1150
CSE,3,Female,Hostel,Afternoon,Kinesthetic,Average,Low,Good,No,Yes,Not Started,138,177,0,578,92.5,66.4,7.72,0,36,2,0,0,2.0,180,1288
CSE,4,Male,Day Scholar,Afternoon,Kinesthetic,Good,Low,Good,No,Yes,Not Started,62,177,66,123,83.5,63.4,5.96,1,32,1,1,1,2.0,0,822
CSE-DS,5,Female,Day Scholar,Night,Auditory,Average,Medium,Good,No,Yes,Not Started,153,273,102,362,69.0,63.8,5.77,1,29,4,1,0,3.0,214,1161
CSE,4,Female,Hostel,Night,Kinesthetic,Good,Medium,Good,No,No,Not Started,192,156,72,431,71.5,61.5,6.11,3,27,1,1,0,4.0,171,930
ECE,6,Female,Day Scholar,Night,Auditory,Average,Low,Average,No,Yes,Not Started,246,311,0,406,64.8,54.5,5.47,1,27,6,1,3,1.0,130,1040
IT,4,Male,Hostel,Afternoon,Kinesthetic,Average,High,Average,No,No,Not Started,49,340,226,102,84.5,66.0,7.0,0,33,4,4,0,2.0,65,972
CSE-DS,6,Male,Hostel,Night,Kinesthetic,Average,Medium,Good,No,No,Not Started,207,327,39,240,93.8,78.9,8.47,0,39,4,1,0,4.0,188,1222
CSE,2,Male,Day Scholar,Night,Auditory,Average,Medium,Good,Yes,Yes,Not Started,262,70,3,503,77.7,71.1,6.55,0,31,2,0,0,1.0,113,1143
CSE,7,Female,Hostel,Afternoon,Auditory,Average,High,Good,Yes,Yes,Placed,295,246,200,289,86.0,79.8,8.93,0,41,8,2,4,4.0,260,1076
CSE-AIML,5,Female,Hostel,Night,Auditory,Average,Medium,Good,Yes,Yes,Not Started,135,356,149,72,62.8,59.5,6.14,2,32,5,2,0,3.0,0,832
ECE,1,Female,Hostel,Night,Visual,Poor,Low,Good,No,Yes,Not Started,101,263,289,358,88.2,64.2,5.41,0,28,1,0,0,0.0,111,907
CSE-AIML,8,Female,Day Scholar,Morning,Kinesthetic,Average,High,Good,No,No,In Progress,258,245,0,391,79.1,66.1,6.26,1,25,4,3,2,3.0,314,1118
CSE,2,Female,Day Scholar,Night,Visual,Good,Medium,Average,No,Yes,Not Started,148,295,196,477,100.0,77.5,7.89,0,40,3,0,0,1.0,18,1095
CSE-DS,5,Male,Hostel,Night,Auditory,Average,Medium,Average,No,No,Not Started,256,400,160,367,77.0,68.9,6.62,0,37,5,1,0,4.0,107,1022
CSE,6,Male,Hostel,Morning,Kinesthetic,Average,Medium,Average,No,No,Not Started,321,58,135,431,72.2,72.6,7.68,2,36,8,3,0,4.0,273,1025
CSE,3,Female,Day Scholar,Night,Kinesthetic,Average,Medium,Good,No,Yes,Not Started,176,319,78,811,70.0,67.5,6.1,3,26,1,1,1,2.0,260,1165
CSE,2,Male,Hostel,Afternoon,Kinesthetic,Average,High,Good,Yes,Yes,Not Started,188,237,127,374,98.5,81.2,8.26,0,38,3,0,0,1.0,140,1332
CSE-DS,7,Male,Day Scholar,Afternoon,Auditory,Poor,Medium,Average,No,Yes,Placed,169,262,232,202,82.7,69.0,7.11,1,35,7,1,3,3.0,175,1065
CSE-DS,6,Male,Hostel,Morning,Auditory,Average,Medium,Average,Yes,No,Not Started,177,168,73,369,78.3,69.7,7.86,2,33,4,1,0,4.0,195,1122
CSE-DS,7,Male,Hostel,Afternoon,Visual,Average,Medium,Average,No,Yes,In Progress,174,557,0,682,64.8,53.6,5.59,2,20,2,1,1,0.0,532,1475
CSE,4,Female,Day Scholar,Afternoon,Visual,Average,Medium,Good,No,No,Not Started,243,102,198,247,91.4,78.0,7.04,0,34,6,3,0,1.0,175,1144
IT,7,Male,Hostel,Morning,Auditory,Average,High,Good,No,No,In Progress,235,180,0,390,86.0,76.8,8.04,0,40,8,4,2,3.0,262,1186
CSE,8,Female,Hostel,Night,Visual,Poor,High,Good,No,Yes,Placed,143,148,19,61,97.6,71.1,6.44,1,33,3,3,2,1.0,46,1078
CSE-AIML,7,Female,Hostel,Night,Visual,Good,Low,Good,No,No,Placed,89,57,94,322,88.1,79.0,9.24,0,32,2,2,4,4.0,149,877
CSE,1,Male,Day Scholar,Night,Kinesthetic,Poor,High,Good,No,Yes,Not Started,137,224,126,424,81.3,81.3,8.32,0,39,3,0,0,1.0,137,1280
CSE-AIML,6,Male,Hostel,Night,Visual,Average,Medium,Average,No,No,Not Started,203,356,325,436,78.7,69.8,6.03,0,37,2,0,1,2.0,252,935
CSE,4,Male,Hostel,Night,Auditory,Average,Low,Average,No,No,Not Started,271,246,0,108,85.2,67.8,6.69,2,36,3,0,1,1.0,70,1066
CSE,8,Male,Hostel,Night,Visual,Good,Low,Good,No,Yes,Placed,237,197,150,200,77.6,66.6,6.95,0,35,6,1,1,7.0,188,991
CSE,5,Female,Day Scholar,Morning,Visual,Good,Medium,Average,No,Yes,Not Started,227,70,0,171,64.9,64.6,6.98,0,31,4,0,1,2.0,66,932
CSE,6,Male,Hostel,Morning,Auditory,Average,High,Good,No,No,Not Started,79,74,311,514,81.1,60.5,5.97,3,33,8,0,2,4.0,362,1095
CSE-DS,8,Female,Day Scholar,Morning,Kinesthetic,Good,Low,Good,No,Yes,In Progress,387,410,0,369,86.1,80.7,8.03,0,40,2,2,1,3.0,385,887
CSE,8,Female,Hostel,Morning,Visual,Poor,Medium,Good,No,No,Placed,182,209,230,196,84.2,62.9,6.85,0,34,7,3,3,3.0,123,918
IT,6,Male,Hostel,Night,Kinesthetic,Average,Medium,Good,No,No,Not Started,0,272,108,0,78.7,63.4,5.98,2,34,7,2,2,4.0,0,721
CSE-AIML,1,Male,Day Scholar,Morning,Auditory,Good,Medium,Good,No,No,Not Started,194,0,177,54,71.9,70.5,6.93,0,31,2,0,0,1.0,0,1238
ECE,3,Male,Day Scholar,Night,Kinesthetic,Average,Medium,Good,No,No,Not Started,128,224,200,371,72.7,74.5,6.97,0,36,4,0,0,1.0,131,1010
CSE,5,Male,Hostel,Night,Visual,Good,Low,Good,No,No,Not Started,123,274,201,354,100.0,67.1,7.19,0,30,6,2,1,2.0,126,1050
CSE,1,Female,Day Scholar,Morning,Visual,Good,Low,Good,No,No,Not Started,342,0,294,694,79.5,72.5,7.82,0,33,0,0,0,0.0,45,1009
IT,5,Other,Hostel,Night,Auditory,Good,Low,Average,No,No,Not Started,146,288,151,209,83.0,71.4,7.26,0,30,3,2,3,2.0,83,1088
CSE-DS,3,Male,Day Scholar,Afternoon,Kinesthetic,Good,Medium,Good,No,No,Not Started,277,343,0,458,67.1,74.4,7.69,0,41,3,2,0,1.0,4,1102
CSE,7,Male,Day Scholar,Night,Kinesthetic,Average,Medium,Good,No,Yes,In Progress,323,297,0,333,100.0,75.9,7.85,0,39,5,4,1,2.0,284,866
IT,5,Female,Day Scholar,Night,Auditory,Average,Medium,Average,No,No,Not Started,153,276,0,579,94.5,75.3,6.88,1,31,8,3,0,2.0,204,1106
CSE,1,Female,Hostel,Night,Visual,Poor,Medium,Average,No,No,Not Started,107,377,218,167,72.4,68.3,6.67,0,32,3,0,0,1.0,94,932
IT,4,Female,Day Scholar,Night,Visual,Good,Low,Good,No,Yes,Not Started,275,361,88,718,89.3,73.2,7.44,0,36,3,0,0,1.0,340,1007
CSE-DS,3,Male,Hostel,Afternoon,Kinesthetic,Poor,Medium,Good,Yes,No,Not Started,236,69,275,228,100.0,70.3,6.1,3,34,3,0,1,0.0,80,866
CSE,8,Male,Day Scholar,Night,Visual,Average,Medium,Good,No,No,Placed,60,29,0,356,94.7,68.3,7.14,0,34,9,3,1,4.0,193,1145
CSE-DS,1,Female,Day Scholar,Night,Visual,Average,Low,Good,No,Yes,Not Started,218,243,90,253,100.0,82.3,7.66,0,45,1,0,0,1.0,60,945
IT,7,Male,Day Scholar,Night,Visual,Average,Medium,Good,No,Yes,In Progress,264,201,158,0,79.1,72.1,7.32,0,35,4,1,0,1.0,0,1221
CSE,7,Male,Hostel,Morning,Auditory,Average,Low,Good,No,No,In Progress,182,85,186,83,93.4,75.3,8.01,0,37,2,4,0,5.0,0,892
CSE-DS,8,Male,Hostel,Night,Kinesthetic,Average,Medium,Good,No,No,Placed,78,289,0,171,81.1,73.7,7.02,0,34,6,2,1,6.0,105,1061
CSE,7,Male,Day Scholar,Morning,Auditory,Poor,Low,Good,No,Yes,In Progress,268,277,277,69,82.5,73.1,7.27,1,38,8,3,0,4.0,100,836
CSE,3,Female,Hostel,Morning,Auditory,Good,Low,Good,No,Yes,Not Started,58,137,76,334,80.7,64.5,5.81,2,30,0,2,0,2.0,178,1166
CSE-AIML,8,Male,Hostel,Afternoon,Auditory,Poor,High,Good,No,Yes,Placed,89,136,114,88,76.1,69.1,6.9,0,39,7,5,2,5.0,50,1051
ECE,3,Female,Hostel,Night,Auditory,Poor,High,Good,Yes,No,Not Started,163,183,0,367,96.7,75.7,7.49,1,38,2,1,1,2.0,90,1225
ECE,8,Male,Day Scholar,Afternoon,Visual,Average,Low,Average,No,Yes,Placed,160,267,141,352,74.9,70.3,6.67,0,35,4,0,0,5.0,231,1249
CSE-DS,2,Female,Hostel,Night,Auditory,Poor,High,Good,No,Yes,Not Started,363,248,275,321,83.6,79.5,8.46,0,39,2,0,0,1.0,74,1227
CSE,3,Female,Hostel,Morning,Kinesthetic,Average,Medium,Good,No,Yes,Not Started,242,150,128,0,75.7,78.3,7.93,0,40,2,1,1,2.0,0,700
CSE-DS,4,Other,Hostel,Morning,Auditory,Average,Medium,Good,Yes,No,Not Started,140,207,161,292,81.9,67.7,6.33,4,35,3,3,1,1.0,92,1189
ECE,2,Female,Day Scholar,Afternoon,Kinesthetic,Average,Low,Average,Yes,No,Not Started,161,191,65,222,97.1,72.8,7.6,0,34,0,1,0,0.0,21,1151
CSE,7,Male,Hostel,Afternoon,Auditory,Average,Low,Good,No,No,In Progress,256,168,155,495,89.3,73.3,6.81,0,35,7,0,3,5.0,318,1356
CSE-DS,4,Female,Hostel,Morning,Auditory,Poor,High,Good,No,No,Not Started,162,231,63,271,55.4,69.2,7.17,0,36,5,0,2,2.0,59,932
CSE-DS,7,Male,Hostel,Night,Visual,Average,Medium,Average,No,No,Placed,6,230,132,563,94.4,65.5,6.26,2,35,9,2,3,5.0,318,1222
CSE-AIML,2,Female,Day Scholar,Night,Visual,Average,Medium,Good,No,Yes,Not Started,358,217,164,273,72.4,80.7,8.5,0,39,1,0,0,0.0,0,874
IT,7,Male,Hostel,Night,Kinesthetic,Average,Medium,Good,No,No,Placed,153,7,177,393,77.1,67.4,6.52,0,35,5,0,1,3.0,261,966
CSE,3,Female,Day Scholar,Night,Visual,Poor,Medium,Good,No,Yes,Not Started,156,271,261,710,65.9,60.4,6.24,2,26,3,3,1,0.0,105,1014
IT,8,Male,Hostel,Night,Kinesthetic,Poor,High,Good,No,Yes,In Progress,193,359,0,473,92.7,68.4,5.98,1,32,3,1,2,8.0,333,1159
CSE-AIML,1,Male,Hostel,Night,Kinesthetic,Average,High,Good,Yes,Yes,Not Started,208,300,21,46,60.7,55.8,4.37,2,28,0,0,0,0.0,27,810
IT,4,Male,Hostel,Afternoon,Auditory,Poor,High,Average,No,No,Not Started,254,444,91,78,90.1,72.4,6.79,0,34,0,1,1,1.0,78,949
CSE-DS,6,Male,Day Scholar,Night,Kinesthetic,Good,Low,Average,No,No,Not Started,400,266,63,359,56.2,73.2,7.52,0,35,6,2,1,2.0,181,720
ECE,7,Male,Hostel,Night,Kinesthetic,Good,Low,Poor,No,No,Placed,197,0,283,0,94.7,71.9,6.98,0,38,12,2,0,2.0,49,1143
CSE-DS,2,Female,Day Scholar,Night,Visual,Average,Medium,Good,No,No,Not Started,186,330,71,196,88.8,67.3,7.47,1,33,1,1,0,1.0,40,935
CSE,5,Female,Hostel,Afternoon,Visual,Average,Medium,Average,No,No,Not Started,158,466,66,250,67.9,57.5,5.86,5,24,3,2,0,3.0,157,937
CSE-AIML,6,Male,Hostel,Night,Auditory,Good,Low,Good,Yes,No,Not Started,256,168,86,95,75.4,66.0,6.71,0,32,5,2,3,1.0,48,1023
CSE-AIML,8,Male,Day Scholar,Night,Visual,Average,Medium,Poor,No,No,Placed,87,245,148,585,85.1,67.3,6.89,2,31,2,1,3,5.0,515,1136
CSE-DS,6,Female,Hostel,Afternoon,Visual,Average,Medium,Poor,No,Yes,Not Started,238,188,28,356,78.8,69.6,7.72,0,29,3,1,1,0.0,265,1328
CSE,4,Male,Hostel,Afternoon,Kinesthetic,Average,Medium,Good,No,No,Not Started,191,362,0,46,77.4,70.2,7.39,0,36,3,2,4,3.0,0,983
CSE,7,Male,Day Scholar,Night,Auditory,Good,Medium,Poor,No,No,In Progress,203,0,80,0,81.8,82.3,8.46,0,34,8,2,1,4.0,0,712
IT,4,Male,Hostel,Afternoon,Kinesthetic,Poor,High,Good,No,Yes,Not Started,241,186,14,550,66.5,73.0,7.83,0,36,4,0,0,2.0,231,954
IT,6,Female,Hostel,Night,Visual,Good,High,Good,No,No,Not Started,218,143,108,488,85.0,82.3,7.59,0,42,4,3,0,2.0,325,1112
CSE-AIML,4,Male,Hostel,Morning,Visual,Good,Low,Good,No,No,Not Started,237,161,241,421,96.4,72.6,7.96,0,37,2,1,0,2.0,179,1128
CSE-AIML,2,Male,Hostel,Night,Kinesthetic,Average,Medium,Good,No,No,Not Started,217,103,89,712,71.7,67.0,6.95,0,35,0,0,0,2.0,167,1033
CSE-DS,2,Male,Hostel,Afternoon,Auditory,Average,Medium,Poor,No,No,Not Started,100,363,191,240,94.0,76.7,8.97,0,44,3,0,0,1.0,93,1071
IT,3,Female,Hostel,Night,Kinesthetic,Average,Medium,Good,No,No,Not Started,193,234,210,407,92.0,72.4,6.8,0,37,2,2,1,1.0,78,1015
CSE,8,Female,Hostel,Afternoon,Kinesthetic,Poor,Medium,Good,No,Yes,Placed,193,222,217,203,77.9,82.5,8.68,0,41,7,7,2,5.0,180,974
CSE,7,Female,Day Scholar,Night,Auditory,Average,Medium,Good,No,Yes,In Progress,228,247,140,94,62.1,70.8,6.97,0,33,9,1,3,2.0,91,1203
CSE-AIML,1,Female,Day Scholar,Night,Kinesthetic,Poor,Medium,Good,No,Yes,Not Started,155,421,108,521,85.0,75.2,8.1,0,33,1,1,0,0.0,113,1204
CSE,3,Male,Hostel,Night,Visual,Good,Low,Average,No,No,Not Started,206,201,63,339,94.0,71.4,7.03,0,41,4,1,0,,74,885
ECE,4,Female,Hostel,Night,Visual,Average,Medium,Average,No,No,Not Started,81,465,0,432,88.2,67.9,6.42,1,34,2,0,1,2.0,179,954
CSE,3,Female,Hostel,Morning,Visual,Good,Medium,,No,Yes,Not Started,31,105,189,115,80.8,55.9,5.47,0,27,3,2,1,2.0,71,1250
IT,2,Male,Day Scholar,Morning,Kinesthetic,Average,Medium,Good,No,No,Not Started,264,206,0,342,69.1,74.2,7.83,0,41,2,0,0,0.0,13,1068
CSE,7,Female,Hostel,Night,Visual,Average,Medium,Average,No,No,In Progress,171,380,163,418,78.2,73.0,6.84,0,38,6,3,2,8.0,393,1136
CSE,4,Male,Hostel,,Auditory,Good,Medium,Good,No,Yes,Not Started,153,296,184,213,62.6,64.5,6.33,1,34,3,2,1,1.0,111,1092
ECE,2,Female,Hostel,Night,Kinesthetic,Poor,Medium,Average,No,Yes,Not Started,116,188,154,5,69.2,80.3,7.82,0,38,3,0,0,1.0,25,888
CSE,3,Male,Day Scholar,Night,Visual,Good,Low,Good,No,No,Not Started,230,80,29,479,88.2,80.7,8.29,0,41,2,2,0,0.0,128,1066
CSE-AIML,8,Female,Hostel,Morning,Visual,Poor,High,Average,No,Yes,Placed,357,112,163,732,72.0,77.2,7.68,0,39,7,2,1,3.0,565,1432
CSE-DS,6,Female,Hostel,Night,Auditory,Average,Medium,Average,No,No,Not Started,79,120,106,0,100.0,73.7,6.54,0,33,4,1,0,2.0,0,1246
CSE-DS,2,Female,Hostel,Afternoon,Auditory,Poor,Medium,Good,No,No,Not Started,189,96,74,0,86.3,79.4,9.05,0,37,0,0,0,1.0,0,900
CSE-AIML,3,Male,Day Scholar,Afternoon,Auditory,Average,Medium,Poor,No,No,Not Started,222,150,118,453,66.2,60.9,7.24,1,30,3,0,1,1.0,91,874
CSE-DS,1,Male,Hostel,Night,Auditory,Good,Low,Average,No,Yes,Not Started,109,264,294,138,74.9,64.5,6.42,4,33,1,0,0,0.0,0,698
CSE-AIML,5,Male,Hostel,Afternoon,Visual,Good,Medium,Poor,No,No,Not Started,31,160,308,256,76.2,55.3,6.29,0,31,4,4,1,2.0,143,1225
CSE,1,Other,Day Scholar,Night,Kinesthetic,Average,Medium,Good,No,Yes,Not Started,184,236,232,29,71.2,76.0,7.25,0,41,1,0,0,2.0,0,985
CSE,6,Male,Day Scholar,Night,Kinesthetic,Poor,High,Good,No,Yes,In Progress,182,67,203,583,78.6,70.0,6.48,3,34,3,3,1,3.0,383,1080
CSE-AIML,4,Male,Day Scholar,Morning,Auditory,Good,Low,Good,No,No,Not Started,165,344,20,0,98.4,71.4,7.24,0,33,8,1,0,2.0,0,1035
ECE,7,Male,Hostel,Morning,Kinesthetic,Average,Medium,Good,No,No,Placed,179,202,38,148,76.7,67.9,6.3,2,28,4,3,2,4.0,88,1055
CSE-AIML,2,Female,Day Scholar,Night,Visual,Average,Low,Average,No,No,Not Started,174,192,181,249,100.0,79.3,7.84,0,41,3,0,0,1.0,19,894
CSE-DS,2,Male,Hostel,Night,Visual,Average,Medium,Good,No,Yes,Not Started,137,399,295,450,90.1,68.6,7.28,0,34,1,0,0,0.0,80,1104
IT,1,Female,Day Scholar,Night,Auditory,Average,Low,Good,No,No,Not Started,145,189,80,487,66.6,61.9,6.51,0,27,0,0,0,0.0,94,920
IT,7,Male,Day Scholar,Afternoon,Visual,Average,Medium,Average,No,No,Placed,227,286,227,296,59.2,64.5,6.16,4,23,7,2,0,4.0,159,973
CSE,5,Female,Day Scholar,Morning,Kinesthetic,Good,Medium,Good,No,No,Not Started,319,368,249,368,74.6,72.7,6.46,3,40,7,3,0,1.0,132,1072
CSE-AIML,2,Male,Day Scholar,Night,Visual,Poor,High,Good,No,Yes,Not Started,161,276,173,7,67.9,61.8,6.51,0,28,1,0,0,0.0,0,982
IT,3,Female,Hostel,Morning,Kinesthetic,Average,Medium,Poor,No,Yes,Not Started,123,178,213,32,96.9,71.7,7.15,0,37,3,1,1,1.0,43,916
ECE,2,Female,Day Scholar,Night,Visual,Poor,High,Average,No,No,Not Started,326,368,25,233,72.5,78.9,8.17,0,38,1,0,0,1.0,0,962
ECE,1,Female,Day Scholar,Afternoon,Kinesthetic,Average,Medium,Good,No,No,Not Started,233,142,0,438,72.8,77.3,7.82,0,42,1,0,0,2.0,46,978
CSE-AIML,2,Male,Hostel,Night,Kinesthetic,Average,Medium,Good,Yes,No,Not Started,4,458,100,485,68.2,69.9,6.54,1,38,0,1,0,0.0,172,1028
IT,2,Male,Hostel,Night,Kinesthetic,Good,Low,Good,No,No,Not Started,209,231,262,82,78.9,63.7,6.81,0,31,1,2,0,1.0,22,1042
CSE,7,Male,Hostel,Night,Kinesthetic,Poor,High,Good,No,No,In Progress,255,217,156,21,81.3,67.5,6.46,2,31,3,1,0,4.0,0,958
CSE,6,Female,Hostel,Night,Auditory,Average,Medium,Good,No,No,Not Started,151,301,195,0,92.2,74.2,7.88,0,32,4,0,1,1.0,0,1003
CSE,8,Female,Hostel,Morning,Kinesthetic,Good,Low,Average,No,No,Placed,233,247,184,490,100.0,74.1,6.82,2,41,8,3,3,3.0,341,1041
CSE-DS,2,Female,Hostel,Night,Visual,Poor,Medium,Average,No,Yes,Not Started,88,344,29,511,92.6,68.3,7.87,0,30,3,0,0,1.0,40,953
IT,5,Female,Hostel,Night,Visual,Poor,High,Good,Yes,No,Not Started,228,163,99,694,75.5,69.6,6.86,0,36,6,4,1,1.0,326,1250
CSE-DS,1,Male,Day Scholar,Morning,Kinesthetic,Average,Low,Average,No,No,Not Started,129,196,180,7,92.5,72.9,7.46,0,35,0,0,0,2.0,0,1050
CSE,5,Female,Hostel,Morning,Visual,Average,Medium,,No,No,Not Started,69,344,96,0,90.4,77.1,6.93,0,42,4,4,0,2.0,0,1045
CSE-AIML,4,Female,Hostel,Afternoon,Visual,Poor,Medium,Good,No,Yes,Not Started,211,152,142,176,77.8,75.6,7.94,0,28,5,2,1,1.0,78,1121
CSE,7,Male,Hostel,Night,Visual,Average,Low,Good,Yes,Yes,Placed,213,273,7,285,93.3,71.5,7.1,2,37,5,1,3,2.0,233,1054
ECE,5,Male,Hostel,Night,Kinesthetic,Poor,Medium,Good,No,No,Not Started,242,154,342,191,90.8,77.3,7.36,0,38,1,4,1,4.0,27,984
CSE-DS,1,Male,Day Scholar,Night,Kinesthetic,Average,Low,Good,No,Yes,Not Started,401,377,178,180,71.1,76.6,7.94,0,36,0,0,0,1.0,3,1121
CSE-AIML,5,Male,Day Scholar,Afternoon,Kinesthetic,Average,High,Good,No,Yes,Not Started,86,132,111,220,67.9,67.3,6.15,3,36,6,2,0,2.0,25,942
CSE-AIML,7,Female,Hostel,Night,Kinesthetic,Average,Medium,Good,No,No,In Progress,343,304,82,248,100.0,75.9,6.4,1,36,8,4,0,2.0,232,862
CSE,1,Male,Hostel,Night,Kinesthetic,Good,Low,Average,Yes,No,Not Started,134,317,209,382,83.6,77.5,7.17,0,34,1,0,0,2.0,16,1072
IT,4,Male,Day Scholar,Morning,Auditory,Poor,Medium,Average,No,Yes,Not Started,193,143,213,33,85.2,69.1,7.3,0,37,4,0,1,2.0,24,835
CSE-AIML,1,Male,Day Scholar,Night,Auditory,Good,Low,Poor,No,No,Not Started,156,368,139,583,82.2,65.4,7.01,0,32,2,0,0,0.0,90,1031
ECE,1,Female,Day Scholar,Morning,Visual,Good,Medium,Average,No,No,Not Started,173,87,126,332,88.3,77.2,8.08,0,39,0,0,0,2.0,50,1070
ECE,1,Female,Day Scholar,Afternoon,Auditory,Average,Medium,Good,No,Yes,Not Started,357,270,76,351,90.2,85.9,7.78,0,45,1,0,0,0.0,16,1076
CSE-AIML,5,Female,Hostel,Night,Visual,Average,Medium,Average,No,Yes,Not Started,156,320,281,231,69.0,69.7,6.83,0,33,4,1,3,2.0,108,1260
CSE,2,Female,Day Scholar,Night,Auditory,Average,Medium,Good,No,No,Not Started,277,396,143,461,75.8,66.4,5.39,4,29,2,1,0,1.0,173,1126
IT,3,Female,Day Scholar,Afternoon,Auditory,Good,Low,Good,No,No,Not Started,330,28,143,102,76.7,82.7,8.42,0,42,3,0,0,0.0,73,885
IT,4,Female,Hostel,Afternoon,Auditory,Poor,Medium,Average,Yes,No,Not Started,157,202,155,198,95.9,76.3,7.33,0,36,4,3,0,1.0,52,1294
CSE,3,Male,Hostel,Night,Kinesthetic,Average,Medium,Good,No,No,Not Started,262,368,213,301,80.4,70.9,7.64,0,36,2,1,1,3.0,105,1249
CSE,7,Female,Day Scholar,Night,Visual,Poor,High,Good,No,No,Placed,140,229,239,231,74.5,68.1,7.38,0,30,6,1,0,1.0,182,968
CSE,4,Male,Hostel,Morning,Visual,Average,Low,Good,Yes,No,Not Started,28,454,56,219,80.0,61.0,5.89,4,28,6,0,3,1.0,138,1292
CSE,5,Male,Day Scholar,Morning,Kinesthetic,Poor,High,Good,No,Yes,Not Started,0,294,157,334,60.6,62.3,6.23,2,31,2,2,1,3.0,155,1036
ECE,3,Male,Hostel,Morning,Kinesthetic,Good,Medium,Good,No,Yes,Not Started,229,275,129,445,76.8,74.8,7.9,1,38,7,1,0,1.0,89,1010
CSE-AIML,2,Male,Hostel,Morning,Auditory,Good,Medium,Good,No,Yes,Not Started,72,242,0,386,74.3,67.8,6.67,0,32,3,0,0,4.0,89,1059
CSE-DS,6,Male,Day Scholar,Night,Visual,Good,High,Good,No,Yes,In Progress,141,205,163,489,100.0,74.1,7.35,0,42,6,2,1,1.0,301,975
CSE-AIML,7,Male,Hostel,Morning,Auditory,Poor,High,Average,No,Yes,Placed,232,293,358,13,63.2,63.1,6.99,0,31,9,1,0,2.0,1,1061
CSE-AIML,7,Male,Hostel,Afternoon,Auditory,Good,Low,Good,No,Yes,Placed,251,310,249,459,76.6,71.3,5.53,1,33,4,2,1,4.0,287,1076
CSE-AIML,1,Female,Day Scholar,Afternoon,Visual,Good,Low,Average,Yes,Yes,Not Started,79,262,80,0,79.7,62.0,5.74,1,31,2,0,0,3.0,0,1125
IT,2,Male,Hostel,Night,Kinesthetic,Average,Medium,Good,No,No,Not Started,237,374,63,59,61.9,60.9,5.36,1,34,5,0,0,1.0,66,1147
IT,7,Male,Day Scholar,Afternoon,Kinesthetic,Average,Low,Average,No,Yes,In Progress,122,76,232,499,99.9,76.4,7.75,0,36,3,2,0,2.0,330,1082
CSE,4,Male,Hostel,Afternoon,Visual,Average,Medium,Good,No,Yes,Not Started,104,0,252,168,92.0,63.7,6.34,0,30,4,0,0,1.0,101,993
CSE-DS,4,Female,Day Scholar,Night,Auditory,Good,High,Good,Yes,No,Not Started,252,486,187,472,68.9,70.2,8.14,0,38,4,3,1,3.0,220,1019
IT,1,Female,Day Scholar,Morning,Visual,Poor,High,,No,Yes,Not Started,137,272,125,695,71.9,63.2,6.83,0,33,1,0,0,1.0,57,919
IT,3,Male,Day Scholar,Night,Kinesthetic,Average,Medium,Good,No,Yes,Not Started,233,261,58,179,77.6,71.0,6.97,0,32,1,1,0,0.0,110,1042
CSE,3,Male,Day Scholar,Afternoon,Auditory,Good,Medium,Good,No,No,Not Started,45,283,66,285,100.0,72.4,7.15,0,33,2,1,0,0.0,57,974
CSE-AIML,5,Male,Hostel,Morning,Kinesthetic,Good,Low,Good,No,No,Not Started,123,380,166,276,53.2,54.4,6.14,1,25,4,2,0,2.0,205,1240
CSE-DS,4,Female,Hostel,Night,Visual,Average,Medium,Good,Yes,No,Not Started,160,160,24,489,83.1,64.6,6.01,0,33,1,1,0,3.0,243,1321
IT,7,Male,Hostel,Night,Visual,Poor,High,Good,No,Yes,In Progress,206,366,119,230,65.6,57.6,6.17,2,31,7,2,2,6.0,184,1377
CSE,4,Male,Day Scholar,Night,Auditory,Good,Low,Average,No,No,Not Started,97,349,54,45,77.0,56.0,5.61,2,25,2,2,1,5.0,64,828
CSE-DS,6,Female,Day Scholar,Afternoon,Visual,Average,Medium,Average,No,Yes,Not Started,105,363,182,295,81.3,64.3,5.41,3,30,6,0,1,5.0,197,1089
CSE-AIML,5,Female,Day Scholar,Night,Auditory,Average,Medium,Average,Yes,Yes,Not Started,220,380,120,31,89.6,75.1,7.67,0,40,3,2,0,3.0,0,1178
CSE-DS,7,Female,Hostel,Afternoon,Auditory,Good,Low,Good,No,No,In Progress,285,160,238,377,91.2,73.8,7.65,1,33,6,1,0,10.0,232,1358
CSE,4,Male,Hostel,Morning,Visual,Average,Medium,Average,No,No,Not Started,62,463,102,274,59.4,57.1,6.63,0,27,1,0,0,1.0,62,1325
CSE-DS,2,Male,Day Scholar,Morning,Kinesthetic,Poor,Low,Good,No,No,Not Started,176,82,196,251,94.1,68.0,6.96,0,24,4,1,0,1.0,19,1236
IT,2,Male,Hostel,Night,Kinesthetic,Average,Low,Poor,No,Yes,Not Started,145,328,148,536,83.6,66.0,7.0,1,38,1,2,0,,188,1231
CSE-AIML,2,Male,Hostel,Night,Kinesthetic,Good,Low,Average,Yes,Yes,Not Started,49,486,111,537,100.0,74.7,6.86,0,37,0,1,0,0.0,101,1118
CSE-AIML,6,Female,Hostel,Morning,Kinesthetic,Poor,Medium,Good,No,No,In Progress,207,183,266,251,87.7,74.2,7.68,0,32,8,2,2,4.0,144,958
CSE,6,Female,Hostel,Morning,Visual,Average,High,Average,Yes,No,Not Started,272,190,10,10,81.2,75.1,6.59,0,34,8,0,0,3.0,97,1107
CSE-AIML,4,Male,Day Scholar,Night,Auditory,Average,Medium,Average,No,No,Not Started,374,246,185,426,71.1,68.9,7.96,0,29,2,4,0,4.0,227,1107
CSE-DS,2,Male,Hostel,Morning,Kinesthetic,Good,Medium,Good,No,No,Not Started,163,0,180,139,72.4,65.4,6.19,4,33,1,0,0,3.0,0,1319
CSE,5,Female,Hostel,Night,Kinesthetic,Average,Medium,Good,No,No,Not Started,173,214,0,489,62.2,67.7,7.65,0,39,3,3,2,2.0,283,778
CSE,1,Female,Day Scholar,Night,Visual,Average,Medium,Average,No,Yes,Not Started,402,217,27,139,90.7,83.3,6.96,0,42,0,0,0,1.0,13,923
CSE,7,Male,Day Scholar,Afternoon,Visual,Poor,High,Good,No,Yes,Placed,173,367,0,374,76.5,67.2,5.97,0,30,3,4,2,4.0,339,969
CSE-AIML,1,Female,Hostel,Night,Kinesthetic,Good,Low,Good,No,No,Not Started,302,161,93,113,68.4,67.5,6.57,0,34,0,1,0,0.0,0,1065
CSE,5,Male,Hostel,Night,Kinesthetic,Poor,High,Good,No,No,Not Started,249,242,314,357,100.0,75.1,7.87,0,34,2,0,0,1.0,263,1050
CSE-AIML,4,Male,Hostel,Morning,Auditory,Average,Medium,Good,No,No,Not Started,188,72,0,178,59.3,62.3,6.11,3,29,0,1,0,1.0,0,699
CSE,8,Male,Hostel,Night,Auditory,Average,Low,Average,No,No,Placed,262,0,93,140,83.4,71.9,7.85,0,36,6,2,2,4.0,99,1305
CSE,7,Male,Day Scholar,Night,Visual,Poor,High,Average,No,Yes,In Progress,162,33,384,241,89.0,73.4,7.89,0,38,5,2,1,,236,1140
CSE-AIML,2,Male,Hostel,Afternoon,Visual,Average,Medium,Good,Yes,Yes,Not Started,143,236,43,256,96.6,65.6,6.18,3,37,1,1,0,1.0,0,882
CSE,6,Male,Day Scholar,Morning,Kinesthetic,Good,High,Average,Yes,No,Not Started,202,3,0,282,55.0,62.0,5.95,1,25,6,3,1,3.0,157,971
CSE,6,Male,Hostel,Night,Auditory,Average,Medium,Good,No,No,In Progress,148,193,217,192,82.5,69.3,7.63,0,36,3,1,1,4.0,108,1111
CSE-DS,3,Female,Day Scholar,Afternoon,Kinesthetic,Good,Medium,Good,No,No,Not Started,271,197,132,150,77.4,79.6,8.52,0,40,3,0,1,0.0,57,865
IT,6,Female,Hostel,Afternoon,Visual,Good,Medium,Good,Yes,No,Not Started,55,369,0,355,90.6,62.8,5.43,3,29,5,0,1,2.0,168,1070
ECE,5,Male,Hostel,Night,Auditory,Poor,High,Good,No,No,Not Started,184,343,111,236,93.4,74.0,6.85,0,39,7,1,1,2.0,102,760
CSE-DS,4,Male,Day Scholar,Night,Kinesthetic,Good,Low,Good,Yes,No,Not Started,170,389,214,187,87.0,76.0,7.44,0,38,0,2,0,2.0,118,1044
IT,7,Male,Day Scholar,Morning,Visual,Poor,High,Poor,No,No,Placed,89,333,104,201,85.7,69.8,7.74,0,36,5,6,0,4.0,253,986
ECE,8,Male,Hostel,Night,Visual,Good,Low,Good,Yes,Yes,Placed,201,15,0,247,96.1,75.7,7.98,2,36,8,4,1,3.0,209,1179
IT,4,Male,Hostel,Afternoon,Visual,Good,Low,Poor,No,No,Not Started,136,208,49,433,92.3,78.9,9.02,0,37,4,2,0,0.0,138,1134
CSE-AIML,5,Male,Hostel,Night,Auditory,Average,Medium,Good,No,No,Not Started,193,233,95,416,95.3,72.8,7.53,0,38,2,1,3,1.0,233,1068
CSE,4,Male,Hostel,Night,Visual,Poor,High,Average,No,Yes,Not Started,284,275,158,148,91.0,79.2,7.06,0,34,4,2,1,0.0,106,1132
CSE-AIML,8,Female,Day Scholar,Night,Visual,Average,High,Average,No,No,In Progress,249,222,101,552,64.9,63.2,6.37,2,29,9,3,1,3.0,396,1002
CSE-AIML,1,Female,Hostel,Night,Kinesthetic,Good,Medium,Average,No,No,Not Started,299,253,129,392,62.6,76.8,8.55,0,38,2,1,0,1.0,66,959
CSE-DS,6,Male,Hostel,Night,Auditory,Average,Medium,Good,No,Yes,Not Started,141,248,9,80,72.1,73.8,7.45,0,33,4,2,0,6.0,75,991
ECE,6,Male,Hostel,Night,Kinesthetic,Good,Medium,Good,No,Yes,Not Started,418,78,151,206,77.5,79.2,7.65,0,43,6,1,0,2.0,143,1072
CSE-DS,1,Female,Hostel,Morning,Kinesthetic,Good,Low,Good,No,No,Not Started,0,201,16,384,77.5,57.8,4.59,3,26,2,1,0,0.0,124,1166
CSE-AIML,8,Male,Hostel,Morning,Visual,Average,Medium,Good,No,No,Placed,17,310,208,149,81.7,69.2,6.81,0,30,6,3,2,3.0,78,572
CSE,2,Male,Day Scholar,Afternoon,Kinesthetic,Average,High,Good,No,No,Not Started,300,302,135,372,82.2,68.2,7.03,0,30,0,0,0,1.0,65,1148
CSE,2,Female,Hostel,Afternoon,Visual,Good,Low,Good,No,Yes,Not Started,238,261,178,52,80.1,75.7,8.31,0,38,3,0,0,1.0,3,1023
CSE,3,Male,Day Scholar,Night,Auditory,Good,Low,Poor,Yes,No,Not Started,67,70,120,277,91.6,65.4,6.25,1,31,3,1,0,0.0,44,843
CSE,5,Female,Hostel,Night,Auditory,Average,High,Poor,Yes,Yes,Not Started,142,250,65,0,65.4,55.6,5.74,3,26,6,0,0,1.0,0,859
CSE,4,Male,Day Scholar,Morning,Auditory,Average,Medium,Good,No,Yes,Not Started,52,249,166,152,64.4,54.2,5.63,1,26,3,0,0,0.0,0,976
IT,2,Female,Hostel,Night,Auditory,Average,High,Good,No,Yes,Not Started,71,313,208,357,100.0,81.0,8.2,0,40,0,1,0,1.0,128,1204
IT,8,Male,Hostel,Morning,Visual,Poor,Medium,Average,No,No,Placed,229,313,192,151,78.9,70.2,7.06,0,36,12,6,2,6.0,69,941
CSE-DS,4,Male,Day Scholar,Night,Visual,Good,Low,Average,No,No,Not Started,230,354,134,409,78.0,75.9,8.03,0,32,5,1,0,3.0,210,1278
IT,2,Male,Day Scholar,Morning,Auditory,Good,High,Good,No,No,Not Started,242,218,164,261,63.4,66.2,7.26,2,34,2,2,0,1.0,59,847
CSE,5,Female,Hostel,Afternoon,Visual,Poor,Medium,Average,Yes,No,Not Started,256,248,61,313,84.6,77.9,7.66,0,38,1,2,0,3.0,123,760
CSE-AIML,6,Male,Hostel,Night,Visual,Average,Medium,Average,No,Yes,Not Started,276,376,296,55,98.8,85.4,8.29,0,42,7,2,2,1.0,0,1047
IT,1,Male,Hostel,Night,Kinesthetic,Good,Low,Poor,No,Yes,Not Started,242,432,64,300,67.4,67.2,6.98,0,37,2,0,0,2.0,0,1002
IT,8,Male,Hostel,Morning,Visual,Poor,High,Good,No,No,Placed,252,195,35,456,73.8,67.3,6.25,0,28,6,3,2,7.0,314,1240
CSE,3,Female,Hostel,Night,Visual,Average,Medium,Good,No,Yes,Not Started,113,217,187,485,97.2,79.9,7.55,0,42,1,1,0,1.0,102,1303
CSE-AIML,1,Male,Day Scholar,Night,Kinesthetic,Poor,High,Good,No,No,Not Started,241,265,134,263,83.3,79.4,8.22,0,38,0,0,0,0.0,0,975
CSE,1,Male,Hostel,Afternoon,Kinesthetic,Average,Medium,Good,Yes,No,Not Started,414,436,101,291,93.1,83.9,7.95,0,39,1,0,0,0.0,85,1177
CSE-DS,4,Male,Hostel,Afternoon,Auditory,Poor,Low,Average,Yes,No,Not Started,148,289,187,166,80.8,74.6,7.42,0,36,3,1,0,1.0,81,1260
IT,8,Female,Hostel,Morning,Auditory,Good,Medium,Average,No,No,Placed,164,285,27,212,83.6,70.8,7.03,0,38,12,2,1,5.0,187,956
ECE,6,Female,Day Scholar,Night,Kinesthetic,Good,Medium,Poor,No,Yes,Not Started,135,324,62,345,82.1,66.5,6.41,3,38,8,1,2,,193,1190
CSE-AIML,7,Male,Hostel,Night,Visual,Average,High,Good,Yes,Yes,In Progress,189,390,174,341,94.8,77.4,7.81,0,40,6,2,0,2.0,198,1105
CSE,1,Female,Day Scholar,Night,Visual,Poor,Medium,Good,No,No,Not Started,144,372,62,310,85.7,68.0,6.08,0,39,0,0,0,0.0,6,1268
IT,4,Female,Hostel,Night,Visual,Good,Low,Good,No,No,Not Started,133,285,27,138,100.0,80.5,9.34,0,44,3,0,0,1.0,69,845
CSE,4,Male,Day Scholar,Morning,Kinesthetic,Average,Medium,Good,No,No,Not Started,74,164,302,177,81.3,60.2,5.32,1,28,4,1,0,2.0,19,966
CSE-AIML,6,Male,Day Scholar,Morning,Kinesthetic,Average,Medium,Average,No,No,In Progress,253,275,104,488,77.5,59.5,5.63,1,28,7,2,1,3.0,319,1256
CSE-AIML,7,Male,Hostel,Night,Kinesthetic,Poor,Medium,Good,Yes,No,Placed,150,137,0,240,69.0,58.2,5.57,4,33,9,3,1,3.0,167,1095
IT,7,Male,Day Scholar,Afternoon,Auditory,Average,Medium,Average,No,No,Placed,207,285,199,258,68.1,57.5,6.66,0,33,7,2,1,4.0,246,1146
CSE-AIML,7,Male,Hostel,Morning,Kinesthetic,Average,Medium,Good,No,Yes,In Progress,148,4,235,139,51.9,62.2,6.12,0,25,7,3,2,6.0,118,935
ECE,4,Female,Day Scholar,Afternoon,Kinesthetic,Poor,Medium,Average,No,Yes,Not Started,178,189,192,293,67.5,64.3,6.09,0,37,2,5,0,1.0,249,1092
CSE-DS,6,Female,Hostel,Night,Auditory,Good,Medium,Average,No,No,In Progress,95,75,168,356,87.1,71.8,6.5,0,34,6,1,5,4.0,204,1087
CSE-DS,2,Male,Day Scholar,Night,Auditory,Good,Low,Average,No,No,Not Started,73,225,7,362,86.8,61.9,5.82,0,31,2,0,0,1.0,71,1092
CSE-AIML,8,Male,Day Scholar,Night,Visual,Average,Low,Average,No,No,In Progress,215,435,239,385,64.8,59.6,5.69,2,28,4,0,2,2.0,297,960
CSE,1,Male,Hostel,Night,Kinesthetic,Good,Low,Good,No,No,Not Started,120,231,260,289,73.7,64.8,6.43,3,38,0,0,0,1.0,0,1105
CSE,1,Male,Day Scholar,Morning,Kinesthetic,Good,Low,Good,No,Yes,Not Started,60,138,134,38,59.6,61.2,6.04,2,31,0,0,0,2.0,79,967
CSE-DS,4,Male,Hostel,Night,Visual,Poor,High,Good,No,Yes,Not Started,156,461,181,64,78.9,73.5,7.96,1,36,1,1,0,5.0,27,1131
CSE-AIML,2,Female,Day Scholar,Afternoon,Kinesthetic,Good,High,Good,No,Yes,Not Started,185,240,0,288,100.0,79.7,7.91,1,41,0,1,0,0.0,125,944
IT,5,Male,Day Scholar,Night,Auditory,Poor,Medium,Good,No,No,Not Started,59,130,190,232,89.0,63.8,6.89,0,30,2,2,0,2.0,164,1064
ECE,3,Female,Hostel,Night,Auditory,Good,Low,Good,Yes,No,Not Started,245,290,329,255,82.9,74.1,7.11,0,30,2,2,0,1.0,147,894
CSE-AIML,2,Other,Day Scholar,Morning,Kinesthetic,Average,Medium,Good,No,No,Not Started,229,239,50,320,66.0,75.8,7.9,1,37,0,0,0,1.0,37,931
CSE-DS,2,Male,Day Scholar,Afternoon,Visual,Average,Medium,Good,Yes,Yes,Not Started,385,286,100,176,70.1,77.0,8.35,0,43,2,3,0,0.0,35,814
CSE-DS,6,Female,Hostel,Night,Kinesthetic,Average,Medium,Average,No,No,Not Started,152,256,313,15,76.0,55.0,5.57,3,30,3,2,0,2.0,28,917
CSE,5,Male,Hostel,Morning,Auditory,Poor,High,Good,No,No,Not Started,258,0,48,369,60.6,68.8,7.45,0,31,1,1,0,2.0,225,1056
CSE-AIML,6,Male,Hostel,Night,Auditory,Poor,Medium,Poor,No,Yes,Not Started,218,303,107,630,64.8,65.2,7.32,0,33,4,0,1,1.0,342,1192
IT,1,Male,Day Scholar,Night,Auditory,Average,Medium,Average,No,Yes,Not Started,1,348,15,532,78.9,65.9,6.43,2,33,0,0,0,1.0,35,757
CSE-DS,8,Male,Hostel,Night,Auditory,Poor,High,Good,No,No,In Progress,284,345,307,276,83.6,83.8,8.8,0,39,10,2,2,4.0,227,910
ECE,1,Male,Day Scholar,Night,Visual,Average,Medium,Average,Yes,Yes,Not Started,160,371,10,156,82.9,73.6,7.48,0,40,0,0,0,0.0,25,1138
CSE-AIML,8,Female,Hostel,Night,Visual,Good,High,Poor,No,No,Placed,265,283,85,144,75.2,69.2,6.41,1,33,8,2,2,,24,1042
CSE-DS,3,Male,Hostel,Morning,Visual,Good,Medium,,No,No,Not Started,214,104,162,119,96.8,82.9,8.66,0,33,1,0,2,0.0,0,763
IT,4,Male,Day Scholar,Morning,Visual,Poor,High,Good,No,No,Not Started,160,102,105,202,75.3,69.4,6.48,0,40,7,3,1,0.0,46,1111
IT,2,Female,Day Scholar,Morning,Visual,Poor,High,Average,No,No,Not Started,196,184,124,549,67.7,67.2,5.97,3,33,1,1,0,1.0,93,881
CSE-DS,3,Male,Hostel,Night,Kinesthetic,Good,Medium,Average,No,No,Not Started,154,93,81,93,96.8,77.8,7.38,0,37,1,1,0,5.0,0,994
CSE,4,Female,Hostel,Morning,Auditory,Average,Medium,Good,No,No,Not Started,149,306,0,342,87.0,71.9,6.81,0,38,4,3,1,1.0,69,1220
CSE-AIML,5,Male,Hostel,Morning,Kinesthetic,Average,High,Good,No,No,Not Started,147,310,0,322,76.0,65.6,6.75,0,32,5,1,0,2.0,234,967
CSE-DS,1,Female,Hostel,Afternoon,Auditory,Average,High,Average,No,No,Not Started,0,331,208,760,74.4,69.9,6.75,0,38,0,0,0,0.0,50,1050
CSE,8,Female,Hostel,Afternoon,Auditory,Good,High,Poor,Yes,No,In Progress,194,442,91,351,78.6,66.7,6.42,3,32,3,4,5,4.0,359,1549
CSE-AIML,2,Male,Day Scholar,Night,Kinesthetic,Average,Medium,Good,No,Yes,Not Started,3,244,125,309,81.1,57.7,5.7,2,29,1,1,0,1.0,34,1010
CSE,3,Male,Hostel,Morning,Kinesthetic,Average,Medium,Good,No,Yes,Not Started,207,254,220,0,82.1,79.3,7.66,2,40,3,0,0,0.0,8,980
CSE-AIML,2,Female,Hostel,Night,Auditory,Good,Low,Good,No,No,Not Started,240,93,116,460,100.0,79.4,7.44,1,38,2,0,0,1.0,7,880
CSE-AIML,2,Female,Day Scholar,Night,Kinesthetic,Average,High,Good,No,No,Not Started,140,164,282,204,86.6,75.0,6.77,0,38,1,2,0,1.0,30,907
CSE,3,Male,Day Scholar,Morning,Auditory,Poor,Medium,Good,Yes,Yes,Not Started,303,209,139,60,82.4,66.5,6.01,2,40,1,0,0,,0,1297
CSE,8,Male,Day Scholar,Night,Auditory,Poor,Medium,Good,Yes,Yes,Placed,232,299,95,42,96.1,76.1,7.6,1,38,4,3,1,5.0,0,847
IT,6,Male,Hostel,Night,Kinesthetic,Poor,High,Poor,No,No,Not Started,111,278,96,432,62.3,63.0,7.26,0,30,4,2,1,5.0,312,922
ECE,6,Female,Hostel,Night,Visual,Average,Low,Good,No,Yes,In Progress,245,30,314,155,91.2,73.8,7.76,0,34,2,3,1,3.0,91,1082
CSE-DS,7,Female,Day Scholar,Morning,Auditory,Average,Low,Poor,No,Yes,In Progress,173,260,120,539,97.7,70.4,8.9,0,31,4,1,0,3.0,258,1054
CSE-AIML,2,Male,Day Scholar,Night,Visual,Good,Low,Good,No,No,Not Started,121,404,87,229,72.2,65.5,7.13,1,35,1,1,0,2.0,2,843
CSE,8,Male,Hostel,Night,Visual,Good,Low,Average,No,No,Placed,145,339,168,0,79.4,64.3,5.76,0,29,6,1,5,4.0,0,1031
CSE,5,Female,Hostel,Night,Auditory,Average,Medium,Poor,No,Yes,Not Started,159,110,109,408,74.7,62.7,7.34,2,27,4,4,0,1.0,188,903
IT,1,Other,Hostel,Night,Visual,Average,Low,Average,Yes,Yes,Not Started,151,272,107,276,71.4,61.1,6.51,0,29,2,0,0,0.0,0,1103
CSE-DS,2,Female,Hostel,Morning,Kinesthetic,Average,Medium,Good,No,Yes,Not Started,139,227,0,479,63.0,74.5,7.52,0,34,2,3,0,0.0,68,960
ECE,1,Male,Day Scholar,Night,Auditory,Good,Medium,Poor,Yes,Yes,Not Started,108,380,170,0,100.0,72.2,7.8,0,41,0,0,0,0.0,0,1187
CSE,3,Female,Day Scholar,Night,Kinesthetic,Good,High,Good,No,No,Not Started,250,265,107,193,79.5,72.1,7.83,0,36,5,2,1,0.0,89,1036
CSE,5,Female,Day Scholar,Afternoon,Visual,Average,Low,Average,No,No,Not Started,212,393,138,104,85.1,69.6,7.38,0,29,5,1,1,3.0,87,1191
CSE,3,Male,Day Scholar,Morning,Kinesthetic,Good,High,Good,No,Yes,Not Started,34,221,132,638,56.3,53.9,5.27,3,27,2,1,0,1.0,196,1187
CSE,3,Female,Hostel,Morning,Visual,Poor,Medium,Good,No,Yes,Not Started,246,252,143,641,88.0,75.8,7.5,0,38,2,1,0,2.0,287,977
CSE,3,Female,Day Scholar,Night,Auditory,Average,Medium,Average,No,No,Not Started,229,455,202,243,72.1,71.2,6.26,1,33,5,0,0,3.0,57,1098
CSE,8,Male,Day Scholar,Morning,Auditory,Good,Low,Good,No,Yes,Placed,39,313,181,44,76.9,61.0,5.45,2,32,2,3,3,6.0,16,960
CSE-AIML,7,Male,Hostel,Afternoon,Kinesthetic,Average,High,Average,No,No,Placed,5,246,136,197,100.0,69.2,6.55,0,40,5,1,0,4.0,163,1320
ECE,4,Female,Hostel,Morning,Auditory,Good,Low,Average,No,No,Not Started,424,325,38,162,68.8,69.4,6.28,5,37,5,0,0,2.0,115,1001
CSE,5,Female,Day Scholar,Morning,Auditory,Average,Medium,Good,No,No,Not Started,149,295,338,40,81.9,81.7,8.53,0,44,6,1,1,4.0,0,1127
CSE-DS,5,Female,Day Scholar,Night,Visual,Average,Medium,Good,No,Yes,Not Started,242,315,129,0,65.6,70.7,6.31,4,39,6,2,0,2.0,0,870
CSE,6,Female,Hostel,Night,Visual,Good,Low,Good,No,Yes,In Progress,129,0,25,303,67.2,65.2,5.52,3,32,6,3,1,1.0,187,968
CSE,4,Female,Hostel,,Visual,Poor,High,Average,No,No,Not Started,419,370,265,376,93.7,74.8,7.37,1,32,1,4,0,2.0,111,1181
CSE,1,Female,Day Scholar,Morning,Auditory,Good,Medium,Good,No,No,Not Started,185,187,304,532,81.0,80.8,7.73,1,43,0,1,0,0.0,56,1082
CSE-DS,1,Female,Day Scholar,Morning,Kinesthetic,Average,Medium,Good,No,No,Not Started,171,188,88,0,89.1,82.6,8.56,0,41,1,1,0,1.0,0,1069
CSE,5,Male,Day Scholar,Night,Auditory,Average,High,Good,Yes,No,Not Started,319,369,117,45,73.1,77.3,8.23,0,36,7,2,0,1.0,43,1157
CSE-DS,8,Male,Hostel,Afternoon,Visual,Poor,High,Good,Yes,Yes,In Progress,98,373,76,0,78.2,61.7,6.28,0,34,5,1,2,4.0,19,871
CSE-DS,8,Female,Hostel,Night,Auditory,Poor,High,Good,No,Yes,Placed,209,459,155,308,69.2,69.3,6.97,2,33,8,4,0,6.0,271,1390
CSE-DS,7,Male,Hostel,Morning,Kinesthetic,Average,Low,Good,No,No,In Progress,74,305,205,240,100.0,78.0,7.72,1,38,6,0,0,5.0,110,954
IT,3,Male,Hostel,Night,Auditory,Poor,High,Good,Yes,No,Not Started,83,285,207,241,56.4,71.9,7.74,1,33,3,1,0,1.0,2,1084
CSE,6,Female,Day Scholar,Morning,Auditory,Good,High,Good,No,No,Not Started,131,356,70,0,75.9,57.9,6.02,2,34,4,2,1,1.0,0,1079
CSE,3,Female,Hostel,Night,Kinesthetic,Average,Medium,Poor,No,No,Not Started,169,180,7,275,98.6,77.6,6.58,0,39,6,1,0,1.0,66,1317
ECE,1,Male,Day Scholar,Night,Kinesthetic,Average,High,Good,No,No,Not Started,248,291,195,41,74.2,76.4,8.29,0,38,2,1,0,0.0,21,861
CSE,5,Female,Day Scholar,Night,Kinesthetic,Poor,High,Good,No,No,Not Started,492,182,150,302,78.2,88.9,8.58,0,38,5,0,0,5.0,91,1287
CSE,1,Male,Day Scholar,Night,Kinesthetic,Good,Low,Average,No,No,Not Started,331,413,197,243,67.5,80.6,8.01,0,37,0,1,0,1.0,0,937
CSE-AIML,7,Male,Hostel,Night,Kinesthetic,Good,Low,Good,Yes,No,Placed,83,161,123,121,100.0,77.2,6.95,0,40,7,2,3,3.0,128,737
CSE-AIML,3,Female,Hostel,Morning,Visual,Average,Low,Good,No,No,Not Started,229,0,23,170,79.0,74.6,7.61,0,33,2,1,1,0.0,54,1060
ECE,6,Male,Hostel,Night,Kinesthetic,Good,Medium,Poor,No,No,Not Started,166,159,148,0,77.1,70.9,7.35,0,38,2,1,2,3.0,32,1143
ECE,1,Female,Hostel,Morning,Auditory,Average,Medium,Good,No,No,Not Started,106,419,123,232,85.9,61.4,6.87,0,30,1,1,0,0.0,0,1503
ECE,5,Female,Hostel,Night,Kinesthetic,Average,Medium,Good,No,No,Not Started,195,325,180,35,95.8,75.3,7.6,0,37,1,2,2,4.0,0,923
CSE,7,Female,Hostel,Night,Auditory,Average,Medium,Good,No,Yes,Placed,192,0,131,348,100.0,82.4,8.21,0,43,7,1,1,3.0,274,1207
ECE,2,Female,Day Scholar,Night,Kinesthetic,Good,Medium,Good,No,Yes,Not Started,255,256,87,777,68.6,68.7,7.16,0,41,3,0,0,2.0,189,1139
CSE-AIML,3,Male,Hostel,Afternoon,Auditory,Good,Low,Average,No,No,Not Started,237,314,170,51,76.9,72.5,6.88,0,36,0,1,0,0.0,155,976
ECE,8,Female,Day Scholar,Afternoon,Kinesthetic,Average,Low,Good,Yes,No,Placed,163,0,318,137,76.5,58.4,6.68,0,24,9,2,3,5.0,156,956
CSE-AIML,2,Male,Hostel,Afternoon,Auditory,Good,High,Good,No,No,Not Started,234,490,150,0,86.3,69.2,7.18,0,37,0,2,0,1.0,5,1009
IT,8,Male,Hostel,Night,Kinesthetic,Average,Low,Good,No,Yes,Placed,151,92,0,124,79.5,71.5,7.07,0,39,5,1,2,4.0,169,1015
CSE,6,Male,Day Scholar,,Kinesthetic,Poor,High,Good,Yes,No,Not Started,92,132,214,590,71.1,69.9,7.27,0,32,7,1,1,4.0,332,1165
IT,7,Male,Day Scholar,Night,Auditory,Good,Low,Good,No,No,In Progress,208,306,39,361,76.2,69.7,7.19,0,33,4,3,0,2.0,205,1098
CSE,1,Male,Day Scholar,Night,Visual,Good,High,Good,No,Yes,Not Started,182,90,0,287,98.7,82.6,7.59,0,41,1,0,0,1.0,96,1103
ECE,5,Male,Day Scholar,Afternoon,Auditory,Poor,Medium,Good,No,Yes,Not Started,0,248,17,337,93.7,72.7,6.91,0,35,5,1,0,2.0,165,857
CSE,1,Male,Hostel,Night,Kinesthetic,Average,Medium,Good,Yes,No,Not Started,144,0,128,423,65.7,65.3,7.14,0,30,1,1,0,2.0,0,784
CSE,7,Female,Hostel,Afternoon,Visual,Average,Medium,Good,No,No,In Progress,168,8,96,487,75.6,65.6,6.69,0,36,4,2,0,6.0,334,993
CSE,5,Male,Day Scholar,Morning,Kinesthetic,Poor,Medium,Good,No,No,Not Started,151,0,87,180,58.0,69.8,7.66,0,28,2,1,0,4.0,0,850
ECE,1,Male,Hostel,Night,Visual,Average,Low,Good,No,No,Not Started,224,181,128,233,69.0,73.8,7.06,0,38,0,0,0,1.0,11,1013
IT,1,Female,Hostel,Night,Auditory,Good,Medium,Good,No,Yes,Not Started,126,0,124,171,100.0,87.3,8.24,0,44,1,1,0,1.0,0,587
ECE,8,Female,Hostel,Night,Auditory,Average,Medium,Good,No,No,In Progress,246,86,120,187,63.3,71.3,7.28,0,32,7,1,4,1.0,211,1048
CSE,5,Male,Day Scholar,Night,Auditory,Poor,Low,Average,No,Yes,Not Started,232,28,148,310,80.9,66.5,6.92,0,34,8,2,2,1.0,168,933
CSE-DS,4,Female,Day Scholar,Afternoon,Kinesthetic,Poor,Medium,Average,No,Yes,Not Started,269,361,143,79,100.0,79.8,7.72,0,42,3,1,1,2.0,67,1049
CSE,8,Male,Hostel,Morning,Visual,Good,Medium,Average,No,No,Placed,190,315,177,564,76.6,66.9,7.72,0,32,10,4,1,6.0,501,1057
CSE-AIML,4,Male,Hostel,Morning,Visual,Poor,Low,Good,Yes,No,Not Started,153,0,0,150,85.0,63.5,6.53,0,30,5,1,0,2.0,77,881
CSE-AIML,7,Male,Day Scholar,Night,Kinesthetic,Poor,Medium,Good,No,Yes,In Progress,158,3,0,303,66.1,63.5,5.56,0,33,7,2,1,6.0,270,984
CSE-AIML,2,Female,Hostel,Morning,Kinesthetic,Good,High,Poor,No,No,Not Started,123,311,13,715,96.4,66.7,6.97,2,35,1,1,0,0.0,128,895
CSE-AIML,7,Male,Hostel,Night,Visual,Poor,Medium,Good,No,No,In Progress,199,0,47,193,62.0,70.0,6.15,2,35,9,0,2,2.0,130,1227
CSE-AIML,7,Female,Day Scholar,Night,Auditory,Average,Medium,Good,No,Yes,Placed,107,310,27,169,72.3,66.6,6.66,0,27,4,3,0,2.0,129,810
CSE,6,Female,Day Scholar,Afternoon,Kinesthetic,Good,Low,Good,No,No,Not Started,288,231,3,348,84.1,74.1,6.82,1,37,5,1,2,5.0,250,1200
IT,2,Male,Hostel,Afternoon,Visual,Good,Low,Poor,No,No,Not Started,97,283,0,264,63.6,71.4,7.69,0,37,4,0,0,0.0,38,1185
CSE-AIML,7,Male,Hostel,Afternoon,Auditory,Good,Low,Poor,No,No,In Progress,234,188,120,302,88.1,73.8,7.28,0,37,8,1,0,1.0,134,784
CSE,8,Male,Day Scholar,Afternoon,Visual,Poor,High,Average,Yes,No,In Progress,149,153,93,70,87.0,67.5,7.51,1,30,10,2,1,6.0,57,1197
CSE,5,Male,Day Scholar,Morning,Kinesthetic,Poor,Medium,Good,No,No,Not Started,99,171,11,308,85.1,64.3,7.0,0,28,1,4,2,0.0,141,1061
CSE-AIML,5,Male,Hostel,Night,Auditory,Poor,Medium,Good,No,No,Not Started,163,219,211,635,74.4,72.0,6.59,0,36,1,3,1,4.0,318,1070
ECE,5,Female,Hostel,Morning,Auditory,Poor,Low,Good,Yes,No,Not Started,111,258,200,64,95.2,75.9,7.97,0,41,3,2,1,2.0,36,1274
CSE,3,Male,Day Scholar,Night,Auditory,Good,Low,Poor,No,No,Not Started,172,310,245,335,70.3,67.6,7.47,0,30,1,1,0,0.0,141,1079
IT,1,Female,Day Scholar,Morning,Auditory,Average,Medium,Average,No,Yes,Not Started,139,277,354,193,77.2,66.7,6.94,0,36,2,0,0,0.0,0,911
IT,2,Male,Day Scholar,Afternoon,Kinesthetic,Good,Low,Average,No,Yes,Not Started,145,464,132,0,85.9,63.9,6.81,0,34,0,0,0,1.0,13,1048
CSE,3,Male,Hostel,Morning,Visual,Average,Low,Good,No,No,Not Started,80,170,317,366,80.8,64.5,6.97,0,29,2,0,0,2.0,86,958
CSE-AIML,8,Female,Hostel,Afternoon,Auditory,Average,Medium,Good,No,No,In Progress,360,209,71,680,83.0,83.4,8.69,0,31,9,1,4,5.0,461,1173
CSE-AIML,4,Female,Day Scholar,Night,Auditory,Poor,Medium,Average,No,No,Not Started,91,16,146,198,96.7,65.3,5.67,2,31,0,2,2,3.0,32,818
CSE-DS,5,Male,Hostel,,Kinesthetic,Average,Medium,Good,No,No,Not Started,204,456,95,255,71.4,71.5,7.09,0,33,6,2,2,3.0,124,1111
CSE,1,Male,Hostel,Night,Auditory,Good,Low,Average,Yes,No,Not Started,0,202,35,134,87.6,72.2,7.84,0,33,1,0,0,0.0,7,869
CSE-AIML,2,Male,Day Scholar,Morning,Kinesthetic,Average,Medium,Good,No,No,Not Started,166,408,19,60,89.2,80.3,7.34,0,41,1,1,0,1.0,0,943
CSE,8,Female,Day Scholar,Night,Visual,Good,Medium,Average,No,No,Placed,425,173,0,4,69.9,75.3,7.5,0,37,3,3,1,5.0,81,1297
CSE,5,Male,Day Scholar,Night,Auditory,Poor,High,Good,Yes,No,Not Started,37,254,0,154,89.0,63.6,5.68,0,31,5,0,2,2.0,0,711
CSE,2,Female,Hostel,Morning,Kinesthetic,Average,Low,Average,No,No,Not Started,143,126,36,393,68.3,60.8,5.88,2,27,2,1,0,1.0,124,815
ECE,6,Female,Hostel,Night,Kinesthetic,Poor,High,Good,No,No,Not Started,189,129,30,194,85.9,70.9,7.26,0,36,6,0,0,3.0,233,1133
IT,1,Female,Day Scholar,Morning,Kinesthetic,Average,Medium,Good,No,No,Not Started,279,199,123,306,98.6,82.3,7.77,1,39,1,0,0,1.0,63,1123
CSE-AIML,2,Male,Hostel,Morning,Auditory,Average,Low,Good,No,No,Not Started,89,219,0,616,82.1,69.4,6.81,2,34,1,0,0,1.0,149,1021
CSE,2,Male,Hostel,Night,Kinesthetic,Average,Medium,Good,No,No,Not Started,224,287,203,85,78.7,73.9,6.48,0,32,3,0,0,2.0,0,1075
CSE,4,Male,Day Scholar,Afternoon,Kinesthetic,Average,Low,Average,No,No,Not Started,218,212,107,504,94.2,80.4,8.31,0,34,3,2,0,0.0,194,948
CSE,5,Male,Hostel,Morning,Kinesthetic,Average,Low,Average,No,Yes,Not Started,230,246,183,371,83.1,75.3,8.02,0,36,6,3,1,1.0,216,1333
ECE,2,Female,Day Scholar,Night,Visual,Average,Medium,Good,Yes,No,Not Started,179,217,148,614,87.3,74.3,7.53,0,35,3,0,0,2.0,169,1273
CSE,6,Male,Day Scholar,Night,Visual,Average,Low,Good,No,No,Not Started,68,313,122,0,99.3,63.3,6.88,0,31,8,1,0,4.0,0,901
CSE,7,Male,Day Scholar,Morning,Visual,Good,Medium,Good,No,Yes,In Progress,266,357,93,87,78.4,69.2,7.17,2,32,4,1,3,3.0,37,885
CSE,7,Female,Hostel,Night,Kinesthetic,Poor,High,Good,No,No,In Progress,352,313,101,588,61.1,73.4,8.26,0,37,3,1,2,4.0,482,916
CSE,5,Female,Hostel,Morning,Kinesthetic,Average,High,Good,No,No,Not Started,45,323,0,464,93.4,58.7,5.34,4,23,3,0,0,4.0,253,1102
ECE,7,Female,Hostel,Morning,Visual,Poor,Medium,Good,No,Yes,Placed,186,258,118,196,86.3,65.4,6.4,1,32,3,0,1,3.0,158,1243
CSE-DS,8,Female,Day Scholar,Morning,Visual,Poor,High,Poor,No,No,Placed,224,356,143,467,82.4,72.0,7.53,0,39,5,3,2,3.0,376,1217
ECE,8,Male,Day Scholar,Morning,Visual,Average,Medium,Good,No,No,In Progress,355,134,0,516,74.0,76.4,7.13,0,34,9,6,1,2.0,391,1141
CSE-DS,8,Female,Hostel,Night,Visual,Poor,Medium,Average,No,No,Placed,93,184,128,473,88.0,73.7,7.94,0,37,5,2,3,7.0,403,1374
CSE-AIML,6,Male,Day Scholar,Night,Auditory,Good,Low,Good,No,Yes,Not Started,369,56,141,745,70.4,67.2,6.15,2,30,5,0,3,0.0,439,847
CSE-DS,2,Male,Hostel,Night,Auditory,Good,Low,Average,No,Yes,Not Started,214,282,92,315,80.2,76.1,7.88,0,35,5,2,0,1.0,50,1067
CSE,1,Male,Day Scholar,Night,Auditory,Good,Low,,No,No,Not Started,421,212,72,481,69.7,72.2,7.36,0,34,1,0,0,0.0,101,815
CSE,1,Male,Hostel,Night,Kinesthetic,Poor,High,Average,No,Yes,Not Started,178,198,126,191,83.8,78.2,8.02,0,38,1,0,0,0.0,0,1146
CSE,3,Female,Hostel,Morning,Kinesthetic,Good,Low,Good,No,Yes,Not Started,185,211,0,338,100.0,71.3,7.28,0,33,3,1,0,1.0,233,1137
CSE-DS,5,Female,Day Scholar,Morning,Auditory,Average,Medium,Good,No,Yes,Not Started,207,331,0,531,60.3,70.2,7.77,1,35,6,1,2,2.0,280,1213
IT,4,Female,Day Scholar,Night,Visual,Poor,Medium,Good,No,Yes,Not Started,250,100,0,367,100.0,88.8,8.82,0,50,1,2,0,1.0,214,1155
IT,3,Female,Hostel,Morning,Kinesthetic,Poor,Medium,Poor,No,Yes,Not Started,221,193,128,334,76.6,72.2,7.5,0,33,2,2,0,2.0,91,750
CSE-DS,5,Male,Day Scholar,Morning,Auditory,Average,Medium,Good,No,Yes,Not Started,109,365,38,238,77.3,62.1,6.43,2,27,2,0,0,1.0,160,1008
CSE,5,Female,Day Scholar,Morning,Auditory,Good,Low,Average,No,No,Not Started,211,67,13,527,97.4,74.7,6.8,0,41,4,1,3,6.0,247,934
IT,5,Female,Hostel,Morning,Kinesthetic,Average,Medium,Good,No,No,Not Started,135,146,166,261,63.4,61.8,5.26,2,32,4,1,1,3.0,147,1023
CSE,4,Male,Day Scholar,Morning,Kinesthetic,Poor,High,Average,No,Yes,Not Started,119,253,0,163,80.2,76.0,7.68,0,34,3,0,1,3.0,6,1080
CSE,8,Male,Hostel,Morning,Visual,Good,Medium,Good,Yes,No,Placed,103,329,227,67,84.3,64.7,6.1,2,34,5,2,2,4.0,79,980
CSE,4,Female,Day Scholar,Afternoon,Auditory,Average,Medium,,No,Yes,Not Started,149,485,62,527,93.3,72.6,7.32,1,29,5,2,2,1.0,233,1083
CSE,8,Male,Hostel,Night,Auditory,Average,Medium,Good,No,Yes,Placed,83,249,40,126,88.5,67.4,7.15,0,33,4,1,1,5.0,138,993
CSE,1,Other,Hostel,Night,Kinesthetic,Good,Low,Poor,Yes,No,Not Started,92,98,216,341,93.5,73.1,7.3,0,28,1,0,0,0.0,0,1010
CSE,1,Male,Hostel,Morning,Kinesthetic,Average,Medium,Average,No,No,Not Started,28,105,133,476,79.7,64.6,6.1,3,28,1,0,0,0.0,75,1131
CSE-AIML,5,Male,Day Scholar,Morning,Visual,Average,Medium,Average,No,No,Not Started,363,383,163,188,74.7,77.0,7.66,0,35,3,1,4,2.0,83,1160
CSE,3,Male,Day Scholar,Morning,Auditory,Good,Low,Good,Yes,Yes,Not Started,235,370,129,515,82.2,75.5,7.12,1,33,2,0,0,1.0,220,1036
CSE-AIML,7,Female,Hostel,Morning,Visual,Average,Medium,Average,Yes,Yes,In Progress,379,135,70,294,77.3,67.1,6.1,0,37,4,1,0,2.0,170,1099
CSE,3,Male,Hostel,Morning,Kinesthetic,Poor,High,Good,No,Yes,Not Started,187,401,261,172,69.3,68.6,6.53,0,33,4,0,0,4.0,62,847
CSE,4,Female,Hostel,Night,Auditory,Average,Medium,Average,No,Yes,Not Started,229,162,88,176,91.2,76.1,6.8,0,39,2,0,0,3.0,49,1229
CSE,6,Male,Day Scholar,Night,Kinesthetic,Poor,Medium,Average,No,No,Not Started,425,177,298,281,100.0,83.4,8.86,0,43,2,0,1,1.0,198,691
CSE-DS,3,Female,Hostel,Night,Kinesthetic,Average,Medium,Good,No,No,Not Started,336,467,358,153,94.1,77.5,7.86,0,41,1,1,0,1.0,34,1107
CSE-AIML,7,Female,Hostel,Morning,Auditory,Average,Medium,Good,No,Yes,In Progress,229,264,173,202,77.6,69.3,6.83,0,38,1,2,0,5.0,135,888
CSE-AIML,3,Male,Day Scholar,,Kinesthetic,Good,Medium,Poor,No,No,Not Started,338,117,84,436,96.8,87.6,9.03,0,44,1,0,0,0.0,116,1064
CSE,4,Female,Hostel,Night,Auditory,Average,Low,Good,No,No,Not Started,157,257,104,200,73.8,60.5,6.18,0,30,6,0,0,2.0,62,1174
CSE,7,Female,Day Scholar,Night,Visual,Average,High,Average,No,No,In Progress,212,175,123,225,53.3,75.1,7.91,0,37,8,2,0,,168,1016
CSE,7,Female,Hostel,Afternoon,Kinesthetic,Average,Low,Average,No,No,Placed,265,219,236,609,83.7,82.3,7.98,0,39,4,4,1,1.0,481,1324
CSE-DS,5,Male,Hostel,Night,Auditory,Good,Low,Average,No,Yes,Not Started,166,392,101,280,96.7,73.6,7.86,0,33,6,2,0,1.0,83,1078
CSE,4,Other,Hostel,Night,Visual,Average,Medium,Average,No,Yes,Not Started,169,192,43,112,97.2,80.5,7.78,0,45,3,2,1,,107,1153
CSE-AIML,6,Male,Day Scholar,Morning,Kinesthetic,Average,Medium,,No,No,Not Started,248,258,108,283,98.9,68.7,7.39,0,32,5,4,3,4.0,123,991
CSE-DS,2,Male,Hostel,Morning,Auditory,Poor,Medium,Good,No,No,Not Started,211,285,63,108,77.2,74.1,7.6,2,41,1,0,0,2.0,88,1071
CSE-DS,6,Male,Day Scholar,Night,Auditory,Good,Low,Average,No,Yes,Not Started,161,337,17,186,78.5,64.2,5.53,4,31,6,1,3,7.0,32,1075
CSE-AIML,8,Male,Day Scholar,Night,Kinesthetic,Good,Low,Average,No,Yes,Placed,143,205,215,245,88.7,70.7,6.55,1,32,4,0,2,7.0,248,1271
CSE-DS,4,Female,Hostel,Night,Auditory,Average,Medium,Good,No,No,Not Started,146,399,75,337,79.9,73.4,6.9,0,37,7,2,0,3.0,135,1183
IT,3,Female,Hostel,Morning,Visual,Average,High,Good,Yes,Yes,Not Started,161,343,3,91,86.7,75.8,8.57,0,34,0,2,0,2.0,0,1134
CSE-AIML,6,Female,Hostel,,Kinesthetic,Average,Medium,Good,No,Yes,Not Started,385,377,156,434,70.2,72.1,7.39,0,35,9,3,2,5.0,261,1061
ECE,4,Female,Day Scholar,Morning,Kinesthetic,Good,Low,Good,No,No,Not Started,262,159,221,19,70.0,73.3,7.32,0,34,0,1,1,2.0,0,1186
CSE,5,Male,Hostel,Night,Visual,Average,Low,Good,No,No,Not Started,223,78,135,498,100.0,73.9,7.32,0,37,2,0,2,6.0,298,975
CSE,6,Female,Hostel,Night,Kinesthetic,Poor,High,Average,No,No,Not Started,311,325,80,353,89.6,79.3,8.05,0,43,6,4,0,4.0,179,1107
CSE-AIML,8,Male,Day Scholar,Night,Auditory,Average,Low,Good,No,No,Placed,0,109,93,0,75.8,63.3,5.93,2,31,3,1,2,1.0,8,770
CSE,5,Male,Day Scholar,Morning,Visual,Good,Low,Good,No,No,Not Started,137,465,219,394,81.6,71.8,6.82,0,39,2,1,1,2.0,255,1052
CSE-DS,2,Female,Hostel,Night,Kinesthetic,Average,Medium,Average,No,No,Not Started,247,496,122,204,71.9,67.4,6.91,1,32,0,1,0,0.0,73,1053
CSE-DS,6,Female,Day Scholar,Afternoon,Auditory,Average,Medium,Good,No,No,Not Started,213,168,15,221,91.6,76.4,7.51,0,41,9,0,0,2.0,91,1288
IT,2,Male,Hostel,Night,Kinesthetic,Average,Medium,Good,No,No,Not Started,131,216,305,484,63.4,62.2,5.97,3,30,2,0,0,1.0,147,872
IT,4,Female,Hostel,Morning,Visual,Average,Medium,Good,Yes,No,Not Started,228,357,274,386,64.9,78.0,7.96,2,35,3,1,0,0.0,109,1146
CSE,8,Male,Day Scholar,Morning,Kinesthetic,Poor,Low,Good,No,Yes,Placed,176,332,78,572,86.3,78.9,7.74,2,36,9,2,1,4.0,427,1423
CSE-AIML,8,Male,Day Scholar,Morning,Visual,Average,Low,Good,No,No,Placed,52,209,14,289,100.0,77.0,7.78,0,39,8,7,0,2.0,235,1056
IT,5,Female,Hostel,Night,Visual,Good,Medium,Good,No,Yes,Not Started,99,280,74,594,92.5,65.2,7.02,2,32,1,0,1,1.0,267,1051
CSE-AIML,2,Male,Day Scholar,Morning,Visual,Good,Medium,,No,No,Not Started,172,268,195,794,40.1,63.1,6.04,3,30,3,1,0,0.0,116,1130
CSE-DS,8,Female,Hostel,Morning,Auditory,Poor,High,Average,No,Yes,Placed,267,131,102,385,67.9,67.6,7.13,0,34,7,3,1,9.0,207,1223
ECE,4,Male,Hostel,,Kinesthetic,Poor,High,Good,No,Yes,Not Started,137,214,77,542,55.3,62.0,6.26,1,30,4,0,2,0.0,174,1249
IT,1,Male,Hostel,Morning,Visual,Good,Medium,Good,Yes,No,Not Started,203,273,174,88,85.5,76.2,7.56,1,37,1,0,0,0.0,0,1023
IT,4,Male,Day Scholar,Night,Auditory,Average,Medium,Good,No,No,Not Started,177,382,143,415,99.9,75.1,6.73,1,40,2,0,0,3.0,224,1446
CSE-DS,2,Female,Hostel,Morning,Auditory,Good,Medium,Average,Yes,No,Not Started,96,311,252,535,86.9,69.4,6.75,0,38,2,0,0,0.0,61,764
CSE,5,Male,Day Scholar,Night,Kinesthetic,Good,Low,Good,Yes,No,Not Started,59,161,92,262,66.5,63.4,6.59,1,26,1,0,2,2.0,120,1071
CSE,1,Male,Day Scholar,Morning,Kinesthetic,Poor,Medium,Good,No,No,Not Started,161,299,0,420,81.3,64.2,6.06,4,32,1,0,0,0.0,42,1068
CSE,3,Male,Hostel,Night,Visual,Average,Medium,Good,No,No,Not Started,249,92,207,626,84.8,68.6,7.58,0,36,1,0,0,0.0,230,1100
CSE-DS,8,Male,Hostel,Morning,Kinesthetic,Average,Medium,Good,No,Yes,Placed,119,129,0,537,97.9,65.2,7.03,0,28,8,2,1,10.0,466,1231
IT,3,Female,Hostel,Morning,Visual,Average,Medium,Average,No,No,Not Started,85,110,233,300,68.5,68.7,6.69,0,34,0,2,1,2.0,70,1177
CSE,5,Male,Day Scholar,Night,Visual,Average,Medium,Good,No,Yes,Not Started,34,370,247,39,51.9,49.3,5.49,2,19,4,1,2,1.0,35,1133
CSE-DS,7,Female,Hostel,Afternoon,Visual,Average,Medium,Average,No,No,Placed,119,419,17,291,81.0,67.0,5.64,1,34,4,3,2,2.0,274,1001
CSE-AIML,6,Male,Day Scholar,Night,Kinesthetic,Average,High,Good,No,Yes,In Progress,136,408,172,372,82.8,70.7,6.33,0,36,5,4,0,1.0,210,1361
ECE,3,Male,Hostel,Afternoon,Auditory,Average,Medium,Average,No,No,Not Started,266,177,90,282,72.1,65.2,6.78,0,35,3,0,1,1.0,151,1007
IT,3,Male,Hostel,Morning,Kinesthetic,Average,Medium,Good,No,Yes,Not Started,244,11,49,271,91.2,73.1,7.14,0,35,3,3,0,3.0,0,810
CSE,3,Female,Hostel,Morning,Visual,Poor,High,Average,Yes,Yes,Not Started,111,202,0,0,91.9,64.3,6.23,4,30,1,1,0,0.0,0,964
CSE-AIML,2,Male,Day Scholar,Afternoon,Kinesthetic,Poor,Medium,Good,Yes,Yes,Not Started,311,140,104,318,70.9,69.8,6.43,1,39,1,1,0,1.0,57,1232
ECE,3,Female,Day Scholar,Morning,Kinesthetic,Average,Medium,Average,No,Yes,Not Started,349,523,147,380,86.5,79.7,7.57,2,38,0,0,0,0.0,100,1218
CSE,7,Female,Day Scholar,Night,Auditory,Good,Low,Good,No,Yes,In Progress,243,41,84,262,81.5,77.0,6.85,1,36,8,3,0,6.0,248,1170
CSE-DS,2,Female,Day Scholar,Afternoon,Auditory,Average,Low,Good,No,No,Not Started,182,429,64,37,72.6,70.7,7.18,0,33,4,1,0,0.0,0,1050
CSE-AIML,1,Male,Day Scholar,Night,Kinesthetic,Average,Medium,Good,Yes,No,Not Started,0,333,129,65,100.0,68.6,6.77,0,37,0,0,0,0.0,5,1110
IT,5,Male,Day Scholar,Night,Visual,Average,Medium,Average,No,Yes,Not Started,177,364,459,408,85.3,69.5,6.16,2,36,6,2,2,1.0,210,1172
CSE,8,Male,Hostel,Night,Visual,Average,High,Good,No,Yes,Placed,176,143,171,246,87.7,74.6,7.94,0,39,7,2,1,5.0,138,1255
CSE-DS,2,Male,Day Scholar,Afternoon,Kinesthetic,Average,High,Good,No,No,Not Started,64,361,86,365,71.7,60.3,5.6,5,24,1,0,0,1.0,144,964
CSE-AIML,2,Female,Hostel,Morning,Auditory,Average,Medium,Good,No,Yes,Not Started,237,201,187,57,87.1,74.3,6.96,0,40,6,1,0,1.0,0,1015
CSE,6,Male,Day Scholar,Morning,Visual,Good,Low,,No,Yes,Not Started,128,396,242,568,92.2,71.1,6.48,4,34,3,2,1,5.0,349,1020
CSE-AIML,7,Male,Hostel,Night,Visual,Average,Low,Average,No,No,Placed,193,66,163,326,90.2,73.9,7.82,0,38,8,1,2,4.0,176,1350
IT,3,Male,Day Scholar,Night,Visual,Average,Medium,Good,Yes,Yes,Not Started,84,88,106,0,83.9,67.8,6.66,0,38,1,1,2,2.0,0,722
CSE,8,Female,Day Scholar,Night,Visual,Average,Medium,Average,No,Yes,Placed,239,121,30,118,73.9,71.1,7.22,0,33,10,2,3,4.0,58,1118
CSE,6,Male,Day Scholar,Afternoon,Kinesthetic,Average,Medium,Poor,No,No,Not Started,232,356,38,504,80.3,64.0,6.0,1,30,6,1,1,5.0,319,1132
CSE,2,Female,Day Scholar,Night,Kinesthetic,Average,Low,Good,No,No,Not Started,131,416,107,238,77.7,62.3,6.84,1,33,1,0,0,1.0,0,930
CSE,8,Female,Hostel,Afternoon,Kinesthetic,Poor,High,Poor,No,Yes,Placed,114,10,294,237,84.5,66.8,7.05,1,36,8,2,3,6.0,297,1287
CSE-AIML,4,Male,Hostel,Night,Auditory,Average,Medium,Good,Yes,No,Not Started,167,442,129,339,74.0,74.5,8.34,0,36,1,1,1,2.0,167,1122
CSE,1,Female,Day Scholar,Morning,Visual,Good,Low,Average,No,No,Not Started,255,0,89,0,85.8,70.5,6.5,2,37,0,1,0,1.0,0,1117
CSE,6,Male,Day Scholar,Morning,Kinesthetic,Poor,High,Good,No,Yes,Not Started,309,271,146,362,85.2,82.3,8.13,0,39,1,2,0,5.0,149,1006
ECE,8,Male,Day Scholar,Night,Visual,Average,High,,Yes,No,Placed,301,295,119,318,72.0,62.8,6.56,1,33,5,2,1,5.0,249,1063
CSE,2,Male,Hostel,Night,Kinesthetic,Average,High,Good,No,No,Not Started,61,247,124,275,96.2,72.6,7.33,0,35,2,0,0,3.0,168,1276
CSE,2,Female,Day Scholar,Afternoon,Auditory,Poor,Medium,Average,No,No,Not Started,182,208,0,340,91.6,70.2,6.13,0,36,2,0,0,2.0,0,956
IT,6,Female,Hostel,Night,Kinesthetic,Average,Medium,Good,No,No,Not Started,188,328,0,387,90.8,67.7,6.25,5,30,3,1,0,8.0,212,1392
CSE-DS,2,Female,Day Scholar,Afternoon,Kinesthetic,Poor,High,Good,No,Yes,Not Started,48,357,112,302,70.2,68.2,7.76,0,32,0,0,0,1.0,102,1031
CSE-AIML,5,Female,Day Scholar,Morning,Kinesthetic,Average,Low,Good,No,No,Not Started,0,118,0,441,74.8,55.3,5.17,1,25,2,2,0,2.0,160,1211
CSE-DS,5,Male,Hostel,Morning,Visual,Good,Low,Good,No,No,Not Started,274,323,105,93,100.0,78.7,7.96,0,35,4,4,1,,6,1055
CSE-DS,4,Female,Day Scholar,Night,Visual,Poor,High,Good,No,Yes,Not Started,121,170,96,274,58.3,69.5,6.34,2,35,5,1,0,1.0,92,1300
ECE,2,Male,Hostel,Afternoon,Kinesthetic,Good,Low,Average,No,No,Not Started,313,236,108,442,89.0,80.4,8.48,0,38,0,0,0,1.0,43,986
CSE,6,Female,Hostel,Night,Visual,Good,Low,Average,No,No,Not Started,235,209,62,418,88.9,80.6,7.61,0,40,3,2,0,4.0,216,1378
CSE-AIML,7,Male,Day Scholar,Night,Visual,Poor,Low,Good,No,No,In Progress,118,138,269,0,75.1,58.9,6.18,1,25,5,2,0,2.0,35,970
CSE-AIML,8,Female,Day Scholar,Morning,Kinesthetic,Poor,High,Average,No,No,In Progress,42,320,0,537,88.3,76.3,7.86,0,35,5,2,1,7.0,408,1117
ECE,3,Male,Day Scholar,Night,Visual,Average,Low,Good,No,Yes,Not Started,96,10,118,0,82.5,73.0,7.41,0,37,2,1,1,2.0,0,907
CSE-DS,3,Male,Hostel,Night,Auditory,Average,Medium,Good,Yes,Yes,Not Started,211,181,70,305,78.6,66.8,6.9,0,33,2,1,0,0.0,88,1086
CSE,4,Male,Hostel,Night,Auditory,Poor,High,Average,No,Yes,Not Started,189,295,194,41,74.1,65.2,7.16,2,31,5,1,0,2.0,22,1249
CSE,2,Female,Hostel,Morning,Kinesthetic,Good,Medium,Good,No,No,Not Started,106,84,77,176,84.2,68.4,6.55,0,28,0,2,0,0.0,3,876
IT,2,Male,Hostel,Morning,Auditory,Average,Medium,Good,Yes,No,Not Started,143,285,123,57,100.0,67.9,6.23,4,32,2,0,0,1.0,63,1072
CSE-AIML,3,Male,Hostel,Afternoon,Visual,Good,Low,Good,No,No,Not Started,195,186,159,93,87.0,70.9,7.39,1,35,3,1,0,1.0,0,895
ECE,6,Male,Day Scholar,Night,Visual,Poor,Medium,Good,No,No,In Progress,113,152,0,455,100.0,80.4,8.0,0,33,5,0,2,3.0,349,1274
CSE-AIML,2,Male,Day Scholar,Afternoon,Kinesthetic,Poor,High,Average,No,Yes,Not Started,202,260,122,339,84.8,64.1,6.13,3,31,4,0,0,1.0,195,988
CSE,5,Male,Hostel,Night,Kinesthetic,Average,Medium,Good,No,No,Not Started,45,114,113,126,100.0,65.8,6.06,4,32,2,2,2,4.0,96,892
IT,5,Female,Hostel,Night,Auditory,Poor,High,Good,No,No,Not Started,81,401,169,437,80.9,63.1,6.8,0,35,7,2,1,3.0,200,1164
CSE,3,Female,Day Scholar,Night,Kinesthetic,Average,Low,,No,Yes,Not Started,188,263,163,223,74.3,66.6,6.8,0,37,1,2,0,2.0,103,1086
CSE-AIML,5,Male,Hostel,Night,Auditory,Good,High,Average,No,Yes,Not Started,269,478,275,0,82.3,74.4,8.47,0,37,6,1,2,6.0,0,1235
CSE,6,Female,Hostel,Afternoon,Auditory,Good,Medium,Poor,No,Yes,Not Started,81,86,108,427,80.5,63.9,6.81,1,41,4,3,4,6.0,311,1032
CSE,1,Female,Day Scholar,Afternoon,Kinesthetic,Average,Medium,Average,No,Yes,Not Started,279,185,204,0,79.5,68.0,6.15,1,27,1,0,0,0.0,0,949
CSE,1,Female,Hostel,Morning,Kinesthetic,Poor,Low,Good,Yes,Yes,Not Started,0,234,0,435,75.5,63.0,5.48,0,31,1,0,0,1.0,8,1042
CSE-DS,8,Male,Hostel,Night,Auditory,Poor,High,Average,No,No,Placed,143,341,150,103,91.2,56.6,5.48,0,27,10,0,1,5.0,113,1475
CSE,8,Female,Day Scholar,Night,Visual,Average,Medium,Poor,No,Yes,Placed,148,0,172,372,100.0,74.2,7.85,0,32,9,3,1,4.0,300,1336
ECE,2,Male,Day Scholar,Morning,Auditory,Average,Medium,Good,No,Yes,Not Started,146,55,150,118,52.3,59.2,5.89,4,32,3,2,0,0.0,57,1012
ECE,8,Female,Hostel,Morning,Kinesthetic,Poor,Medium,Average,No,No,Placed,240,261,0,281,64.2,65.1,5.99,4,37,3,2,1,6.0,173,867
CSE,7,Female,Hostel,Night,Visual,Average,Medium,Good,Yes,Yes,In Progress,142,320,221,514,48.7,63.1,6.46,1,31,4,3,1,3.0,370,1069
CSE-AIML,6,Male,Hostel,Morning,Visual,Average,Medium,Average,No,Yes,Not Started,175,379,334,148,71.6,61.7,6.1,3,30,1,4,1,,66,1014
CSE,6,Female,Day Scholar,Morning,Kinesthetic,Good,Medium,Good,No,No,Not Started,0,44,122,143,92.6,71.0,7.39,0,32,5,3,1,5.0,91,1034
CSE-AIML,2,Female,Day Scholar,Night,Visual,Good,Low,Good,No,No,Not Started,318,242,0,218,85.6,82.0,7.86,0,43,2,0,0,1.0,99,942
IT,6,Male,Day Scholar,Night,Auditory,Average,Medium,Good,No,Yes,Not Started,215,367,44,629,69.7,69.4,6.94,0,32,7,3,2,2.0,373,1269
CSE,2,Male,Hostel,Night,Auditory,Good,Low,Good,No,No,Not Started,0,184,87,0,66.1,53.1,5.43,1,31,4,0,0,1.0,67,751
CSE,5,Male,Day Scholar,Afternoon,Visual,Good,Low,Average,No,No,Not Started,70,0,0,157,83.9,67.9,6.94,0,34,3,2,1,2.0,101,1255
CSE-DS,7,Male,Day Scholar,Afternoon,Auditory,Good,Low,Good,No,Yes,Placed,183,362,122,244,84.1,70.1,6.87,1,32,5,0,0,4.0,204,1006
CSE,6,Male,Hostel,Night,Auditory,Average,Medium,Good,No,Yes,In Progress,107,151,75,262,73.6,63.7,6.02,3,30,7,3,1,3.0,139,1036
CSE,6,Female,Day Scholar,Afternoon,Visual,Average,Low,Good,No,No,In Progress,179,294,274,490,70.0,64.6,6.3,3,26,6,0,1,1.0,227,1089
CSE,7,Male,Day Scholar,Night,Kinesthetic,Average,High,Good,No,No,In Progress,83,500,0,492,90.4,74.1,7.79,0,34,8,1,4,4.0,399,1029
CSE-DS,2,Male,Hostel,Morning,Kinesthetic,Average,Low,Good,No,No,Not Started,73,40,116,482,100.0,78.7,7.51,1,36,1,1,0,3.0,98,1249
CSE,2,Male,Hostel,Afternoon,Kinesthetic,Average,Medium,Average,No,Yes,Not Started,222,433,20,254,78.2,67.2,6.31,1,30,1,1,0,,110,1039
CSE,7,Female,Hostel,Morning,Auditory,Average,High,Good,No,No,In Progress,191,291,0,294,85.1,85.8,8.06,0,42,3,1,1,2.0,158,938
ECE,3,Male,Hostel,Morning,Visual,Poor,High,Average,No,Yes,Not Started,279,319,112,164,93.2,81.7,8.05,0,38,4,1,0,0.0,14,1034
CSE,4,Male,Day Scholar,Night,Kinesthetic,Good,Low,Good,No,No,Not Started,26,0,41,385,72.4,61.1,6.61,0,30,5,2,1,2.0,134,933
CSE,3,Female,Hostel,Morning,Kinesthetic,Average,Medium,Good,No,Yes,Not Started,383,375,167,381,90.8,79.2,7.62,0,36,2,1,1,3.0,56,1102
CSE-AIML,8,Female,Day Scholar,Morning,Kinesthetic,Average,Medium,Good,No,No,Placed,197,224,286,321,76.6,58.7,6.24,3,32,8,8,3,5.0,303,1440
IT,7,Female,Day Scholar,Afternoon,Visual,Poor,Medium,Good,No,Yes,In Progress,153,406,482,558,100.0,72.1,7.46,0,31,6,1,2,4.0,375,1110
IT,2,Male,Hostel,Night,Visual,Average,Medium,Good,Yes,No,Not Started,176,201,123,318,68.5,66.7,6.09,2,31,1,1,0,0.0,0,1293
CSE,3,Female,Day Scholar,Night,Kinesthetic,Average,Medium,Average,No,No,Not Started,255,513,84,619,85.4,69.9,7.38,0,32,5,1,0,1.0,36,784
CSE,2,Female,Day Scholar,Night,Kinesthetic,Average,Low,Average,No,Yes,Not Started,94,291,188,158,77.3,61.6,5.64,1,35,0,1,0,1.0,0,865
CSE,1,Female,Hostel,Morning,Auditory,Poor,Low,Good,No,No,Not Started,163,44,354,250,73.2,69.1,6.81,1,32,1,1,0,1.0,0,1347
CSE-DS,2,Female,Hostel,Morning,Auditory,Poor,High,Good,No,No,Not Started,173,157,136,373,94.6,76.4,7.94,0,40,3,0,0,,38,1322
CSE-AIML,1,Male,Hostel,Morning,Visual,Good,Low,Good,No,No,Not Started,331,142,234,0,77.4,67.5,7.3,0,32,1,1,0,0.0,6,863
CSE-AIML,1,Male,Hostel,Morning,Kinesthetic,Poor,Medium,Poor,No,Yes,Not Started,145,454,13,161,93.4,78.2,7.86,0,42,1,0,0,0.0,0,1057
ECE,5,Male,Hostel,Afternoon,Visual,Good,Low,Poor,No,No,Not Started,266,175,161,501,100.0,72.5,7.3,0,35,5,2,0,3.0,274,941
CSE,4,Male,Hostel,Night,Kinesthetic,Average,Medium,Good,No,Yes,Not Started,167,430,0,377,72.5,67.7,6.76,0,33,4,1,1,4.0,142,1032
CSE-AIML,8,Other,Day Scholar,Night,Auditory,Good,Medium,Good,No,Yes,Placed,153,292,40,165,80.7,69.5,5.57,2,34,8,1,2,2.0,156,1231
CSE-DS,2,Male,Hostel,Morning,Kinesthetic,Poor,Medium,Good,No,No,Not Started,139,315,68,450,81.6,70.7,6.87,0,35,4,1,0,1.0,63,1044
IT,5,Male,Day Scholar,Night,Auditory,Average,Medium,Good,No,No,Not Started,83,178,0,404,93.1,66.2,6.55,0,34,1,1,1,3.0,218,975
CSE-AIML,4,Female,Hostel,Night,Auditory,Average,Medium,Good,No,No,Not Started,219,422,0,264,87.6,73.6,7.8,0,31,2,0,1,4.0,102,890
CSE,2,Male,Hostel,Night,Auditory,Average,Medium,Good,No,Yes,Not Started,102,230,200,0,89.3,74.1,7.38,1,37,2,0,0,2.0,69,1110
IT,3,Male,Day Scholar,Night,Visual,Average,Medium,Average,No,No,Not Started,205,186,155,215,73.3,69.3,7.32,0,31,0,1,0,1.0,63,1036
ECE,6,Female,Day Scholar,Morning,Kinesthetic,Good,Low,Good,Yes,No,Not Started,224,160,227,0,91.7,70.4,7.27,0,38,6,1,1,2.0,0,636
CSE-DS,3,Male,Hostel,Night,Kinesthetic,Poor,High,,No,No,Not Started,224,298,83,757,69.6,70.6,7.44,0,37,0,3,0,1.0,264,1238
CSE,2,Female,Day Scholar,Morning,Visual,Poor,Low,Good,No,No,Not Started,271,346,150,242,74.9,73.4,7.46,0,32,0,0,0,0.0,63,695
CSE,1,Male,Day Scholar,Night,Kinesthetic,Good,Low,Average,No,Yes,Not Started,147,281,50,515,68.9,57.5,6.83,1,29,0,0,0,1.0,91,1004
CSE,8,Male,Hostel,Morning,Kinesthetic,Good,Low,Good,No,Yes,Placed,240,283,298,334,83.2,82.0,8.11,0,37,2,2,1,4.0,288,1137
CSE,3,Male,Hostel,Morning,Kinesthetic,Good,Low,Good,No,Yes,Not Started,287,190,178,606,90.2,79.6,8.46,0,41,4,2,1,0.0,169,1112
CSE-AIML,5,Female,Hostel,Night,Auditory,Poor,Medium,Average,No,No,Not Started,70,391,334,0,81.9,63.2,5.9,1,27,7,1,1,3.0,0,1162
IT,5,Female,Day Scholar,Night,Auditory,Average,High,Good,No,Yes,Not Started,128,173,162,492,64.9,56.3,5.9,0,33,3,0,0,3.0,247,915
CSE-AIML,2,Male,Hostel,Afternoon,Auditory,Average,Medium,Good,No,Yes,Not Started,212,191,87,764,100.0,79.1,7.71,0,39,2,1,0,0.0,101,1006
CSE-AIML,1,Male,Day Scholar,Night,Kinesthetic,Average,Medium,Good,No,Yes,Not Started,126,355,24,277,88.0,69.2,7.77,0,37,0,0,0,1.0,52,989
IT,1,Male,Day Scholar,Morning,Visual,Poor,High,Average,No,No,Not Started,114,283,31,543,86.2,67.7,5.7,2,34,1,2,0,1.0,5,913
CSE-AIML,2,Male,Hostel,Night,Visual,Average,Medium,Good,No,Yes,Not Started,183,397,54,530,69.5,67.9,7.48,2,34,2,0,0,0.0,12,1142
ECE,7,Male,Day Scholar,Afternoon,Auditory,Good,Low,Average,No,Yes,Placed,205,361,69,277,82.4,75.1,7.72,0,41,8,2,2,2.0,211,1014
ECE,4,Male,Hostel,Afternoon,Visual,Average,Low,Poor,No,Yes,Not Started,280,385,346,59,88.6,77.1,7.87,0,38,3,3,0,0.0,43,903
IT,7,Female,Day Scholar,Morning,Kinesthetic,Poor,Medium,Average,Yes,No,Placed,190,202,160,329,81.8,67.5,7.67,0,36,5,3,2,4.0,164,1137
CSE,8,Male,Hostel,Morning,Kinesthetic,Poor,High,Good,No,No,Placed,241,181,187,374,96.4,73.2,7.77,0,36,1,3,1,3.0,360,1156
CSE-AIML,5,Female,Day Scholar,Afternoon,Auditory,Poor,Medium,Average,No,No,Not Started,259,252,165,0,72.8,62.9,6.09,3,26,3,2,0,1.0,6,1093
CSE-AIML,2,Male,Day Scholar,Morning,Visual,Average,Low,Average,No,Yes,Not Started,48,295,176,220,85.6,66.3,6.36,5,38,2,1,0,2.0,0,1026
IT,8,Female,Day Scholar,Night,Auditory,Good,Low,Average,Yes,Yes,Placed,223,97,0,265,82.7,72.1,7.38,0,35,5,2,3,5.0,150,1001
CSE,6,Female,Hostel,Afternoon,Kinesthetic,Average,Medium,Average,No,Yes,Not Started,139,202,312,697,91.5,75.6,6.98,0,36,8,2,0,2.0,568,1354
ECE,6,Female,Hostel,Night,Visual,Average,Medium,Average,No,No,Not Started,98,129,21,97,90.0,74.7,7.46,1,38,7,2,3,2.0,166,1054
ECE,7,Male,Hostel,Afternoon,Kinesthetic,Poor,High,Average,No,No,Placed,281,161,218,265,83.3,78.2,7.33,0,37,2,2,2,3.0,123,1085
IT,1,Male,Day Scholar,Afternoon,Visual,Poor,Medium,Good,No,Yes,Not Started,112,343,127,423,67.0,62.9,6.46,2,34,3,0,0,2.0,58,930
CSE,8,Female,Hostel,Morning,Visual,Poor,High,Good,No,Yes,Placed,125,327,0,152,90.0,73.8,6.27,1,39,5,5,0,7.0,189,971
IT,3,Female,Hostel,Night,Kinesthetic,Average,Medium,Poor,No,Yes,Not Started,274,229,180,474,93.8,81.0,9.08,0,42,5,3,0,1.0,59,1270
IT,5,Other,Hostel,Morning,Auditory,Average,Medium,Good,No,No,Not Started,85,230,4,422,78.6,59.2,5.33,5,30,3,0,0,3.0,148,1251
CSE,3,Female,Hostel,Night,Kinesthetic,Average,High,Average,No,No,Not Started,218,207,97,0,99.9,66.6,6.83,0,32,3,0,0,3.0,0,1129
CSE,4,Female,Hostel,Night,Kinesthetic,Average,Medium,Good,No,No,Not Started,156,254,133,366,90.3,72.0,7.08,0,38,2,2,0,2.0,190,1126
CSE,3,Female,Hostel,,Kinesthetic,Average,Medium,Good,No,No,Not Started,257,231,6,42,73.5,68.8,7.5,0,36,0,1,0,2.0,0,1323
ECE,6,Female,Hostel,Morning,Kinesthetic,Good,Medium,Good,No,No,Not Started,309,273,69,77,74.5,73.9,7.29,1,41,9,0,1,3.0,137,1219
IT,2,Female,Hostel,Night,Auditory,Good,Low,Average,No,No,Not Started,230,252,0,96,74.0,68.3,7.2,0,35,4,0,0,0.0,0,863
CSE-AIML,4,Male,Hostel,Night,Kinesthetic,Good,Low,Average,No,No,Not Started,0,251,36,124,81.4,71.5,6.93,0,37,3,0,1,3.0,79,959
CSE-AIML,8,Male,Day Scholar,Afternoon,Auditory,Good,Low,Poor,No,Yes,Placed,117,317,49,466,63.1,64.2,6.44,2,30,1,5,0,5.0,501,1273
CSE-DS,2,Male,Day Scholar,Morning,Visual,Good,Low,Good,No,No,Not Started,84,311,182,309,80.4,71.0,7.98,0,38,4,0,0,2.0,6,1111
CSE,5,Female,Hostel,Morning,Auditory,Good,Low,Good,No,Yes,Not Started,245,420,0,227,99.7,80.2,7.97,0,45,3,1,0,1.0,106,1060
CSE,8,Male,Day Scholar,Morning,Visual,Poor,High,Good,No,Yes,In Progress,195,142,165,487,99.7,75.9,7.42,0,35,5,1,2,6.0,458,1153
CSE-DS,5,Female,Day Scholar,,Kinesthetic,Poor,Medium,Good,No,Yes,Not Started,183,362,192,407,95.2,76.8,7.27,0,42,9,1,2,3.0,249,1132
CSE,7,Male,Hostel,Afternoon,Kinesthetic,Poor,High,Good,No,No,In Progress,263,169,138,93,68.1,64.1,6.54,2,30,6,5,1,4.0,105,1179
IT,6,Male,Hostel,Night,Visual,Good,High,Poor,No,No,Not Started,144,328,200,562,100.0,69.1,6.6,0,34,4,0,0,4.0,385,1141
ECE,3,Male,Hostel,Night,Visual,Average,Medium,Poor,No,Yes,Not Started,282,315,296,130,85.9,83.9,8.3,0,44,4,0,1,2.0,60,1026
CSE,2,Male,Day Scholar,Morning,Auditory,Poor,Medium,Average,No,No,Not Started,183,430,85,500,95.1,81.3,8.04,0,47,4,0,0,1.0,66,794
CSE-DS,3,Female,Hostel,Morning,Visual,Average,Low,Good,No,No,Not Started,229,336,266,620,87.7,76.1,6.22,3,37,5,1,1,2.0,238,1129
CSE,8,Female,Hostel,Night,Auditory,Average,Low,Good,No,No,Placed,309,114,0,322,90.8,85.0,8.12,0,45,6,3,0,4.0,215,811
CSE-AIML,8,Male,Hostel,Night,Auditory,Poor,Medium,Good,No,No,Placed,182,193,221,540,80.2,68.2,7.24,0,36,3,2,1,2.0,458,1699
CSE-DS,7,Female,Day Scholar,Night,Visual,Good,Low,Good,No,No,Placed,312,116,0,266,85.9,74.3,6.67,0,38,6,2,1,2.0,234,1000
CSE-DS,5,Female,Day Scholar,Night,Visual,Good,Low,Good,No,No,Not Started,309,138,101,176,66.1,74.3,7.71,0,37,6,3,2,6.0,53,1238
CSE,4,Male,Day Scholar,Afternoon,Kinesthetic,Average,Medium,Poor,No,Yes,Not Started,45,456,140,395,88.7,70.8,6.36,0,32,1,2,1,0.0,80,1128
CSE,7,Male,Hostel,Afternoon,Auditory,Average,Low,Good,No,No,Placed,127,0,59,239,81.2,63.8,6.99,0,29,9,0,1,4.0,140,1390
IT,4,Female,Hostel,Night,Kinesthetic,Poor,Medium,,No,No,Not Started,28,440,247,165,72.8,65.8,7.06,0,39,1,0,0,2.0,158,825
IT,2,Male,Day Scholar,Night,Auditory,Average,Medium,Average,No,No,Not Started,181,235,181,536,82.6,64.4,5.9,0,31,1,0,0,0.0,75,1057
CSE,3,Female,Hostel,Night,Visual,Poor,High,Average,No,No,Not Started,137,189,306,408,95.5,70.3,6.83,2,34,4,2,3,5.0,123,1146
CSE-DS,5,Male,Day Scholar,Morning,Visual,Poor,Medium,Average,No,No,Not Started,187,331,120,197,83.4,80.1,7.83,0,40,2,0,0,1.0,189,773
CSE-AIML,7,Female,Day Scholar,Afternoon,Auditory,Average,Medium,Poor,No,No,Placed,93,282,102,351,85.3,57.8,5.71,0,27,6,2,0,5.0,276,1087
CSE,5,Female,Hostel,Night,Visual,Poor,High,Good,Yes,No,Not Started,271,128,210,512,89.8,78.1,8.32,0,41,3,3,2,2.0,296,1212
CSE,8,Female,Day Scholar,Afternoon,Visual,Good,Low,Average,No,No,Placed,205,76,45,438,95.9,79.8,7.71,1,41,9,0,2,6.0,249,875
CSE-AIML,4,Male,Day Scholar,Afternoon,Visual,Average,Medium,Average,No,Yes,Not Started,77,74,43,370,74.0,68.7,6.71,0,31,2,3,2,3.0,197,965
CSE,2,Female,Hostel,Night,Kinesthetic,Poor,Medium,Good,No,No,Not Started,294,59,300,209,76.1,71.2,7.83,0,32,2,0,0,2.0,0,799
CSE-DS,8,Other,Hostel,Night,Visual,Poor,High,Good,No,No,Placed,115,310,0,85,65.4,61.9,5.92,0,33,7,2,1,6.0,80,1078
CSE-AIML,2,Male,Day Scholar,Night,Auditory,Average,Medium,Average,No,No,Not Started,192,263,83,0,74.1,72.4,7.82,0,39,1,2,0,0.0,0,856
CSE,2,Male,Day Scholar,Night,Auditory,Average,Medium,Good,No,Yes,Not Started,176,308,206,552,85.4,71.0,7.13,0,37,2,1,0,1.0,116,893
CSE-AIML,2,Female,Hostel,Afternoon,Kinesthetic,Good,Low,Average,No,Yes,Not Started,117,258,442,111,66.6,73.4,6.81,0,37,1,1,0,4.0,0,1293
CSE-AIML,3,Male,Day Scholar,Afternoon,Kinesthetic,Average,Medium,Good,No,Yes,Not Started,229,177,61,129,77.6,77.9,7.58,0,43,3,2,0,0.0,89,1137
IT,5,Male,Day Scholar,Night,Kinesthetic,Average,Low,Average,No,No,Not Started,90,0,162,881,68.5,64.7,6.35,0,31,4,1,1,3.0,358,1069
CSE-DS,1,Female,Hostel,Morning,Kinesthetic,Good,Low,Good,No,No,Not Started,165,324,144,342,94.2,72.2,7.02,0,39,1,0,0,0.0,0,1229
ECE,3,Female,Hostel,Night,Auditory,Average,Medium,Good,No,Yes,Not Started,155,128,0,294,78.4,69.2,6.67,1,36,0,1,0,4.0,80,1016
CSE,8,Female,Hostel,Morning,Kinesthetic,Good,Medium,Average,No,No,Placed,313,181,138,133,74.7,71.1,7.07,0,33,4,2,1,1.0,40,846
ECE,7,Male,Hostel,Afternoon,Kinesthetic,Average,Medium,Good,No,No,Placed,87,340,126,0,92.5,70.8,7.07,0,32,6,1,0,8.0,0,1150
CSE-DS,6,Female,Hostel,Night,Auditory,Good,Medium,Poor,No,No,Not Started,166,234,166,295,80.2,74.4,7.32,0,31,7,3,1,4.0,270,1215
CSE-DS,3,Male,Hostel,Night,Auditory,Poor,Medium,Average,Yes,No,Not Started,98,225,184,317,74.4,64.4,7.26,0,34,1,1,0,4.0,125,1159
CSE,3,Female,Hostel,Night,Kinesthetic,Average,Medium,Good,No,Yes,Not Started,326,323,98,0,49.0,61.4,6.24,3,29,2,0,1,1.0,0,1184
CSE-AIML,6,Female,Day Scholar,Afternoon,Visual,Average,Medium,Good,Yes,Yes,Not Started,212,225,105,215,78.9,66.3,6.64,0,31,2,2,0,9.0,150,1124
CSE-AIML,3,Other,Hostel,Afternoon,Auditory,Good,Low,Good,No,No,Not Started,228,110,79,710,79.4,70.5,6.55,0,40,7,0,0,1.0,164,869
CSE-AIML,2,Female,Hostel,Morning,Kinesthetic,Good,Low,Good,No,No,Not Started,152,261,68,252,88.1,68.8,6.32,1,31,4,0,0,1.0,70,1044
IT,7,Female,Hostel,Night,Kinesthetic,Average,Medium,Good,No,No,Placed,233,386,0,390,100.0,77.5,7.92,0,38,7,0,2,6.0,242,978
CSE-DS,2,Male,Day Scholar,Night,Kinesthetic,Poor,Low,Good,Yes,Yes,Not Started,257,251,64,0,67.9,68.3,6.47,1,29,3,2,0,1.0,0,984
CSE,5,Male,Day Scholar,Afternoon,Kinesthetic,Average,Medium,Poor,No,No,Not Started,280,203,203,224,76.1,68.0,6.5,1,33,2,1,2,2.0,167,1094
CSE,8,Female,Day Scholar,Afternoon,Visual,Average,Medium,Good,No,No,In Progress,123,352,290,378,78.1,69.7,6.51,1,35,8,2,2,1.0,258,773
ECE,6,Female,Hostel,Night,Kinesthetic,Poor,Medium,Good,No,No,Not Started,137,228,242,513,95.3,69.1,6.29,3,32,5,2,0,1.0,273,1261
CSE-DS,4,Female,Day Scholar,Night,Visual,Good,Low,Good,No,Yes,Not Started,95,0,11,289,80.8,65.4,6.78,0,30,5,2,0,0.0,81,1232
CSE-DS,6,Male,Hostel,Night,Visual,Poor,High,Average,Yes,No,In Progress,9,334,134,581,69.4,60.1,6.13,2,26,8,2,1,5.0,401,899
IT,5,Male,Day Scholar,Afternoon,Kinesthetic,Average,Medium,Good,Yes,Yes,Not Started,252,73,46,0,88.6,74.3,6.96,0,38,4,0,0,1.0,0,1164
CSE-DS,4,Female,Hostel,Night,Visual,Good,Low,Good,No,No,Not Started,216,259,0,287,63.8,57.7,6.57,0,24,5,3,2,0.0,75,988
ECE,1,Male,Hostel,Night,Kinesthetic,Average,Medium,Average,Yes,Yes,Not Started,213,264,131,134,75.1,62.3,5.66,4,38,2,0,0,0.0,0,920
CSE-AIML,5,Male,Hostel,Night,Auditory,Average,High,Good,No,No,Not Started,223,221,260,490,90.8,76.6,7.55,0,40,4,2,0,3.0,228,1059
CSE,3,Female,Hostel,Night,Kinesthetic,Average,Medium,Good,No,Yes,Not Started,310,237,157,409,57.6,74.9,7.81,0,42,4,3,0,0.0,141,1002
CSE-DS,6,Male,Day Scholar,Afternoon,Visual,Average,Medium,Good,No,Yes,In Progress,8,69,96,254,87.6,72.2,7.87,0,36,4,1,1,2.0,176,1134
CSE,1,Female,Day Scholar,Night,Auditory,Average,Medium,Good,Yes,Yes,Not Started,242,276,40,420,96.0,86.8,8.71,0,43,0,0,0,1.0,79,1224
CSE-DS,5,Male,Hostel,Night,Auditory,Good,Low,Good,No,No,Not Started,202,284,101,127,70.7,73.0,6.73,0,39,3,0,1,5.0,156,1038
CSE,7,Male,Hostel,Afternoon,Auditory,Good,Low,Average,No,No,Placed,219,313,240,542,100.0,76.3,7.07,0,38,6,2,1,8.0,471,1370
IT,4,Male,Day Scholar,Morning,Auditory,Average,Medium,Good,No,No,Not Started,117,230,139,129,69.9,54.2,5.54,0,27,8,0,1,,38,832
CSE-AIML,1,Female,Day Scholar,Morning,Kinesthetic,Good,Medium,Good,No,Yes,Not Started,202,290,115,276,86.6,79.3,7.97,0,42,0,0,0,0.0,23,1050
CSE,2,Female,Day Scholar,Afternoon,Auditory,Poor,High,Average,No,Yes,Not Started,224,341,53,102,84.4,72.7,8.01,0,37,1,0,0,1.0,21,969
IT,2,Female,Day Scholar,Morning,Visual,Poor,High,Average,No,Yes,Not Started,125,220,230,393,100.0,70.3,7.86,0,31,3,0,0,2.0,50,984
CSE-AIML,4,Male,Hostel,Afternoon,Auditory,Average,Medium,Poor,No,No,Not Started,162,0,12,315,65.7,68.9,7.09,2,32,2,1,2,2.0,107,975
CSE,3,Male,Hostel,Night,Kinesthetic,Poor,High,Good,Yes,No,Not Started,121,217,249,28,73.6,65.5,6.08,4,31,4,2,0,3.0,0,863
CSE,4,Male,Day Scholar,Morning,Auditory,Average,Medium,Average,Yes,No,Not Started,276,373,202,555,66.3,71.6,7.44,0,32,6,1,2,1.0,246,1349
CSE,4,Male,Hostel,Night,Auditory,Average,Medium,Average,No,No,Not Started,257,197,139,283,90.9,81.2,7.68,0,44,4,1,1,1.0,150,1125
CSE-DS,8,Male,Day Scholar,Afternoon,Visual,Average,Low,Good,Yes,No,Placed,238,242,0,287,75.7,70.1,7.84,0,31,10,4,1,4.0,162,895
CSE,3,Male,Day Scholar,Night,Kinesthetic,Average,Medium,Good,No,No,Not Started,200,276,70,581,91.8,72.4,6.66,0,34,4,0,0,3.0,239,1066
CSE,4,Male,Hostel,Night,Visual,Average,Medium,Average,No,No,Not Started,294,416,0,0,67.4,71.4,7.64,0,37,2,2,0,4.0,0,729
CSE,6,Male,Hostel,Night,Kinesthetic,Poor,Medium,Average,Yes,Yes,In Progress,2,251,173,358,90.9,73.8,8.78,0,35,7,2,1,5.0,226,1256
CSE-AIML,6,Female,Hostel,Morning,Visual,Good,Medium,Good,No,Yes,In Progress,120,411,183,139,71.8,63.0,6.4,5,30,8,1,1,7.0,58,983
IT,4,Female,Day Scholar,Morning,Visual,Poor,High,Poor,No,No,Not Started,50,119,295,337,79.6,59.9,6.14,2,33,2,0,1,1.0,124,960
IT,2,Other,Hostel,Night,Visual,Good,Low,Poor,No,No,Not Started,175,177,4,841,100.0,74.1,7.01,0,38,3,0,0,4.0,171,911
CSE,5,Male,Hostel,Afternoon,Kinesthetic,Good,High,,Yes,No,Not Started,338,360,180,496,97.1,79.4,7.21,0,34,4,2,1,,206,1155
CSE-DS,6,Female,Day Scholar,Afternoon,Auditory,Poor,Medium,Good,No,No,Not Started,311,213,121,749,71.9,74.8,7.83,0,37,4,1,1,3.0,417,979
CSE-AIML,7,Male,Hostel,Night,Auditory,Good,Low,Good,No,No,In Progress,220,226,95,414,64.2,68.0,6.53,1,35,3,2,1,5.0,318,1408
CSE,3,Male,Hostel,Afternoon,Kinesthetic,Good,Low,Poor,No,No,Not Started,229,499,245,89,99.1,76.2,8.89,0,36,3,0,1,0.0,75,1325
ECE,2,Male,Hostel,Night,Visual,Average,Medium,Good,No,No,Not Started,166,189,242,375,65.3,62.2,6.0,2,33,2,1,0,0.0,0,1178
ECE,5,Male,Hostel,Afternoon,Visual,Good,Low,Good,No,Yes,Not Started,189,195,150,67,72.0,60.9,6.27,1,30,4,1,1,4.0,57,938
CSE-AIML,5,Other,Hostel,Night,Visual,Poor,High,Good,No,Yes,Not Started,205,183,274,311,62.3,64.3,5.41,1,33,5,3,4,5.0,53,1162
CSE,3,Male,Day Scholar,Night,Kinesthetic,Average,Medium,Average,No,No,Not Started,127,461,62,383,81.2,63.6,6.39,2,33,2,0,0,2.0,197,1067
CSE,3,Male,Day Scholar,Night,Visual,Average,Medium,Good,No,No,Not Started,160,354,3,441,83.4,70.1,7.73,0,40,3,2,0,1.0,73,1183
CSE,3,Female,Hostel,Afternoon,Auditory,Average,Medium,Poor,No,Yes,Not Started,147,167,75,423,87.7,78.3,7.5,0,37,2,0,0,2.0,136,1150
CSE-AIML,2,Male,Day Scholar,Night,Kinesthetic,Poor,Medium,Average,No,No,Not Started,63,200,136,413,81.0,68.8,7.78,0,35,1,0,0,0.0,88,1152
CSE-AIML,7,Female,Hostel,Night,Auditory,Poor,Medium,Good,No,Yes,In Progress,105,155,131,215,71.4,76.2,8.09,0,35,3,1,1,0.0,200,978
CSE-AIML,4,Male,Day Scholar,Night,Visual,Poor,Medium,Poor,No,No,Not Started,112,426,57,0,100.0,78.4,7.61,0,39,5,3,0,6.0,0,923
CSE-DS,5,Male,Hostel,Night,Kinesthetic,Poor,High,Average,No,Yes,Not Started,331,168,140,462,54.5,67.0,6.6,2,34,3,0,0,5.0,302,1205
CSE-DS,3,Male,Day Scholar,Night,Visual,Average,Medium,Good,No,No,Not Started,276,94,263,289,98.7,73.4,8.01,0,43,0,0,0,0.0,51,1086
IT,3,Male,Hostel,Night,Visual,Poor,Medium,Good,Yes,No,Not Started,128,262,229,161,67.9,69.5,7.28,0,29,1,0,0,0.0,11,987
CSE,4,Male,Day Scholar,Afternoon,Visual,Average,Low,Average,No,Yes,Not Started,142,0,121,548,64.5,66.4,6.8,0,33,4,0,1,1.0,196,1016
CSE-AIML,4,Male,Hostel,Night,Auditory,Good,High,Average,No,No,Not Started,176,136,0,234,74.8,60.3,6.12,0,29,1,1,1,1.0,82,1008
CSE,4,Male,Hostel,Morning,Visual,Average,Medium,Average,No,Yes,Not Started,236,403,245,374,63.0,69.0,6.79,1,32,1,2,0,1.0,181,1086
CSE,3,Female,Day Scholar,Night,Auditory,Average,Low,Good,Yes,No,Not Started,280,264,170,0,67.1,70.9,7.33,0,36,2,2,0,2.0,0,786
CSE-AIML,5,Male,Hostel,Night,Visual,Average,Low,Average,No,No,Not Started,160,447,0,301,65.5,61.8,6.16,1,32,9,0,1,1.0,194,1098
CSE,8,Male,Day Scholar,Morning,Kinesthetic,Average,Medium,Good,No,No,In Progress,195,355,46,554,100.0,85.7,8.01,0,39,6,2,2,2.0,434,1440
CSE-DS,8,Female,Day Scholar,Night,Auditory,Good,Medium,Poor,No,Yes,Placed,95,239,36,204,77.1,62.5,5.74,3,31,6,4,1,3.0,162,1175
CSE-AIML,2,Other,Hostel,Night,Kinesthetic,Average,Medium,Good,Yes,Yes,Not Started,364,44,174,464,67.2,62.1,6.67,1,29,2,0,0,2.0,112,942
CSE,7,Male,Day Scholar,Afternoon,Auditory,Average,Low,Average,No,No,In Progress,181,200,160,141,53.1,68.8,8.08,0,35,5,4,1,4.0,57,783
CSE-DS,2,Male,Day Scholar,Night,Kinesthetic,Good,Medium,Poor,Yes,Yes,Not Started,339,300,5,543,79.5,81.6,7.43,0,37,1,0,0,4.0,214,1079
ECE,5,Male,Day Scholar,Afternoon,Kinesthetic,Average,Low,Average,No,No,Not Started,11,368,0,377,90.0,62.5,6.33,3,31,4,0,0,1.0,164,1277
CSE,3,Male,Hostel,Night,Auditory,Good,Medium,Good,No,No,Not Started,77,449,47,165,100.0,70.1,7.3,0,33,0,1,0,1.0,42,1121
CSE-DS,1,Male,Day Scholar,Morning,Auditory,Average,Medium,Good,No,No,Not Started,136,148,355,1,63.3,63.8,6.66,0,29,1,0,0,0.0,29,925
CSE-AIML,2,Female,Hostel,Night,Kinesthetic,Average,Medium,Good,No,No,Not Started,184,297,252,456,82.8,76.5,7.26,0,37,2,1,0,3.0,49,986
CSE-AIML,2,Male,Hostel,Night,Kinesthetic,Poor,Medium,Average,Yes,Yes,Not Started,218,277,231,0,74.7,72.7,7.82,0,32,0,2,0,2.0,51,1109
CSE-AIML,2,Female,Day Scholar,Night,Visual,Poor,Medium,Average,Yes,No,Not Started,326,267,81,88,91.0,81.1,8.08,0,44,2,0,0,0.0,0,1112
IT,3,Female,Hostel,Morning,Auditory,Average,Low,Poor,No,No,Not Started,158,248,0,553,63.8,66.7,6.57,0,30,3,2,0,4.0,164,1134
CSE-AIML,4,Male,Hostel,Morning,Auditory,Average,Medium,Poor,No,No,Not Started,186,449,250,611,79.3,69.5,6.97,0,38,6,2,0,1.0,289,959
CSE-DS,7,Female,Hostel,Night,Kinesthetic,Average,Low,Good,No,No,In Progress,160,374,44,179,74.4,66.5,6.28,4,35,4,3,0,1.0,115,1006
ECE,7,Male,Hostel,Afternoon,Visual,Good,Medium,Good,Yes,No,Placed,309,76,0,308,85.1,70.4,6.79,0,30,12,3,1,6.0,238,1190
CSE-AIML,4,Male,Day Scholar,Night,Visual,Average,High,Good,No,Yes,Not Started,174,468,0,371,82.9,68.4,5.98,4,32,2,2,0,5.0,170,1181
CSE,2,Female,Day Scholar,Night,Kinesthetic,Good,Low,Average,No,Yes,Not Started,182,355,14,210,81.8,72.2,7.05,0,38,4,0,0,2.0,43,1147
CSE-AIML,4,Female,Hostel,Morning,Visual,Average,Medium,Good,Yes,Yes,Not Started,251,0,164,320,93.2,69.7,7.0,0,29,4,0,3,2.0,221,1129
CSE,8,Male,Hostel,Morning,Kinesthetic,Good,Low,Poor,No,Yes,Placed,324,124,89,269,84.0,70.4,7.1,2,35,4,1,4,2.0,232,1227
IT,4,Female,Day Scholar,Night,Visual,Average,Low,Average,No,No,Not Started,317,234,330,228,83.8,72.1,6.7,0,36,0,0,0,1.0,152,1216
CSE,7,Female,Hostel,Afternoon,Visual,Average,Medium,Good,No,Yes,Placed,182,390,0,176,88.7,75.0,7.62,2,38,5,3,5,5.0,99,1091
IT,3,Male,Hostel,Morning,Visual,Average,High,Good,No,No,Not Started,160,0,109,234,92.5,83.0,8.99,0,41,3,2,0,0.0,65,1022
CSE-AIML,3,Male,Day Scholar,Night,Auditory,Average,Medium,Good,No,No,Not Started,79,296,204,75,93.6,59.4,5.0,4,28,5,0,0,0.0,139,1066
CSE-DS,3,Male,Day Scholar,Night,Auditory,Good,Medium,Good,No,No,Not Started,246,278,152,706,70.2,71.3,7.13,0,36,1,0,1,0.0,209,1226
CSE-AIML,6,Male,Hostel,Morning,Kinesthetic,Poor,Low,Good,No,No,Not Started,115,276,186,481,54.4,57.9,5.27,0,25,4,1,0,4.0,260,1028
CSE,5,Female,Hostel,Morning,Auditory,Good,Low,Good,No,No,Not Started,214,110,65,193,95.5,82.6,8.6,0,40,2,2,0,2.0,51,1008
CSE,2,Male,Day Scholar,Night,Visual,Poor,Low,Good,No,Yes,Not Started,59,16,184,258,70.5,56.5,5.87,5,30,2,0,0,1.0,0,991
CSE,4,Female,Day Scholar,Night,Auditory,Good,Low,Good,No,Yes,Not Started,75,334,337,124,79.4,65.7,5.92,2,34,4,4,0,1.0,43,928
CSE-AIML,4,Female,Day Scholar,Night,Kinesthetic,Good,Medium,Average,No,No,Not Started,314,87,143,398,88.9,75.3,7.55,0,42,2,2,0,4.0,121,904
CSE-DS,4,Female,Hostel,Morning,Visual,Good,High,Good,Yes,No,Not Started,70,379,109,339,89.1,69.1,6.71,0,38,3,0,0,3.0,140,1259
ECE,5,Male,Day Scholar,Night,Kinesthetic,Good,Low,Poor,No,No,Not Started,32,243,179,0,86.4,68.3,6.41,0,33,0,0,0,3.0,6,931
CSE-AIML,3,Male,Hostel,Night,Visual,Average,Medium,Good,No,No,Not Started,202,139,245,412,73.5,66.3,6.19,2,31,1,0,0,3.0,160,954
CSE,8,Female,Hostel,Afternoon,Kinesthetic,Poor,High,Average,No,Yes,Placed,185,309,238,150,89.2,75.5,7.06,0,39,5,0,5,4.0,102,910
ECE,1,Female,Day Scholar,Night,Kinesthetic,Good,Medium,Good,Yes,Yes,Not Started,241,144,327,423,87.3,83.9,7.99,0,38,0,0,0,0.0,97,1069
CSE-AIML,6,Male,Day Scholar,Night,Auditory,Average,Medium,Poor,No,Yes,Not Started,113,217,0,299,88.3,76.2,7.24,0,38,3,1,1,2.0,160,1081
CSE,7,Male,Day Scholar,Night,Visual,Average,Low,Average,No,Yes,Placed,405,0,149,508,83.6,84.7,8.66,0,40,9,1,1,3.0,284,999
CSE,2,Female,Hostel,Afternoon,Kinesthetic,Average,Medium,Good,Yes,Yes,Not Started,355,426,103,555,80.2,79.1,8.46,0,41,0,1,0,3.0,70,918
CSE,4,Female,Hostel,Night,Kinesthetic,Average,Medium,Good,No,No,Not Started,196,339,302,106,99.7,72.1,6.25,4,37,3,0,1,1.0,115,956
CSE-AIML,2,Other,Hostel,Afternoon,Auditory,Good,Low,Average,No,Yes,Not Started,414,292,357,391,88.4,85.3,8.5,0,37,4,1,0,3.0,68,1068
CSE-AIML,5,Male,Day Scholar,Morning,Kinesthetic,Average,Medium,Poor,No,No,Not Started,0,261,0,782,90.0,69.9,6.88,1,35,9,3,2,1.0,408,1206
CSE,4,Female,Day Scholar,Morning,Auditory,Good,Low,Good,No,No,Not Started,209,225,92,356,78.3,65.2,7.1,1,33,0,1,1,1.0,163,1153
CSE-DS,1,Male,Day Scholar,Night,Visual,Average,Medium,Good,No,No,Not Started,247,260,134,900,80.5,71.2,6.39,0,34,1,1,0,1.0,37,788
IT,5,Male,Day Scholar,Morning,Visual,Poor,High,Good,No,Yes,Not Started,168,209,132,104,86.1,77.8,7.58,1,36,3,0,3,1.0,0,1050
CSE,4,Male,Hostel,Night,Visual,Poor,Medium,Good,No,No,Not Started,267,19,158,159,96.3,73.8,7.68,0,32,5,5,0,1.0,76,871
CSE-AIML,1,Female,Hostel,Morning,Kinesthetic,Good,High,Good,Yes,No,Not Started,216,307,196,119,82.9,79.7,7.7,0,42,0,0,0,1.0,35,1096
CSE,6,Male,Day Scholar,Night,Visual,Average,Low,Good,No,No,In Progress,266,266,150,398,78.6,74.1,6.98,1,35,5,2,0,2.0,221,1232
CSE-AIML,5,Female,Day Scholar,Night,Kinesthetic,Average,Medium,Poor,No,Yes,Not Started,169,232,128,553,76.9,74.2,7.56,0,35,3,0,0,5.0,339,1236
CSE-AIML,7,Male,Hostel,Night,Visual,Average,Medium,Good,No,Yes,Placed,199,302,140,241,77.0,72.6,7.31,0,37,10,4,1,1.0,85,976
CSE-AIML,6,Female,Hostel,Night,Visual,Average,Medium,Good,No,No,In Progress,131,322,23,27,90.4,82.7,8.08,0,37,6,3,0,4.0,92,1242
IT,2,Female,Hostel,Night,Auditory,Poor,Low,Good,No,No,Not Started,115,123,22,0,94.2,71.1,6.32,2,36,0,0,0,1.0,0,936
IT,2,Male,Hostel,Night,Visual,Good,Medium,Good,No,Yes,Not Started,99,231,101,73,72.7,58.7,5.62,3,31,2,1,0,1.0,124,675
CSE-DS,4,Female,Day Scholar,Afternoon,Visual,Good,Low,Good,No,No,Not Started,207,367,221,365,88.2,77.6,7.85,0,40,3,0,1,1.0,147,888
ECE,2,Female,Hostel,Afternoon,Visual,Poor,High,Good,No,Yes,Not Started,248,317,0,247,77.7,67.3,5.76,5,33,2,1,0,0.0,54,670
ECE,6,Female,Day Scholar,Morning,Kinesthetic,Average,Low,Good,No,No,In Progress,14,93,177,391,87.1,69.6,7.36,0,39,3,3,1,0.0,214,1415
CSE,3,Female,Hostel,Night,Visual,Average,Medium,Average,No,Yes,Not Started,60,353,97,189,98.1,62.3,6.52,1,27,2,2,0,3.0,134,1206
CSE,5,Female,Hostel,Night,Visual,Average,Medium,Good,No,No,Not Started,97,217,0,505,79.9,70.4,6.89,0,36,6,3,1,1.0,272,1140
ECE,7,Female,Hostel,Afternoon,Kinesthetic,Poor,High,Average,No,Yes,Placed,55,398,264,256,84.4,66.8,7.19,0,31,4,4,0,5.0,126,1213
CSE-AIML,2,Female,Day Scholar,Night,Kinesthetic,Poor,High,Good,No,Yes,Not Started,314,193,236,166,97.8,76.9,7.37,0,38,2,0,0,0.0,25,1203
CSE-DS,7,Male,Day Scholar,Morning,Kinesthetic,Poor,Low,Good,No,No,Placed,231,0,266,8,78.9,70.2,7.34,0,36,8,1,3,2.0,181,1062
IT,4,Male,Hostel,Night,Visual,Good,Low,Good,Yes,No,Not Started,141,89,153,231,86.2,71.0,5.91,2,33,1,0,0,1.0,68,1199
CSE,1,Male,Hostel,Night,Visual,Average,Low,Average,No,No,Not Started,185,98,91,0,62.8,66.5,7.18,0,26,2,0,0,1.0,0,808
CSE,4,Female,Day Scholar,Afternoon,Auditory,Good,Medium,Good,No,No,Not Started,250,144,147,177,95.8,66.1,6.5,0,39,4,0,2,1.0,24,867
CSE,2,Male,Hostel,Afternoon,Visual,Average,Medium,Good,No,No,Not Started,106,251,125,716,91.3,79.0,7.44,0,37,2,1,0,0.0,163,1157
CSE,2,Male,Day Scholar,Night,Kinesthetic,Average,Low,Average,No,No,Not Started,231,188,152,244,97.5,73.2,7.55,0,43,2,0,0,1.0,28,1022
CSE-DS,4,Female,Hostel,Night,Auditory,Poor,High,Good,No,No,Not Started,224,224,244,544,79.2,74.3,6.67,0,40,2,3,0,3.0,262,1490
CSE,2,Male,Hostel,Afternoon,Auditory,Poor,High,Average,No,No,Not Started,0,359,168,462,95.6,64.9,6.25,5,32,4,0,0,0.0,120,1205
CSE-DS,7,Female,Day Scholar,Morning,Auditory,Average,Low,Average,No,No,Placed,145,339,95,253,100.0,73.3,6.05,3,33,8,2,2,1.0,120,1181
CSE-DS,3,Female,Day Scholar,Morning,Kinesthetic,Average,Medium,Good,No,No,Not Started,169,198,116,513,80.4,68.6,6.46,0,32,2,0,1,1.0,67,1151
CSE-DS,8,Male,Hostel,Afternoon,Visual,Poor,Medium,Good,No,No,Placed,102,73,0,322,72.2,66.2,6.62,0,38,6,3,1,4.0,288,1341
CSE-AIML,8,Male,Day Scholar,Morning,Visual,Poor,High,Good,No,No,Placed,157,376,143,0,100.0,77.1,7.56,0,36,5,4,1,2.0,13,1027
CSE-DS,6,Male,Hostel,Night,Visual,Average,Medium,Good,No,Yes,In Progress,233,332,116,146,95.2,87.3,8.75,0,47,8,2,1,4.0,124,931
CSE,5,Female,Hostel,Night,Kinesthetic,Good,Low,Good,No,No,Not Started,263,194,53,611,97.4,82.9,8.28,0,43,5,1,3,0.0,393,1026
CSE,1,Male,Hostel,Night,Visual,Average,Medium,Good,No,Yes,Not Started,262,179,134,345,79.5,68.3,7.01,0,27,1,0,0,0.0,0,1002
ECE,3,Male,Hostel,Night,Kinesthetic,Average,Medium,Good,No,Yes,Not Started,99,563,0,60,60.1,65.3,6.59,0,32,5,1,1,1.0,14,1080
CSE,8,Male,Day Scholar,Night,Auditory,Average,Medium,Good,No,No,In Progress,179,119,30,210,92.7,74.4,7.11,0,36,4,6,0,10.0,242,1038
CSE,2,Male,Hostel,Afternoon,Auditory,Good,Low,Average,No,No,Not Started,157,72,122,369,81.5,80.5,8.78,0,38,2,1,0,1.0,83,1318
IT,6,Male,Hostel,Night,Visual,Poor,High,Good,No,No,Not Started,110,375,149,184,73.1,73.8,7.18,0,33,8,1,4,1.0,150,1031
CSE-DS,6,Male,Day Scholar,Night,Visual,Good,Low,Average,No,No,In Progress,215,167,0,177,76.4,68.5,7.48,1,32,4,3,1,3.0,117,1092
CSE,6,Female,Day Scholar,Afternoon,Visual,Poor,High,Average,No,No,Not Started,139,217,116,0,78.0,61.5,6.67,0,33,5,3,2,7.0,0,951
CSE,8,Male,Day Scholar,Morning,Kinesthetic,Average,Medium,Average,No,No,Placed,288,269,290,372,86.6,79.1,7.85,1,37,7,5,1,8.0,296,1098
CSE,1,Male,Hostel,Morning,Visual,Good,Low,Good,No,Yes,Not Started,186,40,0,281,72.8,67.2,7.3,0,33,0,0,0,0.0,53,928
CSE-DS,4,Other,Hostel,Afternoon,Kinesthetic,Average,Medium,Average,Yes,No,Not Started,248,424,273,344,88.6,79.5,8.08,0,42,4,1,0,1.0,240,1051
CSE,2,Female,Day Scholar,Morning,Kinesthetic,Poor,Medium,Good,No,No,Not Started,105,242,0,66,94.0,71.2,7.27,1,40,1,0,0,1.0,11,894
CSE-DS,6,Female,Day Scholar,Morning,Kinesthetic,Poor,Low,Good,No,No,Not Started,206,308,114,86,89.2,70.5,6.66,0,36,6,2,3,1.0,23,1071
CSE-AIML,3,Other,Day Scholar,Night,Auditory,Poor,Medium,Poor,No,Yes,Not Started,255,110,46,405,79.9,70.6,7.66,0,35,4,2,1,2.0,108,1351
ECE,6,Male,Hostel,Morning,Visual,Average,Medium,Good,Yes,No,Not Started,185,355,163,465,76.8,68.3,6.28,1,31,3,1,2,6.0,310,1184
ECE,5,Male,Day Scholar,Morning,Visual,Good,Medium,Poor,Yes,No,Not Started,129,175,179,0,78.4,67.9,6.02,1,33,2,1,1,5.0,27,950
CSE,3,Male,Day Scholar,Morning,Auditory,Average,High,Good,Yes,No,Not Started,221,277,248,287,68.5,73.3,7.74,1,36,2,2,0,1.0,117,1000
CSE,2,Female,Hostel,Morning,Kinesthetic,Average,Medium,Good,No,Yes,Not Started,37,81,178,661,73.9,63.4,5.77,1,32,3,2,0,1.0,119,952
CSE-AIML,6,Male,Hostel,Afternoon,Auditory,Average,Medium,Poor,No,No,Not Started,129,221,45,146,71.5,70.0,7.85,0,36,2,2,0,0.0,95,1062
CSE-AIML,5,Female,Hostel,Afternoon,Visual,Average,Medium,Good,No,Yes,Not Started,171,172,18,491,86.1,77.8,7.16,0,35,2,1,0,2.0,240,1157
CSE,4,Male,Day Scholar,Afternoon,Kinesthetic,Average,Medium,Good,No,No,Not Started,237,279,200,481,89.0,69.3,6.55,0,37,1,3,0,2.0,228,1206
CSE,6,Female,Hostel,Afternoon,Visual,Average,Medium,Good,No,No,Not Started,169,215,71,191,73.9,64.8,6.6,0,25,1,2,3,3.0,85,1308
CSE,4,Male,Day Scholar,Night,Visual,Average,Medium,Good,No,No,Not Started,199,111,181,185,87.9,79.3,8.13,0,43,4,0,0,1.0,184,810
CSE,3,Male,Hostel,Morning,Visual,Poor,Medium,Good,No,No,Not Started,204,115,45,0,73.4,65.2,6.78,0,35,1,1,1,1.0,70,685
CSE-AIML,8,Female,Day Scholar,Morning,Auditory,Poor,Medium,Good,No,Yes,In Progress,291,263,174,169,84.1,77.8,7.99,0,41,6,4,1,7.0,219,1154
CSE-AIML,5,Female,Day Scholar,Morning,Visual,Average,Medium,,No,No,Not Started,78,237,0,393,92.3,67.6,6.95,0,33,1,4,0,3.0,215,1086
ECE,2,Male,Day Scholar,Night,Visual,Average,Medium,Good,No,Yes,Not Started,29,23,0,198,70.1,67.5,6.06,2,34,1,0,0,1.0,0,1022
IT,5,Female,Day Scholar,Morning,Kinesthetic,Good,Low,Good,No,No,Not Started,8,372,81,167,85.7,62.9,6.28,2,33,2,1,1,3.0,103,923
CSE,7,Male,Hostel,Morning,Kinesthetic,Average,Low,Average,No,Yes,In Progress,221,183,337,496,84.0,64.5,6.09,2,27,6,2,0,5.0,339,1105
CSE-AIML,2,Female,Hostel,Afternoon,Visual,Average,Medium,Good,No,No,Not Started,192,336,0,201,87.0,72.4,7.11,0,33,1,0,0,0.0,28,1204
ECE,8,Male,Hostel,Night,Kinesthetic,Good,Low,Good,No,Yes,In Progress,202,390,185,248,100.0,78.8,7.84,0,40,7,6,1,3.0,251,971
CSE-AIML,3,Female,Hostel,Night,Visual,Poor,Medium,Good,No,No,Not Started,259,227,164,716,59.9,68.2,6.96,1,33,3,1,0,2.0,175,1022
CSE,7,Male,Day Scholar,Night,Visual,Good,Medium,Good,No,No,In Progress,201,184,275,371,78.8,77.4,8.03,0,34,3,1,1,4.0,199,1081
CSE-DS,7,Female,Day Scholar,Night,Visual,Average,Medium,Average,No,No,In Progress,167,165,162,258,90.8,79.0,8.21,0,34,3,2,0,3.0,206,1236
CSE-AIML,7,Male,Day Scholar,Morning,Auditory,Average,High,Good,No,Yes,In Progress,158,190,25,288,73.8,60.0,6.59,0,32,9,0,2,2.0,224,799
CSE,5,Female,Hostel,Night,Kinesthetic,Good,Low,Good,No,No,Not Started,168,416,46,414,88.8,72.4,7.51,2,32,6,2,2,6.0,168,1196
CSE,7,Female,Day Scholar,Afternoon,Visual,Poor,High,Good,No,No,In Progress,209,81,103,353,85.7,81.6,8.06,0,41,13,3,4,2.0,208,1133
IT,7,Female,Day Scholar,Night,Kinesthetic,Average,Low,Good,No,No,In Progress,235,389,127,550,76.2,73.9,6.62,0,40,7,6,0,2.0,299,1094
CSE,5,Female,Hostel,Night,Visual,Average,High,Average,No,Yes,Not Started,234,352,210,431,64.9,64.8,7.01,0,35,6,2,0,3.0,41,858
CSE-DS,6,Male,Day Scholar,Night,Auditory,Average,Medium,Good,No,No,Not Started,219,81,38,282,89.9,61.8,6.17,1,33,4,2,0,4.0,170,1024
CSE,2,Male,Hostel,Night,Auditory,Good,Low,Good,No,Yes,Not Started,0,291,78,246,92.7,72.2,7.03,0,41,0,3,0,2.0,135,845
CSE,4,Male,Hostel,Night,Auditory,Average,Medium,Good,No,No,Not Started,188,216,256,382,73.3,58.1,5.85,3,22,5,0,1,3.0,180,873
CSE-AIML,6,Female,Day Scholar,Morning,Visual,Poor,High,Good,No,Yes,Not Started,225,256,233,478,80.2,72.2,6.84,0,32,5,1,0,4.0,365,1284
CSE-AIML,6,Female,Day Scholar,Night,Visual,Poor,High,Poor,No,No,Not Started,111,88,30,406,76.8,68.8,6.55,0,32,4,2,2,3.0,181,904
CSE,2,Male,Day Scholar,Night,Kinesthetic,Poor,Medium,Average,No,Yes,Not Started,116,44,40,336,62.5,59.6,6.14,1,31,1,2,0,2.0,133,950
ECE,3,Female,Hostel,Morning,Visual,Average,Medium,Poor,Yes,Yes,Not Started,238,201,171,449,78.0,68.8,7.32,0,36,3,0,0,3.0,112,1029
CSE,3,Female,Hostel,Night,Kinesthetic,Average,Low,Poor,No,No,Not Started,294,530,77,575,92.8,83.0,8.54,0,40,4,2,0,1.0,227,1104
CSE,3,Male,Hostel,Night,Auditory,Average,High,Average,No,Yes,Not Started,276,276,77,363,81.4,69.6,6.33,4,33,1,0,0,0.0,180,955
IT,5,Female,Hostel,Night,Visual,Average,High,Good,No,No,Not Started,177,457,164,340,73.4,67.0,7.7,1,34,5,0,2,2.0,144,1027
IT,6,Female,Hostel,Afternoon,Auditory,Average,Medium,Good,No,Yes,In Progress,149,330,131,571,80.1,71.9,6.18,4,40,4,0,0,1.0,401,1120
CSE,6,Male,Hostel,Night,Visual,Average,High,Good,Yes,No,In Progress,148,138,122,210,81.8,63.4,6.25,2,27,5,2,2,3.0,94,662
CSE,3,Male,Hostel,Night,Auditory,Average,Medium,Poor,No,Yes,Not Started,154,241,85,301,91.5,65.3,6.31,3,29,2,0,0,,128,989
CSE,1,Female,Hostel,Morning,Visual,Average,High,Good,No,Yes,Not Started,258,170,172,340,77.1,66.7,5.62,1,37,2,0,0,0.0,72,983
CSE-AIML,3,Female,Hostel,Night,Auditory,Average,Low,Good,No,Yes,Not Started,135,317,371,472,90.8,77.2,7.78,0,41,2,1,0,3.0,116,1156
CSE,7,Male,Day Scholar,Afternoon,Auditory,Poor,High,Good,No,Yes,Placed,176,157,0,166,64.7,58.0,5.31,3,33,2,1,2,4.0,132,1011
CSE-AIML,8,Male,Day Scholar,Night,Visual,Average,High,Average,No,No,Placed,142,230,183,724,84.8,68.0,6.8,0,37,1,7,1,2.0,510,999
CSE-AIML,1,Male,Hostel,Morning,Kinesthetic,Poor,Medium,Good,No,Yes,Not Started,210,450,57,158,97.9,73.0,7.73,0,38,1,1,0,0.0,0,983
CSE-AIML,2,Male,Hostel,Afternoon,Auditory,Average,Low,Average,No,No,Not Started,332,299,177,633,90.3,78.9,7.14,0,39,1,0,0,2.0,138,1076
IT,8,Female,Hostel,Afternoon,Kinesthetic,Average,Medium,Average,No,No,Placed,95,0,130,251,91.8,69.5,6.44,4,33,9,1,1,5.0,217,1233
CSE-DS,6,Female,Hostel,Morning,Kinesthetic,Average,High,Good,No,Yes,Not Started,109,116,74,730,67.1,64.1,6.92,0,29,11,0,1,1.0,493,1285
CSE,1,Male,Day Scholar,Night,Kinesthetic,Average,High,Average,No,No,Not Started,197,5,105,460,86.5,66.6,6.41,4,32,0,0,0,0.0,36,1177
IT,1,Male,Hostel,Morning,Visual,Average,Medium,Good,No,Yes,Not Started,179,346,50,531,76.6,69.0,7.11,2,33,1,0,0,0.0,0,1082
CSE-DS,4,Female,Day Scholar,Morning,Kinesthetic,Average,Low,Poor,No,No,Not Started,61,302,137,602,86.1,58.6,5.68,1,29,3,0,0,2.0,210,1135
CSE,5,Male,Day Scholar,Night,Visual,Poor,High,Good,No,Yes,Not Started,423,246,25,701,75.7,85.3,8.07,0,39,4,1,1,2.0,339,1278
CSE-AIML,7,Male,Day Scholar,Morning,Kinesthetic,Good,Low,Good,No,Yes,In Progress,200,310,182,90,91.7,74.0,7.02,0,41,5,3,1,2.0,46,1239
CSE-AIML,2,Male,Day Scholar,Night,Kinesthetic,Poor,Medium,Poor,No,No,Not Started,274,258,264,167,80.5,74.7,7.24,0,37,2,0,0,0.0,67,1184
CSE-DS,2,Male,Day Scholar,Morning,Auditory,Poor,Medium,Good,No,No,Not Started,38,248,121,173,63.6,58.7,6.25,0,28,1,0,0,1.0,0,1003
CSE,4,Female,Hostel,Morning,Kinesthetic,Poor,High,Good,No,No,Not Started,182,372,0,507,67.7,72.2,7.96,2,36,4,1,0,1.0,146,860
CSE-DS,3,Male,Day Scholar,Morning,Visual,Average,Medium,Good,No,Yes,Not Started,261,204,59,191,46.3,56.7,5.41,1,20,3,2,0,0.0,69,834
CSE,5,Female,Day Scholar,Morning,Kinesthetic,Average,High,Average,No,No,Not Started,110,146,0,558,82.3,68.3,7.19,0,29,2,1,1,2.0,320,1074
CSE-AIML,1,Male,Day Scholar,Night,Visual,Average,Medium,Average,No,No,Not Started,0,272,181,854,84.5,65.1,6.15,2,30,1,0,0,1.0,152,1144
CSE,3,Female,Hostel,Night,Kinesthetic,Average,Medium,Good,No,No,Not Started,256,485,269,301,82.0,74.8,6.3,2,38,0,1,0,1.0,93,1077
ECE,5,Male,Day Scholar,Night,Kinesthetic,Good,Low,Good,No,No,Not Started,265,139,52,234,76.8,59.9,6.35,1,29,5,1,0,4.0,133,1019
CSE,6,Male,Hostel,Night,Visual,Poor,High,,No,No,Not Started,237,216,52,0,78.2,66.3,6.92,0,37,3,0,1,6.0,0,1237
ECE,3,Female,Hostel,Morning,Auditory,Average,Medium,Average,Yes,No,Not Started,234,389,214,601,72.7,57.3,6.1,0,28,1,0,1,5.0,188,1097
ECE,7,Female,Hostel,Morning,Auditory,Good,Medium,Good,No,Yes,Placed,138,196,237,0,67.4,59.0,5.2,1,33,6,1,1,4.0,6,787
ECE,3,Male,Hostel,Afternoon,Kinesthetic,Average,Low,Good,No,No,Not Started,210,135,179,138,78.2,69.7,6.81,0,33,2,1,0,1.0,63,1087
CSE,7,Male,Day Scholar,Night,Auditory,Average,Medium,Good,Yes,No,In Progress,194,189,362,269,71.9,63.6,6.52,0,30,5,2,2,4.0,216,729
CSE-AIML,6,Male,Hostel,Afternoon,Auditory,Poor,High,Good,No,No,Not Started,465,112,79,175,100.0,84.3,8.98,0,40,5,4,2,2.0,120,941
CSE,6,Male,Hostel,Night,Auditory,Good,Medium,Good,No,Yes,Not Started,162,398,197,123,69.4,74.8,7.14,0,36,13,1,2,6.0,107,902
CSE,8,Male,Day Scholar,,Visual,Poor,High,Good,Yes,No,Placed,62,153,270,539,91.8,66.5,6.2,2,39,9,3,2,2.0,528,1262
CSE-AIML,1,Male,Day Scholar,Morning,Auditory,Poor,Medium,Average,Yes,No,Not Started,154,314,85,203,75.2,71.1,6.93,0,33,1,0,0,0.0,77,823
IT,5,Male,Day Scholar,Morning,Kinesthetic,Good,Medium,Good,No,No,Not Started,211,322,265,330,77.3,66.1,6.61,0,36,10,1,2,4.0,152,1132
IT,1,Female,Hostel,Night,Kinesthetic,Average,Low,Average,No,Yes,Not Started,347,53,104,0,81.0,72.0,6.94,0,33,0,0,0,0.0,17,957
CSE-DS,5,Male,Day Scholar,,Kinesthetic,Good,Medium,,No,No,Not Started,226,244,85,542,57.9,65.7,5.84,1,29,8,1,2,,237,973
CSE,6,Male,Hostel,Afternoon,Auditory,Good,Low,Average,No,Yes,Not Started,101,281,40,59,98.6,77.3,7.64,0,33,6,5,1,5.0,0,877
ECE,1,Female,Hostel,Night,Visual,Average,Medium,Good,No,Yes,Not Started,243,123,203,350,85.8,61.8,5.75,1,28,1,0,0,0.0,0,1090
IT,6,Female,Day Scholar,Afternoon,Visual,Average,Medium,Poor,No,No,Not Started,167,411,108,15,70.2,68.7,7.46,1,29,3,1,1,3.0,62,1117
ECE,3,Male,Hostel,Night,Visual,Poor,High,Poor,Yes,No,Not Started,278,268,119,297,81.8,75.3,7.06,0,32,2,1,0,1.0,94,628
CSE,3,Female,Hostel,Afternoon,Visual,Average,Medium,Good,Yes,No,Not Started,72,64,130,228,81.5,60.6,5.74,4,27,3,2,3,2.0,140,954
CSE-DS,7,Female,Day Scholar,Morning,Visual,Average,High,Average,No,Yes,Placed,329,198,204,287,76.5,68.1,6.39,1,30,8,1,1,3.0,318,1120
CSE,7,Male,Day Scholar,Morning,Auditory,Poor,High,Good,No,Yes,Placed,132,153,174,339,79.9,66.3,6.85,0,31,6,1,1,7.0,268,970
CSE-AIML,6,Male,Day Scholar,Night,Kinesthetic,Good,Low,Good,No,No,Not Started,199,186,105,374,86.4,74.7,7.63,0,34,3,2,0,2.0,210,1176
IT,5,Male,Hostel,Morning,Auditory,Poor,High,Average,No,No,Not Started,206,329,130,58,71.0,70.4,6.9,0,34,5,1,1,1.0,104,1058
CSE-AIML,5,Male,Hostel,Night,Auditory,Average,Medium,Good,Yes,Yes,Not Started,101,164,239,365,78.8,67.0,7.17,0,36,5,1,2,1.0,191,1524
CSE,2,Female,Day Scholar,Night,Auditory,Good,Medium,Poor,Yes,No,Not Started,190,393,97,439,72.9,62.1,5.82,1,30,3,1,0,1.0,103,1190
IT,3,Female,Day Scholar,Night,Visual,Average,Medium,Good,No,No,Not Started,111,435,22,329,92.5,61.8,6.86,0,31,0,0,1,1.0,205,1125
CSE-AIML,6,Female,Hostel,Afternoon,Kinesthetic,Average,Medium,Good,Yes,No,Not Started,144,349,164,394,81.7,66.7,6.83,0,29,5,3,0,1.0,253,1025
CSE-DS,6,Male,Hostel,Morning,Visual,Poor,Medium,Good,No,No,In Progress,335,133,65,445,89.1,81.7,8.2,0,42,5,6,0,4.0,266,1292
IT,1,Male,Day Scholar,Night,Kinesthetic,Poor,Medium,Good,No,Yes,Not Started,67,187,68,283,73.4,59.2,5.18,1,33,1,1,0,1.0,6,908
CSE-AIML,2,Female,Day Scholar,Night,Auditory,Good,Low,Average,No,Yes,Not Started,168,174,204,653,88.2,75.6,7.43,0,41,1,0,0,1.0,138,718
CSE,3,Male,Day Scholar,Afternoon,Kinesthetic,Average,Medium,Poor,No,No,Not Started,17,267,15,51,78.2,58.0,5.66,1,30,0,0,0,1.0,14,1046
CSE-DS,1,Male,Day Scholar,Night,Auditory,Average,Medium,Good,No,No,Not Started,208,239,175,220,76.8,73.7,7.7,0,39,0,0,0,0.0,36,886
CSE-DS,1,Male,Hostel,Night,Kinesthetic,Average,Medium,Average,No,Yes,Not Started,148,76,319,592,49.6,59.5,6.09,5,27,0,0,0,0.0,0,969
IT,6,Female,Hostel,Night,Auditory,Poor,High,Average,No,Yes,In Progress,222,421,41,748,74.8,65.9,6.07,1,31,4,1,0,2.0,516,960
CSE-AIML,1,Female,Hostel,Night,Auditory,Average,Medium,Good,No,No,Not Started,225,367,49,457,100.0,76.6,8.12,0,41,1,1,0,1.0,96,1103
CSE-AIML,7,Male,Hostel,Night,Visual,Average,Low,Average,No,No,In Progress,322,123,200,44,85.2,79.1,8.09,0,42,7,1,1,2.0,165,1172
CSE-DS,2,Female,Hostel,Afternoon,Kinesthetic,Average,Low,Good,No,No,Not Started,0,124,233,407,68.4,57.4,5.2,2,29,1,2,0,0.0,22,1171
CSE-AIML,3,Female,Hostel,Night,Kinesthetic,Poor,Medium,Good,No,No,Not Started,152,177,137,488,87.5,71.1,6.36,1,39,4,0,0,0.0,182,848
ECE,7,Male,Day Scholar,Night,Kinesthetic,Good,Medium,Average,No,No,In Progress,182,55,167,106,83.0,72.5,7.22,0,33,8,2,1,2.0,49,1239
CSE,5,Male,Hostel,Night,Auditory,Poor,Medium,Good,No,Yes,Not Started,210,396,198,442,82.4,72.0,7.27,0,33,2,5,1,6.0,256,1179
ECE,2,Female,Hostel,Night,Kinesthetic,Average,Medium,Good,No,No,Not Started,192,316,219,257,75.6,67.4,6.06,4,38,3,0,0,0.0,16,996
IT,3,Female,Hostel,Night,Auditory,Average,Medium,Average,No,Yes,Not Started,154,172,112,349,90.2,70.1,6.63,0,31,1,1,0,4.0,123,1017
IT,7,Male,Day Scholar,Night,Auditory,Poor,Medium,Average,No,No,Placed,352,324,0,528,84.8,76.5,7.65,0,41,3,0,2,4.0,404,1261
CSE-AIML,5,Male,Hostel,Morning,Kinesthetic,Average,High,Good,No,No,Not Started,187,176,149,380,82.7,67.4,6.47,1,38,2,1,0,1.0,198,949
CSE-AIML,8,Female,Hostel,Night,Visual,Good,Medium,Good,No,No,Placed,128,347,122,455,85.4,67.2,7.46,0,31,5,1,4,1.0,400,1208
CSE-DS,2,Male,Hostel,Night,Visual,Poor,Medium,Good,No,Yes,Not Started,227,328,157,263,81.5,72.8,7.76,1,35,3,0,0,0.0,1,1063
ECE,5,Male,Hostel,Night,Visual,Good,Low,Average,No,Yes,Not Started,0,208,171,201,84.9,60.5,5.78,1,27,3,0,1,1.0,101,1006
CSE,4,Female,Hostel,Afternoon,Kinesthetic,Good,Low,Poor,No,No,Not Started,27,337,179,10,84.1,64.3,6.38,0,30,2,4,0,1.0,5,921
CSE,2,Female,Day Scholar,Morning,Visual,Poor,High,Average,No,Yes,Not Started,187,480,13,646,74.5,69.5,7.9,1,38,0,1,0,4.0,114,1034
CSE,1,Female,Hostel,Afternoon,Kinesthetic,Poor,High,Average,No,No,Not Started,280,367,106,194,60.1,63.4,6.24,4,34,1,0,0,1.0,7,1140
CSE-AIML,2,Male,Hostel,Night,Kinesthetic,Poor,Medium,Good,No,No,Not Started,204,349,133,301,74.2,68.3,6.78,0,34,2,1,0,3.0,19,998
CSE-DS,2,Male,Hostel,Night,Kinesthetic,Poor,High,Good,No,Yes,Not Started,175,37,69,357,71.7,71.1,7.64,0,31,3,0,0,0.0,41,1125
CSE,1,Male,Hostel,Afternoon,Visual,Average,Low,Average,Yes,No,Not Started,225,127,57,276,65.0,69.5,6.47,1,37,1,1,0,0.0,46,1061
IT,2,Male,Hostel,Night,Visual,Average,High,Good,No,No,Not Started,165,156,95,433,94.7,73.0,7.59,0,35,1,1,0,1.0,136,1078
CSE,3,Male,Hostel,Morning,Visual,Average,High,Poor,No,No,Not Started,164,219,179,500,82.4,74.6,7.47,0,37,5,1,0,0.0,124,1170
ECE,3,Male,Hostel,Morning,Auditory,Good,Low,Average,No,Yes,Not Started,212,249,154,225,72.5,63.9,6.03,2,29,1,1,0,1.0,0,1208
CSE,4,Female,Hostel,Night,Kinesthetic,Poor,Medium,Good,No,No,Not Started,95,196,0,522,87.5,72.9,6.31,1,30,5,2,1,2.0,104,986
CSE,5,Female,Hostel,Morning,Kinesthetic,Good,Low,Good,No,Yes,Not Started,352,198,21,198,86.7,70.5,7.41,0,31,6,1,0,1.0,147,1209
CSE,2,Female,Day Scholar,Night,Auditory,Average,Medium,Good,Yes,Yes,Not Started,47,268,68,351,70.6,63.3,5.9,0,35,3,0,0,0.0,100,1265
CSE-AIML,3,Male,Day Scholar,Morning,Auditory,Good,Low,Average,Yes,Yes,Not Started,343,168,0,276,100.0,72.5,7.02,0,40,7,1,0,1.0,136,1318
IT,2,Female,Day Scholar,Night,Kinesthetic,Average,Medium,Average,No,Yes,Not Started,366,202,0,517,81.3,77.2,7.46,2,37,5,1,0,0.0,88,1214
CSE-DS,8,Male,Hostel,Night,Auditory,Poor,Low,Good,No,Yes,Placed,187,113,191,0,75.4,75.1,8.23,0,39,10,1,2,5.0,88,1296
CSE-DS,7,Male,Hostel,Afternoon,Visual,Good,Medium,Average,No,No,Placed,268,136,120,567,100.0,69.6,7.06,0,40,4,2,4,3.0,405,1008
CSE-AIML,4,Male,Hostel,Night,Auditory,Poor,High,Good,Yes,No,Not Started,143,151,205,117,68.8,68.8,6.58,1,34,5,2,1,2.0,97,863
CSE,5,Female,Day Scholar,Night,Auditory,Average,Low,Good,No,Yes,Not Started,226,288,135,517,74.9,64.4,5.39,2,40,5,2,0,6.0,339,1237
CSE-AIML,3,Female,Hostel,,Visual,Good,Low,Average,No,No,Not Started,172,193,49,461,65.9,66.2,6.38,1,30,2,2,0,1.0,163,1043
CSE-DS,5,Male,Hostel,Night,Visual,Average,Medium,Average,No,Yes,Not Started,269,407,31,405,86.9,69.3,7.32,2,31,5,0,0,1.0,244,1134
CSE-AIML,6,Male,Hostel,Night,Auditory,Average,Medium,Average,No,Yes,Not Started,322,377,0,168,90.4,79.7,8.39,0,39,7,1,1,2.0,9,993
IT,7,Female,Day Scholar,Night,Visual,Average,Medium,Good,No,No,In Progress,299,233,202,259,94.5,80.3,8.65,0,35,7,2,1,1.0,228,960
IT,8,Female,Day Scholar,Morning,Visual,Good,Low,Average,Yes,No,Placed,84,5,0,83,79.8,70.3,7.04,0,36,8,3,2,4.0,57,1162
CSE,2,Female,Day Scholar,Morning,Visual,Average,Low,Good,No,No,Not Started,180,0,44,162,68.2,67.3,6.88,0,37,2,0,0,0.0,0,853
CSE,6,Male,Hostel,Night,Visual,Average,Medium,Good,No,No,Not Started,223,266,0,376,100.0,80.5,8.91,0,43,5,2,3,3.0,203,1211
CSE,7,Male,Hostel,Afternoon,Kinesthetic,Average,Medium,Good,No,No,In Progress,332,100,344,138,98.4,69.8,6.67,0,38,6,2,3,2.0,86,1399
CSE-DS,1,Male,Hostel,Night,Auditory,Poor,Low,Average,No,Yes,Not Started,121,265,24,374,68.1,72.0,7.48,1,34,1,0,0,0.0,37,956
CSE,4,Female,Day Scholar,Night,Visual,Average,Medium,Good,No,Yes,Not Started,188,233,233,0,67.8,71.0,6.99,1,34,1,1,3,0.0,4,1067
CSE,4,Female,Day Scholar,Morning,Auditory,Average,High,Good,No,No,Not Started,79,253,129,198,96.7,77.1,6.92,0,38,4,0,0,4.0,0,986
IT,7,Female,Hostel,Morning,Visual,Poor,Medium,Good,No,No,In Progress,0,326,0,542,76.0,58.6,6.59,0,23,6,1,2,8.0,416,1037
CSE,6,Male,Day Scholar,Night,Kinesthetic,Average,Medium,Average,No,Yes,Not Started,115,149,270,65,90.3,76.9,8.16,0,40,2,3,1,7.0,66,1157
CSE-AIML,7,Male,Day Scholar,Morning,Visual,Average,Medium,Good,No,Yes,In Progress,138,176,190,372,77.0,68.6,7.08,2,35,4,1,2,6.0,261,961
CSE,4,Female,Hostel,Morning,Visual,Average,Medium,Good,No,No,Not Started,197,148,109,643,67.7,62.7,6.5,2,33,2,0,0,3.0,258,1049
IT,3,Female,Hostel,Night,Visual,Average,Low,Average,No,Yes,Not Started,140,315,24,63,67.7,62.5,6.5,4,31,3,0,1,1.0,61,1296
CSE,2,Female,Hostel,Night,Kinesthetic,Poor,Medium,Average,No,No,Not Started,74,327,148,581,69.9,53.9,4.79,3,26,1,0,0,1.0,68,1122
ECE,4,Male,Hostel,Night,Auditory,Average,Medium,Good,No,No,Not Started,233,0,18,501,78.0,71.1,7.08,0,38,0,0,1,1.0,110,913
CSE,6,Female,Hostel,Afternoon,Auditory,Average,Medium,Good,No,No,Not Started,203,54,168,279,100.0,76.2,6.94,0,39,5,3,0,2.0,94,1115
ECE,2,Male,Hostel,Morning,Auditory,Good,Low,Good,No,No,Not Started,91,344,47,241,91.2,67.4,5.98,1,32,0,0,0,0.0,50,1382
CSE-AIML,4,Male,Hostel,Night,Kinesthetic,Poor,Low,Good,No,Yes,Not Started,267,445,201,114,70.3,66.8,6.83,2,28,3,0,1,2.0,0,1397
ECE,7,Other,Hostel,Night,Auditory,Good,High,Good,No,No,In Progress,257,339,0,330,87.5,67.6,7.42,0,29,4,2,2,6.0,226,1083
IT,5,Female,Day Scholar,Afternoon,Visual,Poor,High,Good,No,Yes,Not Started,56,225,67,312,78.8,70.4,7.01,2,37,1,1,1,3.0,178,1174
IT,1,Male,Hostel,Night,Kinesthetic,Good,Medium,Poor,No,No,Not Started,192,214,146,390,86.4,71.7,7.12,0,32,0,1,0,1.0,0,999
ECE,7,Male,Hostel,Afternoon,Auditory,Poor,High,Poor,No,No,In Progress,271,349,320,341,91.0,85.9,8.39,0,44,7,3,0,2.0,202,740
CSE,7,Female,Hostel,Afternoon,Visual,Good,Low,Good,No,Yes,Placed,197,449,312,782,83.0,71.4,6.47,1,36,5,1,1,2.0,555,1233
CSE,6,Female,Hostel,Night,Auditory,Poor,Medium,Good,No,No,Not Started,133,71,382,294,75.3,57.4,5.41,4,26,1,2,3,2.0,232,1160
CSE,4,Female,Hostel,Afternoon,Auditory,Poor,High,Average,No,Yes,Not Started,243,337,8,32,98.9,79.0,7.73,0,41,3,2,0,2.0,35,1012
IT,2,Female,Hostel,Morning,Kinesthetic,Average,Medium,,No,No,Not Started,137,232,22,33,78.3,77.2,7.54,2,37,2,0,0,4.0,0,1079
CSE,1,Male,Day Scholar,Morning,Kinesthetic,Good,Low,Average,Yes,No,Not Started,304,27,111,291,97.2,70.1,7.74,0,32,0,0,0,0.0,79,1154
CSE-DS,2,Male,Hostel,Night,Kinesthetic,Poor,Medium,Average,No,Yes,Not Started,224,447,112,421,78.3,73.7,6.74,0,39,1,0,0,1.0,102,1335
IT,6,Female,Hostel,Night,Auditory,Good,Low,Average,No,No,Not Started,251,303,70,324,71.6,60.9,5.99,3,26,3,2,2,3.0,168,1126
CSE-DS,2,Male,Hostel,Afternoon,Auditory,Poor,High,Good,No,No,Not Started,100,147,59,0,52.8,55.4,6.09,1,31,1,0,0,2.0,35,946
CSE,3,Male,Day Scholar,Night,Visual,Average,Medium,Good,No,No,Not Started,289,138,272,430,91.1,65.6,6.56,0,30,3,1,0,3.0,95,1135
CSE-DS,4,Male,Hostel,Night,Kinesthetic,Average,Medium,Good,No,No,Not Started,223,359,85,787,91.6,76.6,7.67,0,43,3,1,0,3.0,327,1358
IT,6,Male,Day Scholar,Morning,Auditory,Average,Low,Average,No,Yes,In Progress,121,117,91,196,81.2,68.6,6.39,1,38,2,0,1,4.0,136,872
CSE,2,Female,Day Scholar,Night,Visual,Average,Medium,Good,Yes,Yes,Not Started,125,292,197,68,71.6,73.4,7.87,0,36,0,0,0,3.0,108,968
IT,5,Male,Day Scholar,Afternoon,Auditory,Poor,High,Average,Yes,Yes,Not Started,171,149,139,351,81.4,71.2,6.88,0,35,4,0,1,1.0,171,1163
CSE,4,Female,Hostel,Night,Auditory,Average,Medium,Good,No,Yes,Not Started,232,238,177,407,100.0,71.7,8.04,0,34,7,0,0,3.0,185,871
CSE,3,Female,Hostel,Night,Visual,Good,Low,Poor,No,Yes,Not Started,94,294,0,256,66.2,69.2,6.47,3,32,2,2,0,0.0,101,961
IT,7,Female,Day Scholar,Afternoon,Kinesthetic,Average,Medium,Good,No,No,In Progress,133,153,86,18,92.2,74.9,7.82,1,37,7,2,1,0.0,0,837
CSE,2,Male,Hostel,Morning,Visual,Good,Low,Average,No,Yes,Not Started,25,0,12,399,83.5,57.3,5.16,1,33,0,0,0,0.0,107,1157
IT,1,Female,Hostel,Night,Visual,Average,Medium,Average,No,No,Not Started,229,351,161,201,85.9,70.2,6.83,0,34,2,0,0,2.0,0,1201
CSE,5,Male,Day Scholar,Night,Kinesthetic,Average,Low,Average,No,No,Not Started,226,271,371,487,78.8,73.6,8.17,0,40,3,0,1,3.0,266,870
CSE-DS,5,Male,Hostel,Night,Auditory,Average,Medium,Average,No,No,Not Started,362,519,80,280,82.5,81.9,8.86,0,40,3,3,0,3.0,181,1030
CSE-AIML,2,Female,Hostel,Night,Auditory,Poor,Medium,Good,No,No,Not Started,307,160,137,0,74.5,71.3,6.94,0,32,0,1,0,1.0,0,869
CSE-DS,3,Other,Day Scholar,Morning,Auditory,Good,Low,Poor,No,Yes,Not Started,278,387,245,358,100.0,78.3,8.07,0,36,2,1,1,1.0,88,1065
CSE,1,Male,Day Scholar,Night,Kinesthetic,Poor,High,Poor,Yes,No,Not Started,120,204,58,443,78.9,62.8,6.0,2,31,1,0,0,0.0,37,774
CSE,5,Male,Day Scholar,Night,Visual,Average,Medium,Average,No,Yes,Not Started,182,89,170,150,65.7,70.9,6.87,0,31,5,2,0,2.0,80,997
IT,7,Male,Hostel,Night,Visual,Good,Low,Good,No,Yes,Placed,190,400,66,586,68.4,67.5,6.06,0,28,5,2,0,1.0,459,1325
CSE-AIML,8,Male,Hostel,Night,Kinesthetic,Average,Medium,Average,No,Yes,In Progress,119,83,82,178,78.6,67.7,6.13,1,35,3,2,1,8.0,73,1046
ECE,7,Male,Day Scholar,Afternoon,Auditory,Poor,Low,Good,No,No,In Progress,262,219,67,158,96.6,80.2,6.94,0,40,6,1,2,4.0,139,1153
IT,1,Male,Hostel,,Visual,Average,Medium,Good,No,Yes,Not Started,213,306,131,30,83.8,74.8,6.71,0,37,1,0,0,1.0,0,1220
CSE,1,Female,Hostel,Night,Auditory,Good,Low,Average,No,Yes,Not Started,146,228,82,391,86.0,78.5,7.72,0,41,0,1,0,1.0,21,763
CSE-DS,5,Female,Day Scholar,Night,Visual,Average,Low,Good,No,Yes,Not Started,355,178,244,82,71.3,75.3,7.62,0,36,5,0,1,2.0,0,914
CSE-DS,5,Male,Hostel,Night,Kinesthetic,Poor,High,Average,No,No,Not Started,171,22,203,496,82.4,67.3,6.18,3,31,1,2,0,5.0,201,1339
CSE-AIML,2,Female,Hostel,Night,Auditory,Good,Medium,Good,Yes,Yes,Not Started,387,278,67,0,69.2,69.6,8.12,0,28,2,0,0,2.0,0,1476
IT,7,Male,Day Scholar,Night,Visual,Good,High,Good,No,Yes,In Progress,274,205,0,518,97.6,81.6,7.73,0,43,5,2,2,4.0,409,1294
CSE,5,Male,Hostel,Afternoon,Kinesthetic,Average,Low,Average,No,No,Not Started,211,86,24,279,100.0,78.2,7.75,0,39,7,3,0,2.0,68,856
IT,2,Male,Hostel,Morning,Auditory,Good,Low,Poor,No,No,Not Started,194,334,0,222,91.6,72.9,7.08,0,37,0,0,0,2.0,117,1035
CSE,8,Female,Hostel,Morning,Visual,Poor,Medium,Good,No,No,Placed,134,132,105,272,73.9,54.6,6.34,0,30,11,3,3,6.0,193,1203
CSE-AIML,2,Female,Hostel,Night,Kinesthetic,Good,Medium,Good,No,No,Not Started,126,330,212,316,77.9,66.2,5.47,3,38,1,3,0,1.0,79,819
CSE-AIML,2,Female,Hostel,Afternoon,Kinesthetic,Average,Medium,Good,No,No,Not Started,278,390,199,549,67.8,73.3,7.12,0,35,1,0,0,1.0,201,709
CSE,1,Male,Day Scholar,Night,Auditory,Average,Medium,Good,No,No,Not Started,170,130,0,213,80.6,69.8,6.69,0,37,0,0,0,1.0,47,1237
CSE-AIML,3,Male,Hostel,Night,Visual,Average,Medium,Good,No,No,Not Started,122,184,79,100,82.8,71.3,7.58,1,30,1,0,1,3.0,0,849
CSE,3,Male,Hostel,Night,Auditory,Good,Medium,Average,No,No,Not Started,259,220,0,0,77.8,62.7,7.09,0,30,2,0,0,2.0,0,1080
CSE-DS,8,Female,Day Scholar,Night,Visual,Poor,High,Average,No,No,Placed,146,298,0,351,68.3,56.0,5.57,3,29,11,2,1,4.0,333,1283
CSE-AIML,2,Female,Hostel,Morning,Visual,Poor,High,Average,No,No,Not Started,87,32,170,70,62.6,58.2,5.93,1,25,1,0,0,1.0,0,897
CSE-AIML,4,Male,Day Scholar,Morning,Kinesthetic,Poor,High,Good,No,No,Not Started,293,148,112,134,76.0,68.4,7.48,0,37,5,1,0,3.0,99,1013
ECE,7,Male,Hostel,Morning,Visual,Average,Medium,Good,No,Yes,In Progress,192,100,41,373,83.6,82.0,7.71,2,42,5,1,0,4.0,255,1240
CSE,1,Male,Day Scholar,Afternoon,Kinesthetic,Good,Medium,Average,No,No,Not Started,0,280,68,578,69.3,56.2,5.9,1,30,1,0,0,1.0,24,747
CSE,1,Male,Hostel,Morning,Visual,Average,Medium,Average,No,Yes,Not Started,200,151,273,0,69.1,67.6,6.36,1,38,0,1,0,0.0,26,958
CSE-DS,3,Male,Day Scholar,Night,Auditory,Average,Medium,Good,Yes,Yes,Not Started,178,223,117,288,78.9,68.5,6.89,2,35,1,1,1,1.0,103,987
CSE,4,Other,Hostel,Night,Auditory,Poor,High,Average,No,Yes,Not Started,329,318,102,469,80.9,80.5,8.13,0,38,4,1,0,1.0,163,922
CSE-DS,3,Male,Day Scholar,Night,Auditory,Poor,High,Good,Yes,Yes,Not Started,249,413,76,305,68.4,68.3,6.21,2,36,5,1,0,2.0,0,1159
CSE,3,Male,Hostel,Morning,Visual,Poor,Low,Good,No,No,Not Started,219,325,0,666,69.1,64.4,5.51,0,30,2,0,0,1.0,250,1130
ECE,6,Male,Day Scholar,Morning,Kinesthetic,Average,Medium,Average,No,No,Not Started,402,0,0,165,68.7,79.0,8.58,0,41,7,0,0,0.0,110,879
CSE-AIML,3,Female,Hostel,Night,Kinesthetic,Good,High,Good,No,Yes,Not Started,176,394,74,97,80.1,68.4,7.48,0,37,0,0,0,1.0,66,948
CSE,8,Male,Hostel,Morning,Kinesthetic,Average,Medium,Average,No,No,In Progress,276,99,201,0,84.2,73.4,7.81,0,38,7,2,1,0.0,0,1115
ECE,5,Male,Hostel,Night,Kinesthetic,Poor,Medium,Good,No,Yes,Not Started,388,297,208,437,93.6,86.8,7.66,0,43,5,3,0,5.0,213,1052
CSE-DS,1,Male,Hostel,Night,Auditory,Average,Medium,Average,No,Yes,Not Started,197,399,9,294,87.8,73.3,8.11,0,36,0,0,0,2.0,0,853
ECE,3,Female,Hostel,Afternoon,Auditory,Average,Medium,Good,No,No,Not Started,319,44,166,401,67.3,72.1,7.42,0,36,6,0,1,0.0,130,988
CSE-AIML,8,Female,Day Scholar,Night,Kinesthetic,Average,Low,Good,Yes,No,Placed,198,200,151,151,100.0,71.7,7.37,0,35,7,2,5,8.0,118,1168
CSE,4,Male,Day Scholar,,Visual,Average,Medium,Good,No,Yes,Not Started,317,101,89,223,88.3,84.3,8.7,0,40,2,1,1,3.0,70,1131
CSE,8,Female,Day Scholar,Night,Visual,Average,Medium,Good,No,No,Placed,261,366,114,383,74.7,77.3,7.28,1,35,7,0,2,6.0,187,809
IT,5,Female,Day Scholar,Morning,Visual,Good,Low,Good,No,No,Not Started,68,438,163,235,83.1,75.0,7.65,0,36,5,0,0,0.0,166,1044
IT,3,Male,Day Scholar,Night,Kinesthetic,Average,Low,Average,No,Yes,Not Started,213,415,0,0,91.2,71.1,6.88,0,33,3,2,0,2.0,0,1085
IT,2,Female,Day Scholar,Night,Visual,Average,Low,Good,No,No,Not Started,344,177,102,203,81.0,75.1,6.56,0,35,3,0,0,0.0,66,981
CSE,1,Male,Day Scholar,,Kinesthetic,Poor,Medium,Average,No,No,Not Started,258,222,124,811,74.4,72.6,8.12,0,34,2,0,0,0.0,72,936
CSE,8,Female,Day Scholar,Afternoon,Visual,Average,Medium,Good,No,No,Placed,260,111,110,75,52.5,68.3,6.95,0,31,2,3,2,2.0,37,891
IT,1,Male,Hostel,Night,Auditory,Average,Medium,Average,No,No,Not Started,265,153,132,257,90.8,72.4,6.98,1,40,1,1,0,0.0,29,917
CSE,3,Male,Hostel,Night,Auditory,Average,High,Average,No,Yes,Not Started,211,269,384,475,92.4,71.7,7.27,0,38,1,0,1,2.0,158,1041
IT,6,Male,Hostel,Afternoon,Kinesthetic,Good,Medium,Good,No,Yes,Not Started,292,139,77,523,79.2,70.2,7.21,0,31,5,3,3,4.0,332,1163
CSE-AIML,1,Male,Day Scholar,Night,Auditory,Good,Medium,Average,No,Yes,Not Started,161,331,3,141,90.2,63.9,6.89,1,34,0,0,0,0.0,0,822
CSE,7,Male,Day Scholar,Night,Auditory,Good,High,Good,No,No,Placed,130,264,23,0,83.2,69.5,6.94,1,33,6,4,1,4.0,22,1093
IT,2,Male,Day Scholar,Night,Auditory,Good,Medium,Average,No,No,Not Started,321,348,0,595,81.7,75.7,7.6,1,36,2,0,0,1.0,72,1056
CSE,2,Female,Day Scholar,Morning,Visual,Good,Medium,Good,No,No,Not Started,75,97,99,355,67.8,65.8,7.13,0,24,1,0,0,0.0,103,809
CSE-AIML,5,Male,Hostel,Night,Visual,Poor,Medium,Good,No,No,Not Started,148,225,0,284,62.6,63.1,6.33,3,32,4,2,1,6.0,233,1088
CSE,1,Female,Hostel,Night,Auditory,Poor,High,Good,No,Yes,Not Started,288,290,89,426,78.3,76.9,7.38,0,43,0,0,0,0.0,72,937
CSE-AIML,4,Male,Day Scholar,Night,Auditory,Average,Medium,Poor,No,No,Not Started,122,172,149,211,81.4,73.6,7.49,0,39,5,1,0,2.0,167,965
CSE-DS,3,Female,Day Scholar,Morning,Kinesthetic,Poor,High,Good,No,No,Not Started,121,487,81,298,77.5,65.1,7.0,0,30,4,0,1,4.0,125,853
CSE,1,Male,Day Scholar,Night,Visual,Poor,High,Good,No,No,Not Started,300,141,4,310,68.7,67.2,6.2,1,36,1,0,0,0.0,24,1172
CSE,3,Female,Hostel,Night,Kinesthetic,Poor,High,Poor,No,No,Not Started,338,183,87,606,67.3,75.8,7.57,0,35,4,1,0,3.0,233,1401
IT,4,Male,Hostel,Night,Kinesthetic,Average,Medium,Average,Yes,No,Not Started,228,310,124,214,82.6,69.7,6.77,0,32,10,0,0,1.0,87,986
CSE-AIML,4,Male,Hostel,Night,Auditory,Good,Medium,Good,Yes,Yes,Not Started,208,307,61,370,60.4,65.3,6.26,2,33,3,0,0,2.0,100,1013
CSE,5,Male,Hostel,Night,Kinesthetic,Good,Low,Average,No,Yes,Not Started,299,273,0,292,97.9,89.5,8.93,0,41,4,0,0,4.0,187,1096
CSE,5,Male,Hostel,Night,Visual,Good,Low,Average,No,Yes,Not Started,9,197,151,256,62.0,54.2,6.17,1,26,5,2,1,3.0,146,1009
CSE-AIML,8,Male,Hostel,Morning,Visual,Average,Medium,Good,No,No,Placed,0,14,54,135,72.7,60.9,6.45,1,28,3,3,1,2.0,74,942
CSE,4,Male,Hostel,Night,Auditory,Average,High,Good,No,Yes,Not Started,129,355,395,447,78.5,70.0,8.03,0,31,2,2,0,3.0,285,1089
CSE,2,Female,Hostel,Night,Auditory,Average,Medium,,No,Yes,Not Started,231,322,131,312,85.7,63.3,6.09,1,32,0,0,0,0.0,152,1182
CSE-AIML,4,Female,Hostel,Night,Kinesthetic,Good,Medium,Good,No,No,Not Started,78,241,82,658,61.7,63.3,5.5,5,34,1,1,0,3.0,236,937
CSE,3,Female,Day Scholar,Morning,Auditory,Average,Medium,Average,No,No,Not Started,185,255,74,299,84.3,64.5,6.68,1,31,3,1,1,0.0,120,1081
CSE,4,Male,Day Scholar,Night,Kinesthetic,Average,Medium,Good,No,No,Not Started,415,24,271,295,91.8,74.8,7.26,0,34,2,2,0,3.0,64,1246
CSE,6,Male,Day Scholar,Night,Visual,Good,Low,Good,No,Yes,Not Started,99,292,107,449,100.0,75.4,7.78,1,34,6,0,1,4.0,333,1149
CSE,6,Female,Day Scholar,Morning,Auditory,Good,Low,Good,Yes,No,In Progress,120,229,186,360,88.0,73.6,7.32,0,32,1,2,2,2.0,214,1144
CSE,2,Male,Day Scholar,Night,Visual,Average,High,Good,No,No,Not Started,221,166,24,428,75.0,66.7,6.96,2,33,1,0,0,0.0,87,1302
IT,1,Female,Hostel,Morning,Visual,Average,High,Good,No,No,Not Started,177,45,243,188,94.0,76.7,7.01,0,40,1,1,0,0.0,0,941
CSE-DS,8,Female,Hostel,Night,Kinesthetic,Good,Low,Good,No,No,In Progress,180,283,66,261,92.7,75.4,7.34,0,42,5,1,3,3.0,270,982
CSE-DS,3,Male,Day Scholar,Morning,Auditory,Poor,High,Poor,No,No,Not Started,304,15,139,451,81.0,70.9,6.73,0,39,2,1,0,0.0,118,1112
CSE-AIML,7,Female,Hostel,Night,Kinesthetic,Average,Medium,Good,No,No,In Progress,259,205,187,543,70.5,63.4,6.35,1,36,5,2,0,5.0,390,1323
CSE,8,Female,Day Scholar,Afternoon,Kinesthetic,Good,Medium,Good,No,Yes,Placed,53,92,220,297,82.1,67.2,6.82,0,30,5,4,0,4.0,326,1282
ECE,7,Male,Day Scholar,Afternoon,Auditory,Poor,High,Good,No,No,In Progress,240,19,263,454,88.0,75.0,6.58,0,38,3,2,2,1.0,281,1219
IT,1,Male,Day Scholar,Night,Kinesthetic,Good,Medium,Good,No,No,Not Started,277,238,42,219,79.2,62.9,6.23,4,34,2,0,0,2.0,23,1062
IT,8,Male,Day Scholar,Night,Kinesthetic,Average,Medium,Average,No,No,Placed,234,165,61,38,86.3,65.8,5.98,5,33,10,3,1,6.0,16,890
CSE,3,Male,Day Scholar,Night,Auditory,Good,Low,Average,No,Yes,Not Started,125,271,59,211,70.8,62.3,6.31,1,29,4,0,0,2.0,0,714
CSE-AIML,8,Female,Day Scholar,Night,Kinesthetic,Poor,Medium,Good,No,No,Placed,222,232,53,55,84.2,73.4,6.68,2,37,3,1,1,3.0,86,1036
CSE,2,Male,Hostel,Night,Visual,Average,Medium,Good,No,No,Not Started,236,315,67,425,90.8,77.6,7.85,2,40,2,0,0,1.0,37,988
ECE,3,Other,Day Scholar,Afternoon,Kinesthetic,Good,Low,Good,No,No,Not Started,136,10,3,71,100.0,78.8,7.61,0,43,1,1,0,1.0,16,834
IT,3,Female,Day Scholar,Morning,Visual,Average,Medium,Average,No,Yes,Not Started,196,257,254,532,59.8,60.7,5.57,3,31,5,1,1,3.0,198,1147
CSE-AIML,6,Male,Hostel,Night,Kinesthetic,Good,Medium,Good,No,No,Not Started,228,331,24,343,57.0,61.8,5.87,1,30,1,2,1,4.0,176,1077
CSE,7,Male,Hostel,Night,Auditory,Good,Low,Good,Yes,No,Placed,12,384,134,349,84.2,62.1,6.16,2,31,5,5,2,0.0,178,1044
CSE-AIML,4,Male,Hostel,Morning,Visual,Average,Medium,Good,No,No,Not Started,68,504,26,247,76.4,62.9,6.27,1,29,2,4,0,3.0,77,1333
CSE-AIML,8,Male,Day Scholar,Night,Visual,Average,Medium,Average,No,No,Placed,271,205,63,565,92.8,78.1,8.33,0,40,3,2,1,5.0,443,1135
CSE,1,Male,Day Scholar,Afternoon,Kinesthetic,Poor,Medium,Good,No,No,Not Started,255,209,214,263,82.2,66.7,6.98,0,30,1,0,0,0.0,0,1034
CSE,8,Female,Hostel,Morning,Visual,Poor,Medium,Average,No,No,Placed,169,107,129,625,88.4,70.7,7.83,0,30,6,1,1,9.0,489,1260
CSE,2,Male,Day Scholar,Night,Visual,Good,Low,Good,No,Yes,Not Started,51,116,366,288,90.7,68.0,6.94,0,29,2,0,0,0.0,136,863
CSE-AIML,2,Female,Hostel,Morning,Auditory,Average,Medium,,Yes,Yes,Not Started,136,339,0,97,78.0,65.6,6.55,0,33,1,0,0,0.0,76,1384
CSE-AIML,7,Male,Hostel,Afternoon,Kinesthetic,Good,Medium,Average,Yes,No,In Progress,173,200,328,663,82.0,73.1,7.47,0,36,7,2,2,3.0,486,1362
CSE-DS,7,Female,Hostel,Afternoon,Visual,Average,Medium,Average,No,No,Placed,136,218,103,177,76.7,63.0,6.38,1,35,1,1,1,1.0,109,1331
ECE,8,Other,Day Scholar,Night,Kinesthetic,Good,Low,Average,No,No,In Progress,41,184,18,624,75.5,69.0,7.03,0,28,7,4,1,4.0,486,1276
CSE,8,Male,Day Scholar,Night,Visual,Good,Medium,Average,No,Yes,In Progress,64,159,104,305,92.1,65.9,7.52,1,29,10,1,3,7.0,271,967
CSE-AIML,4,Female,Hostel,Night,Kinesthetic,Average,High,Average,No,No,Not Started,241,253,0,605,96.7,74.2,7.19,0,41,4,4,1,2.0,277,1299
IT,4,Female,Day Scholar,Night,Visual,Poor,Medium,Average,No,Yes,Not Started,213,247,138,671,95.0,83.0,7.72,2,40,6,1,2,2.0,254,1184
ECE,5,Female,Hostel,Night,Auditory,Poor,Medium,Average,No,Yes,Not Started,46,0,66,477,85.6,71.9,7.41,0,36,5,2,2,3.0,370,1264
CSE-AIML,6,Male,Hostel,Night,Auditory,Average,Medium,Average,No,Yes,In Progress,205,187,17,54,88.3,73.3,7.53,0,34,2,3,0,4.0,122,1139
CSE-DS,8,Female,Hostel,Afternoon,Auditory,Average,High,Good,No,No,Placed,251,228,161,320,86.1,80.6,7.86,0,36,7,1,3,3.0,249,1046
CSE,1,Female,Day Scholar,Night,Kinesthetic,Average,Medium,Good,No,Yes,Not Started,200,46,247,138,100.0,80.8,7.23,0,36,2,0,0,0.0,119,1143
CSE-AIML,7,Male,Hostel,Morning,Visual,Average,Medium,Good,No,Yes,Placed,198,242,87,52,85.4,71.2,7.19,0,33,8,3,2,6.0,0,1056
CSE,5,Female,Hostel,Morning,Visual,Average,High,Poor,No,Yes,Not Started,74,310,157,443,75.9,64.3,6.39,1,33,4,3,1,2.0,243,1253
CSE-AIML,3,Male,Day Scholar,Afternoon,Visual,Good,Low,Average,No,Yes,Not Started,277,242,133,274,85.5,75.6,6.95,0,34,4,0,1,0.0,89,930
CSE-AIML,1,Male,Hostel,Night,Visual,Good,Low,Good,No,No,Not Started,178,198,113,393,100.0,77.4,7.12,0,38,0,0,0,2.0,100,1027
CSE,1,Female,Day Scholar,Morning,Kinesthetic,Poor,High,Average,Yes,No,Not Started,217,296,145,61,63.5,67.4,6.35,4,33,3,0,0,0.0,0,658
IT,8,Female,Day Scholar,Afternoon,Visual,Good,Medium,Average,Yes,Yes,Placed,0,484,0,252,89.5,69.6,7.14,0,32,5,0,4,6.0,174,1288
CSE,4,Male,Day Scholar,Morning,Visual,Poor,High,Good,No,Yes,Not Started,132,294,52,700,80.3,65.3,6.4,0,30,4,2,0,3.0,273,1144
IT,7,Male,Day Scholar,Afternoon,Kinesthetic,Good,Low,Poor,No,Yes,In Progress,334,0,166,166,83.9,77.7,8.33,0,38,8,1,3,5.0,118,1300
ECE,4,Male,Hostel,Afternoon,Visual,Poor,Medium,Average,No,Yes,Not Started,0,258,68,99,76.6,66.1,5.91,2,36,3,2,0,4.0,0,1147
CSE-AIML,8,Male,Hostel,Night,Auditory,Poor,Medium,Average,No,Yes,Placed,76,72,122,198,88.2,67.1,6.98,2,33,11,0,3,5.0,138,1223
CSE-AIML,8,Male,Hostel,Afternoon,Visual,Average,Medium,Good,No,No,Placed,160,65,178,12,75.4,67.9,6.74,0,33,6,2,4,1.0,0,792
CSE-AIML,8,Male,Hostel,Morning,Auditory,Poor,Medium,Average,No,Yes,Placed,119,93,113,64,87.2,70.6,7.38,0,35,5,1,3,1.0,71,1107
ECE,7,Male,Day Scholar,Afternoon,Auditory,Good,Medium,Average,No,No,In Progress,178,157,114,483,73.3,77.0,7.74,0,36,6,1,0,2.0,295,1035
CSE,2,Male,Day Scholar,Afternoon,Auditory,Average,Low,Good,No,No,Not Started,264,157,27,148,77.0,72.7,8.06,0,39,0,0,0,3.0,78,1181
CSE-DS,8,Male,Day Scholar,Morning,Kinesthetic,Poor,High,Good,No,Yes,Placed,80,154,81,295,67.6,65.7,6.49,1,36,9,1,0,2.0,225,991
CSE,5,Male,Hostel,Afternoon,Kinesthetic,Poor,Medium,Average,No,No,Not Started,190,59,240,356,89.5,68.8,7.59,0,37,3,4,0,2.0,160,1264
CSE,3,Male,Hostel,Morning,Visual,Good,Medium,Average,No,No,Not Started,80,229,339,457,91.7,71.8,5.82,3,35,2,2,1,2.0,95,1114
IT,3,Male,Day Scholar,Night,Auditory,Average,Medium,Poor,No,Yes,Not Started,330,180,0,38,90.8,79.5,8.84,0,39,4,0,0,1.0,0,831
CSE-DS,2,Male,Hostel,Morning,Auditory,Poor,High,Average,Yes,Yes,Not Started,291,132,5,581,92.3,71.1,6.38,3,35,4,1,0,1.0,64,723
CSE,6,Female,Day Scholar,Night,Auditory,Average,Medium,Poor,No,No,Not Started,85,436,97,326,81.9,74.7,7.02,0,39,3,2,2,4.0,246,1036
CSE,7,Male,Hostel,Afternoon,Auditory,Average,Medium,Good,No,No,In Progress,206,337,56,339,95.1,74.0,7.25,0,38,7,2,2,2.0,297,1060
CSE,6,Female,Day Scholar,Afternoon,Kinesthetic,Average,Low,Good,No,No,In Progress,136,237,117,515,84.8,70.2,7.86,0,40,3,2,0,3.0,261,1190
CSE,8,Male,Day Scholar,,Auditory,Average,Low,Good,No,No,In Progress,206,0,190,425,88.1,78.1,7.78,0,37,3,3,0,2.0,326,1287
CSE-AIML,7,Male,Hostel,Morning,Visual,Good,Low,Good,No,No,Placed,102,144,167,527,61.2,69.1,6.89,0,33,8,1,1,1.0,310,1089
CSE-AIML,7,Male,Day Scholar,Night,Visual,Poor,Medium,Good,No,No,In Progress,242,266,119,486,73.7,65.4,6.64,2,33,1,1,2,0.0,310,1176
CSE,5,Male,Day Scholar,Night,Auditory,Poor,High,Poor,No,Yes,Not Started,297,136,142,356,100.0,83.7,8.14,0,44,3,0,2,3.0,220,975
CSE-AIML,2,Female,Hostel,Night,Kinesthetic,Good,Low,Good,Yes,No,Not Started,126,234,28,375,100.0,71.2,6.84,0,37,1,1,0,0.0,0,966
CSE,4,Male,Day Scholar,Morning,Kinesthetic,Average,Low,Good,Yes,Yes,Not Started,143,131,122,255,74.3,77.8,7.86,1,40,3,0,0,2.0,85,1238
CSE,4,Male,Day Scholar,Night,Visual,Average,Medium,Good,No,No,Not Started,273,312,33,228,59.4,57.5,5.08,0,28,2,2,0,2.0,104,920
IT,2,Male,Day Scholar,Night,Auditory,Poor,Medium,Good,Yes,Yes,Not Started,37,344,127,215,80.2,62.4,7.43,0,30,1,0,0,2.0,12,715
CSE-AIML,5,Female,Day Scholar,Night,Visual,Poor,High,Good,No,Yes,Not Started,126,265,109,115,78.9,66.0,6.56,0,29,2,0,0,3.0,116,773
CSE-DS,1,Male,Day Scholar,Night,Kinesthetic,Average,Medium,Good,No,No,Not Started,118,361,11,192,72.5,66.1,5.74,4,29,0,0,0,0.0,0,1086
CSE,1,Female,Day Scholar,Night,Kinesthetic,Average,Medium,,No,No,Not Started,68,198,219,400,83.6,62.2,6.02,3,33,4,0,0,1.0,104,1034
CSE-DS,3,Male,Day Scholar,,Auditory,Poor,High,Good,No,No,Not Started,127,152,120,519,72.2,69.2,7.2,0,31,1,2,0,2.0,10,1118
CSE,7,Female,Day Scholar,Night,Kinesthetic,Average,Medium,Good,No,No,In Progress,152,235,0,228,85.1,72.9,7.36,0,34,8,0,3,0.0,220,1404
CSE,3,Male,Hostel,Night,Kinesthetic,Average,Low,Average,No,No,Not Started,322,474,245,541,95.6,75.3,6.87,0,40,2,0,0,1.0,175,1035
ECE,1,Female,Hostel,Morning,Kinesthetic,Good,Low,Average,No,No,Not Started,152,332,190,0,72.7,63.0,6.91,0,35,0,0,0,1.0,28,1156
IT,6,Female,Hostel,Morning,Visual,Poor,Medium,Average,No,Yes,Not Started,181,28,27,583,79.9,67.6,5.72,2,36,7,1,1,4.0,262,1021
CSE,7,Female,Day Scholar,Night,Kinesthetic,Poor,Low,Good,No,No,Placed,190,291,33,236,65.8,71.3,7.34,0,34,8,4,0,6.0,183,818
CSE,8,Male,Hostel,Afternoon,Auditory,Average,Medium,Poor,No,Yes,Placed,73,593,32,487,69.7,63.3,7.0,1,31,5,2,2,4.0,488,1394
CSE-AIML,8,Male,Hostel,Morning,Auditory,Average,Medium,Poor,Yes,No,In Progress,61,113,148,114,97.7,61.0,6.11,5,28,6,2,0,4.0,97,994
CSE-DS,1,Male,Day Scholar,Night,Visual,Good,Low,,No,Yes,Not Started,109,411,310,93,85.2,73.2,8.48,0,34,1,0,0,1.0,0,626
CSE,6,Female,Day Scholar,Morning,Kinesthetic,Good,Low,Good,No,Yes,Not Started,107,343,123,693,88.5,70.4,6.91,0,37,7,0,0,0.0,428,1132
ECE,8,Male,Hostel,Afternoon,Auditory,Good,Low,Average,No,Yes,Placed,143,48,92,791,75.0,72.5,6.76,0,36,7,0,3,4.0,627,1245
CSE,3,Male,Hostel,Night,Kinesthetic,Poor,High,Poor,No,No,Not Started,153,447,0,378,80.4,63.9,5.1,2,32,5,1,1,,139,1008
CSE-DS,4,Male,Hostel,Night,Kinesthetic,Average,Medium,Good,No,Yes,Not Started,199,17,196,284,85.3,73.9,8.06,0,37,5,1,1,5.0,75,1180
CSE,5,Male,Day Scholar,Afternoon,Visual,Good,High,Good,No,Yes,Not Started,265,493,146,138,74.5,68.8,8.0,1,29,4,1,3,2.0,101,1090
CSE,8,Female,Day Scholar,Night,Visual,Average,Medium,Good,No,No,In Progress,100,291,319,452,98.9,69.1,6.79,0,32,5,3,0,2.0,370,1071
IT,1,Male,Day Scholar,Morning,Kinesthetic,Good,Low,Good,No,Yes,Not Started,155,247,93,190,77.1,62.4,6.42,0,26,1,0,0,1.0,0,1000
CSE,8,Male,Hostel,Morning,Visual,Average,High,Good,No,No,Placed,174,346,145,0,68.7,67.8,7.03,1,32,6,2,2,3.0,73,996
CSE,4,Male,Hostel,Afternoon,Kinesthetic,Poor,High,Good,No,No,Not Started,59,178,118,384,99.7,71.6,6.73,0,34,4,1,0,2.0,135,866
CSE-AIML,5,Female,Hostel,Night,Visual,Poor,High,Good,No,No,Not Started,260,157,105,828,79.4,70.9,6.2,0,36,4,1,2,2.0,460,1304
ECE,7,Female,Day Scholar,Night,Kinesthetic,Average,Medium,Average,No,No,In Progress,231,386,0,489,58.6,64.5,6.78,1,30,6,1,0,1.0,326,1522
ECE,6,Male,Day Scholar,Morning,Kinesthetic,Poor,Medium,Good,No,Yes,Not Started,72,303,140,418,86.5,71.0,7.01,0,34,6,2,2,6.0,260,1254
CSE-AIML,1,Male,Day Scholar,Night,Kinesthetic,Poor,Low,Average,No,No,Not Started,111,204,31,189,90.7,71.2,6.75,0,37,1,0,0,1.0,61,980
CSE-DS,2,Female,Hostel,Afternoon,Kinesthetic,Good,Low,Average,No,No,Not Started,323,168,176,350,75.1,62.5,6.46,0,30,0,0,0,2.0,146,1180
IT,6,Male,Day Scholar,Night,Auditory,Average,Medium,Average,No,No,Not Started,222,324,244,832,67.9,75.4,7.52,0,39,2,2,0,5.0,544,1290
CSE,3,Other,Hostel,Afternoon,Kinesthetic,Average,Low,Good,No,No,Not Started,224,252,90,338,85.9,77.8,7.58,1,38,2,0,0,0.0,44,1254
CSE-DS,8,Male,Hostel,Night,Visual,Poor,High,Good,No,No,Placed,242,123,44,168,84.8,73.6,7.03,0,34,4,4,1,5.0,52,1004
CSE-DS,6,Female,Hostel,Afternoon,Visual,Average,Low,Good,Yes,No,In Progress,306,322,188,236,62.5,75.2,7.92,0,39,5,2,2,2.0,130,962
CSE,6,Male,Day Scholar,Night,Auditory,Average,Medium,Good,No,No,Not Started,227,316,89,0,80.0,70.9,6.8,0,42,5,4,0,5.0,0,823
CSE,5,Female,Hostel,Morning,Visual,Average,Low,Good,No,Yes,Not Started,189,109,317,621,91.7,77.7,8.46,0,40,6,1,0,0.0,270,938
IT,5,Male,Day Scholar,Night,Visual,Good,Low,Good,No,Yes,Not Started,332,128,0,258,69.6,70.0,6.66,0,38,5,2,2,2.0,243,1210
CSE,2,Male,Hostel,Morning,Auditory,Poor,Medium,Good,No,Yes,Not Started,342,220,57,108,90.7,83.9,8.97,0,38,2,0,0,2.0,15,948
CSE,3,Male,Day Scholar,Afternoon,Auditory,Average,Medium,Good,No,Yes,Not Started,139,173,206,329,77.1,68.1,6.86,1,36,3,0,0,1.0,165,954
CSE,7,Female,Day Scholar,Afternoon,Kinesthetic,Good,Low,Average,No,Yes,In Progress,211,262,148,392,66.4,71.0,7.0,0,37,8,3,0,6.0,366,1043
ECE,2,Male,Hostel,Night,Kinesthetic,Average,Medium,Good,Yes,No,Not Started,247,250,64,187,83.3,64.8,6.31,3,32,1,1,0,0.0,40,1166
CSE,1,Female,Hostel,Night,Auditory,Average,Medium,Good,No,Yes,Not Started,270,308,0,388,71.6,69.6,7.65,0,31,1,0,0,1.0,0,900
CSE,8,Female,Day Scholar,Night,Kinesthetic,Average,Medium,Good,No,No,Placed,25,202,124,117,92.3,67.7,7.57,1,36,8,0,0,7.0,200,958
CSE,3,Male,Hostel,Morning,Auditory,Good,Low,Good,No,No,Not Started,150,0,279,381,99.4,76.9,7.89,0,40,2,0,0,4.0,182,1337
CSE,1,Male,Hostel,Morning,Visual,Good,Medium,,No,No,Not Started,206,351,253,0,84.9,81.0,8.21,0,33,1,0,0,0.0,33,880
CSE-AIML,2,Male,Day Scholar,Night,Auditory,Average,Low,Good,No,Yes,Not Started,313,349,104,770,95.7,81.6,7.38,1,39,0,0,0,2.0,93,1326
CSE-AIML,4,Female,Day Scholar,Night,Kinesthetic,Good,Low,Average,No,No,Not Started,160,466,189,358,87.4,89.6,9.29,0,40,1,1,0,2.0,175,1122
CSE,5,Female,Hostel,Night,Kinesthetic,Poor,High,Good,No,No,Not Started,274,298,127,624,100.0,83.6,9.45,0,46,5,1,0,1.0,454,1292
CSE,7,Male,Day Scholar,Morning,Auditory,Average,Medium,Good,No,Yes,In Progress,185,220,230,210,67.5,63.8,6.35,1,24,5,0,2,4.0,100,960
CSE-DS,3,Male,Hostel,Morning,Kinesthetic,Average,Medium,Average,No,No,Not Started,227,294,199,256,96.4,68.2,6.99,0,40,0,0,0,2.0,68,1101
CSE-AIML,3,Female,Hostel,Night,Visual,Poor,Low,Poor,No,Yes,Not Started,145,300,315,237,65.2,60.0,5.97,1,31,5,2,0,3.0,63,1185
IT,6,Male,Day Scholar,Morning,Visual,Poor,High,Good,No,No,Not Started,94,238,201,196,100.0,79.9,7.61,0,40,4,2,3,2.0,170,1030
IT,3,Female,Hostel,Night,Visual,Poor,High,Good,No,No,Not Started,82,324,317,477,81.6,61.9,6.21,1,32,3,0,1,1.0,181,1323
CSE,6,Male,Day Scholar,Morning,Auditory,Average,Medium,Good,No,No,Not Started,140,295,177,405,68.9,62.9,6.51,0,31,5,2,3,3.0,153,1058
ECE,7,Female,Hostel,Morning,Auditory,Average,High,Good,No,No,In Progress,170,251,61,345,84.9,65.3,5.88,3,30,5,1,2,4.0,278,1203
CSE-AIML,1,Female,Day Scholar,Night,Visual,Good,Medium,Good,No,Yes,Not Started,145,291,177,229,79.7,69.9,6.62,0,35,0,0,0,0.0,15,1123
ECE,5,Female,Day Scholar,Night,Visual,Average,Low,Good,No,Yes,Not Started,198,252,249,46,100.0,81.3,8.81,0,41,4,2,0,2.0,56,1072
CSE,6,Male,Hostel,Night,Visual,Average,Medium,Poor,No,No,Not Started,262,385,198,282,83.1,76.9,8.06,0,34,5,4,0,2.0,157,1297
CSE-DS,7,Male,Hostel,Night,Visual,Good,Medium,Good,No,Yes,Placed,298,334,101,264,72.7,65.3,7.21,0,33,4,4,1,2.0,111,1057
CSE,6,Female,Day Scholar,Night,Kinesthetic,Good,Medium,Good,Yes,No,Not Started,225,0,113,191,76.6,65.3,5.84,2,31,5,1,2,3.0,179,1142
CSE,6,Male,Day Scholar,Night,Kinesthetic,Average,Medium,Poor,No,No,Not Started,122,556,26,227,93.4,75.5,6.73,0,34,4,3,2,1.0,108,841
CSE-DS,7,Male,Day Scholar,,Visual,Good,Low,Good,No,No,In Progress,244,203,277,342,100.0,66.9,6.51,0,34,2,1,0,4.0,236,1206
CSE,7,Male,Hostel,Afternoon,Visual,Average,Medium,Good,Yes,Yes,Placed,170,383,126,390,84.3,68.4,5.95,1,34,3,2,3,1.0,225,1243
IT,4,Male,Day Scholar,Afternoon,Kinesthetic,Average,Low,Average,No,Yes,Not Started,319,0,59,365,76.5,65.2,6.6,2,35,4,1,1,0.0,145,1186
CSE-AIML,6,Female,Day Scholar,Night,Visual,Good,Medium,Good,Yes,No,Not Started,168,315,72,366,76.2,69.0,6.27,3,34,7,1,3,5.0,231,1233
CSE-AIML,5,Male,Hostel,Morning,Auditory,Average,Medium,Good,No,Yes,Not Started,89,184,85,453,81.9,65.4,5.11,4,32,3,2,0,4.0,207,1447
CSE,8,Female,Day Scholar,Night,Kinesthetic,Poor,Medium,Average,No,Yes,In Progress,131,281,258,248,84.7,74.6,7.44,0,43,3,4,0,6.0,308,914
ECE,4,Male,Hostel,Morning,Visual,Good,Medium,Average,No,Yes,Not Started,165,106,216,375,100.0,75.5,7.21,0,38,3,1,0,3.0,220,1126
CSE,8,Male,Day Scholar,Afternoon,Visual,Average,Medium,Good,Yes,No,Placed,180,11,0,0,100.0,75.3,7.72,0,35,4,2,3,5.0,13,1193
CSE-AIML,5,Male,Day Scholar,Morning,Visual,Average,Medium,Average,No,No,Not Started,180,309,172,157,59.7,64.6,6.7,1,30,4,1,1,2.0,109,1279
CSE-AIML,1,Male,Day Scholar,Night,Visual,Good,Low,Good,No,Yes,Not Started,282,420,159,59,87.3,83.0,8.42,0,41,1,0,0,2.0,4,1203
CSE,7,Female,Hostel,Night,Visual,Good,Low,Good,No,Yes,Placed,5,248,254,234,92.9,71.0,7.53,0,33,6,0,0,1.0,116,1046
IT,8,Male,Day Scholar,Night,Kinesthetic,Poor,Medium,Good,No,Yes,In Progress,305,92,212,119,89.2,77.2,8.19,0,34,5,2,2,2.0,110,1142
ECE,3,Male,Hostel,Night,Auditory,Good,Low,Average,No,Yes,Not Started,246,292,167,63,96.6,76.3,8.01,0,37,1,0,0,0.0,0,979
IT,1,Female,Hostel,Morning,Auditory,Good,Low,Average,No,No,Not Started,151,275,116,355,97.9,67.8,7.14,0,32,1,0,0,0.0,32,1211
CSE,6,Female,Hostel,Afternoon,Kinesthetic,Good,Low,Good,No,Yes,Not Started,379,0,175,364,90.7,84.9,8.02,0,43,6,0,0,5.0,259,1308
CSE-DS,1,Female,Day Scholar,Night,Auditory,Average,Medium,Good,No,Yes,Not Started,158,397,0,138,90.0,66.5,6.68,0,39,0,0,0,0.0,0,1248
CSE-AIML,2,Male,Hostel,Night,Auditory,Good,Low,Poor,Yes,No,Not Started,271,302,130,264,91.5,82.2,7.96,0,40,1,0,0,2.0,19,953
CSE-DS,2,Male,Hostel,Night,Auditory,Average,Medium,Good,No,No,Not Started,144,207,175,49,85.6,79.1,7.42,0,42,3,1,0,1.0,51,893
CSE,1,Male,Hostel,Night,Kinesthetic,Good,Low,Good,Yes,No,Not Started,101,366,199,541,73.2,71.4,6.91,0,33,1,0,0,2.0,43,1127
CSE,4,Female,Hostel,Morning,Kinesthetic,Poor,High,Average,No,Yes,Not Started,333,43,168,510,84.0,80.4,9.41,0,37,2,1,1,1.0,205,840
CSE-AIML,4,Male,Hostel,Afternoon,Auditory,Average,Medium,Good,No,No,Not Started,213,290,0,544,92.2,74.3,6.61,0,34,4,0,1,3.0,155,1038
CSE-AIML,3,Male,Day Scholar,Night,Auditory,Average,Low,Good,Yes,No,Not Started,259,113,208,276,77.3,72.2,6.91,0,33,4,1,0,1.0,0,1037
CSE,2,Male,Hostel,Night,Kinesthetic,Average,High,Good,No,Yes,Not Started,181,237,130,703,50.6,66.3,6.6,0,35,2,0,0,0.0,188,1131
CSE-DS,4,Male,Day Scholar,Night,Kinesthetic,Poor,Medium,Good,No,No,Not Started,343,171,121,108,83.9,73.9,8.44,0,34,0,1,0,4.0,0,951
CSE,3,Female,Day Scholar,Night,Visual,Good,Low,Average,No,No,Not Started,228,49,125,64,69.5,67.7,6.55,0,32,1,0,0,0.0,40,1176
CSE-DS,4,Male,Hostel,Night,Kinesthetic,Average,Medium,Average,Yes,No,Not Started,161,379,196,247,98.0,76.0,7.82,0,32,4,2,0,3.0,8,1145
IT,6,Male,Day Scholar,Night,Auditory,Good,Medium,Good,No,Yes,Not Started,182,122,91,360,90.6,66.4,7.0,0,31,5,0,1,6.0,242,949
CSE,5,Male,Day Scholar,Afternoon,Visual,Good,Low,Good,No,No,Not Started,208,42,239,35,77.9,76.8,7.65,0,39,6,1,0,0.0,132,805
CSE,1,Male,Day Scholar,Night,Visual,Average,Medium,Good,No,No,Not Started,353,174,91,0,100.0,76.6,8.32,0,44,0,0,0,0.0,59,1158
IT,4,Female,Hostel,Night,Auditory,Good,Medium,Good,Yes,No,Not Started,193,385,0,421,100.0,75.8,7.86,0,39,2,0,0,2.0,109,943
ECE,5,Female,Hostel,Morning,Visual,Average,Medium,Average,No,No,Not Started,182,153,48,203,73.9,68.5,7.11,0,32,1,1,1,3.0,100,839
CSE,4,Male,Hostel,Morning,Visual,Poor,High,Good,No,Yes,Not Started,196,90,0,429,80.9,74.3,7.02,0,41,3,4,1,3.0,101,1098
CSE,7,Female,Day Scholar,Morning,Visual,Poor,High,Good,No,No,Placed,255,296,43,373,89.0,77.8,7.74,0,40,3,3,1,3.0,231,1157
CSE-AIML,4,Male,Hostel,Afternoon,Visual,Poor,Medium,Good,No,Yes,Not Started,207,163,193,477,81.6,73.2,6.85,0,36,6,0,0,2.0,226,1161
IT,2,Male,Day Scholar,Night,Kinesthetic,Average,Medium,Poor,No,No,Not Started,257,364,40,338,84.7,72.8,6.83,0,34,3,0,0,1.0,130,928
CSE,3,Male,Hostel,Night,Kinesthetic,Good,Low,Good,No,No,Not Started,189,211,0,296,82.4,74.2,9.26,0,36,3,0,1,0.0,143,979
IT,1,Female,Hostel,Morning,Kinesthetic,Good,Medium,Average,Yes,No,Not Started,324,447,0,84,61.1,71.2,6.83,1,35,1,0,0,0.0,0,809
IT,1,Male,Hostel,Night,Kinesthetic,Average,Medium,Average,No,Yes,Not Started,92,80,132,151,100.0,68.3,6.5,5,33,1,1,0,0.0,0,1138
CSE,7,Male,Hostel,Night,Kinesthetic,Average,Medium,Good,No,No,Placed,204,302,59,64,84.6,64.3,5.54,3,37,3,1,0,3.0,54,1237
CSE,2,Male,Day Scholar,Morning,Kinesthetic,Good,Low,Good,No,Yes,Not Started,251,0,28,557,100.0,72.8,6.57,0,38,2,0,0,1.0,120,1265
CSE-AIML,3,Female,Hostel,Afternoon,Kinesthetic,Good,Medium,Good,No,No,Not Started,143,178,230,312,64.6,68.8,6.75,1,32,3,0,1,1.0,14,1017
CSE,8,Female,Hostel,Afternoon,Kinesthetic,Good,High,Good,No,No,Placed,260,56,78,214,72.2,71.5,7.1,0,35,4,7,1,2.0,227,1007
IT,1,Female,Hostel,Night,Visual,Poor,High,Average,No,Yes,Not Started,306,407,148,13,85.8,83.5,8.05,0,44,0,0,0,0.0,0,989
CSE,7,Female,Hostel,Night,Visual,Good,Medium,Good,No,No,In Progress,263,247,181,331,77.4,77.2,7.62,0,38,4,1,4,6.0,268,1149
CSE,1,Female,Hostel,Night,Auditory,Poor,Medium,Good,No,No,Not Started,151,214,65,23,93.1,75.3,7.47,0,34,0,2,0,0.0,0,1126
CSE,8,Male,Hostel,Afternoon,Visual,Average,Medium,Good,No,No,In Progress,190,0,211,413,100.0,65.8,6.87,0,33,9,3,1,5.0,352,1272
ECE,3,Female,Hostel,Night,Auditory,Good,Low,Average,No,Yes,Not Started,381,246,217,289,91.7,86.1,8.17,0,39,5,1,1,0.0,108,1051
CSE,4,Female,Hostel,Night,Visual,Average,Low,Good,No,No,Not Started,109,247,138,192,74.6,71.9,5.91,1,36,3,1,1,5.0,62,1074
CSE-DS,6,Male,Day Scholar,Night,Kinesthetic,Poor,Medium,Good,No,No,Not Started,92,145,43,500,85.4,71.8,6.77,1,35,1,0,2,0.0,320,1146
CSE-AIML,1,Male,Hostel,Night,Visual,Average,Medium,Good,No,Yes,Not Started,192,273,145,277,88.6,72.4,7.32,0,36,1,0,0,,83,1042
CSE-AIML,6,Male,Day Scholar,Night,Auditory,Average,High,Poor,No,No,In Progress,163,66,61,464,97.5,70.9,6.92,0,33,1,1,3,3.0,353,930
CSE,7,Female,Day Scholar,Morning,Auditory,Good,Low,Good,No,No,In Progress,187,225,78,177,99.9,79.1,8.02,0,40,4,2,0,3.0,30,1012
CSE-DS,6,Male,Hostel,Night,Visual,Poor,High,Good,No,No,Not Started,158,0,226,0,94.7,74.8,7.56,0,32,1,3,0,4.0,0,1037
ECE,4,Female,Day Scholar,Morning,Visual,Average,Medium,Good,No,Yes,Not Started,226,0,235,392,90.0,73.6,6.83,0,34,5,1,0,3.0,320,1094
IT,1,Female,Hostel,Morning,Kinesthetic,Poor,High,Good,No,No,Not Started,258,200,131,305,71.3,58.3,6.06,3,29,2,0,0,2.0,34,1133
IT,1,Female,Day Scholar,,Auditory,Average,Medium,Good,No,No,Not Started,102,240,30,604,85.0,68.6,7.13,1,32,2,0,0,0.0,102,1175
CSE-DS,6,Female,Hostel,,Auditory,Average,Low,Average,No,No,Not Started,89,24,177,481,62.5,56.3,5.49,0,27,3,4,0,1.0,339,1068
CSE,2,Female,Hostel,Morning,Kinesthetic,Good,Medium,Good,No,No,Not Started,233,154,325,403,100.0,83.8,7.7,0,41,1,0,0,1.0,104,962
CSE-DS,4,Female,Hostel,Night,Visual,Good,Low,Average,No,No,Not Started,0,302,5,230,92.8,70.1,7.29,1,34,5,0,0,2.0,75,847
ECE,6,Female,Hostel,Morning,Kinesthetic,Average,Medium,Average,No,No,Not Started,159,205,114,655,100.0,78.2,8.24,0,40,7,1,0,3.0,377,1190
IT,8,Male,Hostel,Night,Kinesthetic,Average,Medium,Good,No,No,In Progress,224,357,191,242,69.1,73.9,7.34,0,38,5,1,0,3.0,167,1015
CSE-AIML,1,Male,Hostel,Night,Kinesthetic,Average,Medium,Average,No,No,Not Started,109,141,134,0,79.5,71.2,7.83,0,35,0,1,0,0.0,51,1036
IT,1,Male,Day Scholar,Morning,Kinesthetic,Good,Low,Good,No,No,Not Started,178,123,46,100,60.3,59.6,5.52,3,31,0,1,0,1.0,103,1130
ECE,7,Female,Hostel,Afternoon,Visual,Poor,Medium,Average,No,Yes,Placed,257,247,342,292,68.6,65.7,6.51,0,32,3,5,1,2.0,251,877
CSE-AIML,7,Female,Hostel,Night,Kinesthetic,Average,Medium,,No,Yes,In Progress,322,439,122,381,62.5,70.0,6.9,0,32,5,2,2,9.0,284,870
CSE,6,Male,Day Scholar,Night,Visual,Poor,High,Average,No,Yes,In Progress,142,102,80,171,72.2,68.4,6.34,4,31,3,4,1,3.0,144,1038
CSE-AIML,2,Male,Day Scholar,Night,Auditory,Good,Medium,Good,Yes,Yes,Not Started,145,22,111,342,59.2,60.1,6.05,1,27,2,0,0,1.0,112,923
CSE-DS,3,Other,Hostel,Night,Kinesthetic,Average,Low,Good,Yes,No,Not Started,71,97,237,134,86.3,72.3,6.65,0,37,1,0,0,3.0,70,1018
IT,6,Male,Day Scholar,Morning,Visual,Poor,High,Poor,No,Yes,Not Started,174,185,188,360,80.1,75.3,7.94,0,38,5,3,2,4.0,278,1454
CSE,2,Female,Hostel,Night,Kinesthetic,Good,Low,,No,Yes,Not Started,112,258,76,0,64.8,65.7,6.03,2,33,0,0,0,2.0,0,1129
CSE,6,Male,Hostel,Night,Auditory,Average,Low,Good,No,No,In Progress,172,270,113,683,64.5,54.4,5.52,0,29,4,1,3,2.0,468,1110
CSE-DS,6,Male,Hostel,Night,Visual,Average,Medium,Good,Yes,Yes,Not Started,285,260,214,40,88.3,76.1,7.38,0,40,4,1,2,0.0,18,918
CSE,8,Female,Day Scholar,Morning,Kinesthetic,Poor,High,Good,No,No,In Progress,104,88,0,395,81.8,63.7,6.28,1,26,8,7,0,2.0,427,1173
CSE-DS,3,Female,Hostel,Night,Kinesthetic,Average,High,Good,No,No,Not Started,129,346,130,324,85.4,78.2,7.73,0,38,6,1,0,1.0,251,1344
CSE,8,Female,Hostel,Morning,Auditory,Average,Low,Good,No,Yes,In Progress,188,303,62,247,76.7,71.1,7.16,0,37,7,2,0,6.0,219,932
CSE-DS,3,Male,Hostel,Night,Auditory,Poor,High,Good,No,Yes,Not Started,306,414,267,11,78.1,67.0,6.54,0,38,2,0,1,3.0,4,679
IT,1,Female,Hostel,Night,Kinesthetic,Good,Low,Good,No,Yes,Not Started,248,197,27,0,68.2,69.8,6.44,0,41,1,0,0,1.0,36,864
CSE,4,Male,Hostel,Night,Auditory,Good,Medium,Good,No,No,Not Started,250,306,111,364,100.0,73.6,6.79,2,32,3,1,1,2.0,221,1160
CSE-DS,3,Male,Hostel,Night,Visual,Poor,Low,Good,No,No,Not Started,203,254,42,51,72.0,81.0,7.56,0,43,3,2,0,4.0,48,1087
CSE,1,Male,Hostel,Afternoon,Kinesthetic,Good,Low,Good,No,No,Not Started,68,26,0,423,93.0,66.2,7.38,0,36,1,0,0,1.0,85,878
CSE,1,Female,Hostel,Morning,Visual,Average,Medium,Good,Yes,Yes,Not Started,124,166,26,242,93.9,72.9,7.84,0,38,1,0,0,1.0,0,1174
CSE,2,Female,Day Scholar,Morning,Visual,Average,Medium,Average,No,No,Not Started,154,265,90,109,83.9,64.7,6.69,0,32,2,0,0,1.0,0,1303
CSE-AIML,6,Female,Day Scholar,Night,Kinesthetic,Average,Medium,Poor,No,Yes,Not Started,386,46,54,499,70.9,73.2,7.28,0,35,4,4,0,5.0,340,1213
CSE-DS,3,Female,Day Scholar,Night,Kinesthetic,Average,High,Average,No,No,Not Started,222,193,78,438,100.0,75.8,7.8,0,35,1,1,0,3.0,199,971
CSE,8,Female,Hostel,Morning,Visual,Good,Low,Poor,No,No,Placed,214,160,50,464,70.2,61.1,5.33,3,28,6,4,3,10.0,354,1006
IT,8,Male,Day Scholar,Night,Kinesthetic,Average,Low,Good,No,No,In Progress,311,221,34,85,65.7,73.2,7.53,0,42,4,3,3,2.0,50,860
CSE,6,Female,Hostel,Night,Kinesthetic,Poor,High,Average,Yes,No,In Progress,243,376,33,262,86.8,73.2,7.46,0,38,2,2,1,6.0,163,1045
CSE,8,Female,Hostel,Night,Auditory,Poor,Medium,Average,No,Yes,In Progress,180,116,12,826,85.1,72.2,6.42,5,34,5,2,1,1.0,628,1455
CSE,1,Male,Day Scholar,Afternoon,Visual,Poor,Medium,,No,Yes,Not Started,141,286,0,394,67.9,67.5,7.6,1,38,2,0,0,1.0,66,997
CSE,3,Female,Day Scholar,Night,Kinesthetic,Average,High,Good,Yes,Yes,Not Started,63,274,39,159,77.8,70.5,6.55,0,35,2,0,0,1.0,104,1257
IT,3,Female,Hostel,Night,Visual,Poor,Low,Good,No,No,Not Started,230,211,4,162,65.3,70.1,7.2,0,34,1,0,0,2.0,68,861
ECE,5,Male,Day Scholar,Morning,Kinesthetic,Average,Medium,Average,No,No,Not Started,60,292,66,71,100.0,71.7,7.31,0,33,3,1,0,5.0,0,910
CSE,4,Male,Day Scholar,Afternoon,Kinesthetic,Good,Low,Average,No,No,Not Started,175,377,130,161,68.9,65.8,6.57,0,34,3,2,1,0.0,58,1058
CSE,5,Female,Hostel,Night,Auditory,Average,Medium,Poor,No,No,Not Started,39,345,131,148,69.7,54.4,6.08,5,25,1,6,0,1.0,138,1275
CSE-AIML,8,Female,Day Scholar,Afternoon,Kinesthetic,Average,High,Average,No,No,Placed,250,326,148,157,82.7,75.6,8.07,0,42,10,5,3,3.0,111,973
CSE-AIML,2,Female,Day Scholar,Night,Visual,Average,Medium,Good,No,No,Not Started,252,242,132,202,67.6,65.9,6.44,3,28,6,2,0,2.0,39,923
CSE,5,Female,Hostel,Night,Visual,Good,Low,Good,No,No,Not Started,36,370,108,360,92.2,65.1,5.91,0,35,2,1,1,0.0,194,999
CSE,7,Male,Hostel,Morning,Kinesthetic,Average,Medium,Good,No,No,In Progress,121,289,0,507,92.3,79.4,8.1,0,40,5,2,4,3.0,353,1302
CSE,6,Male,Hostel,Morning,Kinesthetic,Average,Medium,Good,No,No,In Progress,91,415,47,432,82.6,72.1,7.15,0,35,2,2,1,3.0,243,1074
CSE,5,Female,Day Scholar,Night,Visual,Average,Medium,Average,No,Yes,Not Started,39,275,103,258,100.0,64.9,6.32,1,34,7,0,0,3.0,103,1379
CSE,3,Male,Hostel,,Auditory,Poor,High,Good,No,No,Not Started,351,82,78,261,76.8,75.8,8.28,0,33,2,0,0,1.0,74,734
ECE,1,Male,Hostel,Afternoon,Kinesthetic,Poor,Low,Good,No,Yes,Not Started,157,66,98,366,57.9,62.5,6.33,2,33,0,0,0,2.0,18,966
CSE,5,Female,Hostel,Afternoon,Kinesthetic,Poor,Medium,Average,No,No,Not Started,228,182,112,525,92.8,68.7,7.01,0,33,2,2,0,3.0,271,840
CSE,8,Female,Hostel,Night,Kinesthetic,Poor,High,Good,No,Yes,Placed,250,438,172,386,100.0,84.0,8.48,0,42,6,5,1,7.0,303,933
CSE,1,Male,Day Scholar,Morning,Visual,Average,Medium,Good,No,No,Not Started,90,115,139,196,98.3,71.9,6.75,2,40,0,2,0,0.0,21,1128
CSE,4,Female,Day Scholar,Afternoon,Kinesthetic,Good,Low,Average,Yes,No,Not Started,197,113,98,105,73.3,66.4,7.29,2,31,6,1,1,0.0,47,1137
ECE,5,Male,Hostel,Morning,Visual,Average,Medium,Good,No,No,Not Started,130,272,0,24,84.8,75.4,8.18,0,35,4,1,2,1.0,131,880
CSE,4,Male,Day Scholar,Night,Kinesthetic,Good,Low,Poor,No,No,Not Started,128,237,104,424,91.2,72.7,7.96,0,35,0,2,2,1.0,217,1070
IT,2,Female,Day Scholar,Afternoon,Kinesthetic,Average,Medium,Good,No,Yes,Not Started,142,12,165,203,79.4,67.0,6.84,0,29,2,2,0,1.0,40,884
CSE,8,Female,Hostel,Morning,Kinesthetic,Average,High,Good,Yes,No,Placed,206,161,122,375,75.8,70.0,8.23,0,36,10,2,1,2.0,331,1248
CSE-DS,8,Female,Hostel,Morning,Auditory,Average,Medium,Average,No,No,Placed,213,22,115,251,89.1,72.1,7.48,0,33,6,1,5,2.0,145,1063
CSE-AIML,5,Female,Hostel,Night,Kinesthetic,Poor,High,Good,No,Yes,Not Started,134,201,168,163,59.6,60.9,5.67,0,29,5,3,0,0.0,159,1264
CSE,4,Female,Hostel,Night,Visual,Average,Medium,Good,No,No,Not Started,238,290,104,295,78.6,80.1,9.13,0,44,3,2,0,3.0,48,919
IT,4,Female,Day Scholar,Afternoon,Auditory,Average,Medium,Good,No,No,Not Started,140,313,125,214,71.4,61.2,5.05,1,29,3,2,0,1.0,89,916
CSE,6,Female,Hostel,Afternoon,Kinesthetic,Good,Medium,Good,No,No,In Progress,88,290,72,100,69.5,56.5,5.41,2,25,4,0,2,3.0,47,1034
IT,3,Female,Day Scholar,Night,Kinesthetic,Poor,High,Good,No,No,Not Started,203,304,7,536,93.4,71.5,7.76,0,34,4,0,0,0.0,240,1185
IT,7,Female,Hostel,Afternoon,Kinesthetic,Average,High,Good,No,Yes,In Progress,252,474,164,213,68.0,70.9,6.82,0,34,9,0,0,0.0,237,1280
CSE-AIML,2,Male,Day Scholar,Morning,Visual,Good,Medium,Good,No,No,Not Started,136,319,26,540,74.1,69.3,7.4,0,36,1,0,0,3.0,54,1078
CSE,8,Male,Day Scholar,Morning,Kinesthetic,Average,Medium,Good,No,Yes,In Progress,168,232,0,445,85.5,70.2,7.64,0,31,7,2,5,8.0,391,1161
IT,2,Female,Hostel,Morning,Auditory,Average,Medium,Good,No,No,Not Started,198,101,106,209,84.3,69.4,6.93,0,37,2,0,0,0.0,0,1308
CSE,3,Male,Hostel,Night,Auditory,Good,Medium,Poor,No,No,Not Started,296,251,199,445,91.1,80.9,8.25,0,39,4,0,1,0.0,104,1069
ECE,2,Female,Hostel,Morning,Visual,Average,Medium,Good,No,No,Not Started,356,340,124,205,97.4,79.3,7.93,0,34,5,1,0,2.0,13,1112
IT,4,Male,Hostel,Night,Auditory,Poor,Medium,Good,No,No,Not Started,156,39,0,504,78.8,73.1,6.88,0,39,1,1,0,4.0,237,1168
ECE,6,Male,Hostel,Night,Kinesthetic,Good,Low,Good,No,Yes,Not Started,223,267,9,33,83.8,72.0,7.58,0,37,5,2,2,2.0,9,1000
CSE-AIML,3,Male,Hostel,Night,Visual,Average,Medium,Good,No,Yes,Not Started,278,470,184,140,89.5,77.7,7.48,0,34,1,1,0,2.0,74,1011
CSE-AIML,5,Female,Hostel,Morning,Visual,Good,High,Average,No,No,Not Started,283,346,176,280,88.1,87.7,8.64,0,46,2,0,0,1.0,164,725
ECE,4,Female,Hostel,Night,Auditory,Average,Medium,Good,No,Yes,Not Started,192,376,283,326,86.8,76.7,7.16,1,38,3,0,0,1.0,188,1168
CSE,8,Male,Hostel,Morning,Auditory,Average,Medium,Average,Yes,No,Placed,140,258,222,90,77.1,64.1,5.98,0,28,11,4,3,5.0,134,1058
CSE,4,Male,Hostel,Afternoon,Kinesthetic,Average,Low,Good,No,No,Not Started,128,333,155,38,57.3,63.4,4.84,0,23,1,0,1,2.0,10,1003
CSE-DS,1,Male,Day Scholar,Night,Kinesthetic,Good,Low,Good,No,No,Not Started,11,134,26,230,93.9,61.2,5.7,2,29,0,1,0,2.0,0,1089
CSE-AIML,5,Female,Day Scholar,Night,Visual,Good,Low,Poor,No,No,Not Started,27,190,21,2,87.5,68.2,7.76,0,29,10,1,0,3.0,0,910
CSE-AIML,1,Male,Day Scholar,Night,Auditory,Poor,Medium,Average,Yes,No,Not Started,62,184,49,182,60.1,60.7,5.09,3,31,0,1,0,1.0,0,1020
IT,3,Male,Day Scholar,Night,Auditory,Average,Low,Good,No,Yes,Not Started,172,266,223,739,76.7,65.3,6.02,0,31,1,2,0,1.0,161,1050
CSE,1,Female,Day Scholar,Night,Visual,Good,Medium,Average,No,No,Not Started,300,298,63,12,87.7,82.3,7.77,0,40,2,0,0,0.0,17,967
CSE-AIML,1,Male,Hostel,Night,Kinesthetic,Good,Low,Good,No,Yes,Not Started,206,351,68,271,71.7,75.2,7.01,1,34,1,0,0,0.0,9,973
CSE,4,Female,Day Scholar,Night,Visual,Good,Medium,Good,No,No,Not Started,99,145,332,254,84.9,75.1,7.05,0,37,4,2,1,4.0,141,1051
CSE,4,Female,Hostel,Afternoon,Kinesthetic,Average,Medium,Good,No,No,Not Started,56,386,133,605,83.5,67.2,6.61,0,35,5,2,0,1.0,249,1157
CSE-AIML,2,Male,Hostel,Afternoon,Visual,Average,Medium,Average,No,No,Not Started,91,111,226,318,93.3,69.1,7.16,0,32,5,0,0,0.0,0,1054
IT,1,Female,Hostel,Night,Visual,Poor,High,Poor,No,No,Not Started,300,398,141,399,91.3,75.9,6.85,0,35,0,0,0,0.0,15,1160
CSE,6,Female,Hostel,Night,Auditory,Average,Medium,Good,No,Yes,Not Started,274,270,90,0,91.0,76.0,8.08,0,39,7,1,2,7.0,0,573
CSE-DS,4,Female,Hostel,Morning,Visual,Good,Low,Good,No,Yes,Not Started,71,61,60,600,75.9,70.5,8.15,0,31,7,1,1,3.0,185,1359
CSE-DS,7,Male,Day Scholar,Night,Auditory,Average,Medium,Average,No,No,Placed,53,73,156,207,85.9,78.2,8.35,0,38,5,1,5,3.0,163,1088
IT,6,Female,Hostel,Night,Kinesthetic,Average,Medium,Average,No,No,Not Started,136,238,294,126,99.1,82.2,8.32,0,40,4,4,1,0.0,41,1512
CSE,6,Female,Day Scholar,Afternoon,Auditory,Average,Medium,Good,Yes,Yes,Not Started,151,218,155,78,71.8,76.1,7.7,0,39,4,1,0,5.0,104,954
CSE,7,Male,Hostel,Afternoon,Visual,Good,Medium,Good,No,Yes,Placed,140,115,97,808,50.2,66.9,6.45,1,30,7,3,1,5.0,511,1227
CSE,2,Male,Hostel,Afternoon,Kinesthetic,Average,Low,Good,No,No,Not Started,43,327,9,321,94.1,74.6,7.03,0,35,2,0,0,2.0,121,1072
CSE,8,Male,Hostel,Afternoon,Visual,Poor,High,Good,No,Yes,In Progress,38,249,0,213,86.8,68.1,6.8,0,37,4,2,1,4.0,166,1021
ECE,6,Male,Day Scholar,Morning,Visual,Average,Medium,Average,No,Yes,Not Started,170,228,204,532,73.7,68.8,6.65,0,32,5,0,2,0.0,290,1165
CSE,2,Female,Day Scholar,Morning,Auditory,Average,Medium,Good,No,No,Not Started,128,57,111,342,86.7,68.7,7.05,0,37,2,0,0,2.0,104,1173
CSE,2,Female,Day Scholar,Morning,Auditory,Good,Low,Average,No,Yes,Not Started,113,474,93,324,50.2,61.1,5.64,3,33,0,0,0,0.0,57,800
IT,6,Male,Hostel,Afternoon,Visual,Good,Medium,Average,No,No,In Progress,178,156,152,269,56.5,65.9,6.36,0,27,5,7,0,3.0,175,1065
IT,7,Male,Hostel,Afternoon,Visual,Average,Medium,Good,No,Yes,Placed,237,197,53,45,70.4,67.4,6.92,0,33,3,2,3,5.0,0,1101
CSE,4,Male,Day Scholar,Night,Kinesthetic,Poor,Low,Good,No,No,Not Started,311,305,140,566,100.0,83.9,8.76,0,46,3,2,1,1.0,193,962
CSE,2,Male,Hostel,Morning,Visual,Poor,Medium,Good,No,Yes,Not Started,361,108,0,447,59.2,83.4,8.29,0,40,0,1,0,1.0,58,1236
CSE,6,Male,Hostel,Afternoon,Kinesthetic,Average,Medium,Average,No,Yes,Not Started,146,380,224,328,72.2,66.6,6.15,0,32,5,0,0,0.0,186,1013
CSE,8,Male,Day Scholar,Afternoon,Visual,Good,Low,Average,No,Yes,Placed,325,236,271,5,90.4,75.0,6.87,1,38,3,2,2,5.0,0,979
CSE,4,Female,Hostel,Morning,Kinesthetic,Poor,High,Poor,No,No,Not Started,62,337,151,0,100.0,72.0,6.5,5,29,4,2,1,2.0,0,821
IT,1,Male,Day Scholar,Morning,Visual,Poor,High,Good,No,Yes,Not Started,205,375,217,200,100.0,72.5,7.43,0,38,1,1,0,1.0,39,936
CSE,5,Male,Hostel,Afternoon,Kinesthetic,Good,Medium,Average,No,No,Not Started,38,344,12,227,84.5,79.1,7.99,0,35,5,2,1,2.0,124,901
IT,5,Male,Hostel,Morning,Visual,Good,Low,Good,No,Yes,Not Started,241,86,206,417,85.2,65.4,6.03,1,32,5,0,0,2.0,323,977
CSE,2,Female,Hostel,Afternoon,Visual,Average,Medium,Good,No,Yes,Not Started,180,211,99,244,85.7,76.3,6.71,1,40,1,0,0,0.0,86,1302
IT,8,Female,Hostel,Night,Auditory,Average,Medium,Average,No,No,Placed,156,549,130,267,68.2,69.3,6.71,1,30,6,1,2,3.0,241,1350
CSE-AIML,6,Male,Hostel,Night,Auditory,Average,High,Average,No,No,Not Started,153,230,160,708,83.3,71.0,6.35,1,32,1,1,3,0.0,463,1214
ECE,1,Male,Day Scholar,Night,Kinesthetic,Average,Medium,Poor,No,No,Not Started,57,239,170,440,84.6,64.0,6.68,0,30,2,1,0,1.0,87,920
CSE,2,Male,Day Scholar,Night,Kinesthetic,Poor,High,Good,Yes,Yes,Not Started,220,145,226,589,85.5,64.9,6.55,0,35,1,0,0,1.0,67,908
CSE,6,Male,Hostel,Afternoon,Auditory,Average,Medium,Good,No,No,Not Started,164,124,200,318,83.6,74.0,7.42,0,33,7,0,3,3.0,188,1231
CSE,1,Female,Day Scholar,Night,Kinesthetic,Average,Medium,Average,No,No,Not Started,137,204,0,81,88.4,61.1,5.89,0,27,1,0,0,0.0,38,921
CSE,6,Female,Hostel,Night,Visual,Average,Medium,Average,Yes,Yes,Not Started,82,31,84,25,93.5,78.9,8.58,0,35,3,1,0,3.0,49,699
CSE,7,Female,Hostel,Night,Visual,Poor,Medium,Average,No,Yes,Placed,66,400,172,289,84.4,66.5,6.86,0,28,3,4,2,3.0,203,1385
CSE,3,Male,Hostel,Morning,Kinesthetic,Average,High,Good,No,Yes,Not Started,127,393,135,169,100.0,72.6,6.98,0,34,2,0,2,3.0,100,1084
CSE,4,Female,Hostel,Night,Kinesthetic,Average,Medium,Good,No,No,Not Started,213,325,128,154,76.0,74.8,7.1,0,38,5,1,0,2.0,26,936
CSE-DS,5,Female,Hostel,Morning,Auditory,Poor,Medium,Good,No,No,Not Started,240,105,150,459,93.0,63.3,6.53,0,35,4,2,0,,174,1072
IT,6,Male,Hostel,Morning,Kinesthetic,Average,Low,Poor,No,Yes,Not Started,338,427,96,436,100.0,74.3,7.92,1,38,6,0,0,2.0,327,1351
CSE-DS,2,Male,Hostel,Afternoon,Kinesthetic,Good,Low,Good,Yes,Yes,Not Started,322,354,84,710,93.1,81.6,8.63,0,40,1,0,0,2.0,201,1034
CSE-AIML,4,Male,Day Scholar,Morning,Kinesthetic,Good,Low,Good,Yes,Yes,Not Started,202,155,38,0,90.0,79.6,8.84,0,35,3,0,0,3.0,7,987
CSE-DS,2,Male,Day Scholar,Night,Kinesthetic,Average,Medium,Good,No,No,Not Started,120,352,56,713,90.1,75.0,7.74,0,37,3,0,0,2.0,152,1026
IT,8,Male,Hostel,Morning,Auditory,Good,High,Poor,No,No,In Progress,198,135,41,268,87.3,79.5,7.77,1,36,4,5,1,5.0,180,981
CSE,4,Male,Day Scholar,Night,Kinesthetic,Good,Medium,Average,No,No,Not Started,184,179,239,273,86.8,73.2,7.81,0,37,3,0,0,1.0,43,1169
CSE,1,Male,Hostel,Night,Visual,Poor,Low,Average,No,Yes,Not Started,186,181,177,288,79.0,74.3,6.94,0,32,1,0,0,1.0,35,881
CSE-AIML,3,Female,Hostel,Afternoon,Kinesthetic,Average,Medium,Average,No,No,Not Started,276,339,34,346,67.9,60.7,5.83,0,28,3,0,0,0.0,0,1041
CSE-AIML,7,Male,Day Scholar,Afternoon,Kinesthetic,Poor,High,Poor,No,No,Placed,222,268,76,603,88.2,73.5,6.18,2,39,2,1,3,6.0,479,1258
CSE,7,Female,Hostel,Night,Auditory,Average,Medium,Good,Yes,No,In Progress,0,62,126,166,65.0,62.5,6.15,2,28,6,1,1,6.0,140,1310
CSE,1,Other,Day Scholar,Night,Kinesthetic,Average,Low,Good,No,Yes,Not Started,203,259,85,643,70.3,64.5,7.07,0,38,0,0,0,0.0,38,1395
ECE,4,Other,Hostel,Morning,Kinesthetic,Average,Medium,Good,No,Yes,Not Started,308,233,65,296,91.9,77.0,7.92,0,32,1,0,1,3.0,89,1392
ECE,6,Male,Hostel,Night,Visual,Average,Medium,Good,No,No,In Progress,235,157,29,215,61.1,69.5,7.73,0,30,4,1,0,6.0,119,998
CSE-DS,7,Male,Hostel,Night,Kinesthetic,Average,Low,Good,No,Yes,Placed,104,273,18,405,83.1,74.6,7.29,0,38,4,1,4,1.0,276,839
CSE,8,Female,Hostel,Afternoon,Visual,Good,Low,,No,No,Placed,232,186,120,308,84.5,65.1,6.22,1,34,4,1,2,4.0,192,982
ECE,4,Male,Hostel,Morning,Visual,Good,High,Poor,No,No,Not Started,302,216,194,297,76.1,72.9,7.29,0,30,2,1,0,2.0,100,793
CSE,2,Male,Hostel,Night,Visual,Poor,High,Good,No,Yes,Not Started,74,426,79,223,50.0,51.8,4.85,0,23,0,0,0,0.0,115,1013
CSE,4,Male,Hostel,Night,Kinesthetic,Average,High,Average,No,Yes,Not Started,245,154,97,178,84.5,78.8,8.41,0,30,3,1,1,1.0,18,1002
IT,3,Male,Day Scholar,Night,Auditory,Good,Low,Average,No,No,Not Started,62,457,95,324,73.9,60.5,5.91,1,28,2,1,1,0.0,82,1107
CSE,6,Male,Hostel,Night,Visual,Good,Low,Good,No,Yes,Not Started,223,225,228,254,91.5,74.8,7.47,0,38,6,2,2,4.0,165,1303
IT,8,Female,Hostel,Night,Kinesthetic,Poor,Medium,Average,No,Yes,Placed,389,84,65,491,92.7,77.5,7.31,0,38,6,0,1,4.0,466,1240
CSE-AIML,1,Female,Hostel,Night,Auditory,Average,Medium,Average,No,Yes,Not Started,258,264,0,370,88.6,77.0,6.73,0,40,1,2,0,1.0,49,1230
CSE-AIML,2,Female,Hostel,Morning,Visual,Average,High,Poor,No,No,Not Started,89,90,148,174,82.9,70.7,7.71,0,28,0,1,0,0.0,83,805
CSE,1,Female,Day Scholar,Morning,Auditory,Average,Medium,Good,No,Yes,Not Started,187,285,47,29,84.0,74.7,7.75,0,41,2,0,0,0.0,0,1195
CSE-DS,1,Male,Hostel,Night,Visual,Good,Low,Good,No,No,Not Started,153,73,245,442,61.6,64.7,7.3,0,28,1,0,0,0.0,17,1223
CSE-AIML,4,Male,Hostel,Night,Kinesthetic,Average,Low,Good,Yes,Yes,Not Started,187,280,57,725,72.5,62.2,6.09,3,30,3,2,0,3.0,232,939
CSE-AIML,4,Female,Hostel,Morning,Auditory,Average,Medium,Average,No,No,Not Started,229,6,20,260,93.9,72.4,7.43,0,33,5,1,0,1.0,150,839
ECE,7,Male,Hostel,Afternoon,Kinesthetic,Poor,Medium,Good,No,Yes,In Progress,25,483,101,102,100.0,68.8,6.79,0,36,8,3,5,3.0,32,970
ECE,6,Male,Day Scholar,Morning,Visual,Average,Medium,Good,No,No,Not Started,212,519,248,567,75.6,79.9,8.65,0,41,6,1,1,3.0,460,1230
CSE,4,Male,Hostel,Night,Kinesthetic,Good,Medium,Good,No,No,Not Started,187,179,85,262,92.9,77.4,7.16,0,39,1,2,0,1.0,121,900
CSE,8,Female,Day Scholar,,Auditory,Poor,High,Good,No,No,Placed,298,201,110,600,99.4,75.9,8.19,0,37,5,5,4,0.0,542,1232
CSE-AIML,7,Male,Hostel,Afternoon,Visual,Poor,Medium,Average,Yes,Yes,Placed,0,431,192,636,82.1,68.0,6.61,0,34,3,1,2,2.0,483,1231
CSE,3,Female,Day Scholar,Morning,Auditory,Average,Low,Average,No,No,Not Started,310,242,0,550,75.4,72.3,7.69,1,35,2,1,0,1.0,156,801
CSE,4,Male,Day Scholar,Night,Visual,Good,Low,Good,No,Yes,Not Started,59,390,238,261,55.5,57.5,5.56,1,30,5,1,0,0.0,52,988
CSE-AIML,6,Other,Day Scholar,Afternoon,Auditory,Average,Medium,Good,No,Yes,Not Started,49,258,0,399,70.6,67.3,6.42,1,33,6,4,0,7.0,254,876
CSE,2,Female,Hostel,Morning,Kinesthetic,Average,Medium,Good,No,No,Not Started,199,164,0,417,67.2,75.2,8.62,0,35,3,0,0,2.0,58,863
CSE-AIML,5,Male,Hostel,Night,Auditory,Good,Low,Good,No,No,Not Started,181,288,58,423,60.5,64.3,6.37,0,31,3,4,0,1.0,160,1030
CSE,6,Female,Hostel,Night,Auditory,Poor,Medium,Good,No,No,Not Started,233,271,94,209,81.1,69.7,6.96,1,39,7,2,0,3.0,111,796
CSE,5,Female,Hostel,Afternoon,Visual,Poor,Medium,Good,Yes,Yes,Not Started,260,468,171,102,93.0,72.4,8.07,0,30,4,4,0,1.0,138,934
ECE,8,Female,Day Scholar,Night,Auditory,Poor,High,Poor,No,No,In Progress,230,185,4,451,98.4,67.0,6.24,2,30,7,2,0,9.0,459,1222
CSE-DS,5,Male,Hostel,Night,Auditory,Good,Low,Average,No,No,Not Started,180,378,104,269,100.0,71.6,7.32,0,37,7,1,1,3.0,156,894
CSE-AIML,2,Male,Hostel,Night,Auditory,Average,Low,Good,No,Yes,Not Started,245,236,32,291,88.6,76.0,7.19,0,34,2,0,0,0.0,109,1138
CSE,4,Female,Day Scholar,Morning,Auditory,Average,Medium,Good,Yes,Yes,Not Started,15,192,155,10,74.3,66.0,6.9,0,39,0,1,1,2.0,9,974
CSE,5,Female,Day Scholar,,Visual,Poor,High,Good,Yes,Yes,Not Started,303,438,42,0,73.8,72.7,7.04,1,33,7,1,0,1.0,38,1063
IT,6,Female,Hostel,Night,Visual,Good,Medium,Average,Yes,No,Not Started,56,255,216,457,80.5,70.2,7.03,0,36,6,2,3,4.0,243,1580
IT,4,Female,Hostel,Night,Auditory,Poor,High,Good,No,Yes,Not Started,76,263,221,412,82.4,60.8,6.81,0,34,4,2,2,2.0,155,1275
ECE,8,Female,Hostel,Night,Kinesthetic,Average,High,Good,No,Yes,Placed,214,50,136,0,86.4,76.0,7.43,2,41,8,3,2,5.0,0,983
CSE-AIML,1,Male,Hostel,Night,Visual,Good,Medium,Average,No,No,Not Started,164,289,344,319,52.8,65.5,6.41,3,27,1,1,0,0.0,65,932
CSE,3,Female,Hostel,Night,Auditory,Average,Medium,Good,Yes,No,Not Started,187,121,160,268,72.8,71.4,6.51,0,31,4,0,0,2.0,0,1055
CSE,5,Female,Hostel,Night,Auditory,Good,Low,Good,No,No,Not Started,335,299,66,245,85.3,73.0,7.19,0,39,3,1,1,2.0,146,1232
CSE-AIML,7,Male,Hostel,Afternoon,Visual,Good,Low,Average,Yes,No,Placed,252,429,13,501,85.5,73.7,7.75,0,31,6,0,1,0.0,323,996
CSE,7,Female,Day Scholar,Night,Kinesthetic,Poor,High,Good,No,No,Placed,180,294,106,221,76.1,67.8,7.09,0,34,5,2,0,2.0,140,885
CSE,7,Male,Hostel,Morning,Visual,Good,Low,Poor,No,Yes,In Progress,16,171,159,68,80.9,72.2,7.08,0,38,6,2,3,1.0,0,1024
ECE,2,Male,Hostel,Morning,Visual,Average,Medium,Good,Yes,Yes,Not Started,160,173,184,211,86.1,73.9,7.26,0,34,3,1,0,0.0,45,702
CSE,3,Male,Hostel,Morning,Kinesthetic,Good,Medium,Good,No,No,Not Started,0,475,70,323,79.9,67.7,6.93,0,34,6,1,0,6.0,59,1113
CSE-DS,3,Male,Day Scholar,Morning,Visual,Average,Low,Good,No,No,Not Started,189,221,234,441,70.7,67.0,7.3,1,35,1,0,1,0.0,97,1170
CSE,5,Male,Day Scholar,Afternoon,Auditory,Average,Medium,Good,No,No,Not Started,65,313,156,371,81.1,62.8,5.92,0,25,3,0,0,4.0,191,1040
CSE,8,Male,Day Scholar,Night,Visual,Poor,Low,Average,No,Yes,Placed,181,376,128,99,82.0,70.0,7.2,0,31,6,4,2,2.0,3,1084
CSE-DS,1,Female,Hostel,Night,Kinesthetic,Average,Medium,Good,No,Yes,Not Started,343,326,144,411,79.4,73.4,7.45,0,40,0,0,0,0.0,21,1014
IT,6,Male,Hostel,Night,Visual,Good,Low,Poor,No,Yes,Not Started,105,0,136,207,62.2,61.9,6.4,0,35,7,2,3,1.0,100,1054
ECE,6,Male,Hostel,Morning,Auditory,Average,Low,Good,No,No,Not Started,219,180,72,259,82.3,82.6,7.85,0,43,5,1,2,5.0,155,1359
CSE,4,Female,Hostel,Morning,Auditory,Average,Low,Good,No,No,Not Started,451,390,150,135,78.5,84.7,9.23,0,39,6,0,1,3.0,136,588
CSE-DS,1,Other,Hostel,Night,Visual,Average,High,Average,No,No,Not Started,209,214,200,224,79.8,72.5,7.73,0,30,2,1,0,1.0,14,1090
ECE,1,Male,Hostel,Morning,Kinesthetic,Good,Low,Good,No,No,Not Started,85,166,245,289,78.7,69.4,6.58,0,33,1,0,0,1.0,42,1111
CSE-AIML,6,Male,Hostel,Morning,Auditory,Average,Medium,Poor,No,No,In Progress,184,96,362,224,90.4,76.2,8.01,0,40,2,2,1,5.0,201,1044
CSE,8,Female,Day Scholar,Night,Kinesthetic,Average,Medium,Good,No,Yes,Placed,350,301,140,446,87.0,80.2,8.88,0,42,4,3,3,2.0,388,874
CSE-DS,4,Female,Hostel,Morning,Visual,Average,Low,Average,No,Yes,Not Started,63,265,279,168,85.5,72.5,7.77,0,36,1,2,0,2.0,93,1114
CSE,1,Male,Hostel,Afternoon,Auditory,Average,Low,Poor,No,No,Not Started,253,151,31,493,94.9,80.7,8.29,0,40,1,0,0,1.0,78,1172
CSE,6,Female,Day Scholar,Night,Auditory,Poor,Medium,Poor,Yes,No,Not Started,25,269,174,534,75.7,61.4,6.1,1,25,9,0,1,0.0,337,1221
CSE-AIML,8,Male,Day Scholar,Night,Kinesthetic,Good,Low,Good,No,Yes,Placed,221,326,191,600,68.3,67.6,6.86,0,36,8,0,2,3.0,462,1154
CSE,3,Female,Day Scholar,Night,Auditory,Average,Medium,Good,No,No,Not Started,295,301,192,616,86.7,74.3,6.43,1,31,1,1,0,1.0,215,1114
CSE,4,Male,Day Scholar,Afternoon,Visual,Average,High,Good,No,No,Not Started,160,243,0,61,77.3,65.8,6.84,0,29,4,0,0,4.0,2,561
CSE,3,Female,Hostel,Afternoon,Kinesthetic,Average,Medium,Good,No,Yes,Not Started,92,362,0,271,77.1,64.8,6.31,4,33,3,1,0,1.0,135,929
CSE,8,Male,Hostel,Afternoon,Kinesthetic,Poor,High,Average,Yes,No,Placed,249,323,242,198,82.4,70.5,7.19,0,40,6,1,1,2.0,236,1244
CSE-DS,8,Male,Hostel,Morning,Visual,Average,Medium,Poor,No,No,Placed,121,316,253,276,75.1,64.4,6.11,1,29,8,2,2,4.0,229,1151
CSE,8,Male,Day Scholar,Night,Visual,Poor,High,Good,No,Yes,Placed,10,180,0,104,71.7,61.2,5.38,3,35,3,0,1,2.0,88,909
CSE-AIML,1,Male,Hostel,Night,Auditory,Poor,Medium,Poor,No,No,Not Started,92,283,174,554,77.7,61.9,6.06,4,29,1,0,0,1.0,6,1125
CSE,6,Female,Hostel,Afternoon,Visual,Poor,Medium,Good,No,Yes,In Progress,222,93,139,601,91.1,79.4,8.41,0,39,6,1,2,3.0,329,887
CSE-AIML,1,Female,Hostel,Night,Kinesthetic,Poor,High,Average,No,Yes,Not Started,203,177,165,129,89.0,78.4,7.22,0,39,2,0,0,1.0,0,1215
CSE,5,Female,Hostel,Afternoon,Auditory,Average,High,Good,No,Yes,Not Started,156,283,257,299,87.5,70.2,7.68,0,31,1,1,3,6.0,148,710
IT,1,Male,Hostel,Night,Auditory,Poor,High,Good,No,Yes,Not Started,106,312,89,252,85.3,67.0,6.99,1,33,1,0,0,1.0,0,1060
CSE,1,Male,Day Scholar,Night,Auditory,Good,Low,Average,No,Yes,Not Started,210,280,36,122,94.0,71.7,6.79,0,33,1,0,0,2.0,88,1012
CSE,1,Male,Day Scholar,Night,Kinesthetic,Average,Medium,Good,No,Yes,Not Started,156,239,25,253,83.7,70.5,7.73,1,30,1,0,0,0.0,0,1041
CSE-AIML,5,Female,Day Scholar,Morning,Kinesthetic,Average,Medium,Average,No,Yes,Not Started,304,334,0,625,92.0,64.4,7.52,0,34,4,0,0,1.0,401,1267
CSE-AIML,3,Male,Hostel,Night,Auditory,Average,Low,Good,No,Yes,Not Started,220,421,111,0,92.2,72.4,7.35,0,34,1,0,0,1.0,0,1173
ECE,2,Male,Day Scholar,Morning,Auditory,Good,Low,Good,No,Yes,Not Started,123,407,251,0,68.3,66.8,7.2,0,33,1,0,0,0.0,0,1100
IT,4,Female,Hostel,Afternoon,Kinesthetic,Poor,High,Average,Yes,No,Not Started,196,165,124,325,88.6,82.8,7.93,0,41,0,2,1,1.0,77,1164
CSE,7,Male,Hostel,Night,Auditory,Good,Low,,No,Yes,In Progress,242,0,181,530,62.3,76.5,8.39,0,39,3,2,2,5.0,368,748
ECE,6,Male,Hostel,Afternoon,Kinesthetic,Average,Low,Good,Yes,No,Not Started,168,297,33,508,83.6,70.2,6.48,1,31,2,0,5,2.0,330,1109
CSE,8,Male,Hostel,Afternoon,Visual,Poor,High,Good,Yes,No,Placed,344,221,54,77,88.7,81.6,8.91,0,45,6,2,3,7.0,106,1050
CSE-AIML,3,Male,Hostel,Night,Kinesthetic,Good,Low,Average,No,No,Not Started,138,282,13,169,91.6,70.0,7.55,1,33,2,0,1,0.0,69,1459
IT,8,Male,Hostel,Night,Visual,Poor,High,Good,No,Yes,Placed,208,76,217,497,77.9,73.1,6.9,0,36,8,1,4,7.0,409,1282
CSE-AIML,3,Female,Hostel,Night,Kinesthetic,Average,High,Average,No,No,Not Started,229,3,71,287,97.3,70.9,6.77,0,37,2,1,0,2.0,130,1117
CSE,8,Male,Day Scholar,Night,Auditory,Average,Medium,Good,Yes,Yes,Placed,112,0,240,447,76.4,64.2,6.77,0,27,5,2,3,4.0,372,1347
CSE,3,Female,Hostel,Afternoon,Visual,Average,Low,Good,No,No,Not Started,219,322,27,272,79.2,69.8,6.71,0,27,1,1,0,1.0,124,952
CSE-DS,2,Male,Hostel,Morning,Kinesthetic,Average,Low,Good,No,No,Not Started,75,248,172,354,90.0,73.7,7.64,0,40,3,0,0,2.0,140,1230
CSE,5,Female,Hostel,Night,Kinesthetic,Average,Low,Good,Yes,No,Not Started,221,161,211,168,100.0,71.2,7.18,0,34,2,1,0,3.0,31,1100
CSE-AIML,4,Male,Hostel,Night,Visual,Average,Medium,Good,No,No,Not Started,222,378,48,442,94.7,81.6,7.95,1,40,4,1,1,0.0,231,1221
IT,3,Female,Hostel,Night,Auditory,Average,Medium,Good,Yes,No,Not Started,108,106,114,51,94.7,71.2,7.18,0,39,2,1,0,4.0,40,737
CSE-DS,7,Female,Hostel,Afternoon,Auditory,Average,Medium,Good,Yes,No,In Progress,67,64,112,62,75.0,64.5,6.57,0,34,5,2,2,1.0,10,738
CSE,5,Female,Hostel,Night,Auditory,Poor,Low,Average,No,No,Not Started,100,240,290,65,100.0,77.9,7.83,0,38,6,1,0,2.0,16,924
CSE-DS,8,Female,Hostel,Morning,Visual,Poor,Low,Good,No,No,Placed,116,155,123,269,65.3,68.6,6.9,0,31,8,0,2,4.0,219,1014
CSE-DS,8,Female,Day Scholar,Morning,Kinesthetic,Average,Low,Average,No,Yes,Placed,36,195,175,35,76.4,64.9,6.76,0,33,7,2,5,3.0,0,1183
CSE-DS,2,Female,Hostel,Night,Auditory,Average,Medium,Good,No,No,Not Started,176,200,82,22,81.1,72.4,7.43,0,36,0,0,0,,0,966
CSE,8,Female,Hostel,Night,Visual,Average,Medium,Average,No,Yes,Placed,85,336,168,352,84.2,72.4,7.4,0,36,4,2,2,4.0,290,1018
CSE-DS,7,Female,Hostel,Afternoon,Auditory,Average,Low,Average,No,No,In Progress,177,305,87,362,83.6,66.0,7.34,0,32,3,0,3,4.0,176,1147
IT,4,Male,Hostel,Night,Auditory,Average,Medium,Good,No,Yes,Not Started,234,186,84,233,75.7,79.0,8.54,0,40,2,1,1,1.0,34,921
CSE,6,Female,Hostel,Night,Auditory,Poor,Medium,Good,No,No,Not Started,76,271,129,385,65.0,62.9,7.09,0,22,4,1,1,6.0,199,859
IT,4,Female,Hostel,Morning,Visual,Average,Medium,Good,No,Yes,Not Started,87,467,148,142,99.1,80.5,8.62,0,45,2,1,0,2.0,77,1168
CSE,8,Female,Hostel,Night,Kinesthetic,Poor,High,Poor,No,Yes,Placed,75,231,141,171,94.9,71.4,7.39,0,36,5,2,2,8.0,162,1423
CSE-AIML,3,Male,Hostel,Morning,Visual,Poor,Medium,Good,No,Yes,Not Started,217,70,266,220,88.9,81.0,8.06,0,39,2,0,0,4.0,81,1072
IT,5,Female,Hostel,,Auditory,Good,Medium,Good,No,Yes,Not Started,210,233,158,396,74.3,73.0,7.98,0,36,2,2,0,1.0,183,1189
CSE,3,Male,Day Scholar,Afternoon,Visual,Average,High,Average,Yes,No,Not Started,195,309,131,294,99.1,77.4,7.94,0,41,1,2,1,3.0,117,953
ECE,4,Male,Day Scholar,Morning,Kinesthetic,Poor,Medium,Good,No,Yes,Not Started,125,550,144,179,83.5,60.0,5.62,1,31,2,1,1,3.0,17,1252
IT,1,Male,Day Scholar,Morning,Auditory,Good,Low,Average,Yes,Yes,Not Started,290,98,58,276,93.5,78.5,7.43,0,31,1,0,0,1.0,97,928
CSE,6,Male,Day Scholar,Morning,Visual,Poor,Medium,Good,No,Yes,In Progress,180,381,0,269,62.4,65.2,5.66,3,32,10,6,0,6.0,179,1062
CSE-AIML,2,Male,Hostel,Night,Visual,Average,Low,Good,No,Yes,Not Started,231,425,132,475,100.0,83.5,7.68,0,42,1,0,0,0.0,13,822
CSE-AIML,8,Male,Day Scholar,Night,Kinesthetic,Average,Medium,Good,No,No,In Progress,265,73,89,546,62.9,70.5,5.8,0,40,4,4,2,10.0,482,1140
IT,8,Female,Day Scholar,Morning,Kinesthetic,Average,Medium,Poor,No,No,In Progress,337,171,156,271,86.1,83.1,8.76,0,44,6,1,3,,162,1272
CSE-DS,4,Male,Day Scholar,Morning,Kinesthetic,Poor,Medium,Good,No,No,Not Started,143,212,171,254,77.2,74.5,6.89,0,41,3,3,1,1.0,85,1220
CSE,7,Female,Hostel,Night,Auditory,Average,Medium,Average,No,No,Placed,192,275,226,547,83.6,66.7,7.17,1,30,2,5,0,4.0,382,1180
CSE,7,Female,Hostel,Morning,Kinesthetic,Poor,High,Good,No,Yes,In Progress,117,282,275,261,82.8,80.9,7.25,1,36,3,4,3,2.0,190,919
CSE,4,Male,Hostel,Morning,Auditory,Good,Medium,Average,No,No,Not Started,98,220,22,406,88.5,70.7,6.4,1,34,2,5,0,2.0,174,980
CSE,7,Male,Hostel,Afternoon,Auditory,Average,Medium,Good,No,No,In Progress,181,366,50,259,77.0,73.1,7.75,0,34,2,1,1,2.0,154,979
CSE-AIML,6,Male,Hostel,Morning,Auditory,Average,Medium,Average,No,Yes,In Progress,74,173,175,406,88.6,60.9,5.83,1,33,8,3,3,5.0,306,1175
CSE,6,Male,Day Scholar,Afternoon,Kinesthetic,Average,Medium,Good,No,Yes,Not Started,155,172,138,447,74.9,62.5,6.26,4,31,1,4,0,2.0,283,1047
IT,3,Male,Day Scholar,Night,Visual,Good,Medium,Good,No,Yes,Not Started,177,198,0,13,87.9,71.3,7.77,0,38,0,1,1,0.0,0,1056
CSE,2,Female,Hostel,Night,Kinesthetic,Poor,Medium,Good,No,No,Not Started,260,200,210,99,87.4,78.3,7.39,1,41,4,0,0,0.0,131,1125
CSE-AIML,5,Female,Day Scholar,Afternoon,Kinesthetic,Poor,High,Average,No,No,Not Started,212,526,113,35,92.3,70.3,7.28,0,29,5,2,1,2.0,122,1143
CSE,2,Female,Hostel,Afternoon,Visual,Poor,Medium,Good,No,Yes,Not Started,194,108,123,399,81.5,73.5,7.32,0,31,2,2,0,0.0,74,1102
CSE,3,Female,Day Scholar,Night,Kinesthetic,Poor,Medium,Good,No,No,Not Started,282,313,18,90,81.9,77.6,7.58,0,39,1,1,0,3.0,36,847
CSE,2,Male,Day Scholar,Night,Kinesthetic,Good,Medium,Poor,No,Yes,Not Started,194,78,180,230,89.2,84.9,9.1,0,37,2,2,0,0.0,22,1028
CSE-AIML,4,Female,Day Scholar,Morning,Kinesthetic,Poor,High,Good,Yes,No,Not Started,113,301,51,326,80.2,77.2,7.85,0,44,2,0,1,5.0,105,1045
CSE-DS,4,Female,Hostel,Night,Kinesthetic,Poor,High,Average,No,No,Not Started,186,358,190,163,93.9,72.2,6.46,2,35,3,1,0,2.0,31,1153
CSE,1,Female,Hostel,Night,Kinesthetic,Poor,High,Good,No,Yes,Not Started,106,0,131,153,99.8,66.0,6.39,1,31,0,0,0,1.0,0,1025
CSE-AIML,2,Male,Hostel,Night,Visual,Average,High,Average,No,Yes,Not Started,93,288,81,200,94.2,72.2,6.41,1,40,1,0,0,0.0,154,1043
CSE-AIML,3,Male,Hostel,Afternoon,Auditory,Average,High,Good,No,Yes,Not Started,100,309,49,550,71.1,60.5,5.49,1,25,2,1,0,3.0,185,992
CSE,5,Female,Day Scholar,Morning,Auditory,Average,Low,Good,No,No,Not Started,309,337,75,268,97.7,81.6,8.93,0,40,5,0,2,1.0,187,894
ECE,2,Female,Day Scholar,Morning,Auditory,Good,Medium,Average,No,No,Not Started,109,176,0,333,73.9,66.4,6.48,5,31,1,0,0,0.0,50,1043
CSE-DS,6,Male,Hostel,Night,Auditory,Average,High,Average,No,No,Not Started,259,45,0,574,69.3,62.3,6.49,3,31,8,2,1,1.0,347,1160
ECE,8,Male,Day Scholar,Night,Visual,Poor,High,Poor,No,Yes,Placed,305,180,196,75,91.7,82.6,9.22,0,44,5,1,2,3.0,19,1026
CSE,5,Male,Hostel,Afternoon,Kinesthetic,Average,Medium,Good,No,Yes,Not Started,263,206,118,267,83.9,71.0,6.75,0,36,3,2,2,3.0,119,1000
CSE-DS,1,Female,Hostel,Night,Visual,Good,Low,Average,No,Yes,Not Started,199,84,208,409,75.6,65.5,7.21,1,32,0,0,0,0.0,0,1072
CSE,2,Male,Day Scholar,Night,Auditory,Average,Low,Average,No,No,Not Started,187,281,24,0,87.9,69.4,6.37,1,35,3,0,0,1.0,2,710
CSE,2,Female,Hostel,Morning,Auditory,Average,Medium,Good,No,Yes,Not Started,126,162,102,100,79.4,62.6,6.35,4,28,1,0,0,0.0,76,1030
CSE,7,Female,Day Scholar,Night,Visual,Poor,Low,Good,No,Yes,In Progress,129,241,153,551,81.1,65.2,6.73,0,34,4,2,3,6.0,356,1375
CSE-AIML,7,Male,Day Scholar,Morning,Kinesthetic,Poor,Medium,Poor,No,No,Placed,257,110,158,458,87.8,78.2,8.64,0,42,7,2,2,7.0,228,1156
CSE,1,Female,Hostel,Afternoon,Visual,Average,Medium,Poor,No,Yes,Not Started,134,211,78,219,87.2,76.2,7.62,0,34,1,0,0,0.0,0,927
CSE-AIML,6,Female,Day Scholar,Night,Visual,Good,Low,Average,No,No,Not Started,233,213,172,181,90.5,80.2,8.64,0,39,9,1,1,2.0,104,1140
CSE-DS,7,Male,Hostel,Morning,Kinesthetic,Average,Medium,Good,No,Yes,Placed,211,103,88,370,64.1,68.2,6.98,0,32,6,1,3,3.0,249,1036
CSE,4,Female,Hostel,Night,Visual,Good,Medium,Average,Yes,No,Not Started,42,289,313,278,100.0,70.8,7.15,1,38,3,3,2,4.0,0,1049
CSE,2,Female,Hostel,,Auditory,Poor,Medium,Good,No,No,Not Started,168,278,164,453,100.0,85.2,8.89,0,41,3,0,0,2.0,66,1024
CSE-AIML,2,Female,Hostel,Morning,Visual,Average,Medium,Good,No,Yes,Not Started,274,219,108,160,83.0,67.9,7.01,0,29,2,1,0,1.0,56,1282
CSE,7,Male,Hostel,Night,Kinesthetic,Average,Low,Good,No,No,In Progress,194,124,182,157,70.3,65.0,6.52,0,31,8,4,0,2.0,105,1262
CSE,1,Male,Day Scholar,Morning,Kinesthetic,Poor,Low,Good,No,No,Not Started,163,231,148,266,97.3,76.6,6.73,1,41,2,0,0,1.0,9,937
ECE,5,Male,Hostel,,Auditory,Average,Low,Poor,No,Yes,Not Started,238,331,226,302,94.0,73.2,6.47,3,34,7,1,0,3.0,193,962
CSE-DS,2,Female,Day Scholar,Night,Kinesthetic,Average,Medium,Poor,No,No,Not Started,65,370,0,510,97.0,69.3,6.68,0,34,0,0,0,2.0,26,1028
IT,1,Male,Day Scholar,Night,Visual,Poor,Medium,Good,No,Yes,Not Started,157,330,25,265,82.2,68.1,6.26,1,31,0,0,0,0.0,89,868
ECE,7,Female,Hostel,Night,Kinesthetic,Poor,Medium,Good,No,No,Placed,336,0,86,146,72.1,67.1,6.96,0,30,6,2,4,6.0,35,1236
ECE,8,Female,Hostel,Morning,Visual,Good,Low,Poor,No,Yes,Placed,26,372,82,49,75.9,65.9,6.32,4,31,4,3,2,2.0,0,999
CSE,4,Female,Hostel,Night,Kinesthetic,Average,Medium,Good,Yes,Yes,Not Started,139,153,115,223,87.2,73.8,7.47,0,38,1,3,1,3.0,66,919
IT,2,Male,Hostel,Morning,Auditory,Average,Medium,Good,No,Yes,Not Started,0,142,262,788,67.6,67.0,5.54,3,33,2,0,0,2.0,175,1215
ECE,5,Male,Hostel,Night,Kinesthetic,Good,Medium,Good,No,No,Not Started,263,261,24,430,96.6,77.8,8.27,0,35,6,3,0,0.0,264,1217
CSE-DS,1,Female,Hostel,Afternoon,Auditory,Poor,High,Good,No,No,Not Started,135,185,117,0,72.4,65.5,6.15,3,37,2,2,0,0.0,0,878
CSE,1,Male,Day Scholar,Night,Auditory,Average,Medium,Good,No,Yes,Not Started,145,311,0,274,86.4,72.8,6.92,0,38,1,0,0,1.0,11,832
CSE,4,Male,Hostel,Afternoon,Visual,Poor,High,Average,Yes,No,Not Started,157,173,193,537,74.5,62.1,6.85,1,33,6,1,1,3.0,144,985
CSE,3,Male,Hostel,Afternoon,Kinesthetic,Average,Medium,Poor,No,Yes,Not Started,0,271,297,462,100.0,73.0,7.12,0,35,0,0,0,0.0,86,906
ECE,4,Male,Hostel,Morning,Kinesthetic,Average,Medium,Poor,No,No,Not Started,0,195,66,616,87.3,70.3,6.56,0,32,3,1,1,1.0,224,1260
ECE,2,Male,Hostel,Night,Kinesthetic,Average,Medium,Good,No,No,Not Started,131,87,74,1,100.0,73.1,6.94,0,32,2,0,0,1.0,34,1136
CSE,2,Male,Hostel,Morning,Visual,Good,Low,Good,No,No,Not Started,264,174,138,523,99.5,79.0,8.02,0,41,2,0,0,1.0,149,1062
CSE,4,Female,Hostel,Afternoon,Auditory,Good,Low,Good,No,Yes,Not Started,438,3,147,30,82.8,88.2,9.55,0,48,2,1,1,3.0,46,979
CSE,5,Female,Hostel,Night,Auditory,Average,Medium,Good,No,Yes,Not Started,253,310,233,299,67.4,57.6,6.33,4,28,5,1,1,3.0,102,1120
CSE-DS,7,Male,Day Scholar,Night,Kinesthetic,Average,Low,Good,No,No,Placed,300,142,165,361,72.6,75.3,7.59,1,34,7,3,2,3.0,326,1216
CSE-AIML,2,Male,Hostel,Morning,Visual,Average,Medium,Good,No,Yes,Not Started,196,271,168,0,48.6,67.7,6.78,0,40,1,1,0,0.0,60,1251
CSE-DS,4,Male,Day Scholar,Morning,Kinesthetic,Average,Medium,Average,No,Yes,Not Started,0,409,27,165,92.3,77.5,7.91,0,37,8,2,1,4.0,146,1075
ECE,6,Female,Day Scholar,Morning,Kinesthetic,Good,High,Good,No,No,In Progress,301,210,129,71,52.9,61.1,5.75,4,28,8,2,2,1.0,0,1098
ECE,7,Male,Hostel,Night,Auditory,Average,Low,,No,No,Placed,192,289,292,216,91.6,80.6,7.57,1,39,4,4,0,1.0,152,1145
CSE-DS,8,Male,Hostel,Night,Visual,Average,Low,Average,No,Yes,Placed,161,154,12,319,95.3,81.0,8.22,0,40,8,2,3,3.0,205,1016
CSE-DS,4,Male,Hostel,Night,Visual,Average,Low,Good,No,Yes,Not Started,129,81,64,180,80.7,69.6,6.15,4,29,2,1,0,3.0,60,971
CSE,7,Female,Hostel,Night,Kinesthetic,Average,Medium,Good,Yes,Yes,In Progress,72,347,0,253,79.3,62.5,7.01,0,30,4,1,2,2.0,175,1233
ECE,7,Female,Hostel,Night,Visual,Average,Medium,Good,No,No,In Progress,123,108,89,199,85.6,72.8,6.91,0,36,6,2,1,2.0,98,983
IT,2,Male,Day Scholar,Morning,Auditory,Average,Medium,Good,No,Yes,Not Started,138,137,152,295,89.8,67.3,6.6,1,30,2,0,0,0.0,61,866
IT,3,Male,Hostel,Morning,Kinesthetic,Good,Medium,Good,No,Yes,Not Started,228,314,124,524,85.1,73.9,7.89,0,30,2,2,1,1.0,84,994
CSE-AIML,2,Female,Hostel,Night,Auditory,Poor,Medium,Good,No,No,Not Started,271,164,0,33,80.8,79.0,8.07,0,44,1,1,0,1.0,25,1203
CSE,3,Male,Hostel,Night,Kinesthetic,Good,High,Average,No,No,Not Started,132,135,126,0,75.1,68.7,8.01,0,28,2,2,0,0.0,57,1162
IT,1,Male,Hostel,Night,Visual,Average,Medium,Good,No,No,Not Started,292,212,328,87,100.0,77.4,6.36,0,41,0,1,0,0.0,0,927
CSE,3,Male,Hostel,Morning,Kinesthetic,Average,Medium,Poor,No,No,Not Started,151,159,204,328,51.2,57.5,7.14,1,30,2,0,0,3.0,139,1124
CSE,3,Male,Hostel,Night,Visual,Good,Low,Good,No,Yes,Not Started,109,110,0,480,82.4,73.7,7.41,0,37,2,0,0,2.0,134,1105
CSE,1,Male,Day Scholar,Afternoon,Visual,Average,Medium,Good,No,No,Not Started,309,287,310,82,82.7,74.8,7.48,0,36,0,0,0,1.0,0,842
CSE-AIML,5,Female,Day Scholar,Night,Visual,Average,Medium,Good,No,No,Not Started,237,186,0,424,88.8,84.3,8.11,0,43,4,0,1,5.0,235,1343
CSE,1,Male,Day Scholar,Morning,Kinesthetic,Average,Medium,Good,No,No,Not Started,315,254,217,391,81.8,73.5,6.45,0,37,0,2,0,0.0,29,822
CSE,8,Male,Hostel,Afternoon,Auditory,Good,High,Good,No,Yes,Placed,316,276,228,0,74.9,70.3,6.42,3,36,8,1,2,3.0,0,1186
IT,6,Female,Day Scholar,Morning,Auditory,Poor,High,Average,No,No,In Progress,164,231,126,505,66.5,69.2,6.56,0,31,3,2,0,6.0,224,1151
CSE,6,Female,Day Scholar,Night,Visual,Good,Low,Good,No,Yes,Not Started,45,158,85,145,90.1,66.9,6.72,0,37,1,0,0,3.0,0,1054
CSE-DS,1,Female,Day Scholar,Night,Auditory,Average,Medium,Average,No,Yes,Not Started,424,300,56,460,55.0,57.9,5.95,2,27,0,0,0,2.0,16,1239
IT,4,Female,Hostel,Morning,Auditory,Poor,Medium,Poor,No,No,Not Started,177,87,293,359,69.1,67.8,6.61,0,35,4,2,0,2.0,72,1137
CSE,3,Male,Hostel,Night,Auditory,Good,Low,Good,No,Yes,Not Started,307,369,0,87,81.9,72.5,7.07,2,37,2,0,0,1.0,151,1079
ECE,6,Male,Hostel,Night,Auditory,Poor,High,Good,No,No,Not Started,90,301,182,788,91.0,70.9,6.88,0,40,3,0,0,7.0,484,1119
CSE,7,Male,Hostel,Morning,Visual,Average,Medium,Average,No,No,In Progress,154,291,113,272,98.6,80.7,8.19,0,41,4,1,1,5.0,113,1278
IT,3,Male,Hostel,Morning,Kinesthetic,Average,Medium,Average,Yes,No,Not Started,261,307,171,271,69.0,70.3,7.9,2,34,2,0,0,1.0,0,966
CSE,8,Male,Hostel,Night,Auditory,Average,Low,Good,No,No,Placed,78,240,0,449,84.3,66.4,7.17,0,32,5,2,1,4.0,329,991
IT,8,Male,Day Scholar,Morning,Kinesthetic,Good,Medium,Poor,No,No,In Progress,228,350,168,422,78.3,80.0,7.95,0,39,4,0,2,4.0,308,1300
ECE,3,Male,Hostel,Night,Kinesthetic,Good,Low,Average,No,No,Not Started,259,330,82,254,80.6,75.0,6.22,3,38,2,0,0,1.0,115,1382
CSE-AIML,2,Male,Day Scholar,Night,Visual,Average,Medium,Average,No,No,Not Started,310,87,83,171,77.5,71.7,7.07,0,39,2,0,0,2.0,76,786
IT,6,Male,Day Scholar,Afternoon,Kinesthetic,Poor,High,Good,No,No,In Progress,138,49,36,154,82.8,71.2,7.45,1,35,4,3,0,3.0,94,1001
CSE,8,Male,Hostel,Morning,Auditory,Poor,High,Good,No,No,Placed,177,185,159,266,94.5,74.8,7.56,0,38,5,1,2,5.0,207,996
CSE,1,Female,Hostel,Night,Kinesthetic,Good,Low,Average,Yes,Yes,Not Started,165,500,8,184,94.8,69.2,6.98,0,32,0,1,0,1.0,138,1040
CSE-AIML,6,Male,Hostel,Morning,Visual,Good,Low,Average,No,Yes,Not Started,45,62,59,479,92.9,70.5,6.69,0,30,4,0,0,0.0,264,1224
IT,3,Female,Day Scholar,,Kinesthetic,Average,Medium,,No,No,Not Started,266,230,250,411,88.5,63.9,6.53,0,31,4,0,0,5.0,255,1228
CSE,2,Female,Day Scholar,Morning,Visual,Good,Low,Good,Yes,No,Not Started,157,411,201,277,88.5,64.0,5.73,1,29,1,1,0,2.0,0,1225
CSE,2,Female,Day Scholar,Night,Visual,Poor,Medium,Average,No,No,Not Started,199,183,169,399,78.6,74.6,7.68,2,40,0,0,0,3.0,49,1060
CSE-DS,3,Female,Hostel,Night,Visual,Average,Medium,Average,No,Yes,Not Started,169,323,115,348,77.8,73.3,7.46,0,43,3,0,0,2.0,156,1147
CSE,4,Female,Hostel,Night,Visual,Average,Low,,No,No,Not Started,157,383,147,459,64.0,62.4,6.19,1,32,2,0,0,3.0,168,1110
CSE,5,Male,Hostel,Morning,Visual,Average,High,Average,No,No,Not Started,333,271,142,504,66.3,74.5,7.42,0,36,7,1,1,2.0,212,1100
IT,6,Female,Hostel,Afternoon,Kinesthetic,Poor,High,Good,No,Yes,In Progress,0,390,0,387,71.3,62.9,7.82,0,31,6,2,1,4.0,199,1108
ECE,8,Male,Hostel,Night,Auditory,Good,Medium,Good,No,No,Placed,193,368,0,118,86.0,69.8,6.75,1,33,9,0,4,5.0,148,1200
ECE,2,Male,Hostel,Morning,Kinesthetic,Average,Medium,Average,Yes,No,Not Started,178,183,235,287,100.0,79.7,7.91,0,39,1,0,0,1.0,69,1125
CSE,7,Female,Hostel,Night,Visual,Average,Medium,Good,No,No,In Progress,138,219,119,152,79.6,61.0,5.96,3,28,8,2,1,4.0,110,866
IT,7,Female,Hostel,Night,Visual,Average,Medium,Poor,No,Yes,Placed,341,116,3,226,91.3,75.3,7.33,0,37,5,1,5,2.0,151,1447
CSE-DS,1,Female,Day Scholar,Night,Kinesthetic,Average,High,Good,No,No,Not Started,206,228,0,450,94.5,70.8,7.26,0,29,0,0,0,0.0,14,1041
CSE-AIML,5,Male,Day Scholar,Night,Auditory,Average,Medium,Good,Yes,No,Not Started,97,288,219,365,73.5,75.9,7.25,0,34,4,2,0,2.0,226,1416
CSE,6,Female,Hostel,Morning,Visual,Average,Medium,Good,Yes,Yes,Not Started,91,364,0,102,79.2,61.9,6.43,5,25,5,2,3,4.0,65,1095
ECE,1,Female,Hostel,Morning,Auditory,Average,Medium,Good,No,No,Not Started,112,454,102,251,72.6,75.3,8.04,0,38,0,1,0,1.0,54,1210
CSE-AIML,1,Male,Day Scholar,Afternoon,Kinesthetic,Poor,Low,Poor,No,No,Not Started,313,182,124,256,79.8,76.9,7.76,0,42,2,0,0,0.0,44,1073
CSE-AIML,5,Female,Hostel,Afternoon,Auditory,Average,Medium,Average,No,No,Not Started,160,8,80,148,87.5,70.6,6.78,0,35,10,3,1,4.0,65,888
CSE-AIML,1,Male,Day Scholar,Night,Kinesthetic,Good,Medium,Good,No,No,Not Started,178,196,163,278,74.4,75.0,7.03,0,40,0,0,0,0.0,0,872
CSE,6,Female,Day Scholar,Night,Visual,Average,High,Average,No,No,Not Started,0,354,135,310,99.8,67.3,6.96,0,34,2,4,1,4.0,191,937
CSE,1,Male,Day Scholar,Night,Kinesthetic,Average,Medium,Good,No,No,Not Started,41,311,93,50,72.9,67.5,6.66,0,38,1,1,0,1.0,30,989
CSE-DS,7,Male,Hostel,Night,Visual,Good,Medium,Good,No,No,In Progress,290,401,183,113,77.0,60.3,6.18,4,33,7,1,2,6.0,0,913
IT,4,Male,Day Scholar,Night,Auditory,Average,Medium,Good,No,Yes,Not Started,48,402,336,476,82.1,70.0,6.33,2,35,2,1,1,,205,1073
CSE-DS,6,Male,Hostel,Morning,Auditory,Good,Low,Poor,No,Yes,Not Started,259,389,5,768,79.8,71.7,7.62,0,32,8,3,0,2.0,488,1255
CSE-AIML,8,Male,Day Scholar,Afternoon,Auditory,Good,Low,Poor,No,Yes,Placed,435,364,122,313,92.5,82.0,8.94,0,46,9,4,4,8.0,285,1230
IT,7,Male,Day Scholar,Night,Visual,Poor,Medium,Poor,No,Yes,In Progress,184,193,82,84,80.3,66.9,6.66,0,35,8,3,1,6.0,75,845
CSE,7,Female,Day Scholar,Afternoon,Kinesthetic,Poor,High,Poor,No,Yes,In Progress,297,63,67,240,75.5,65.3,6.47,1,38,3,1,1,3.0,211,1279
CSE-AIML,6,Male,Hostel,Morning,Visual,Average,Medium,Average,No,Yes,Not Started,142,263,34,299,88.2,60.5,6.55,0,31,5,4,1,2.0,227,1131
CSE,4,Female,Day Scholar,Afternoon,Auditory,Average,Medium,,No,No,Not Started,281,309,106,323,71.9,66.6,7.22,0,31,3,1,1,3.0,161,1088
CSE-AIML,1,Male,Day Scholar,Afternoon,Auditory,Average,Medium,Good,Yes,Yes,Not Started,262,125,0,412,94.3,71.9,6.91,0,32,0,0,0,0.0,70,885
CSE,6,Male,Hostel,Night,Visual,Average,Medium,Good,No,No,Not Started,162,191,127,355,67.1,63.0,6.08,3,32,6,1,2,1.0,145,833
CSE,2,Female,Day Scholar,Morning,Visual,Average,Medium,Good,No,Yes,Not Started,130,329,235,242,81.6,64.7,6.75,2,36,1,1,0,3.0,85,1244
CSE,7,Female,Hostel,Night,Kinesthetic,Good,Medium,Good,No,Yes,Placed,285,388,97,408,100.0,76.0,7.01,2,39,6,1,1,1.0,290,946
CSE,4,Female,Day Scholar,Night,Auditory,Good,Medium,Good,No,No,Not Started,294,200,13,532,70.8,78.6,8.74,0,40,3,4,0,2.0,235,1374
CSE,1,Female,Day Scholar,Morning,Auditory,Poor,Medium,Good,No,No,Not Started,227,0,182,116,81.7,73.8,7.75,1,37,0,0,0,0.0,0,879
CSE,4,Other,Hostel,,Auditory,Average,Medium,Good,Yes,No,Not Started,196,223,240,79,76.9,68.6,7.2,0,35,2,1,0,1.0,23,1053
CSE-AIML,7,Female,Day Scholar,Night,Visual,Average,Medium,Average,No,Yes,Placed,224,290,65,245,85.1,73.3,6.79,1,29,6,3,2,3.0,181,974
CSE,6,Male,Hostel,Afternoon,Visual,Poor,Medium,Good,No,Yes,Not Started,217,342,94,142,74.7,61.7,6.33,0,35,4,0,1,2.0,122,1171
CSE,1,Male,Day Scholar,Morning,Visual,Average,Low,Good,No,No,Not Started,254,358,0,172,66.8,67.8,7.14,0,36,1,1,0,0.0,0,1020
CSE-DS,4,Male,Hostel,Night,Visual,Poor,Medium,Average,No,No,Not Started,224,331,7,82,88.3,77.2,6.98,0,41,0,2,0,0.0,0,964
CSE-AIML,4,Male,Hostel,Afternoon,Visual,Good,Low,Good,No,No,Not Started,110,496,299,402,99.3,73.1,8.15,0,33,3,1,1,4.0,180,1237
CSE,2,Male,Hostel,Morning,Kinesthetic,Poor,High,Average,No,Yes,Not Started,257,217,53,496,66.5,71.1,7.24,0,29,0,1,0,1.0,22,828
CSE,2,Male,Hostel,Morning,Kinesthetic,Poor,High,Good,Yes,No,Not Started,306,330,55,548,86.8,73.7,7.81,0,39,1,0,0,1.0,71,944
CSE-DS,7,Male,Hostel,Night,Kinesthetic,Poor,High,Good,No,Yes,In Progress,150,258,276,387,79.6,61.4,5.04,1,30,6,2,2,3.0,175,1010
CSE,6,Male,Day Scholar,Night,Kinesthetic,Good,High,Good,No,No,Not Started,227,520,291,99,76.9,69.5,7.52,1,33,5,2,0,5.0,121,1053
CSE-DS,1,Male,Day Scholar,Morning,Auditory,Average,Low,Average,Yes,No,Not Started,168,339,158,297,52.5,58.7,5.29,5,28,1,0,0,1.0,0,928
CSE,5,Male,Day Scholar,Morning,Auditory,Good,High,Good,No,Yes,Not Started,176,305,51,19,90.3,73.6,7.48,0,32,1,1,1,1.0,37,1601
CSE,2,Female,Day Scholar,Night,Visual,Average,Medium,Good,No,Yes,Not Started,142,240,0,348,63.6,69.1,6.41,2,33,2,0,0,1.0,0,1098
IT,5,Female,Hostel,Night,Kinesthetic,Average,High,Poor,No,Yes,Not Started,106,229,32,0,77.0,56.6,5.43,4,31,4,0,1,2.0,17,1133
CSE,5,Female,Day Scholar,Night,Visual,Poor,Low,Good,No,Yes,Not Started,138,430,71,620,77.9,77.6,8.27,0,42,4,1,1,2.0,330,904
CSE,4,Male,Hostel,Morning,Auditory,Good,Medium,Good,No,Yes,Not Started,253,158,210,18,88.7,75.2,8.0,1,37,5,1,1,1.0,15,1052
CSE,8,Female,Hostel,Morning,Auditory,Good,Low,Average,No,No,Placed,319,157,49,534,80.4,81.6,7.36,0,41,6,0,2,1.0,396,1236
CSE,6,Male,Hostel,Afternoon,Visual,Good,Low,Good,No,No,Not Started,113,203,90,277,73.8,71.8,6.85,0,30,5,1,1,0.0,81,906
IT,6,Female,Hostel,Night,Visual,Poor,Medium,Average,No,No,Not Started,232,222,159,6,100.0,75.4,7.38,0,32,3,2,1,5.0,0,972
CSE,3,Male,Day Scholar,Morning,Kinesthetic,Good,High,Average,No,No,Not Started,159,181,145,407,73.3,67.6,6.49,2,29,3,1,0,2.0,116,1119
CSE-DS,5,Male,Hostel,Night,Kinesthetic,Average,Medium,Good,No,Yes,Not Started,52,437,83,0,84.4,58.5,6.35,0,28,3,2,1,3.0,69,1108
CSE,4,Female,Hostel,Morning,Auditory,Average,High,Poor,No,No,Not Started,183,206,29,516,76.8,72.0,7.39,0,37,4,0,0,2.0,201,995
ECE,7,Female,Hostel,Night,Auditory,Good,High,Poor,No,No,In Progress,258,275,0,381,73.6,69.8,6.6,0,34,5,2,1,2.0,327,1284
CSE-DS,7,Male,Hostel,Afternoon,Auditory,Good,Low,Good,No,No,In Progress,243,321,16,370,70.1,64.7,6.37,4,34,7,1,0,2.0,188,1053
CSE,8,Female,Day Scholar,Night,Auditory,Good,Medium,Average,No,No,In Progress,279,56,266,42,77.8,65.2,6.79,0,31,6,2,0,3.0,161,1085
CSE-AIML,5,Male,Hostel,Night,Visual,Poor,High,,No,No,Not Started,229,355,197,445,92.6,80.0,8.09,0,38,7,3,2,6.0,218,1084
CSE-AIML,3,Female,Hostel,Night,Auditory,Poor,Medium,Good,Yes,No,Not Started,198,352,21,0,78.8,74.6,7.89,0,35,0,0,0,1.0,17,1148
CSE-AIML,5,Female,Day Scholar,Morning,Visual,Good,Low,Good,No,No,Not Started,261,358,0,0,78.2,67.3,6.14,0,34,4,1,2,4.0,34,1188
CSE-AIML,5,Male,Hostel,Night,Visual,Poor,High,Good,No,No,Not Started,331,201,248,277,92.6,72.3,7.17,0,39,6,0,2,6.0,151,1206
IT,8,Female,Day Scholar,Night,Visual,Poor,Medium,,Yes,Yes,Placed,90,59,106,0,87.5,61.3,6.61,0,30,6,0,0,5.0,50,1144
CSE,3,Male,Hostel,Afternoon,Visual,Average,Medium,Average,Yes,Yes,Not Started,440,463,0,353,89.0,86.0,9.32,0,44,2,3,1,2.0,150,1154
CSE,8,Male,Hostel,Night,Visual,Good,Low,Poor,No,Yes,Placed,120,187,230,352,64.9,58.0,4.97,2,32,9,0,4,6.0,309,1310
CSE-AIML,4,Female,Day Scholar,Afternoon,Kinesthetic,Good,Low,Good,No,No,Not Started,308,377,212,215,86.1,74.8,7.31,0,34,4,0,3,3.0,102,799
CSE,2,Female,Hostel,Night,Auditory,Poor,Low,Good,No,Yes,Not Started,106,376,264,466,62.4,64.8,6.66,0,34,1,0,0,1.0,70,1055
IT,3,Male,Hostel,Afternoon,Visual,Average,Medium,Average,No,Yes,Not Started,42,443,161,417,83.7,72.8,7.49,0,37,5,1,0,0.0,98,1243
IT,2,Male,Day Scholar,Night,Visual,Average,Medium,Good,No,Yes,Not Started,230,160,104,267,80.7,82.8,8.32,0,47,3,1,0,1.0,70,850
CSE-DS,6,Female,Hostel,Night,Auditory,Poor,Medium,Poor,Yes,Yes,Not Started,144,292,84,175,77.4,71.0,7.55,0,38,4,0,1,3.0,77,805
CSE-AIML,4,Female,Hostel,Night,Auditory,Average,Medium,Average,No,No,Not Started,271,344,51,391,75.7,69.9,7.0,0,36,3,1,0,4.0,202,988
CSE-AIML,8,Male,Day Scholar,Morning,Auditory,Average,Medium,Average,Yes,Yes,Placed,128,252,135,253,87.0,78.1,8.22,0,34,9,2,2,5.0,279,1216
CSE,4,Female,Day Scholar,Morning,Visual,Average,Medium,Good,Yes,No,Not Started,284,223,128,145,100.0,84.1,8.62,0,40,2,1,0,3.0,0,1090
IT,8,Male,Hostel,Night,Auditory,Average,Medium,Average,No,Yes,In Progress,240,251,176,705,77.5,69.2,6.76,0,32,4,2,0,2.0,588,1279
CSE-DS,8,Female,Day Scholar,Night,Auditory,Poor,High,Average,No,No,Placed,145,281,64,858,88.6,70.9,6.6,0,35,5,4,2,9.0,679,1183
CSE,5,Male,Day Scholar,Night,Kinesthetic,Average,Medium,Good,No,Yes,Not Started,260,116,212,324,66.8,75.9,8.01,0,41,2,3,1,6.0,121,817
ECE,4,Female,Hostel,Afternoon,Visual,Good,Low,Average,No,No,Not Started,418,92,179,108,99.9,75.1,7.43,0,41,4,1,0,2.0,63,1264
ECE,2,Female,Hostel,Morning,Kinesthetic,Good,Low,Good,No,No,Not Started,404,235,171,25,100.0,75.9,7.48,2,37,1,2,0,1.0,0,782
CSE,8,Female,Hostel,Night,Visual,Poor,Medium,Good,No,No,Placed,222,190,251,494,96.8,75.2,8.45,0,40,8,1,1,4.0,389,1486
IT,7,Female,Hostel,,Kinesthetic,Poor,High,Average,No,No,Placed,150,135,78,311,80.7,75.7,7.61,0,33,4,1,2,3.0,229,1147
IT,4,Male,Hostel,Afternoon,Visual,Good,Low,Good,No,No,Not Started,211,124,60,243,69.8,67.1,6.28,2,28,3,0,1,1.0,94,879
CSE,7,Female,Hostel,Night,Visual,Average,Medium,Average,No,No,In Progress,64,167,213,301,86.6,65.2,5.95,1,31,5,4,0,2.0,260,987
CSE,6,Male,Hostel,Night,Kinesthetic,Average,Medium,Poor,No,No,Not Started,252,269,160,121,74.5,68.6,6.63,1,35,2,2,0,2.0,83,1025
CSE,3,Female,Day Scholar,,Visual,Poor,High,Poor,No,No,Not Started,395,237,117,360,71.8,68.3,6.5,1,35,2,0,0,1.0,142,913
CSE-AIML,8,Male,Hostel,Night,Kinesthetic,Average,Medium,Good,No,No,Placed,217,130,91,155,85.6,64.7,6.32,1,30,7,2,2,3.0,150,943
CSE,4,Male,Day Scholar,Afternoon,Auditory,Average,Medium,Good,No,Yes,Not Started,207,45,19,472,92.7,67.8,6.0,3,36,3,0,0,1.0,221,902
ECE,2,Male,Hostel,Morning,Auditory,Average,Medium,Good,No,No,Not Started,64,129,0,75,89.6,76.6,7.3,0,40,0,1,0,0.0,0,771
CSE,2,Male,Hostel,Night,Auditory,Good,Medium,Good,Yes,No,Not Started,181,283,137,434,68.3,66.0,6.38,2,36,4,1,0,1.0,4,919
ECE,7,Female,Day Scholar,Night,Kinesthetic,Average,Medium,Good,No,No,In Progress,135,192,291,320,100.0,68.5,7.0,0,32,10,1,0,5.0,152,893
CSE-DS,1,Female,Hostel,Night,Visual,Average,Medium,Good,No,No,Not Started,339,58,251,390,79.7,73.2,6.87,0,36,2,0,0,0.0,74,1021
CSE-AIML,8,Female,Hostel,Morning,Auditory,Average,Low,Average,Yes,Yes,Placed,125,168,90,0,85.7,67.4,7.61,0,33,8,4,1,5.0,50,1126
CSE-DS,2,Male,Day Scholar,Morning,Auditory,Good,Medium,Good,No,No,Not Started,161,296,62,176,56.5,65.7,6.48,0,41,2,1,0,0.0,89,699
CSE-DS,3,Male,Hostel,Afternoon,Auditory,Average,Medium,Poor,Yes,No,Not Started,163,205,77,339,89.0,80.9,7.68,0,41,0,1,0,0.0,112,991
ECE,5,Male,Hostel,Night,Kinesthetic,Average,Low,Average,Yes,No,Not Started,129,111,97,443,90.5,63.8,5.99,1,29,2,1,3,4.0,201,1235
CSE,8,Male,Hostel,Afternoon,Auditory,Poor,High,Good,No,Yes,In Progress,101,144,293,263,82.1,68.1,6.64,0,26,8,2,1,6.0,273,1247
IT,8,Male,Day Scholar,Afternoon,Visual,Average,Medium,Average,Yes,No,Placed,66,9,0,280,77.0,67.6,6.63,0,34,8,3,1,3.0,190,1428
CSE-AIML,6,Male,Hostel,Night,Auditory,Average,High,Good,No,No,Not Started,202,128,136,669,98.5,69.3,6.79,0,35,7,2,1,1.0,442,982
CSE,6,Male,Day Scholar,Night,Visual,Average,Medium,Good,No,Yes,Not Started,94,146,96,427,100.0,81.5,7.78,0,43,4,3,3,5.0,228,1043
IT,6,Female,Hostel,Morning,Visual,Average,High,Average,No,No,Not Started,222,70,290,96,78.1,70.8,6.73,1,32,1,2,1,1.0,41,1010
CSE-DS,1,Female,Hostel,Morning,Visual,Poor,High,Average,No,No,Not Started,0,206,0,0,76.9,62.2,5.83,2,32,1,0,0,2.0,0,784
CSE,7,Female,Hostel,Night,Auditory,Poor,Medium,Good,No,Yes,Placed,297,248,261,213,80.1,74.4,8.22,0,34,5,3,2,3.0,99,731
CSE,2,Male,Hostel,Night,Auditory,Average,Medium,Good,No,No,Not Started,124,124,251,708,100.0,78.1,8.14,0,41,3,0,0,1.0,256,1228
CSE,3,Male,Hostel,Morning,Visual,Average,Medium,Good,No,No,Not Started,164,356,30,257,75.9,75.5,7.27,0,35,1,0,0,0.0,59,987
CSE,6,Male,Hostel,Night,Auditory,Poor,Medium,Good,Yes,Yes,Not Started,95,507,95,34,69.9,60.4,5.85,4,31,5,2,1,6.0,81,1301
IT,4,Other,Day Scholar,Morning,Kinesthetic,Average,Low,Good,Yes,Yes,Not Started,286,120,230,302,84.4,66.1,6.72,0,33,3,0,0,3.0,92,924
CSE,3,Female,Hostel,Night,Visual,Poor,High,Good,No,Yes,Not Started,167,153,201,567,85.4,68.2,7.18,2,36,4,2,0,1.0,146,995
CSE,2,Male,Hostel,Night,Visual,Average,Medium,,No,No,Not Started,374,309,100,201,72.4,76.7,7.67,0,41,4,3,0,1.0,0,994
CSE,2,Male,Hostel,Night,Kinesthetic,Average,High,Good,No,Yes,Not Started,143,444,222,444,82.8,73.2,7.17,0,36,0,0,0,1.0,84,1102
IT,4,Female,Day Scholar,Night,Visual,Average,Medium,Average,No,Yes,Not Started,208,272,59,316,93.4,76.7,7.18,0,37,3,2,0,2.0,107,821
CSE-DS,4,Male,Hostel,Morning,Kinesthetic,Average,Medium,Poor,No,No,Not Started,132,393,100,90,89.6,81.8,7.76,0,36,4,1,0,,58,1365
ECE,1,Male,Hostel,Morning,Auditory,Good,Low,Poor,Yes,Yes,Not Started,205,259,106,481,90.1,73.6,7.07,0,40,3,0,0,0.0,75,796
ECE,4,Female,Hostel,Night,Auditory,Poor,High,Average,Yes,No,Not Started,282,45,35,143,73.2,72.7,6.61,0,37,5,1,0,1.0,91,1141
CSE,7,Male,Hostel,Morning,Kinesthetic,Good,Low,Good,No,No,In Progress,137,380,27,253,96.3,79.9,7.52,0,42,6,4,1,2.0,151,983
CSE-DS,7,Female,Hostel,Night,Kinesthetic,Poor,High,Average,No,No,In Progress,183,265,106,357,80.9,65.0,7.71,0,27,9,4,3,2.0,298,1346
CSE-DS,2,Female,Hostel,Morning,Visual,Poor,High,Good,No,No,Not Started,220,81,21,463,100.0,77.2,7.49,0,35,0,0,0,0.0,103,982
CSE-DS,2,Female,Hostel,Morning,Visual,Average,Low,,No,No,Not Started,92,278,43,0,84.2,57.1,4.15,3,29,0,0,0,1.0,11,898
ECE,7,Male,Day Scholar,Night,Visual,Average,Medium,Good,Yes,No,Placed,359,265,18,189,71.7,72.9,7.37,0,38,7,3,1,8.0,41,930
CSE-AIML,6,Female,Day Scholar,Afternoon,Kinesthetic,Poor,Medium,Good,No,No,Not Started,24,162,240,294,69.5,66.3,6.76,0,32,2,3,0,1.0,223,824
CSE,8,Male,Hostel,Night,Visual,Poor,High,Good,No,No,Placed,50,285,0,550,64.6,58.6,6.21,3,29,7,1,1,5.0,487,1350
IT,3,Male,Day Scholar,Night,Auditory,Average,Medium,Good,No,No,Not Started,255,295,247,520,92.1,78.8,7.38,0,36,2,1,1,3.0,202,1127
CSE-AIML,6,Male,Day Scholar,Morning,Visual,Poor,Low,Good,No,Yes,Not Started,13,171,66,291,84.7,71.5,6.43,4,40,2,0,0,4.0,182,1359
IT,4,Female,Hostel,Night,Kinesthetic,Poor,Medium,Good,No,No,Not Started,148,111,35,292,100.0,73.9,6.35,1,35,5,1,0,1.0,130,864
CSE-DS,4,Female,Day Scholar,Night,Auditory,Good,Medium,Good,No,Yes,Not Started,84,194,105,330,89.1,61.3,7.3,0,28,3,1,0,2.0,124,1137
ECE,8,Male,Hostel,Afternoon,Kinesthetic,Good,Low,Good,Yes,Yes,In Progress,179,202,49,188,75.0,70.5,7.03,0,34,7,1,2,10.0,152,1333
CSE,4,Female,Day Scholar,Night,Kinesthetic,Good,Medium,,No,No,Not Started,102,304,0,319,57.6,54.6,5.91,4,24,4,0,0,1.0,116,886
ECE,6,Female,Hostel,Night,Auditory,Good,High,Good,No,Yes,Not Started,228,265,108,559,87.4,82.8,7.83,0,42,8,0,1,6.0,391,1059
CSE-AIML,8,Female,Hostel,Morning,Auditory,Average,Medium,Poor,No,No,Placed,197,182,286,151,90.0,70.0,7.52,1,35,3,4,4,1.0,96,959
CSE-DS,7,Male,Hostel,Afternoon,Kinesthetic,Average,Medium,Good,No,No,In Progress,275,306,293,287,74.9,63.4,6.81,0,35,5,1,1,4.0,250,925
CSE,8,Male,Hostel,Morning,Kinesthetic,Average,High,Average,Yes,Yes,Placed,315,180,66,88,100.0,79.6,7.86,0,36,5,1,3,4.0,27,869
CSE,7,Female,Hostel,Night,Auditory,Average,Medium,Average,No,Yes,Placed,101,339,135,193,94.4,77.4,7.34,0,37,6,3,2,3.0,80,1056
ECE,8,Female,Day Scholar,Night,Visual,Average,Low,Good,No,Yes,In Progress,180,168,6,692,81.9,74.3,6.96,1,37,4,1,1,4.0,556,1158
CSE-DS,1,Male,Day Scholar,Morning,Visual,Good,Low,Good,No,Yes,Not Started,257,181,184,850,100.0,70.4,6.93,1,28,3,0,0,2.0,110,1037
CSE,4,Female,Hostel,Night,Visual,Poor,High,Good,No,Yes,Not Started,281,198,161,803,86.0,79.2,7.84,0,39,2,1,0,2.0,392,1161
CSE-AIML,1,Female,Hostel,Morning,Auditory,Good,Low,Good,No,No,Not Started,174,140,37,214,89.4,66.6,6.41,2,34,1,1,0,0.0,90,1015
CSE,6,Female,Hostel,Night,Auditory,Average,Medium,Good,No,Yes,Not Started,188,49,0,386,86.4,72.0,7.9,0,32,4,2,1,0.0,208,927
ECE,4,Male,Hostel,Afternoon,Kinesthetic,Average,Low,Good,No,Yes,Not Started,170,118,129,369,81.9,71.7,7.01,2,35,3,0,0,4.0,144,1164
CSE,1,Female,Hostel,Night,Auditory,Average,Medium,Good,No,No,Not Started,119,232,0,331,82.6,74.0,7.84,0,34,1,0,0,,4,1103
CSE,5,Male,Day Scholar,Night,Auditory,Average,Medium,Poor,Yes,No,Not Started,222,299,284,370,99.9,79.4,6.91,0,38,4,0,1,5.0,198,1265
CSE,2,Female,Hostel,Night,Auditory,Good,Low,Good,Yes,Yes,Not Started,328,116,181,358,80.2,64.9,6.41,1,30,2,1,0,0.0,90,931
CSE,7,Female,Day Scholar,Afternoon,Visual,Average,Medium,Good,No,Yes,In Progress,178,320,68,50,87.2,67.6,7.66,0,28,2,2,2,3.0,84,1176
CSE,6,Male,Day Scholar,Night,Visual,Good,Low,Average,No,Yes,Not Started,180,192,286,481,91.5,84.0,7.72,0,39,2,2,1,2.0,316,1262
CSE,5,Male,Day Scholar,Afternoon,Visual,Average,Medium,Average,No,No,Not Started,260,313,92,275,99.8,83.0,7.68,0,42,3,2,0,1.0,164,1088
CSE,3,Male,Hostel,Morning,Auditory,Average,High,Poor,No,Yes,Not Started,191,262,0,254,91.5,66.2,6.67,1,32,2,0,1,1.0,111,1041
CSE,5,Male,Day Scholar,Night,Auditory,Average,Medium,Good,No,Yes,Not Started,289,464,71,458,89.1,73.2,7.03,1,39,4,0,1,0.0,296,1256
CSE,3,Male,Hostel,Night,Kinesthetic,Poor,Medium,Good,No,No,Not Started,179,287,88,478,100.0,68.0,6.12,1,33,1,1,0,1.0,101,1007
CSE,4,Male,Hostel,Morning,Auditory,Average,Low,Average,No,No,Not Started,188,248,133,336,77.8,66.1,6.76,2,33,5,0,0,2.0,69,981
CSE,2,Male,Hostel,Night,Kinesthetic,Good,Low,,No,No,Not Started,179,256,84,0,87.8,64.5,7.24,0,34,1,1,0,4.0,0,874
CSE,2,Female,Hostel,Night,Kinesthetic,Average,Medium,Poor,No,No,Not Started,20,51,15,269,66.1,61.8,6.86,0,29,2,0,0,1.0,0,1102
CSE,5,Male,Hostel,Night,Visual,Poor,Medium,Good,No,Yes,Not Started,326,237,136,203,81.1,75.6,7.59,0,36,6,0,2,0.0,133,1186
CSE,2,Male,Day Scholar,Afternoon,Kinesthetic,Good,Medium,Average,No,Yes,Not Started,8,123,125,383,73.9,64.2,5.83,2,29,1,0,0,1.0,129,835
IT,6,Male,Hostel,Morning,Visual,Average,Medium,,Yes,No,Not Started,0,215,0,140,100.0,80.9,7.92,0,43,2,1,2,5.0,91,837
CSE-AIML,5,Female,Hostel,Night,Kinesthetic,Poor,Medium,Good,No,No,Not Started,355,290,262,420,84.5,78.2,7.93,0,42,2,1,3,2.0,197,1204
IT,5,Female,Day Scholar,Night,Kinesthetic,Average,Medium,Good,Yes,No,Not Started,310,170,14,347,76.4,76.7,7.89,1,39,3,2,2,5.0,146,1167
CSE,6,Male,Hostel,Night,Visual,Average,Medium,Average,No,No,Not Started,277,190,134,867,93.2,79.1,7.71,0,41,5,4,0,2.0,611,1122
ECE,8,Male,Hostel,Night,Auditory,Average,Medium,Good,No,Yes,In Progress,253,229,0,0,79.6,66.9,6.45,2,41,4,5,2,5.0,12,1140
CSE-DS,6,Male,Day Scholar,Night,Visual,Average,Medium,Good,No,Yes,Not Started,144,42,127,342,81.0,71.5,7.78,0,33,3,4,2,3.0,181,871
IT,3,Female,Day Scholar,Morning,Kinesthetic,Good,Medium,,No,No,Not Started,168,258,162,118,72.4,70.2,6.73,0,38,0,1,0,1.0,61,985
CSE-DS,3,Female,Hostel,Night,Kinesthetic,Good,Low,Good,No,Yes,Not Started,264,149,157,265,86.0,71.4,6.91,0,39,6,0,0,,86,784
CSE,5,Male,Day Scholar,Night,Kinesthetic,Poor,Medium,Average,Yes,Yes,Not Started,28,401,0,533,78.7,60.3,6.2,3,26,3,2,0,0.0,153,1015
IT,3,Male,Hostel,Night,Visual,Good,Low,Good,No,Yes,Not Started,273,218,150,703,83.9,67.6,6.9,0,33,3,1,1,1.0,298,1469
CSE-DS,4,Female,Hostel,Morning,Auditory,Average,Low,Good,No,No,Not Started,329,422,363,123,100.0,74.4,7.23,0,38,3,4,0,2.0,92,1175
CSE-DS,8,Male,Hostel,Morning,Kinesthetic,Good,Low,Good,No,No,Placed,363,341,263,322,76.9,79.6,8.31,0,42,5,2,2,5.0,285,949
CSE-DS,7,Female,Hostel,Night,Auditory,Poor,Medium,Poor,No,No,In Progress,136,58,250,492,95.1,75.4,7.07,2,40,6,2,1,1.0,380,989
CSE-AIML,6,Male,Hostel,Afternoon,Auditory,Average,Medium,Good,Yes,Yes,Not Started,132,322,217,406,88.3,73.6,6.6,0,39,1,0,1,2.0,238,1269
IT,3,Male,Day Scholar,Morning,Auditory,Poor,High,Good,No,No,Not Started,0,341,185,371,90.8,62.8,6.41,1,33,3,0,0,1.0,115,922
CSE,5,Male,Day Scholar,Night,Auditory,Good,Low,Average,No,Yes,Not Started,176,319,0,612,70.9,66.2,6.69,0,34,2,3,0,1.0,289,989
CSE,4,Female,Day Scholar,,Auditory,Good,Low,Average,No,No,Not Started,107,268,0,123,80.8,69.3,6.52,0,34,5,1,1,3.0,4,923
CSE,1,Male,Day Scholar,Night,Kinesthetic,Good,Medium,Good,No,No,Not Started,213,252,0,426,92.0,75.9,8.04,0,37,0,1,0,0.0,45,770
CSE,7,Female,Day Scholar,Afternoon,Auditory,Poor,High,Good,No,Yes,Placed,163,150,164,457,79.0,65.1,6.75,0,31,5,3,0,7.0,342,1310
CSE-DS,4,Female,Day Scholar,Night,Kinesthetic,Good,Low,Average,No,No,Not Started,221,132,89,661,81.5,79.7,7.66,1,35,3,2,2,3.0,274,1100
CSE-DS,4,Male,Day Scholar,Night,Visual,Average,Medium,Average,Yes,No,Not Started,90,326,198,143,80.2,65.8,7.02,0,34,4,3,1,2.0,44,1131
CSE-AIML,6,Male,Hostel,Morning,Kinesthetic,Average,High,Average,Yes,No,Not Started,86,160,71,237,63.4,63.1,6.41,2,29,3,1,0,3.0,62,1146
CSE,2,Male,Hostel,Night,Visual,Average,Medium,Good,No,Yes,Not Started,189,133,203,82,96.3,79.8,6.13,2,45,1,0,0,2.0,21,1143
CSE,6,Male,Hostel,Morning,Auditory,Poor,High,Poor,No,Yes,Not Started,132,389,157,147,76.7,62.8,5.64,0,31,4,1,0,3.0,116,997
CSE,3,Male,Hostel,Night,Auditory,Good,Medium,Good,No,Yes,Not Started,215,411,107,65,85.4,72.5,7.69,0,35,4,0,0,1.0,27,1080
CSE-DS,8,Female,Hostel,Night,Kinesthetic,Good,Medium,Good,No,No,Placed,217,434,209,253,75.6,68.8,6.92,0,36,5,2,2,5.0,112,941
IT,6,Male,Hostel,Afternoon,Auditory,Poor,Medium,Good,No,No,Not Started,279,378,138,184,81.8,72.8,6.72,0,34,10,3,2,,70,847
CSE,4,Other,Day Scholar,Night,Auditory,Good,Low,Good,No,Yes,Not Started,174,356,84,263,66.7,69.4,6.75,0,36,6,0,0,2.0,25,793
CSE,7,Male,Day Scholar,Afternoon,Auditory,Poor,High,Good,No,No,In Progress,164,228,0,241,94.0,69.2,7.92,1,35,2,1,1,2.0,140,1253
CSE-DS,4,Male,Day Scholar,Night,Kinesthetic,Average,Medium,Average,Yes,Yes,Not Started,203,284,149,14,84.4,63.5,7.38,0,30,4,1,1,3.0,0,1430
CSE,3,Female,Hostel,Night,Auditory,Average,Medium,Good,No,No,Not Started,53,273,29,300,96.4,67.8,6.66,0,35,2,1,0,0.0,108,1179
ECE,6,Male,Day Scholar,Afternoon,Auditory,Poor,Low,Good,No,No,Not Started,254,258,92,12,87.8,80.2,7.63,0,37,3,3,1,1.0,1,1027
IT,4,Female,Hostel,Morning,Visual,Average,Medium,Good,No,Yes,Not Started,140,120,0,511,66.8,68.9,7.81,0,40,3,1,1,4.0,245,1300
CSE-DS,3,Male,Day Scholar,Night,Kinesthetic,Good,Medium,Good,No,No,Not Started,156,105,254,576,96.7,77.4,7.88,1,36,4,0,0,1.0,102,864
CSE-DS,8,Other,Hostel,Afternoon,Auditory,Good,Low,Good,No,No,Placed,135,204,0,0,71.9,68.5,6.81,0,33,8,3,2,2.0,0,967
CSE,2,Male,Hostel,Afternoon,Auditory,Good,Low,Good,No,No,Not Started,180,225,179,293,70.8,65.7,5.85,0,31,1,1,0,1.0,36,867
CSE,1,Male,Hostel,Morning,Visual,Average,Medium,Average,Yes,No,Not Started,227,310,288,562,79.0,75.8,8.23,0,37,1,1,0,3.0,88,1131
CSE,1,Female,Hostel,Afternoon,Auditory,Good,Low,Good,Yes,No,Not Started,200,337,0,342,83.1,71.7,7.01,0,37,1,0,0,1.0,57,997
CSE-DS,2,Male,Day Scholar,Morning,Auditory,Average,High,Good,No,No,Not Started,279,106,218,71,100.0,81.4,7.5,0,37,0,0,0,1.0,0,955
CSE-AIML,8,Male,Hostel,Afternoon,Kinesthetic,Average,Medium,Average,No,No,In Progress,81,181,89,189,78.6,72.1,7.39,0,36,8,0,3,2.0,154,1296
CSE,5,Male,Hostel,Night,Visual,Poor,High,Good,No,No,Not Started,168,101,90,66,70.4,65.4,5.71,2,35,3,1,2,6.0,49,933
CSE,1,Female,Hostel,Afternoon,Auditory,Good,Low,Good,No,No,Not Started,284,158,272,242,78.6,80.1,8.63,0,39,3,0,0,0.0,92,940
IT,8,Male,Hostel,Night,Visual,Good,High,Good,No,No,Placed,198,387,210,97,86.6,77.4,8.65,0,41,7,2,1,2.0,98,1021
CSE-AIML,7,Male,Hostel,Night,Visual,Average,Medium,Good,No,No,In Progress,149,200,65,469,63.9,67.6,7.04,2,34,8,2,2,3.0,331,1472
IT,8,Female,Hostel,Night,Visual,Average,Medium,Good,Yes,Yes,Placed,121,251,140,197,95.7,72.3,7.37,0,41,3,3,2,5.0,195,698
CSE-AIML,1,Female,Hostel,Night,Visual,Average,Medium,Average,No,No,Not Started,282,213,115,501,87.1,74.9,7.84,0,42,0,0,0,0.0,34,898
CSE,1,Female,Hostel,Afternoon,Kinesthetic,Average,Medium,Good,Yes,Yes,Not Started,105,0,200,350,77.2,66.6,7.96,0,28,1,0,0,0.0,72,945
CSE,1,Female,Hostel,Afternoon,Auditory,Poor,High,Good,No,No,Not Started,55,236,65,373,82.1,66.8,6.87,0,32,0,1,0,1.0,0,1154
CSE,1,Male,Hostel,Night,Auditory,Good,Low,Good,Yes,Yes,Not Started,135,229,56,351,81.1,60.6,6.51,0,30,0,0,0,0.0,48,1280
CSE,8,Female,Day Scholar,Morning,Auditory,Good,Medium,Good,Yes,Yes,Placed,255,222,102,160,97.7,72.7,7.42,0,38,8,2,2,2.0,185,1257
CSE,2,Female,Hostel,Afternoon,Kinesthetic,Poor,Low,Average,No,No,Not Started,146,208,8,0,75.6,65.3,5.89,0,30,1,0,0,3.0,54,984
CSE,1,Female,Day Scholar,Morning,Visual,Good,Low,Good,No,No,Not Started,17,304,227,9,70.7,63.3,6.22,2,31,1,0,0,1.0,4,1200
IT,2,Male,Hostel,Afternoon,Auditory,Average,Medium,Good,No,No,Not Started,173,358,161,566,68.6,59.8,6.0,4,25,1,1,0,3.0,101,1120
CSE,4,Female,Day Scholar,Morning,Visual,Poor,Medium,Good,No,No,Not Started,292,112,0,489,78.9,77.8,7.32,0,39,1,2,1,2.0,259,1112
ECE,8,Female,Day Scholar,Night,Visual,Poor,Medium,Average,No,No,Placed,167,75,196,325,79.5,72.5,7.22,0,35,8,1,2,3.0,136,1095
CSE,1,Male,Day Scholar,Morning,Auditory,Average,Medium,Good,No,No,Not Started,226,122,109,359,85.0,74.8,6.29,4,28,1,0,0,0.0,50,1408
CSE,6,Male,Day Scholar,Night,Visual,Poor,Low,Poor,No,No,Not Started,97,188,108,129,63.7,64.7,5.97,1,29,5,2,2,5.0,68,793
CSE,2,Male,Day Scholar,Night,Kinesthetic,Good,Medium,Poor,No,No,Not Started,169,121,133,222,73.2,70.3,6.8,1,32,1,0,0,0.0,115,1104
CSE-AIML,4,Male,Day Scholar,,Auditory,Poor,High,Good,Yes,No,Not Started,210,227,94,94,87.4,65.4,6.86,0,34,4,1,1,3.0,89,1085
ECE,5,Male,Hostel,Night,Visual,Good,Low,Good,No,Yes,Not Started,332,363,178,0,91.6,79.7,8.14,0,37,7,1,2,1.0,14,1159
CSE-AIML,6,Female,Day Scholar,Afternoon,Visual,Poor,High,Average,No,No,Not Started,137,194,259,679,64.0,64.2,5.96,1,32,5,2,2,3.0,356,982
IT,4,Male,Day Scholar,Night,Visual,Average,Medium,Good,No,No,Not Started,194,210,272,192,68.1,76.2,7.3,0,40,2,1,0,1.0,116,865
CSE,1,Female,Hostel,Afternoon,Kinesthetic,Poor,Medium,Good,No,Yes,Not Started,95,213,138,396,90.7,61.9,6.52,0,30,0,0,0,3.0,46,862
CSE,1,Female,Hostel,,Kinesthetic,Average,Medium,Poor,No,Yes,Not Started,212,132,143,136,77.8,67.2,6.81,0,29,0,0,0,0.0,0,954
CSE,6,Female,Hostel,Afternoon,Visual,Good,Low,Good,No,Yes,Not Started,84,178,201,775,61.4,62.3,6.29,4,34,10,1,0,2.0,443,1525
IT,3,Female,Day Scholar,Afternoon,Visual,Good,Low,Poor,No,Yes,Not Started,194,133,220,434,78.9,71.6,6.68,1,34,3,1,0,5.0,111,945
CSE-AIML,6,Male,Hostel,Night,Auditory,Average,Medium,Good,No,No,In Progress,217,429,199,172,89.7,70.6,7.24,1,31,5,2,1,1.0,118,768
ECE,7,Male,Day Scholar,Night,Kinesthetic,Average,Medium,Average,No,No,Placed,164,262,146,188,90.2,70.5,6.94,0,35,2,2,1,,222,896
CSE,1,Male,Hostel,Night,Visual,Good,Medium,Good,No,No,Not Started,365,237,69,297,76.9,80.6,8.18,0,49,0,0,0,0.0,48,829
CSE,5,Male,Hostel,Night,Visual,Poor,Low,Good,No,No,Not Started,222,299,377,641,82.5,71.1,7.34,0,32,6,2,1,1.0,309,1171
CSE,1,Male,Hostel,Morning,Kinesthetic,Average,High,Good,No,Yes,Not Started,213,164,87,311,99.1,82.9,8.21,0,37,0,1,0,1.0,0,1056
IT,8,Female,Hostel,Morning,Visual,Average,Medium,Good,No,No,Placed,342,112,139,409,100.0,72.9,7.66,0,35,8,2,3,3.0,385,1128
ECE,8,Female,Hostel,Night,Kinesthetic,Good,Low,Average,No,No,Placed,227,135,308,317,100.0,76.7,7.41,0,39,6,1,5,5.0,317,1298
CSE-DS,6,Male,Day Scholar,Night,Auditory,Good,Medium,Good,No,No,In Progress,193,324,0,623,78.0,68.2,7.54,1,38,6,2,0,7.0,353,1466
CSE-AIML,6,Male,Hostel,Afternoon,Visual,Good,Low,Good,No,No,In Progress,157,239,213,472,74.3,71.5,7.24,0,36,5,3,3,3.0,273,930
CSE,4,Female,Hostel,Night,Visual,Average,Medium,Good,No,Yes,Not Started,283,0,203,243,82.7,72.3,7.46,0,37,0,0,0,3.0,75,1095
CSE,7,Male,Hostel,Morning,Visual,Poor,High,Good,No,No,Placed,287,18,194,456,78.9,70.6,6.62,0,39,4,3,2,2.0,305,937
CSE-AIML,3,Male,Hostel,Afternoon,Visual,Average,Medium,Good,No,No,Not Started,112,529,67,504,72.1,77.4,7.55,1,32,6,0,0,0.0,150,1126
CSE,5,Female,Day Scholar,Night,Visual,Poor,High,Good,Yes,No,Not Started,298,314,279,415,83.2,64.7,7.08,0,31,4,3,0,2.0,263,1409
CSE,5,Male,Hostel,Morning,Visual,Average,Medium,Good,No,Yes,Not Started,361,44,189,377,86.9,79.2,7.92,0,41,5,2,0,1.0,234,1430
IT,2,Male,Day Scholar,Morning,Auditory,Average,Medium,Average,No,Yes,Not Started,36,441,61,432,54.9,60.9,6.46,2,31,3,0,0,1.0,112,1106
CSE-AIML,8,Male,Day Scholar,Night,Visual,Poor,Medium,Good,No,No,In Progress,136,272,131,25,57.8,60.9,5.85,2,29,10,10,3,5.0,4,1024
CSE-DS,4,Male,Hostel,Night,Auditory,Good,Low,Good,No,No,Not Started,176,229,7,182,73.3,66.6,6.46,0,31,3,0,1,0.0,151,1015
CSE,7,Female,Day Scholar,Afternoon,Kinesthetic,Poor,Medium,Average,No,No,In Progress,2,389,0,153,75.8,56.2,5.48,1,24,5,6,1,6.0,151,1203
CSE-AIML,7,Male,Hostel,Morning,Auditory,Good,Low,Good,No,Yes,Placed,188,111,0,274,61.5,62.9,5.73,4,31,8,1,1,2.0,174,1008
ECE,7,Female,Hostel,Night,Kinesthetic,Good,Medium,Average,No,No,In Progress,319,144,124,136,58.2,68.3,7.59,0,30,8,1,0,4.0,253,1175
CSE,5,Female,Hostel,Afternoon,Auditory,Average,Low,Good,No,Yes,Not Started,107,104,155,533,88.2,72.6,6.83,0,32,8,5,2,4.0,221,1071
CSE-DS,7,Male,Hostel,Afternoon,Auditory,Poor,Medium,Average,No,Yes,In Progress,99,266,67,470,76.8,66.2,6.24,1,30,6,2,2,4.0,297,1287
CSE-DS,5,Female,Hostel,Afternoon,Visual,Average,Medium,,No,No,Not Started,145,347,152,811,83.5,64.6,6.61,0,34,4,1,1,5.0,398,1171
IT,8,Male,Day Scholar,Night,Visual,Good,Low,Average,No,Yes,In Progress,95,228,0,298,90.9,69.1,7.2,0,30,3,1,2,4.0,227,785
CSE-DS,3,Male,Hostel,Night,Auditory,Average,Medium,Good,No,Yes,Not Started,314,0,212,315,84.5,84.0,8.34,0,43,3,1,0,4.0,54,969
CSE,4,Female,Hostel,Night,Kinesthetic,Average,Low,Average,No,Yes,Not Started,134,363,0,321,75.1,76.1,7.12,0,35,1,2,0,1.0,97,1127
CSE-DS,1,Male,Hostel,Afternoon,Auditory,Average,Medium,Good,No,No,Not Started,146,241,313,315,62.8,63.4,6.91,0,32,0,1,0,1.0,46,1066
CSE,5,Male,Hostel,Night,Kinesthetic,Good,Low,Average,No,No,Not Started,244,432,67,137,79.4,73.1,7.1,0,41,5,2,1,1.0,90,1225
CSE,7,Female,Day Scholar,Night,Kinesthetic,Good,Low,Good,No,No,Placed,164,333,275,445,75.7,69.2,6.73,0,31,3,7,1,6.0,321,1248
CSE,7,Male,Hostel,Night,Auditory,Average,Low,Good,No,No,In Progress,164,290,150,113,76.5,72.9,6.7,0,32,4,2,1,2.0,152,1125
IT,7,Male,Hostel,Night,Kinesthetic,Good,Low,Average,Yes,No,Placed,226,349,107,394,77.6,77.2,7.65,0,41,7,2,4,3.0,306,1152
CSE-AIML,1,Male,Day Scholar,Morning,Auditory,Poor,High,Good,No,Yes,Not Started,87,362,143,451,81.9,62.8,6.85,0,28,0,1,0,0.0,164,701
CSE-AIML,8,Male,Hostel,Morning,Kinesthetic,Poor,Medium,Good,No,Yes,Placed,188,95,74,509,96.5,71.5,7.29,0,31,6,4,2,6.0,401,775
CSE-AIML,3,Male,Hostel,Morning,Kinesthetic,Poor,High,Good,No,No,Not Started,49,0,112,282,82.2,78.7,7.21,0,36,2,1,0,3.0,0,752
CSE,5,Male,Hostel,Night,Visual,Average,Medium,Good,No,No,Not Started,263,387,1,275,76.4,75.8,7.87,0,37,2,0,3,0.0,270,1430
CSE,6,Female,Hostel,Night,Kinesthetic,Average,Medium,Good,No,No,Not Started,92,0,117,328,100.0,76.6,8.56,0,35,1,4,2,4.0,160,907
CSE-AIML,6,Male,Day Scholar,Night,Auditory,Average,Medium,Average,No,No,Not Started,176,239,243,88,82.7,72.6,7.39,0,31,4,3,4,1.0,109,1008
ECE,1,Female,Hostel,Morning,Kinesthetic,Poor,Medium,Good,No,No,Not Started,292,204,167,316,75.9,70.3,7.2,0,32,1,1,0,0.0,0,709
CSE,4,Female,Day Scholar,Afternoon,Visual,Average,Low,Good,No,No,Not Started,34,339,0,515,69.8,65.9,5.95,0,30,3,0,2,,192,1433
CSE,6,Female,Hostel,Morning,Auditory,Good,Low,Average,Yes,Yes,Not Started,147,327,0,80,78.5,74.5,6.83,0,37,3,1,0,2.0,25,784
CSE-DS,6,Female,Hostel,Morning,Visual,Good,Medium,Good,No,Yes,In Progress,231,198,107,150,90.3,71.7,6.57,0,36,4,3,0,2.0,41,1007
CSE-AIML,7,Male,Day Scholar,Morning,Auditory,Average,Medium,Good,No,No,In Progress,192,140,95,254,84.3,74.2,7.17,0,37,6,1,1,6.0,161,1184
IT,3,Male,Day Scholar,,Kinesthetic,Good,Low,Average,No,No,Not Started,264,208,154,462,80.6,74.9,7.07,0,34,1,2,1,3.0,206,1011
CSE-AIML,7,Male,Hostel,Night,Kinesthetic,Average,Low,Average,No,No,In Progress,108,159,94,0,84.5,72.3,7.5,0,37,4,1,1,1.0,99,961
CSE,3,Male,Day Scholar,Night,Auditory,Average,Low,Poor,No,No,Not Started,145,116,48,219,81.5,65.4,7.19,2,37,4,1,0,2.0,96,1209
CSE-AIML,2,Female,Day Scholar,Afternoon,Auditory,Average,Medium,Good,No,No,Not Started,107,231,26,320,77.0,72.3,8.82,0,39,4,0,0,1.0,70,938
CSE,3,Female,Day Scholar,Night,Kinesthetic,Good,Low,Good,No,Yes,Not Started,132,241,96,85,95.9,76.1,8.07,0,40,2,0,1,0.0,0,1106
CSE-DS,2,Female,Day Scholar,Morning,Kinesthetic,Good,Low,Good,No,No,Not Started,166,122,77,104,92.2,70.8,6.96,0,34,2,1,0,1.0,22,810
CSE,8,Male,Hostel,Night,Auditory,Average,Medium,Good,No,No,Placed,169,172,197,296,63.0,64.0,5.91,1,31,5,2,0,2.0,225,1101
CSE-DS,6,Male,Day Scholar,Night,Visual,Average,Medium,Poor,No,No,Not Started,172,351,161,340,65.9,73.6,7.9,2,32,2,2,2,3.0,253,885
CSE,7,Female,Day Scholar,Afternoon,Kinesthetic,Average,Medium,Average,Yes,No,In Progress,262,281,32,45,87.5,78.5,8.88,0,37,7,1,0,4.0,37,827
CSE,2,Female,Hostel,Night,Visual,Average,Medium,Good,No,No,Not Started,300,132,0,198,81.5,72.2,7.55,0,36,2,1,0,2.0,29,1216
CSE,6,Female,Hostel,Night,Auditory,Average,Medium,Poor,No,No,Not Started,271,402,0,499,91.5,80.0,8.18,0,44,4,1,0,1.0,225,1382
CSE,4,Female,Hostel,,Kinesthetic,Good,Low,Good,Yes,No,Not Started,232,298,250,504,75.0,71.1,7.33,0,36,2,1,0,0.0,190,816
CSE-DS,6,Male,Hostel,,Kinesthetic,Average,High,Good,No,No,Not Started,269,277,198,403,75.0,74.4,7.69,0,33,7,0,0,1.0,188,883
CSE-DS,4,Female,Hostel,Night,Visual,Average,High,Good,No,No,Not Started,350,195,132,0,79.8,82.6,8.04,0,42,2,3,1,2.0,0,879
CSE-AIML,2,Male,Hostel,Morning,Auditory,Average,High,Good,No,Yes,Not Started,258,90,25,26,90.6,79.0,8.65,0,38,0,2,0,1.0,104,1053
CSE,3,Female,Day Scholar,Night,Kinesthetic,Average,Low,,No,Yes,Not Started,172,455,159,418,88.5,71.1,5.94,2,36,1,0,1,1.0,200,1021
ECE,8,Male,Hostel,Afternoon,Visual,Average,Low,Good,No,Yes,Placed,169,324,33,169,100.0,76.7,7.12,0,33,9,1,3,2.0,128,1120
CSE,7,Male,Hostel,Morning,Visual,Good,Low,Good,No,No,In Progress,284,290,0,231,76.5,69.1,7.67,0,40,5,3,1,7.0,143,899
CSE-AIML,8,Female,Day Scholar,Night,Kinesthetic,Average,Medium,Poor,No,No,Placed,148,271,48,156,100.0,67.6,7.1,0,39,3,4,0,3.0,74,1095
CSE-DS,4,Male,Hostel,Night,Visual,Poor,High,Good,No,Yes,Not Started,233,19,239,353,66.1,68.4,6.67,0,28,3,3,1,2.0,220,1219
CSE,4,Male,Hostel,Afternoon,Visual,Good,Low,Good,No,No,Not Started,173,212,157,870,93.4,77.6,7.5,0,39,6,1,1,2.0,429,823
CSE,5,Male,Hostel,Afternoon,Auditory,Average,Medium,Good,No,Yes,Not Started,255,260,0,154,54.0,63.8,6.17,3,30,6,0,0,1.0,0,1033
CSE,8,Female,Day Scholar,Night,Visual,Poor,Low,Good,No,Yes,Placed,101,167,307,262,98.8,76.5,7.29,0,40,7,6,1,2.0,161,980
CSE,8,Male,Hostel,Morning,Auditory,Good,Low,Good,No,Yes,Placed,211,393,173,285,71.2,73.8,7.47,0,32,7,1,1,7.0,169,910
CSE-AIML,4,Male,Hostel,Night,Visual,Poor,High,,Yes,No,Not Started,154,169,70,100,86.4,79.9,8.29,0,40,0,1,1,0.0,93,868
CSE-AIML,1,Female,Hostel,Night,Auditory,Good,Medium,Average,No,Yes,Not Started,120,24,161,381,65.6,73.8,7.38,0,33,0,0,0,0.0,65,1185
CSE-AIML,8,Female,Day Scholar,Night,Kinesthetic,Poor,High,Good,No,No,In Progress,317,53,7,97,62.9,76.1,7.18,0,41,5,3,0,9.0,173,1140
CSE,5,Female,Hostel,Afternoon,Auditory,Average,Medium,Average,No,No,Not Started,114,257,94,359,98.2,70.0,7.44,0,30,3,2,0,7.0,146,892
ECE,4,Male,Day Scholar,Afternoon,Kinesthetic,Average,Low,Average,No,No,Not Started,321,377,149,77,80.0,73.8,7.5,0,38,3,1,1,3.0,0,991
IT,3,Male,Hostel,Night,Visual,Poor,High,Good,No,Yes,Not Started,173,111,97,233,91.4,79.2,8.49,0,44,3,1,1,3.0,157,1080
CSE-AIML,2,Male,Day Scholar,Night,Visual,Average,Medium,Poor,No,Yes,Not Started,103,177,133,54,78.5,64.3,6.86,0,36,2,1,0,2.0,75,1188
ECE,3,Female,Hostel,Night,Auditory,Average,High,Poor,No,Yes,Not Started,87,135,0,328,90.5,74.2,6.8,0,33,0,1,0,2.0,139,1081
CSE-DS,3,Male,Hostel,Morning,Visual,Poor,Medium,Good,No,Yes,Not Started,267,244,69,319,81.4,73.9,7.16,0,36,2,1,0,1.0,11,980
IT,4,Female,Day Scholar,Night,Kinesthetic,Poor,High,Average,No,Yes,Not Started,207,213,249,720,66.4,60.6,5.68,0,26,3,0,0,0.0,323,1189
CSE-AIML,2,Male,Day Scholar,Night,Visual,Good,Medium,Average,No,Yes,Not Started,154,159,118,147,97.3,71.8,7.25,0,36,1,1,0,1.0,48,858
CSE-DS,3,Male,Hostel,Afternoon,Kinesthetic,Average,Medium,Good,No,Yes,Not Started,323,198,125,331,83.2,83.3,8.79,0,40,2,1,1,1.0,74,1304
ECE,3,Male,Hostel,Afternoon,Auditory,Average,High,Good,Yes,No,Not Started,153,99,105,593,72.7,72.8,6.73,0,37,2,2,0,4.0,161,671
CSE-AIML,5,Male,Hostel,Night,Visual,Average,Low,Average,No,No,Not Started,222,271,24,289,85.9,65.4,7.15,0,36,6,3,0,2.0,143,1107
CSE-AIML,2,Female,Day Scholar,Afternoon,Kinesthetic,Good,Medium,Average,No,Yes,Not Started,0,199,206,114,78.5,57.7,5.88,1,27,1,1,0,6.0,67,1161
ECE,6,Male,Day Scholar,Night,Kinesthetic,Good,Low,Poor,No,No,Not Started,221,148,26,104,92.9,71.8,7.84,0,32,4,4,2,3.0,48,930
CSE-DS,4,Female,Hostel,Night,Visual,Average,Medium,Good,Yes,No,Not Started,40,250,283,37,77.8,67.6,6.35,0,33,2,1,1,1.0,0,1005
IT,2,Female,Hostel,Night,Auditory,Average,High,Good,No,No,Not Started,206,12,214,202,77.7,63.0,6.12,2,33,0,1,0,0.0,76,962
IT,1,Female,Hostel,Afternoon,Auditory,Average,High,Good,No,No,Not Started,133,73,132,465,85.0,74.8,7.29,2,38,0,0,0,1.0,0,945
CSE-DS,1,Female,Hostel,Night,Visual,Poor,Medium,Good,Yes,Yes,Not Started,50,190,280,264,77.7,63.5,6.31,3,30,2,0,0,0.0,89,1321
CSE,2,Male,Day Scholar,Night,Auditory,Poor,Low,Average,No,No,Not Started,285,0,357,392,82.4,80.2,8.15,0,41,1,1,0,0.0,120,1062
CSE-DS,8,Male,Hostel,Afternoon,Visual,Poor,High,Good,No,No,In Progress,288,362,188,570,82.3,79.2,7.44,0,43,6,0,1,2.0,503,1187
ECE,1,Male,Hostel,Night,Auditory,Poor,High,Average,No,No,Not Started,52,217,0,43,90.3,73.5,7.44,0,32,1,0,0,1.0,0,765
CSE,7,Female,Hostel,Night,Visual,Average,Low,Good,No,Yes,In Progress,302,259,250,247,89.4,72.5,7.42,0,35,4,3,1,2.0,111,898
ECE,1,Female,Hostel,Night,Visual,Average,Medium,Average,No,No,Not Started,51,252,153,0,76.2,68.5,7.17,0,37,2,0,0,2.0,0,1179
CSE,3,Female,Hostel,Night,Auditory,Average,Low,Average,No,No,Not Started,106,407,0,60,77.9,68.4,7.11,0,39,4,1,0,1.0,53,1071
ECE,3,Male,Hostel,Afternoon,Auditory,Average,Low,Good,Yes,No,Not Started,280,210,0,784,100.0,78.6,8.65,0,39,2,0,1,2.0,216,1301
CSE,1,Male,Day Scholar,Night,Visual,Good,Low,Good,No,Yes,Not Started,215,293,64,489,80.9,68.4,7.49,0,36,0,0,0,2.0,62,1121
CSE-DS,2,Male,Hostel,Afternoon,Kinesthetic,Average,Medium,Good,No,Yes,Not Started,221,228,0,0,73.2,71.3,7.9,1,38,0,1,0,2.0,77,1121
CSE,3,Male,Day Scholar,Night,Visual,Poor,High,Good,No,No,Not Started,150,320,222,244,87.2,67.5,6.37,1,30,1,0,0,2.0,53,1111
IT,6,Female,Day Scholar,Night,Kinesthetic,Poor,High,Average,Yes,Yes,Not Started,175,425,51,521,88.7,64.1,5.57,1,29,8,0,1,3.0,289,1309
CSE,2,Female,Day Scholar,Night,Visual,Good,Medium,Good,No,No,Not Started,281,158,141,482,76.1,71.3,6.85,0,32,4,1,0,3.0,120,1079
CSE,2,Female,Hostel,Night,Auditory,Average,Medium,Average,Yes,No,Not Started,139,403,0,106,93.1,81.6,7.89,0,40,0,2,0,1.0,38,920
ECE,7,Male,Day Scholar,Night,Kinesthetic,Average,Medium,Good,Yes,Yes,In Progress,163,247,133,432,79.6,73.0,6.78,0,40,5,2,1,1.0,203,1118
IT,4,Female,Hostel,,Auditory,Poor,High,Good,No,Yes,Not Started,252,286,50,29,73.7,79.0,7.92,0,38,6,3,1,4.0,66,1127
CSE,6,Female,Hostel,Afternoon,Visual,Average,Medium,Good,No,No,Not Started,139,422,121,200,84.0,72.3,6.76,1,36,9,0,1,3.0,120,1295
CSE-DS,4,Male,Hostel,,Visual,Average,Medium,Good,Yes,No,Not Started,0,291,230,360,99.6,76.4,7.94,1,38,3,1,1,3.0,147,1064
IT,8,Male,Hostel,Night,Kinesthetic,Average,High,Good,No,No,Placed,167,203,259,704,68.6,72.0,7.31,0,34,8,3,0,4.0,504,1212
ECE,3,Male,Hostel,Night,Kinesthetic,Good,Medium,Poor,No,Yes,Not Started,210,202,61,692,84.7,75.8,7.81,0,38,2,2,1,0.0,220,1028
CSE,8,Male,Day Scholar,Night,Auditory,Average,Low,Good,No,Yes,Placed,152,100,0,199,79.1,58.4,5.31,5,31,9,2,3,4.0,58,1016
IT,7,Female,Hostel,Night,Auditory,Poor,High,Good,No,No,In Progress,142,548,26,152,86.0,71.2,6.71,0,34,8,1,2,3.0,72,972
CSE-DS,5,Female,Hostel,Afternoon,Auditory,Good,Medium,Good,No,Yes,Not Started,91,67,0,0,100.0,69.4,6.25,3,38,6,0,0,2.0,94,1121
CSE-DS,8,Male,Hostel,Night,Auditory,Average,Medium,Average,No,No,Placed,189,322,60,438,86.3,68.2,6.14,1,33,6,2,3,1.0,282,1384
CSE-AIML,2,Male,Day Scholar,Night,Auditory,Good,Medium,Average,No,Yes,Not Started,91,314,137,205,94.9,71.7,6.52,0,33,1,2,0,4.0,110,1163
CSE,5,Male,Day Scholar,Night,Auditory,Average,Medium,Average,No,No,Not Started,146,218,116,337,94.4,62.9,6.52,0,28,6,1,0,2.0,203,1229
CSE,8,Male,Hostel,Afternoon,Kinesthetic,Average,Medium,Average,No,No,In Progress,184,480,194,275,100.0,82.8,8.21,0,41,6,4,0,7.0,234,1360
CSE,2,Male,Hostel,Afternoon,Auditory,Average,Medium,Good,Yes,Yes,Not Started,325,175,95,186,76.3,70.1,7.03,0,38,1,1,0,0.0,11,1278
CSE,2,Male,Hostel,Night,Visual,Good,Low,Good,Yes,Yes,Not Started,157,181,64,197,85.7,66.7,6.59,0,30,3,1,0,1.0,78,1237
CSE,5,Female,Day Scholar,Afternoon,Auditory,Average,Medium,Good,No,No,Not Started,158,218,63,397,98.6,72.1,7.51,0,41,8,1,2,4.0,181,1100
IT,2,Female,Day Scholar,Morning,Kinesthetic,Good,Low,Good,No,No,Not Started,202,191,237,452,59.8,64.2,6.67,1,27,1,0,0,1.0,95,772
CSE,2,Male,Hostel,Night,Visual,Poor,Medium,Good,No,No,Not Started,190,367,37,415,81.0,77.2,7.62,0,35,1,1,0,0.0,71,839
CSE,4,Female,Day Scholar,Night,Visual,Average,Medium,Good,No,Yes,Not Started,247,165,104,431,84.1,75.9,7.29,0,39,2,0,0,6.0,253,919
CSE-DS,5,Female,Day Scholar,Night,Auditory,Good,Medium,Good,No,Yes,Not Started,71,399,251,264,98.1,77.0,7.23,0,37,2,1,0,1.0,126,778
CSE-AIML,2,Male,Hostel,Night,Auditory,Good,Low,Good,No,Yes,Not Started,110,166,0,382,73.9,70.7,8.18,0,38,2,1,0,0.0,54,1122
CSE,3,Male,Hostel,Night,Visual,Average,High,Poor,No,No,Not Started,188,221,175,313,90.9,74.2,7.8,0,37,1,1,0,2.0,63,1122
CSE-AIML,1,Male,Day Scholar,Morning,Kinesthetic,Average,Low,Average,No,No,Not Started,287,406,163,535,99.1,76.4,8.15,0,37,1,0,0,0.0,18,935
IT,2,Male,Hostel,Afternoon,Auditory,Good,Medium,Good,No,Yes,Not Started,72,115,0,270,89.3,64.1,6.36,4,31,1,0,0,0.0,122,916
CSE,7,Male,Hostel,Night,Kinesthetic,Poor,High,Average,No,Yes,In Progress,222,156,53,276,76.3,68.5,7.14,0,34,3,0,3,3.0,250,1218
CSE,6,Female,Hostel,Night,Kinesthetic,Average,Low,Good,No,Yes,In Progress,222,50,94,122,75.5,69.7,6.44,3,28,4,0,0,3.0,186,1005
CSE,1,Female,Day Scholar,Night,Kinesthetic,Good,Low,Good,No,No,Not Started,137,231,23,190,100.0,77.4,6.66,0,30,0,0,0,0.0,0,1088
ECE,6,Female,Hostel,Night,Visual,Poor,Low,Average,No,Yes,Not Started,112,294,0,204,77.2,70.2,6.68,0,29,6,1,2,3.0,161,994
ECE,8,Male,Day Scholar,Morning,Visual,Average,Medium,Average,No,No,Placed,270,413,184,487,86.0,82.4,8.83,0,44,8,5,3,2.0,472,1241
ECE,3,Male,Hostel,Night,Auditory,Poor,High,Good,No,No,Not Started,307,154,92,217,82.3,82.0,8.09,0,42,4,0,1,2.0,144,1164
CSE-AIML,4,Male,Day Scholar,Night,Kinesthetic,Average,Medium,Good,No,No,Not Started,249,176,44,0,77.4,74.7,7.25,1,40,2,0,1,5.0,0,1132
CSE,2,Female,Hostel,Afternoon,Auditory,Average,Medium,Average,No,No,Not Started,242,356,25,352,78.0,74.2,7.5,0,37,2,1,0,1.0,105,1211
CSE,1,Male,Day Scholar,Morning,Auditory,Good,Low,Good,No,Yes,Not Started,6,205,181,315,62.7,62.4,6.24,4,36,0,0,0,0.0,35,1114
CSE,3,Male,Hostel,Night,Kinesthetic,Good,Medium,Good,No,Yes,Not Started,227,183,66,267,76.9,80.5,7.77,0,41,4,1,0,1.0,0,1177
IT,8,Male,Hostel,Afternoon,Visual,Poor,Medium,Good,Yes,Yes,In Progress,231,254,28,424,100.0,76.8,8.28,0,38,4,4,0,8.0,364,1131
CSE-AIML,1,Male,Hostel,Night,Kinesthetic,Poor,High,Good,No,No,Not Started,202,42,16,214,85.5,73.6,7.55,0,42,1,0,0,0.0,0,746
IT,2,Male,Hostel,Night,Visual,Poor,Medium,Good,No,Yes,Not Started,66,229,320,687,69.5,66.2,6.78,0,35,1,2,0,1.0,189,704
IT,3,Male,Hostel,Afternoon,Visual,Average,Medium,Poor,No,No,Not Started,247,167,346,203,94.8,81.9,7.71,0,38,1,1,1,1.0,29,1080
CSE,4,Male,Hostel,Night,Visual,Average,Medium,Poor,No,Yes,Not Started,51,290,85,480,61.0,53.3,5.28,0,25,1,2,0,0.0,215,983
CSE,7,Female,Hostel,Night,Visual,Poor,High,Average,No,No,In Progress,288,113,188,333,75.5,80.0,8.79,0,37,5,3,2,4.0,295,1315
IT,5,Male,Day Scholar,Night,Auditory,Average,High,Good,Yes,No,Not Started,196,262,102,307,72.9,60.7,5.82,2,36,1,0,3,3.0,108,1067
CSE-AIML,1,Male,Hostel,Afternoon,Kinesthetic,Average,Medium,Average,No,No,Not Started,168,457,114,318,54.2,58.5,4.89,1,30,0,0,0,1.0,21,895
IT,8,Female,Hostel,Night,Kinesthetic,Good,Medium,Average,No,No,Placed,241,0,55,260,94.7,82.0,8.56,0,42,8,6,2,1.0,336,1251
CSE,1,Male,Hostel,Night,Kinesthetic,Average,Medium,Poor,No,No,Not Started,0,176,24,524,81.5,71.0,7.56,1,39,0,0,0,,93,1105
IT,2,Male,Day Scholar,Night,Kinesthetic,Average,Medium,Poor,No,No,Not Started,57,373,0,744,81.0,74.5,7.37,0,36,1,0,0,1.0,168,1071
CSE,1,Female,Day Scholar,Night,Auditory,Poor,High,Average,No,No,Not Started,210,242,87,548,73.3,60.8,6.38,2,29,1,1,0,0.0,50,880
IT,7,Female,Hostel,Morning,Kinesthetic,Average,Medium,Average,No,Yes,Placed,89,375,210,439,75.2,70.6,6.03,4,37,8,1,2,6.0,279,1004
CSE-DS,1,Male,Day Scholar,Morning,Kinesthetic,Good,Low,,No,No,Not Started,0,220,306,224,100.0,67.0,6.08,4,38,0,0,0,2.0,0,750
CSE-DS,1,Female,Day Scholar,Night,Auditory,Poor,Medium,Good,No,Yes,Not Started,253,74,54,0,84.6,70.7,7.49,1,34,1,0,0,0.0,3,952
CSE-DS,3,Female,Day Scholar,Night,Kinesthetic,Average,Medium,Good,Yes,No,Not Started,40,461,62,35,76.8,67.6,7.09,0,31,1,1,0,2.0,0,798
CSE-AIML,2,Female,Hostel,Night,Visual,Good,Medium,Average,No,No,Not Started,210,286,346,98,83.6,63.0,6.48,4,24,1,0,0,4.0,0,1060
CSE,5,Male,Day Scholar,Night,Visual,Average,Low,Good,No,Yes,Not Started,139,382,96,267,65.0,61.0,5.86,0,31,5,3,0,2.0,99,1079
CSE-AIML,7,Female,Hostel,Morning,Kinesthetic,Average,Medium,Good,No,Yes,Placed,177,372,148,410,59.2,68.9,6.78,0,28,8,0,1,2.0,300,1079
CSE-DS,4,Female,Day Scholar,,Auditory,Average,High,Good,No,Yes,Not Started,269,247,158,438,99.0,81.4,8.5,0,44,2,1,1,0.0,206,966
ECE,5,Female,Day Scholar,Morning,Visual,Poor,High,Good,No,No,Not Started,346,198,80,0,65.7,72.4,7.18,0,40,1,1,2,4.0,86,958
IT,5,Male,Day Scholar,,Visual,Average,Medium,Average,No,Yes,Not Started,162,205,186,198,59.0,56.3,5.73,0,32,5,0,0,2.0,104,1094
CSE,8,Male,Day Scholar,Afternoon,Kinesthetic,Poor,High,Good,No,No,Placed,243,207,219,16,83.9,75.3,8.19,0,32,3,4,3,2.0,23,833
CSE,3,Female,Hostel,Night,Visual,Average,Medium,Average,No,No,Not Started,235,210,109,471,81.4,78.2,7.51,0,37,0,2,0,1.0,198,1160
CSE,3,Male,Day Scholar,Night,Auditory,Good,Medium,Good,No,No,Not Started,209,410,144,129,91.6,77.3,7.58,0,42,3,0,0,0.0,110,1196
CSE-AIML,3,Female,Hostel,Morning,Auditory,Poor,High,Poor,No,No,Not Started,165,231,127,205,85.6,70.4,7.58,0,31,2,1,1,0.0,52,1119
CSE,5,Female,Day Scholar,Morning,Kinesthetic,Good,Low,Average,No,Yes,Not Started,87,181,40,384,86.3,66.9,6.06,0,34,5,0,1,2.0,191,1101
CSE-AIML,8,Male,Hostel,Morning,Kinesthetic,Good,Low,,No,No,Placed,124,230,160,153,98.2,69.1,6.96,1,33,7,1,4,6.0,132,927
CSE,4,Female,Hostel,Morning,Visual,Good,Low,Good,Yes,Yes,Not Started,39,80,78,457,70.3,67.4,6.24,2,34,1,3,0,4.0,227,1194
CSE-AIML,4,Male,Hostel,Night,Visual,Good,High,Good,No,Yes,Not Started,226,152,117,352,96.8,78.9,8.26,0,38,2,1,2,2.0,137,1082
IT,5,Male,Hostel,Morning,Auditory,Average,High,Average,No,No,Not Started,122,78,72,237,88.6,70.0,6.27,2,25,5,0,1,3.0,146,949
IT,1,Female,Day Scholar,Afternoon,Visual,Average,Low,Average,No,Yes,Not Started,207,115,146,152,94.9,78.4,7.02,2,38,1,0,0,0.0,25,1412
CSE,6,Male,Hostel,Night,Auditory,Average,Medium,Average,No,No,Not Started,255,313,142,722,78.8,77.0,7.27,1,32,4,1,0,2.0,529,1418
IT,4,Male,Day Scholar,Night,Kinesthetic,Average,Low,Good,No,No,Not Started,194,0,94,305,74.7,71.1,6.94,1,34,1,1,0,5.0,61,924
CSE,8,Male,Day Scholar,Night,Visual,Good,Low,Poor,No,No,Placed,258,284,83,332,100.0,82.4,8.75,0,45,10,1,1,4.0,273,1305
IT,5,Female,Day Scholar,Night,Kinesthetic,Good,Medium,Good,No,Yes,Not Started,200,279,120,282,94.5,82.8,7.86,0,40,1,0,0,0.0,12,813
CSE,7,Female,Hostel,Afternoon,Visual,Average,Medium,Poor,No,No,In Progress,106,107,0,191,80.4,62.4,6.18,3,35,9,1,5,6.0,129,991
CSE,7,Female,Hostel,Afternoon,Visual,Good,Low,Average,No,No,In Progress,218,160,81,516,66.3,63.7,6.34,2,28,7,1,1,6.0,395,1228
CSE-DS,4,Female,Day Scholar,Night,Auditory,Average,High,Average,Yes,Yes,Not Started,217,196,21,0,94.4,83.2,8.12,0,38,1,0,0,0.0,21,880
CSE,7,Female,Day Scholar,Afternoon,Visual,Average,Low,Average,No,No,In Progress,76,4,285,336,87.2,80.1,8.52,0,47,6,3,2,1.0,237,1055
IT,1,Male,Day Scholar,Night,Auditory,Good,Low,Good,No,No,Not Started,278,25,47,310,82.2,83.6,8.56,0,46,0,0,0,0.0,0,1077
CSE-DS,6,Female,Day Scholar,Afternoon,Visual,Poor,Medium,Good,No,Yes,Not Started,125,410,141,19,91.1,81.9,8.14,0,36,5,3,1,2.0,16,916
CSE-AIML,5,Female,Hostel,Morning,Kinesthetic,Average,Medium,Poor,No,Yes,Not Started,128,574,28,185,100.0,74.3,7.23,0,38,2,1,1,6.0,82,1320
ECE,8,Female,Hostel,Night,Auditory,Average,Medium,Good,No,Yes,In Progress,217,196,249,481,84.9,75.2,7.55,0,36,2,2,1,4.0,351,1181
IT,4,Male,Hostel,Night,Auditory,Good,Low,Good,No,Yes,Not Started,190,328,192,372,71.1,70.6,7.58,0,31,1,0,0,5.0,135,1274
IT,3,Female,Hostel,Night,Kinesthetic,Average,Low,Good,No,No,Not Started,317,373,169,559,82.1,69.5,6.24,4,31,2,1,1,0.0,173,1093
IT,1,Male,Hostel,Night,Auditory,Average,Medium,Good,Yes,Yes,Not Started,1,336,0,649,71.6,63.6,6.35,1,31,2,0,0,2.0,28,1084
CSE-DS,1,Male,Hostel,Night,Visual,Average,Medium,Good,No,Yes,Not Started,166,201,185,0,97.7,77.7,7.91,0,36,1,1,0,0.0,34,803
IT,1,Female,Hostel,Night,Auditory,Average,High,Average,Yes,Yes,Not Started,104,465,54,290,83.9,69.1,7.85,0,33,1,0,0,0.0,117,1247
IT,8,Female,Day Scholar,Morning,Auditory,Average,Low,Good,Yes,No,Placed,313,352,15,179,77.5,78.6,7.49,0,38,5,2,2,4.0,143,921
CSE,7,Female,Day Scholar,Morning,Visual,Poor,High,Average,No,Yes,In Progress,97,353,48,130,86.2,81.7,8.72,0,41,3,0,1,5.0,115,1079
CSE,7,Female,Hostel,Night,Auditory,Average,High,Good,No,No,Placed,110,119,0,0,71.4,61.4,6.04,3,31,6,3,1,5.0,0,1185
CSE,7,Male,Hostel,Night,Visual,Average,Medium,Good,No,Yes,In Progress,179,153,179,433,80.6,71.7,7.52,0,30,7,1,0,3.0,302,818
CSE-DS,2,Female,Day Scholar,Morning,Kinesthetic,Good,Low,Good,No,Yes,Not Started,50,178,203,53,64.1,63.8,6.43,1,29,1,0,0,5.0,21,1073
CSE-AIML,2,Male,Day Scholar,Night,Visual,Poor,Medium,Average,No,No,Not Started,134,305,0,336,80.4,69.4,6.27,2,35,0,0,0,0.0,76,980
CSE,2,Male,Hostel,Night,Visual,Average,Medium,Good,No,Yes,Not Started,158,102,50,381,63.2,61.8,6.28,2,36,3,1,0,3.0,60,1114
IT,2,Other,Hostel,Morning,Kinesthetic,Average,Medium,Good,No,No,Not Started,81,253,66,0,95.1,75.2,7.04,0,36,1,1,0,2.0,15,1007
CSE,1,Male,Day Scholar,Night,Kinesthetic,Average,Medium,Good,No,Yes,Not Started,236,283,197,39,86.1,69.6,6.38,1,29,1,0,0,0.0,0,1158
CSE,7,Male,Day Scholar,Afternoon,Visual,Poor,High,Poor,No,No,Placed,183,113,89,363,83.7,73.5,6.89,0,37,7,2,0,6.0,287,1011
CSE-AIML,3,Male,Hostel,Afternoon,Visual,Good,Low,Good,Yes,No,Not Started,188,435,0,429,76.2,62.0,5.63,1,32,5,1,0,4.0,129,1037
CSE-AIML,4,Female,Day Scholar,Morning,Visual,Average,Low,Average,Yes,No,Not Started,122,127,45,512,75.6,61.6,4.95,4,29,0,0,0,1.0,193,1100
CSE,7,Female,Day Scholar,Morning,Auditory,Poor,Medium,Average,No,No,Placed,236,169,201,123,88.6,75.4,7.93,0,40,5,3,0,6.0,64,1365
CSE,7,Male,Hostel,Night,Auditory,Average,Low,Good,Yes,No,In Progress,151,309,180,165,71.3,69.8,7.58,0,33,4,2,2,4.0,80,943
CSE-DS,3,Male,Day Scholar,Night,Kinesthetic,Average,Medium,Good,No,No,Not Started,93,181,221,544,80.9,64.1,5.94,0,29,2,3,2,1.0,172,888
CSE,1,Male,Day Scholar,Night,Auditory,Good,High,Good,No,No,Not Started,0,236,191,480,87.5,70.5,7.14,0,34,0,0,0,0.0,51,1127
CSE-AIML,1,Male,Hostel,Night,Visual,Average,Medium,Average,No,Yes,Not Started,70,318,140,167,71.4,75.9,7.58,0,39,1,0,0,1.0,42,1110
CSE-AIML,5,Male,Hostel,Night,Auditory,Average,Medium,Good,No,Yes,Not Started,95,265,244,339,65.2,60.5,6.29,0,32,4,0,2,3.0,117,1290
IT,4,Female,Hostel,Afternoon,Visual,Poor,High,Average,No,Yes,Not Started,139,391,0,467,75.6,61.2,6.03,1,33,6,2,0,2.0,168,1116
CSE-DS,2,Female,Hostel,Morning,Auditory,Average,Low,Good,No,No,Not Started,30,379,102,0,83.0,68.2,6.31,3,29,0,0,0,2.0,0,1232
CSE-AIML,8,Female,Hostel,Morning,Auditory,Average,Medium,Good,Yes,Yes,In Progress,219,411,55,138,75.2,60.7,6.54,0,27,6,3,3,4.0,178,994
CSE,6,Female,Hostel,Morning,Auditory,Good,Low,Average,No,No,Not Started,249,313,27,235,80.0,72.2,7.41,2,34,6,2,1,2.0,96,1039
ECE,4,Female,Day Scholar,Afternoon,Kinesthetic,Poor,High,Good,No,No,Not Started,378,100,76,228,82.9,72.4,7.99,0,34,2,1,0,5.0,137,1278
CSE-DS,6,Female,Day Scholar,Afternoon,Kinesthetic,Average,Medium,Good,No,No,Not Started,247,265,75,152,74.9,74.2,8.07,0,37,3,0,1,4.0,98,1233
CSE-DS,6,Male,Hostel,Night,Auditory,Poor,Medium,Average,No,Yes,Not Started,193,33,170,537,90.1,66.6,6.74,0,32,1,2,0,2.0,377,1284
CSE-AIML,2,Male,Hostel,Night,Visual,Average,Low,Good,No,Yes,Not Started,201,208,113,0,82.9,72.2,7.47,0,40,4,2,0,0.0,0,1054
CSE-AIML,6,Female,Day Scholar,Night,Visual,Poor,High,Good,No,No,Not Started,196,368,0,286,82.8,72.6,7.31,0,38,6,3,0,4.0,108,1122
CSE-DS,6,Female,Hostel,Night,Auditory,Average,Medium,Good,No,No,Not Started,55,162,162,220,84.1,68.3,6.33,3,37,7,1,2,4.0,148,1113
IT,8,Male,Day Scholar,Afternoon,Kinesthetic,Average,Medium,Average,No,Yes,Placed,33,249,0,269,79.9,62.1,6.24,1,32,5,3,0,1.0,184,1001
CSE-AIML,3,Male,Day Scholar,Afternoon,Kinesthetic,Poor,Medium,Good,No,No,Not Started,168,168,65,182,72.2,70.8,7.98,0,34,4,1,1,1.0,100,1049
ECE,7,Male,Hostel,Night,Kinesthetic,Average,Medium,Good,No,No,Placed,148,45,125,263,100.0,69.8,6.82,0,37,10,1,2,2.0,210,1128
CSE,2,Male,Hostel,Morning,Visual,Good,High,Good,No,No,Not Started,222,233,63,301,89.4,76.6,7.94,0,37,2,1,0,0.0,43,978
IT,3,Male,Hostel,Night,Auditory,Good,Low,Good,No,No,Not Started,434,431,165,320,98.2,81.2,8.11,0,40,3,0,0,1.0,51,697
CSE,5,Female,Hostel,Morning,Kinesthetic,Poor,High,Good,No,Yes,Not Started,173,218,33,0,84.7,66.4,7.41,0,35,3,0,2,0.0,0,797
CSE,1,Male,Hostel,Night,Auditory,Poor,Medium,Average,No,No,Not Started,245,205,218,254,83.1,71.9,7.26,2,35,0,0,0,0.0,21,1048
CSE-AIML,1,Male,Hostel,Night,Visual,Poor,Medium,Good,No,No,Not Started,231,68,119,195,65.3,64.8,5.85,1,32,1,0,0,0.0,53,939
CSE-DS,6,Male,Hostel,Night,Auditory,Average,Medium,Poor,No,No,Not Started,199,388,0,232,89.3,78.3,7.36,2,39,7,0,4,2.0,219,1019
CSE,6,Male,Hostel,Night,Kinesthetic,Poor,Low,Good,No,No,In Progress,161,183,0,336,83.4,67.2,6.44,1,31,6,3,2,4.0,212,1192
CSE,6,Male,Day Scholar,Night,Kinesthetic,Good,Low,Good,No,No,Not Started,152,357,87,292,66.3,61.9,5.75,2,28,4,1,0,2.0,213,947
IT,1,Female,Day Scholar,Morning,Visual,Average,Medium,Average,No,Yes,Not Started,159,84,161,400,94.9,77.2,7.86,0,42,2,0,0,0.0,37,831
CSE,7,Male,Hostel,Night,Visual,Good,Medium,Poor,No,No,In Progress,222,223,160,284,73.1,72.9,8.29,0,37,5,2,3,3.0,143,913
CSE-DS,3,Male,Day Scholar,Morning,Auditory,Poor,Medium,Good,No,Yes,Not Started,285,342,41,404,82.6,73.1,7.8,0,39,2,0,1,2.0,70,975
CSE-DS,8,Male,Day Scholar,Morning,Auditory,Good,Medium,Average,Yes,No,Placed,174,212,132,20,89.4,61.9,6.76,0,31,4,0,2,5.0,0,1097
CSE,2,Female,Hostel,Morning,Visual,Good,Low,Average,No,Yes,Not Started,5,199,0,388,92.2,70.3,6.67,1,32,2,0,0,1.0,103,996
CSE-AIML,5,Female,Hostel,Morning,Auditory,Poor,High,Poor,No,No,Not Started,197,265,0,86,97.8,85.5,9.35,0,46,2,1,1,4.0,111,979
CSE,8,Male,Day Scholar,Morning,Visual,Good,Medium,Average,No,Yes,Placed,226,192,35,324,78.9,72.5,7.57,1,41,8,5,1,2.0,319,1084
CSE-AIML,2,Male,Hostel,Morning,Visual,Poor,High,Good,No,No,Not Started,425,102,137,278,73.9,75.6,8.13,0,40,2,0,0,2.0,95,993
CSE,7,Female,Day Scholar,Afternoon,Visual,Poor,High,Good,Yes,Yes,In Progress,172,115,39,236,96.3,74.7,6.94,0,36,4,4,1,2.0,206,951
CSE,7,Male,Day Scholar,Night,Auditory,Poor,Medium,Good,Yes,No,Placed,224,171,120,47,70.9,70.9,6.27,1,37,7,4,0,3.0,46,1129
CSE,4,Other,Hostel,Night,Kinesthetic,Average,Medium,Good,No,Yes,Not Started,58,52,90,503,73.5,67.2,6.92,0,30,3,0,2,1.0,277,1315
CSE,1,Male,Hostel,Morning,Kinesthetic,Good,Low,Average,No,No,Not Started,162,362,80,514,96.5,78.5,7.52,1,44,1,1,0,0.0,25,1071
CSE,5,Female,Day Scholar,Morning,Auditory,Average,Medium,Average,No,No,Not Started,123,203,134,512,72.8,72.0,6.87,1,38,4,1,1,3.0,256,1245
CSE,7,Male,Hostel,Night,Auditory,Average,Low,Good,No,No,In Progress,312,114,64,503,99.1,84.3,8.51,0,49,7,0,4,3.0,386,1047
IT,4,Female,Hostel,Night,Kinesthetic,Average,Medium,Poor,No,Yes,Not Started,62,100,2,347,75.8,64.8,6.28,5,34,5,0,1,0.0,165,1033
IT,2,Male,Day Scholar,Morning,Auditory,Good,Medium,Average,No,No,Not Started,262,55,184,503,88.8,76.2,7.81,0,39,1,1,0,1.0,195,1262
CSE-AIML,3,Female,Day Scholar,Night,Kinesthetic,Average,Medium,Average,No,Yes,Not Started,194,262,160,139,82.9,73.0,7.18,0,39,2,1,0,0.0,40,1083
CSE-AIML,8,Other,Day Scholar,Morning,Kinesthetic,Good,Low,Good,No,No,Placed,286,255,206,613,75.5,76.1,7.73,0,38,4,6,1,3.0,411,1241
CSE-AIML,7,Other,Day Scholar,Night,Visual,Average,Medium,Average,No,No,In Progress,132,173,5,56,100.0,76.0,7.64,0,39,5,2,2,4.0,21,948
IT,7,Female,Day Scholar,Night,Kinesthetic,Average,Medium,Good,No,No,Placed,279,171,148,292,72.8,76.3,8.4,0,36,4,3,0,8.0,196,1058
IT,5,Female,Hostel,Night,Auditory,Average,Low,Good,Yes,Yes,Not Started,263,278,232,104,100.0,78.8,8.17,0,46,7,2,1,2.0,72,827
CSE-AIML,6,Male,Hostel,Night,Auditory,Poor,High,Good,No,No,In Progress,89,433,198,314,98.7,77.8,8.09,0,38,7,1,2,3.0,192,1094
CSE,6,Male,Day Scholar,Afternoon,Kinesthetic,Poor,Medium,Good,No,Yes,In Progress,293,168,228,309,57.5,66.3,6.27,1,38,6,1,0,4.0,236,1276
CSE,7,Male,Day Scholar,Afternoon,Visual,Good,Medium,Good,No,Yes,In Progress,123,427,0,0,92.8,75.2,7.12,0,34,4,4,1,1.0,0,1029
ECE,1,Male,Hostel,Afternoon,Visual,Average,Low,Average,No,No,Not Started,166,255,13,328,94.0,77.2,6.81,0,38,1,1,0,0.0,14,1338
CSE,1,Female,Hostel,Night,Visual,Poor,Medium,Good,No,No,Not Started,136,252,0,271,83.0,66.5,6.02,1,35,0,0,0,0.0,64,1303
CSE-AIML,8,Female,Hostel,Night,Auditory,Good,Low,Good,No,No,In Progress,198,301,73,288,83.2,78.1,8.66,0,39,7,1,0,4.0,258,1057
CSE-AIML,5,Male,Hostel,Night,Auditory,Poor,High,Good,No,No,Not Started,113,324,250,395,88.8,75.1,8.34,0,37,1,1,0,3.0,173,1002
CSE-DS,5,Male,Day Scholar,Morning,Auditory,Average,Medium,Good,No,No,Not Started,302,87,159,244,84.5,76.0,7.75,0,41,5,0,3,6.0,23,934
IT,3,Male,Hostel,Night,Kinesthetic,Good,Low,,No,Yes,Not Started,0,159,200,433,67.8,58.9,5.24,3,22,3,4,0,1.0,158,1186
IT,5,Female,Hostel,Afternoon,Kinesthetic,Average,High,Average,No,No,Not Started,190,329,225,73,91.3,77.3,6.83,0,42,3,3,1,3.0,79,628
CSE,6,Male,Hostel,Night,Visual,Average,Medium,Good,No,No,Not Started,351,320,154,281,76.8,75.1,7.03,1,35,7,0,1,3.0,234,1177
IT,5,Female,Hostel,Afternoon,Kinesthetic,Average,Medium,Average,No,No,Not Started,34,275,76,500,78.0,58.2,6.16,3,25,6,2,1,3.0,267,1033
IT,5,Male,Hostel,Night,Kinesthetic,Poor,Medium,Average,No,No,Not Started,280,146,254,144,79.5,68.6,6.53,0,37,9,1,0,0.0,59,1238
IT,2,Male,Day Scholar,Morning,Auditory,Average,Medium,Poor,No,No,Not Started,245,76,261,478,81.2,77.2,8.24,0,38,1,1,0,1.0,0,1052
CSE,7,Male,Hostel,Afternoon,Kinesthetic,Average,Medium,Good,No,No,Placed,91,28,226,126,88.0,75.5,7.54,0,33,7,3,0,2.0,111,1265
IT,4,Male,Hostel,Morning,Visual,Average,Medium,Good,No,No,Not Started,119,171,112,297,99.1,71.9,7.17,1,33,5,2,0,2.0,92,1312
CSE-AIML,6,Male,Hostel,Afternoon,Auditory,Poor,Medium,Good,Yes,Yes,Not Started,136,262,22,139,93.3,68.6,6.09,1,30,9,2,0,2.0,20,724
CSE-DS,2,Male,Hostel,Night,Auditory,Poor,High,Good,No,Yes,Not Started,226,250,93,215,85.2,78.2,8.48,0,40,0,0,0,1.0,69,1035
IT,1,Female,Hostel,Night,Visual,Good,Low,Good,Yes,No,Not Started,254,88,91,0,79.7,78.8,8.03,0,38,2,1,0,2.0,0,1156
CSE-DS,5,Male,Hostel,Morning,Kinesthetic,Average,Low,Poor,No,No,Not Started,383,391,163,157,79.4,74.7,8.04,0,36,3,0,0,4.0,192,1067
ECE,7,Female,Hostel,,Visual,Average,Medium,Good,No,No,In Progress,314,203,30,410,74.2,68.3,6.91,0,34,4,2,1,3.0,245,1141
IT,6,Male,Day Scholar,,Visual,Poor,High,Average,Yes,Yes,Not Started,69,0,80,311,100.0,76.3,7.2,0,35,3,1,2,3.0,200,1354
CSE-AIML,8,Female,Hostel,Morning,Visual,Good,Low,Average,No,Yes,Placed,103,176,235,0,64.5,60.1,6.28,2,33,9,3,2,8.0,44,1103
CSE,2,Female,Hostel,Night,Kinesthetic,Average,Medium,Poor,No,Yes,Not Started,345,166,194,211,87.1,82.4,8.26,0,41,1,0,0,3.0,79,996
CSE-AIML,8,Male,Hostel,Morning,Visual,Average,Medium,Good,No,Yes,Placed,35,381,179,279,83.4,76.2,6.98,1,38,6,0,4,4.0,200,1105
CSE,1,Male,Day Scholar,Morning,Kinesthetic,Good,Low,Good,No,No,Not Started,118,343,0,0,68.8,62.4,6.49,1,27,0,0,0,0.0,0,1042
CSE,1,Female,Day Scholar,Afternoon,Visual,Average,Medium,Good,Yes,No,Not Started,147,412,59,196,75.0,67.3,6.64,0,33,1,1,0,1.0,9,961
CSE,6,Female,Hostel,Night,Kinesthetic,Average,Low,Average,No,Yes,In Progress,416,328,94,537,100.0,77.7,7.92,0,42,1,3,1,4.0,327,928
CSE-AIML,1,Male,Hostel,Morning,Kinesthetic,Poor,Medium,Poor,No,No,Not Started,70,231,144,188,68.0,69.7,6.8,0,37,0,1,0,2.0,0,826
ECE,8,Female,Hostel,Afternoon,Auditory,Poor,Medium,Average,No,No,In Progress,160,300,169,564,62.2,67.6,7.79,1,35,5,6,3,2.0,405,1391
CSE,4,Female,Day Scholar,Afternoon,Visual,Average,Low,Good,No,No,Not Started,78,331,111,388,81.1,60.6,5.46,1,34,2,0,0,,230,1232
CSE-AIML,4,Male,Day Scholar,Night,Kinesthetic,Average,Medium,Good,No,No,Not Started,181,306,17,584,92.0,74.9,7.08,1,39,3,5,1,1.0,210,1287
CSE-AIML,4,Male,Day Scholar,Morning,Kinesthetic,Good,Low,Average,Yes,No,Not Started,134,477,0,116,78.5,65.3,6.5,1,30,10,2,0,3.0,0,948
CSE-DS,2,Male,Hostel,Night,Kinesthetic,Poor,High,Good,No,Yes,Not Started,275,152,262,544,84.8,69.1,6.64,1,33,1,3,0,1.0,159,1224
CSE-AIML,6,Male,Hostel,Night,Visual,Average,Medium,Good,No,No,Not Started,163,178,360,201,85.9,69.6,7.15,0,34,2,0,2,3.0,188,1077
IT,6,Female,Day Scholar,Night,Kinesthetic,Average,Low,Good,No,No,Not Started,75,279,187,446,88.8,75.4,7.33,0,30,2,2,2,1.0,373,1029
CSE,7,Male,Hostel,Afternoon,Kinesthetic,Average,Medium,Average,No,Yes,Placed,44,109,188,0,88.7,64.2,6.69,1,29,3,1,0,2.0,0,987
CSE,8,Male,Hostel,Night,Auditory,Average,Medium,Average,No,Yes,Placed,87,201,56,466,93.5,59.2,6.22,2,32,6,1,3,5.0,347,1324
CSE-DS,8,Other,Hostel,Night,Kinesthetic,Average,Medium,Average,No,No,Placed,207,41,181,456,82.4,72.6,8.22,0,34,7,1,3,9.0,385,981
CSE-DS,8,Female,Day Scholar,Night,Kinesthetic,Good,Low,Good,Yes,No,Placed,29,284,26,191,77.9,62.8,5.58,3,27,6,4,2,5.0,197,1207
CSE-DS,1,Female,Hostel,Afternoon,Visual,Average,Low,Good,No,Yes,Not Started,147,235,0,307,85.0,70.1,7.22,0,35,1,0,0,1.0,94,925
CSE-DS,6,Male,Day Scholar,Afternoon,Auditory,Average,Medium,Average,No,No,Not Started,218,194,4,113,100.0,69.4,6.81,0,34,4,3,4,4.0,114,929
IT,3,Female,Hostel,Night,Auditory,Average,Medium,Good,Yes,No,Not Started,257,321,201,304,82.5,70.8,8.14,0,36,1,1,0,1.0,22,1235
IT,7,Male,Day Scholar,Night,Kinesthetic,Good,Medium,Poor,No,No,Placed,229,252,213,402,90.0,76.1,7.52,1,35,3,1,0,4.0,181,1151
IT,1,Female,Hostel,Afternoon,Auditory,Average,Low,Average,No,No,Not Started,108,286,276,398,79.1,56.0,5.24,1,33,3,1,0,1.0,0,797
CSE-AIML,5,Male,Hostel,Morning,Visual,Good,Low,Good,Yes,No,Not Started,223,171,91,337,86.4,69.2,6.21,0,34,3,0,0,2.0,187,968
CSE,7,Female,Day Scholar,Night,Visual,Average,Medium,Good,No,No,In Progress,245,209,36,240,85.0,73.6,7.08,0,39,5,1,3,7.0,221,772
CSE,1,Female,Hostel,Night,Visual,Average,High,Average,No,Yes,Not Started,241,298,153,257,85.3,72.2,6.79,0,36,1,0,0,0.0,89,1198
IT,2,Male,Hostel,Night,Kinesthetic,Average,Low,Good,No,No,Not Started,115,177,52,595,64.7,67.3,6.41,3,33,3,3,0,0.0,141,1301
ECE,5,Male,Day Scholar,Night,Kinesthetic,Good,Low,Poor,No,Yes,Not Started,103,268,0,305,97.8,74.2,6.97,0,38,5,4,0,6.0,112,1294
CSE-AIML,1,Female,Day Scholar,Night,Visual,Good,Medium,Average,No,No,Not Started,74,359,113,221,83.5,66.0,6.55,1,32,0,0,0,0.0,32,1180
CSE,8,Female,Day Scholar,Night,Visual,Average,Low,Good,No,Yes,In Progress,218,205,30,431,74.9,62.6,6.47,3,33,6,1,1,4.0,266,1144
CSE-DS,6,Male,Hostel,Night,Visual,Good,Low,Good,No,Yes,Not Started,75,174,215,452,58.6,61.6,6.89,0,30,5,2,0,2.0,384,1163
CSE-AIML,1,Male,Hostel,Night,Visual,Average,Medium,Good,No,Yes,Not Started,209,119,271,431,52.0,69.9,6.27,4,34,1,0,0,0.0,0,1131
CSE,4,Female,Day Scholar,Night,Kinesthetic,Good,High,Poor,No,Yes,Not Started,105,196,200,255,55.0,61.1,6.83,1,37,5,0,0,7.0,162,1112
CSE,3,Female,Day Scholar,Night,Auditory,Average,Medium,Average,No,Yes,Not Started,238,205,297,535,94.0,74.1,6.38,1,38,1,1,0,2.0,188,1272
CSE,2,Female,Hostel,Morning,Auditory,Average,High,Good,No,No,Not Started,126,110,0,26,86.9,70.6,7.53,1,35,3,1,0,0.0,70,1036
CSE,8,Male,Hostel,Night,Auditory,Good,Low,Good,No,Yes,Placed,358,409,122,678,88.5,84.0,7.94,0,36,5,4,0,6.0,501,1186
CSE-AIML,2,Female,Hostel,Night,Kinesthetic,Average,Medium,Average,No,No,Not Started,93,467,147,603,78.1,72.5,7.68,0,30,2,1,0,0.0,70,839
IT,5,Female,Hostel,Afternoon,Kinesthetic,Good,Low,Good,No,Yes,Not Started,0,262,325,173,74.9,65.3,6.08,0,32,7,2,3,4.0,124,1539
CSE,8,Male,Hostel,Night,Visual,Good,Medium,Average,No,No,In Progress,206,323,0,589,93.3,76.5,7.8,0,36,5,3,0,6.0,414,1338
CSE,2,Female,Day Scholar,Night,Kinesthetic,Average,Medium,Average,No,Yes,Not Started,67,99,66,188,79.9,62.7,6.01,1,29,0,1,0,0.0,27,995
CSE,4,Female,Hostel,Night,Kinesthetic,Poor,High,Poor,Yes,Yes,Not Started,137,297,225,253,94.9,74.8,6.41,4,37,4,0,0,4.0,109,1387
CSE-DS,6,Female,Hostel,Morning,Kinesthetic,Poor,High,Good,No,No,In Progress,322,392,33,402,85.8,82.3,8.38,0,41,4,3,0,6.0,125,1112
CSE,3,Female,Day Scholar,Morning,Visual,Good,Medium,Good,Yes,No,Not Started,169,142,222,200,71.9,67.4,6.1,0,38,4,0,0,1.0,138,1146
CSE-AIML,4,Male,Hostel,Afternoon,Kinesthetic,Average,Medium,Good,Yes,No,Not Started,74,103,146,182,83.8,64.5,7.42,0,31,5,2,0,2.0,128,1082
CSE,1,Male,Hostel,Night,Visual,Good,High,Poor,No,Yes,Not Started,325,114,130,168,100.0,88.9,9.66,0,42,3,0,0,0.0,5,1037
CSE-DS,3,Male,Day Scholar,Morning,Auditory,Poor,High,Good,No,Yes,Not Started,150,198,241,186,70.6,64.8,6.5,1,34,3,1,0,1.0,124,1364
ECE,8,Female,Hostel,Night,Visual,Average,Low,Average,No,Yes,Placed,208,249,90,87,88.3,85.8,8.87,0,42,5,1,4,3.0,106,1250
CSE,8,Male,Day Scholar,Morning,Kinesthetic,Poor,Medium,Good,Yes,No,In Progress,308,166,112,369,62.4,64.5,7.17,0,31,7,2,3,1.0,266,1067
ECE,3,Male,Day Scholar,Afternoon,Visual,Poor,Medium,Good,No,No,Not Started,200,162,182,509,90.5,72.3,6.97,0,37,3,1,1,2.0,102,986
CSE,1,Female,Hostel,Morning,Visual,Good,Medium,Good,No,No,Not Started,346,339,123,310,82.8,78.9,7.95,1,37,0,1,0,0.0,81,989
CSE,3,Female,Day Scholar,Night,Kinesthetic,Average,Medium,Good,No,Yes,Not Started,272,68,127,441,48.5,64.8,6.04,4,30,2,1,0,3.0,130,1088
IT,7,Male,Day Scholar,Afternoon,Kinesthetic,Poor,Medium,Average,Yes,Yes,Placed,165,60,60,139,80.7,66.1,6.04,0,32,2,4,0,4.0,55,1091
CSE-AIML,2,Male,Hostel,Night,Kinesthetic,Good,Medium,Average,No,No,Not Started,198,65,109,294,85.2,66.8,6.41,2,29,0,0,0,1.0,125,1129
IT,6,Female,Hostel,Morning,Auditory,Good,Low,Poor,No,Yes,Not Started,223,280,196,786,88.2,74.9,7.02,0,41,5,1,1,0.0,524,1182
IT,7,Male,Hostel,Night,Visual,Average,Medium,Average,No,Yes,In Progress,39,334,0,378,82.1,63.2,5.93,2,32,5,3,1,2.0,199,811
CSE,5,Male,Day Scholar,Night,Kinesthetic,Average,Medium,Good,Yes,Yes,Not Started,0,175,135,124,95.0,60.7,5.54,2,33,2,1,1,3.0,83,928
CSE,7,Male,Hostel,Night,Visual,Average,Low,Good,No,No,Placed,225,127,28,194,72.4,74.4,6.7,0,34,3,1,1,1.0,0,1040
IT,5,Female,Day Scholar,Night,Kinesthetic,Good,Low,Good,No,Yes,Not Started,221,414,103,246,79.4,77.9,7.52,0,42,1,0,1,2.0,110,994
CSE,7,Female,Hostel,Morning,Visual,Poor,Medium,Good,No,No,In Progress,193,317,0,213,94.8,77.9,8.16,0,44,6,1,1,2.0,221,995
CSE,6,Female,Day Scholar,Night,Kinesthetic,Poor,Medium,Good,No,No,Not Started,128,263,58,382,83.6,67.3,6.29,4,35,2,4,2,1.0,349,1209
IT,5,Female,Day Scholar,Night,Auditory,Good,Medium,Good,No,Yes,Not Started,312,134,330,0,90.1,80.7,7.81,0,39,4,2,0,1.0,24,1043
CSE-AIML,5,Male,Hostel,Morning,Auditory,Average,Medium,Good,No,Yes,Not Started,173,0,7,106,92.4,68.2,6.72,2,31,3,0,1,1.0,90,799
IT,3,Female,Hostel,Night,Visual,Good,Medium,Average,No,No,Not Started,272,468,137,696,92.2,72.3,7.18,0,29,3,1,1,3.0,201,915
CSE,2,Male,Hostel,Morning,Auditory,Poor,High,Good,No,Yes,Not Started,207,500,2,170,68.1,64.2,6.94,0,33,0,1,0,2.0,7,1048
CSE-AIML,7,Female,Day Scholar,Night,Auditory,Good,Medium,Good,No,Yes,Placed,118,365,0,296,86.8,68.1,7.23,0,30,1,1,0,2.0,108,968
IT,8,Female,Hostel,Night,Kinesthetic,Poor,Medium,Good,No,Yes,Placed,249,105,217,555,100.0,80.2,8.08,0,44,6,0,2,4.0,608,1232
IT,1,Female,Hostel,Morning,Auditory,Good,Low,Good,No,Yes,Not Started,91,268,2,676,100.0,69.7,7.29,0,37,0,1,0,0.0,106,1123
CSE,1,Female,Day Scholar,Morning,Auditory,Good,Low,Good,No,Yes,Not Started,253,233,90,1,77.0,72.9,6.85,0,33,1,1,0,0.0,0,1180
IT,3,Male,Hostel,Morning,Visual,Poor,Medium,Average,No,No,Not Started,110,422,143,383,92.0,80.2,7.27,0,37,2,0,0,1.0,119,862
IT,5,Male,Day Scholar,Night,Visual,Poor,High,,No,No,Not Started,164,91,93,594,85.0,73.2,6.87,0,35,6,1,2,3.0,344,1180
CSE-DS,1,Female,Hostel,Night,Visual,Average,Low,Good,No,Yes,Not Started,290,485,156,288,80.6,66.7,6.68,0,28,0,0,0,0.0,16,1304
CSE,8,Male,Hostel,Afternoon,Auditory,Good,Medium,Good,No,No,In Progress,104,230,108,374,89.3,68.1,6.87,0,33,7,6,2,3.0,350,1073
CSE,5,Male,Hostel,Night,Auditory,Good,Low,Poor,Yes,Yes,Not Started,249,478,394,224,100.0,89.6,9.81,0,44,4,1,1,2.0,8,1145
CSE,2,Male,Day Scholar,Morning,Kinesthetic,Poor,Medium,Average,No,Yes,Not Started,169,374,95,357,100.0,70.7,5.68,2,39,1,1,0,0.0,112,1315
IT,1,Male,Hostel,Night,Kinesthetic,Average,Medium,Average,No,No,Not Started,267,387,63,474,96.0,75.7,7.02,0,32,1,0,0,0.0,47,1051
CSE-DS,5,Male,Day Scholar,Morning,Auditory,Average,Medium,Average,No,No,Not Started,132,329,289,358,55.7,56.5,6.57,0,26,1,0,1,3.0,227,1127
ECE,7,Female,Hostel,Night,Auditory,Poor,High,Average,No,No,In Progress,118,136,83,0,78.9,61.4,6.7,0,29,6,2,1,4.0,0,1020
CSE-DS,7,Male,Day Scholar,Night,Auditory,Poor,High,Average,No,No,In Progress,184,433,106,510,72.0,64.4,6.24,2,29,8,2,2,1.0,414,1137
ECE,3,Female,Day Scholar,Night,Kinesthetic,Good,Medium,Good,No,Yes,Not Started,151,304,0,264,76.5,76.3,7.51,0,37,0,2,0,0.0,153,1245
CSE,5,Female,Hostel,Night,Visual,Average,Medium,Poor,No,No,Not Started,191,229,92,108,88.4,59.5,6.54,0,26,4,2,1,3.0,94,1147
CSE-DS,7,Female,Hostel,Morning,Auditory,Average,Medium,Good,No,Yes,Placed,203,140,255,374,100.0,78.3,6.76,0,36,4,1,2,5.0,204,1048
IT,4,Male,Day Scholar,Night,Visual,Poor,Medium,Good,No,Yes,Not Started,0,271,0,303,88.3,66.1,6.16,5,32,9,0,1,2.0,196,1457
CSE-AIML,5,Female,Hostel,Night,Auditory,Good,Medium,Good,No,Yes,Not Started,202,106,0,97,84.5,70.5,6.73,0,33,1,0,2,0.0,0,904
IT,6,Male,Day Scholar,Morning,Visual,Average,Medium,Good,No,No,Not Started,142,224,212,367,96.8,74.9,6.86,0,40,4,2,2,0.0,267,1160
CSE,2,Female,Hostel,Night,Kinesthetic,Poor,High,Good,No,No,Not Started,192,159,63,459,87.0,76.8,7.79,0,40,1,2,0,1.0,41,958
CSE,4,Female,Hostel,Afternoon,Auditory,Average,Medium,Poor,No,Yes,Not Started,104,256,172,611,59.3,63.3,5.69,1,34,4,0,1,3.0,215,1010
ECE,3,Male,Day Scholar,Night,Visual,Average,Medium,Poor,Yes,Yes,Not Started,148,478,136,245,80.3,76.6,6.74,0,41,4,2,0,1.0,0,926
CSE,4,Male,Day Scholar,,Kinesthetic,Good,Low,,No,No,Not Started,28,160,90,81,70.9,67.2,7.34,0,40,5,2,0,0.0,122,1010
CSE-DS,3,Male,Day Scholar,Morning,Kinesthetic,Average,Medium,Poor,No,No,Not Started,97,155,29,164,79.1,71.4,7.5,0,34,1,1,1,0.0,81,1077
CSE,8,Other,Hostel,Night,Kinesthetic,Average,Low,,Yes,Yes,Placed,129,228,194,204,88.4,81.2,7.78,0,40,7,5,1,4.0,69,1020
CSE,1,Male,Hostel,Morning,Kinesthetic,Average,Medium,Poor,No,No,Not Started,110,242,167,197,99.4,68.4,7.01,0,34,1,0,0,1.0,11,847
IT,2,Male,Day Scholar,Afternoon,Visual,Average,Low,Good,No,Yes,Not Started,296,210,277,236,75.8,77.3,7.48,0,41,1,0,0,2.0,65,1130
CSE-AIML,4,Male,Hostel,Night,Kinesthetic,Poor,Low,Good,No,Yes,Not Started,101,396,364,47,69.4,66.0,6.73,1,28,2,3,1,6.0,46,998
CSE-AIML,3,Female,Hostel,Afternoon,Auditory,Average,Low,Average,Yes,No,Not Started,219,373,29,336,77.9,60.4,5.25,3,29,2,1,0,0.0,112,1065
CSE-AIML,3,Other,Hostel,Night,Visual,Good,Medium,Good,No,No,Not Started,94,265,81,278,74.9,63.3,6.7,0,30,2,0,0,4.0,42,1309
ECE,1,Male,Hostel,Morning,Auditory,Poor,High,Good,No,No,Not Started,150,231,132,556,83.6,75.9,7.48,0,36,0,1,0,2.0,52,997
ECE,8,Male,Hostel,Night,Kinesthetic,Average,Medium,Good,No,No,Placed,35,149,0,588,100.0,71.7,8.26,0,37,3,2,3,5.0,464,1469
ECE,4,Male,Hostel,Morning,Kinesthetic,Poor,Medium,Good,No,Yes,Not Started,157,324,99,327,64.3,64.3,6.48,3,32,5,1,2,1.0,116,1039
CSE,4,Male,Day Scholar,Night,Visual,Good,High,Good,No,No,Not Started,106,167,233,289,69.1,67.5,7.07,1,32,4,2,1,2.0,117,890
CSE-AIML,7,Male,Hostel,Morning,Kinesthetic,Average,Low,Good,Yes,Yes,Placed,122,80,331,173,81.1,69.0,6.64,0,35,2,1,2,4.0,65,1105
CSE-AIML,2,Male,Day Scholar,Morning,Kinesthetic,Poor,Medium,Average,No,No,Not Started,283,9,324,353,78.7,72.0,7.72,1,32,1,0,0,0.0,93,1148
CSE,1,Male,Day Scholar,Night,Kinesthetic,Average,Low,Good,Yes,No,Not Started,3,115,0,281,96.9,67.3,6.73,1,38,0,0,0,2.0,126,1004
CSE,2,Male,Hostel,Night,Auditory,Average,Medium,Good,No,No,Not Started,257,241,0,927,73.2,70.2,8.07,0,30,2,0,0,1.0,161,1064
CSE,6,Female,Hostel,Night,Kinesthetic,Good,Low,Average,No,No,Not Started,307,381,102,136,79.7,83.3,8.66,0,41,2,1,1,4.0,82,1146
CSE-AIML,8,Male,Day Scholar,Night,Visual,Good,Low,Good,No,No,Placed,145,131,143,351,96.9,67.4,6.61,0,36,5,2,0,1.0,258,1301
CSE,1,Female,Hostel,Afternoon,Visual,Average,Medium,Good,No,No,Not Started,16,150,255,616,84.3,66.2,6.18,0,36,1,1,0,1.0,97,1153
IT,2,Female,Day Scholar,Morning,Auditory,Poor,High,Good,No,No,Not Started,429,336,113,64,68.0,67.2,6.14,4,38,0,0,0,3.0,0,940
CSE-AIML,4,Female,Day Scholar,Night,Kinesthetic,Average,Medium,Good,No,Yes,Not Started,168,216,118,174,97.8,67.3,6.77,0,33,0,0,1,2.0,35,848
CSE-AIML,5,Male,Hostel,Morning,Visual,Poor,High,Good,No,Yes,Not Started,277,214,123,131,76.6,75.7,7.95,0,44,6,2,1,1.0,92,1400
CSE,7,Male,Hostel,Night,Visual,Poor,High,Average,No,No,Placed,199,140,116,234,82.7,73.5,6.38,0,33,7,3,2,1.0,165,1031
CSE,5,Male,Hostel,Afternoon,Visual,Good,Low,Good,Yes,Yes,Not Started,25,138,0,361,90.6,71.3,6.39,3,38,8,3,2,6.0,313,1290
ECE,3,Female,Day Scholar,Night,Auditory,Poor,Medium,,No,No,Not Started,161,135,143,412,68.2,63.5,5.75,3,32,2,1,1,2.0,60,1373
CSE,8,Female,Hostel,Night,Kinesthetic,Average,Low,Good,No,Yes,Placed,201,212,101,23,81.7,82.4,7.6,0,42,8,5,3,3.0,89,1096
CSE-AIML,8,Female,Hostel,Morning,Kinesthetic,Average,Medium,Good,Yes,No,Placed,171,344,186,238,81.3,61.3,5.46,0,30,5,3,3,2.0,119,870
CSE-AIML,4,Male,Day Scholar,Night,Kinesthetic,Average,High,Poor,No,No,Not Started,126,249,251,517,63.3,63.5,7.11,0,27,4,0,1,2.0,308,934
IT,5,Female,Hostel,Morning,Visual,Poor,Low,Good,No,No,Not Started,329,304,229,220,84.2,78.7,8.26,0,39,2,0,0,5.0,195,690
CSE,5,Female,Day Scholar,Morning,Visual,Average,Medium,Average,Yes,Yes,Not Started,204,276,109,254,73.1,72.6,6.66,0,37,2,2,0,1.0,81,907
IT,7,Male,Hostel,Morning,Kinesthetic,Poor,Medium,Average,No,Yes,In Progress,349,186,51,549,80.7,69.7,6.71,0,31,8,1,2,3.0,380,1245
IT,6,Female,Hostel,Afternoon,Kinesthetic,Average,Medium,Good,No,Yes,In Progress,88,0,74,91,92.4,79.8,7.97,0,43,0,1,0,5.0,33,1065
IT,5,Male,Hostel,Afternoon,Kinesthetic,Poor,High,Good,No,No,Not Started,171,36,0,373,83.3,73.3,7.24,0,37,7,1,0,1.0,222,1229
CSE-AIML,1,Male,Hostel,Afternoon,Kinesthetic,Average,Low,Poor,No,No,Not Started,96,368,163,566,64.1,67.9,5.67,3,33,2,0,0,0.0,57,1094
CSE-AIML,1,Female,Day Scholar,Afternoon,Auditory,Average,Medium,Good,Yes,Yes,Not Started,157,266,94,365,61.8,60.3,6.29,1,30,0,1,0,0.0,6,770
ECE,5,Male,Hostel,Afternoon,Auditory,Poor,High,Good,No,No,Not Started,89,109,0,140,74.6,69.7,7.8,0,37,4,3,1,1.0,76,1041
IT,7,Female,Hostel,Night,Kinesthetic,Average,Low,Average,No,Yes,Placed,242,402,252,424,81.2,77.2,7.54,1,42,7,2,1,6.0,325,1049
CSE-DS,2,Male,Hostel,Night,Visual,Average,Medium,Good,No,Yes,Not Started,149,369,209,88,82.0,63.4,6.36,1,28,2,0,0,2.0,0,825
CSE,6,Male,Day Scholar,Night,Auditory,Average,Low,Good,No,No,Not Started,270,384,221,452,80.3,71.9,6.81,0,35,8,2,3,0.0,323,1285
CSE,6,Male,Hostel,Night,Visual,Average,Low,Average,No,No,In Progress,200,160,285,326,76.9,81.5,7.94,2,41,5,3,0,1.0,189,1048
CSE,1,Male,Day Scholar,Afternoon,Visual,Good,Low,Good,No,No,Not Started,174,206,118,223,81.7,67.2,6.43,4,29,0,0,0,0.0,76,1147
CSE-AIML,7,Male,Day Scholar,Afternoon,Kinesthetic,Average,Low,Good,No,No,Placed,39,218,153,640,100.0,59.6,5.55,5,30,10,3,3,4.0,441,1237
CSE,4,Female,Day Scholar,Night,Kinesthetic,Average,Medium,Good,No,No,Not Started,157,259,180,194,93.0,72.3,7.59,0,34,1,1,1,2.0,102,745
CSE-DS,6,Male,Hostel,Night,Visual,Average,Medium,Average,No,Yes,Not Started,91,169,0,280,56.8,61.9,5.64,2,35,2,1,1,6.0,150,1004
CSE-AIML,7,Male,Day Scholar,Night,Auditory,Poor,High,,No,Yes,In Progress,260,263,151,0,67.3,67.6,7.36,0,33,9,1,0,3.0,17,1418
ECE,8,Male,Day Scholar,,Kinesthetic,Average,Medium,Good,No,No,Placed,65,280,0,271,96.5,68.1,6.7,0,35,5,1,4,7.0,126,1037
CSE,5,Male,Day Scholar,Night,Auditory,Good,Low,Good,No,No,Not Started,221,125,249,380,94.3,76.4,6.6,0,38,4,1,0,3.0,246,1198
CSE-AIML,2,Female,Day Scholar,Night,Auditory,Good,Low,Good,No,Yes,Not Started,145,193,146,164,93.4,63.3,7.29,0,36,1,1,0,1.0,22,887
ECE,6,Male,Hostel,Night,Kinesthetic,Poor,High,,No,No,Not Started,220,320,49,422,77.9,69.0,6.57,0,30,3,1,3,2.0,259,1193
IT,3,Female,Hostel,Night,Auditory,Average,Medium,Good,Yes,No,Not Started,36,137,110,137,100.0,65.3,5.87,4,28,4,2,1,1.0,7,1156
ECE,8,Female,Hostel,Night,Visual,Poor,Medium,Good,No,Yes,Placed,136,330,70,479,83.9,75.7,7.87,0,37,10,2,2,7.0,341,1256
CSE-AIML,7,Female,Hostel,Morning,Auditory,Good,Low,Good,No,No,Placed,274,362,152,605,87.3,70.8,7.03,0,33,5,0,1,3.0,402,771
CSE-AIML,4,Male,Hostel,Afternoon,Visual,Average,Medium,Average,No,Yes,Not Started,182,127,12,78,85.1,75.4,6.81,0,37,1,1,1,2.0,11,1254
CSE,6,Male,Hostel,Night,Kinesthetic,Average,Low,Average,No,No,Not Started,157,109,185,460,76.4,69.0,8.0,1,35,3,1,1,5.0,265,1024
CSE,8,Male,Day Scholar,Morning,Kinesthetic,Poor,High,Good,No,Yes,Placed,117,391,138,379,78.6,68.4,5.86,2,35,7,1,2,6.0,414,1112
CSE-DS,6,Male,Hostel,Morning,Kinesthetic,Average,High,Average,No,No,In Progress,136,337,168,130,57.5,61.1,6.14,1,28,5,2,0,3.0,36,1153
IT,3,Male,Hostel,Night,Auditory,Good,Medium,Average,No,No,Not Started,184,48,66,266,80.3,69.8,6.59,0,32,2,0,0,1.0,73,907
ECE,6,Female,Day Scholar,Night,Visual,Average,Medium,Good,No,No,Not Started,71,365,30,130,98.9,74.1,7.0,0,33,5,1,2,3.0,0,854
IT,1,Male,Day Scholar,Morning,Visual,Poor,High,Poor,No,No,Not Started,247,247,290,44,62.4,69.1,7.2,2,33,0,1,0,0.0,24,916
ECE,5,Male,Hostel,Morning,Auditory,Average,Medium,Good,No,Yes,Not Started,146,256,101,262,82.0,76.9,7.04,0,35,6,2,0,2.0,127,1041
CSE-AIML,3,Female,Hostel,Night,Auditory,Average,High,Average,Yes,Yes,Not Started,118,332,59,182,73.1,61.6,6.11,2,27,2,2,0,1.0,126,1133
ECE,6,Other,Hostel,Morning,Visual,Average,Medium,Average,No,No,Not Started,250,109,46,0,84.3,76.9,8.59,0,42,6,2,1,4.0,0,908
CSE-AIML,6,Male,Hostel,Night,Visual,Good,Low,Average,No,Yes,Not Started,116,92,259,413,81.4,68.5,6.92,1,36,3,3,0,4.0,275,1114
CSE-DS,4,Female,Day Scholar,Morning,Kinesthetic,Good,Low,Good,No,Yes,Not Started,96,330,154,320,67.4,60.8,5.79,0,29,4,1,0,2.0,147,937
CSE-AIML,4,Male,Day Scholar,Night,Kinesthetic,Average,Medium,Average,Yes,No,Not Started,226,165,173,647,100.0,81.4,7.42,0,39,3,2,1,3.0,347,1183
CSE-AIML,7,Male,Day Scholar,Night,Auditory,Average,Medium,Good,No,Yes,Placed,92,318,65,291,89.8,67.4,7.47,0,39,6,6,1,3.0,318,1065
CSE,4,Male,Day Scholar,Afternoon,Visual,Average,Medium,Average,No,Yes,Not Started,165,229,79,82,77.9,68.1,6.32,2,34,2,3,0,0.0,26,1144
ECE,4,Male,Hostel,Morning,Visual,Poor,Medium,Good,No,No,Not Started,168,218,106,658,85.2,67.3,5.79,3,31,2,1,1,3.0,334,1199
CSE,5,Female,Hostel,Night,Auditory,Good,Low,Good,No,Yes,Not Started,81,173,214,0,49.1,57.0,6.36,3,28,4,2,2,1.0,43,950
CSE-DS,2,Male,Day Scholar,Night,Kinesthetic,Average,Medium,Good,No,Yes,Not Started,62,306,97,193,100.0,75.9,7.53,0,41,3,0,0,0.0,42,1034
IT,5,Female,Day Scholar,Night,Visual,Average,Medium,Average,No,No,Not Started,250,422,265,268,94.7,80.5,8.29,0,42,5,0,3,0.0,74,1340
CSE,7,Male,Hostel,Morning,Kinesthetic,Average,Medium,Poor,No,Yes,Placed,168,201,53,177,85.0,69.6,5.93,1,27,7,1,2,,122,966
CSE,5,Female,Day Scholar,Morning,Auditory,Poor,Low,Good,No,Yes,Not Started,199,294,236,512,73.9,71.0,7.18,0,39,4,1,2,2.0,255,1251
IT,2,Male,Hostel,Night,Auditory,Poor,High,Good,No,Yes,Not Started,212,150,76,540,78.9,85.2,8.13,0,40,2,1,0,1.0,73,1128
ECE,3,Female,Hostel,,Visual,Average,Medium,Good,No,No,Not Started,121,121,148,228,81.0,73.5,7.27,2,31,3,2,0,2.0,27,904
CSE-DS,6,Male,Day Scholar,Night,Kinesthetic,Good,Low,Good,No,No,Not Started,199,142,233,152,89.9,65.2,6.39,4,31,4,1,1,2.0,119,864
CSE-AIML,3,Female,Day Scholar,Night,Visual,Poor,Medium,Good,Yes,No,Not Started,184,142,58,506,79.6,65.8,6.01,1,38,2,2,0,3.0,109,989
CSE,1,Female,Hostel,Morning,Visual,Poor,High,Good,No,No,Not Started,139,0,31,156,100.0,75.7,7.71,0,41,1,0,0,1.0,54,972
CSE,5,Male,Hostel,Night,Kinesthetic,Good,Medium,Good,No,No,Not Started,144,151,209,58,83.1,61.6,6.85,0,29,2,2,0,1.0,21,1177
CSE,8,Male,Day Scholar,Night,Auditory,Average,Medium,Good,No,No,In Progress,43,153,106,280,72.1,70.3,7.54,0,35,10,3,3,0.0,283,1056
CSE,8,Male,Hostel,Morning,Kinesthetic,Good,Medium,Good,No,Yes,In Progress,42,370,0,0,75.9,61.8,6.29,1,32,4,1,2,2.0,0,914
CSE,7,Male,Hostel,Morning,Auditory,Good,Medium,Average,Yes,Yes,In Progress,128,267,19,358,100.0,73.3,7.45,1,33,3,1,1,2.0,214,1018
CSE,6,Male,Hostel,Night,Auditory,Average,Medium,Average,No,No,In Progress,73,56,102,0,73.5,69.5,6.47,3,34,3,2,1,3.0,20,1087
CSE-AIML,2,Female,Day Scholar,Afternoon,Auditory,Average,Medium,Average,No,No,Not Started,221,162,0,320,85.2,72.5,7.32,0,34,4,0,0,3.0,5,657
CSE-AIML,4,Male,Hostel,Afternoon,Visual,Poor,Medium,Good,No,Yes,Not Started,125,39,186,0,83.3,64.4,6.22,1,28,0,2,2,0.0,0,1041
IT,2,Male,Hostel,Night,Kinesthetic,Good,Low,Good,No,No,Not Started,171,426,217,178,92.4,78.3,8.66,0,42,3,0,0,3.0,45,1193
CSE,1,Male,Day Scholar,Morning,Auditory,Average,Medium,Good,No,No,Not Started,196,402,187,270,82.1,82.7,7.94,0,41,1,0,0,1.0,0,901
IT,3,Female,Day Scholar,Morning,Kinesthetic,Poor,High,Good,No,No,Not Started,178,335,234,524,80.8,68.6,7.07,0,33,3,0,1,1.0,38,1004
CSE-AIML,3,Female,Day Scholar,Night,Kinesthetic,Average,Medium,Good,No,No,Not Started,207,286,41,635,85.6,74.9,7.99,0,39,6,1,0,1.0,192,992
CSE,8,Female,Hostel,Morning,Kinesthetic,Poor,Medium,Average,Yes,No,In Progress,254,215,99,332,84.4,70.4,6.96,0,38,7,5,5,3.0,217,931
IT,5,Female,Day Scholar,Morning,Visual,Average,Medium,Average,No,Yes,Not Started,135,276,262,278,75.5,64.9,6.66,0,30,6,3,0,1.0,119,984
CSE-AIML,1,Female,Hostel,Night,Auditory,Poor,High,Poor,No,No,Not Started,217,286,171,539,100.0,80.1,7.45,1,43,0,0,0,1.0,27,1050
CSE,7,Male,Day Scholar,Morning,Auditory,Average,Medium,Good,No,Yes,In Progress,251,148,67,284,71.3,76.4,7.72,0,35,4,2,1,7.0,200,777
CSE,1,Female,Hostel,Morning,Visual,Average,High,Good,No,Yes,Not Started,230,30,127,380,73.0,72.8,8.06,0,35,1,0,0,0.0,8,1033
CSE-DS,3,Male,Day Scholar,Afternoon,Auditory,Poor,Medium,Good,No,No,Not Started,193,0,0,247,74.8,66.2,6.12,1,30,0,0,1,1.0,31,1395
CSE,7,Female,Hostel,Night,Visual,Average,Low,Good,No,Yes,In Progress,112,0,215,355,77.1,62.1,6.72,0,24,3,6,3,3.0,215,983
CSE-AIML,2,Female,Hostel,Night,Visual,Average,Medium,Good,No,Yes,Not Started,197,197,243,350,94.1,76.1,7.17,0,35,3,0,0,2.0,72,1076
IT,7,Male,Day Scholar,Morning,Auditory,Average,Medium,Good,No,No,Placed,216,543,205,383,100.0,72.3,6.88,2,35,9,3,1,2.0,283,1290
CSE,5,Male,Day Scholar,Afternoon,Kinesthetic,Average,Medium,Good,No,Yes,Not Started,160,124,87,328,67.1,57.0,5.26,0,31,9,1,0,1.0,209,927
CSE,2,Male,Hostel,Night,Kinesthetic,Average,Medium,Good,No,Yes,Not Started,243,399,251,109,78.3,76.8,8.07,0,40,5,1,0,0.0,6,808
CSE,1,Male,Hostel,Morning,Auditory,Poor,Medium,Good,No,No,Not Started,97,106,238,432,62.3,56.1,5.28,1,23,1,0,0,0.0,75,1277
ECE,8,Female,Day Scholar,Afternoon,Kinesthetic,Average,Medium,Good,No,No,Placed,33,328,55,896,87.4,71.6,7.05,0,39,6,3,0,5.0,652,1175
CSE-DS,6,Female,Day Scholar,Morning,Auditory,Average,Medium,Good,Yes,No,In Progress,93,346,164,127,84.3,73.6,7.53,0,37,4,2,0,2.0,83,980
CSE-AIML,6,Female,Hostel,Night,Kinesthetic,Poor,Medium,Average,No,No,In Progress,127,386,74,664,78.5,63.9,6.26,4,31,4,2,1,1.0,433,1084
IT,2,Male,Hostel,Night,Kinesthetic,Good,Low,Good,No,No,Not Started,271,600,8,330,82.4,75.2,7.76,0,35,2,1,0,1.0,23,1012
CSE-AIML,2,Female,Hostel,Afternoon,Visual,Average,Medium,Good,No,No,Not Started,154,32,142,588,81.6,73.7,8.27,0,41,1,0,0,1.0,100,1160
CSE,7,Female,Hostel,Night,Visual,Good,Low,Poor,No,Yes,Placed,162,400,110,596,76.3,70.0,6.65,1,34,4,1,2,4.0,401,1252
CSE,8,Male,Hostel,Morning,Auditory,Good,Medium,Good,No,Yes,Placed,205,162,120,199,85.1,72.5,6.95,0,33,9,1,2,2.0,173,1151
CSE,3,Male,Day Scholar,Morning,Auditory,Poor,Medium,,No,No,Not Started,260,303,148,464,100.0,74.9,7.44,0,34,4,0,1,3.0,107,1324
CSE,5,Male,Hostel,Afternoon,Auditory,Average,High,Good,No,No,Not Started,312,273,296,209,91.4,85.7,8.84,0,42,2,1,0,0.0,3,940
CSE,3,Female,Hostel,Afternoon,Visual,Poor,High,Average,No,Yes,Not Started,76,352,107,182,79.2,61.2,6.27,4,31,2,0,0,0.0,17,1209
CSE,1,Male,Hostel,Morning,Kinesthetic,Good,Medium,Good,No,No,Not Started,218,190,161,0,83.4,72.6,6.47,1,30,0,0,0,1.0,16,958
CSE-DS,5,Female,Day Scholar,Morning,Visual,Average,Medium,Poor,No,No,Not Started,103,135,35,200,72.4,63.2,5.98,1,32,6,1,0,7.0,79,1003
CSE,4,Female,Hostel,Night,Auditory,Average,Medium,Good,No,Yes,Not Started,76,225,282,294,88.9,61.9,5.38,4,30,4,0,0,1.0,175,1057
IT,6,Female,Hostel,Morning,Auditory,Good,Low,Good,No,No,In Progress,317,338,0,623,70.2,71.1,6.83,0,35,4,2,1,2.0,345,1055
CSE,5,Male,Day Scholar,Night,Auditory,Good,Low,Average,Yes,No,Not Started,194,484,159,417,93.9,75.8,7.21,0,40,1,1,0,1.0,226,1102
CSE-AIML,4,Female,Day Scholar,Night,Kinesthetic,Poor,Medium,Poor,No,No,Not Started,195,248,175,181,78.9,68.3,6.26,1,33,3,1,0,1.0,113,1162
CSE,6,Male,Day Scholar,Night,Visual,Average,Low,Good,No,Yes,Not Started,225,129,429,654,58.0,65.3,6.3,2,30,8,0,1,3.0,388,1130
CSE-AIML,5,Female,Day Scholar,Morning,Visual,Good,Medium,Good,No,Yes,Not Started,334,255,299,324,91.3,82.6,7.91,0,43,5,2,1,4.0,186,1223
CSE-AIML,8,Male,Hostel,Morning,Kinesthetic,Poor,High,Good,No,No,Placed,266,360,193,563,71.8,75.2,7.73,0,38,6,1,2,3.0,577,1121
CSE-AIML,3,Male,Hostel,Afternoon,Visual,Good,Medium,Good,No,No,Not Started,93,341,88,454,97.2,64.8,6.88,1,34,4,1,0,3.0,85,873
ECE,4,Male,Hostel,Morning,Auditory,Poor,Medium,Poor,No,No,Not Started,215,313,32,655,73.8,68.8,7.08,0,33,2,2,0,2.0,278,1412
CSE,7,Female,Day Scholar,Night,Visual,Good,Low,Good,No,Yes,In Progress,67,452,377,286,70.4,61.8,7.26,1,31,6,4,0,4.0,223,1082
CSE,1,Male,Hostel,Night,Kinesthetic,Good,Low,Good,No,No,Not Started,200,252,0,475,100.0,72.3,7.44,0,33,0,0,0,0.0,161,1215
CSE-AIML,3,Male,Hostel,Night,Visual,Good,Medium,Good,No,No,Not Started,124,341,223,51,61.5,63.7,7.31,0,28,2,1,0,1.0,36,867
CSE-DS,8,Female,Hostel,Night,Kinesthetic,Good,Medium,Average,No,No,In Progress,219,270,30,181,77.5,74.3,8.0,0,43,13,3,1,2.0,128,1097
CSE,7,Female,Day Scholar,Afternoon,Visual,Good,Low,Average,No,Yes,Placed,209,170,91,195,82.4,68.9,7.18,0,39,5,5,2,4.0,182,1228
CSE-AIML,2,Male,Hostel,Morning,Kinesthetic,Good,Low,Average,No,No,Not Started,310,267,205,58,98.2,80.6,7.46,1,41,4,0,0,4.0,1,1018
CSE,2,Female,Hostel,Night,Auditory,Poor,High,Good,No,No,Not Started,78,186,132,519,84.2,62.6,6.27,1,29,3,1,0,1.0,125,1204
CSE,2,Female,Day Scholar,Morning,Kinesthetic,Good,Medium,Good,No,No,Not Started,246,369,158,12,68.7,68.4,7.01,0,39,0,2,0,0.0,54,1266
CSE,8,Female,Hostel,Night,Visual,Average,Medium,Average,No,No,Placed,159,0,181,692,76.2,64.9,6.21,0,37,7,2,1,,567,1061
IT,5,Male,Hostel,Night,Kinesthetic,Average,Medium,Average,Yes,No,Not Started,115,201,66,164,72.0,60.2,5.62,4,32,0,4,1,1.0,99,1198
CSE-AIML,8,Male,Day Scholar,Night,Auditory,Good,Low,Good,No,Yes,Placed,271,401,97,458,96.7,79.5,8.75,0,42,3,1,2,3.0,413,1285
CSE,3,Male,Hostel,Morning,Auditory,Average,Medium,Average,No,Yes,Not Started,247,190,176,122,78.0,69.7,6.86,0,34,0,0,1,2.0,54,1025
IT,3,Male,Day Scholar,Night,Kinesthetic,Poor,High,Average,Yes,No,Not Started,51,79,196,353,78.1,64.1,6.21,1,30,6,2,0,1.0,167,1144
IT,1,Male,Hostel,Morning,Auditory,Average,Low,Average,No,Yes,Not Started,308,162,43,158,100.0,89.3,8.88,0,42,1,0,0,0.0,3,1268
CSE-AIML,7,Male,Hostel,Afternoon,Kinesthetic,Poor,High,Average,No,Yes,Placed,258,265,179,545,59.6,67.4,6.14,3,34,5,2,1,8.0,372,1288
CSE,5,Male,Hostel,Night,Auditory,Poor,Medium,Average,No,Yes,Not Started,226,286,138,242,93.2,77.6,7.79,0,35,3,0,2,5.0,43,1158
IT,3,Female,Day Scholar,Afternoon,Visual,Average,Medium,Poor,No,Yes,Not Started,192,256,27,400,87.7,78.2,6.75,0,45,3,0,0,0.0,135,1038
IT,1,Female,Hostel,Afternoon,Auditory,Good,Low,Poor,Yes,Yes,Not Started,135,234,62,212,86.6,70.4,7.74,0,39,1,1,0,2.0,0,1003
CSE-DS,4,Female,Hostel,Morning,Visual,Good,Low,Poor,No,No,Not Started,235,138,243,138,71.9,67.7,7.05,0,33,2,3,3,5.0,0,897
CSE-AIML,5,Female,Hostel,Night,Auditory,Average,High,Poor,No,Yes,Not Started,249,285,0,151,98.1,78.9,7.15,0,35,4,0,2,1.0,89,1255
CSE,1,Male,Hostel,Morning,Visual,Average,Medium,Good,No,Yes,Not Started,30,0,0,431,82.8,64.7,6.22,1,35,0,0,0,0.0,75,977
CSE-DS,4,Male,Hostel,Night,Auditory,Good,Low,Good,No,Yes,Not Started,152,168,13,81,79.3,69.7,7.13,0,31,3,2,2,1.0,3,1001
CSE-AIML,2,Female,Hostel,Night,Visual,Average,Low,Average,No,No,Not Started,117,277,0,12,84.8,60.1,5.53,0,27,5,3,0,0.0,0,1002
IT,3,Male,Day Scholar,Afternoon,Auditory,Poor,High,Poor,No,No,Not Started,0,37,135,170,91.1,71.4,7.0,1,30,1,1,0,0.0,74,1038
CSE-AIML,3,Male,Hostel,Night,Visual,Poor,Medium,Good,No,No,Not Started,252,333,139,150,75.4,66.1,5.9,2,34,5,0,1,2.0,61,1041
IT,7,Female,Day Scholar,Night,Kinesthetic,Good,Low,Good,No,No,In Progress,171,247,126,187,78.4,66.8,6.34,1,32,4,2,0,1.0,87,961
CSE,2,Male,Hostel,Night,Auditory,Poor,High,Average,No,No,Not Started,233,141,195,518,84.3,75.1,7.35,0,35,4,1,0,1.0,147,1013
CSE-AIML,3,Male,Hostel,Night,Kinesthetic,Poor,Medium,Good,No,Yes,Not Started,29,204,0,86,86.8,74.1,6.53,0,35,5,0,0,1.0,40,1193
CSE-DS,2,Male,Day Scholar,Afternoon,Kinesthetic,Average,Medium,Good,No,No,Not Started,294,347,14,453,66.0,73.4,7.54,0,33,2,2,0,0.0,41,1105
CSE-DS,2,Male,Hostel,Night,Visual,Average,Medium,Poor,No,No,Not Started,143,247,134,182,72.6,67.7,6.53,0,33,3,0,0,2.0,112,1102
CSE,7,Male,Day Scholar,Morning,Kinesthetic,Good,High,Good,No,No,In Progress,164,348,135,170,84.8,69.6,7.67,0,35,6,4,0,0.0,138,1054
CSE,3,Female,Day Scholar,Night,Visual,Good,Low,Average,No,No,Not Started,178,123,119,148,65.5,64.2,6.1,3,29,2,2,0,,0,803
CSE,1,Female,Hostel,Afternoon,Kinesthetic,Good,Low,Average,No,Yes,Not Started,252,324,159,738,73.0,75.2,7.27,0,35,1,0,0,1.0,88,1055
CSE,7,Male,Hostel,Morning,Visual,Average,Medium,Good,No,Yes,In Progress,171,181,123,470,91.6,75.5,8.64,0,43,3,2,2,3.0,264,947
IT,5,Male,Hostel,Night,Visual,Poor,Medium,Good,No,No,Not Started,93,197,133,346,79.3,67.3,6.97,2,29,3,1,1,3.0,184,1197
CSE-DS,1,Male,Hostel,Afternoon,Visual,Good,Medium,Average,Yes,Yes,Not Started,250,332,78,534,77.0,67.7,6.55,0,35,0,1,0,0.0,140,1031
CSE,8,Male,Hostel,Afternoon,Kinesthetic,Average,Medium,Average,Yes,Yes,Placed,137,240,7,557,68.4,67.8,6.81,0,34,6,3,2,5.0,409,1307
CSE-DS,3,Female,Day Scholar,Morning,Visual,Average,Medium,Good,No,Yes,Not Started,346,403,142,386,81.8,84.7,7.3,0,40,5,0,0,1.0,61,1072
ECE,5,Male,Day Scholar,Night,Auditory,Average,Medium,Good,No,No,Not Started,293,163,129,397,86.0,78.2,6.44,2,34,6,1,2,3.0,240,1246
CSE,6,Other,Hostel,Night,Auditory,Average,Medium,Good,No,Yes,Not Started,224,77,205,284,79.4,70.7,7.02,0,40,4,3,1,3.0,135,1181
CSE,3,Male,Hostel,Morning,Auditory,Good,Low,Good,No,Yes,Not Started,167,230,0,208,69.8,73.2,8.17,0,37,1,2,0,0.0,26,946
CSE,7,Male,Hostel,Night,Auditory,Good,Medium,Good,No,No,In Progress,158,407,0,280,94.8,79.5,7.66,1,40,7,2,1,4.0,102,927
ECE,7,Male,Day Scholar,Morning,Kinesthetic,Poor,High,Average,Yes,Yes,Placed,213,168,0,74,72.6,70.9,7.35,0,37,10,3,2,3.0,64,1092
ECE,1,Male,Hostel,Morning,Visual,Average,Medium,Poor,No,Yes,Not Started,276,240,220,182,88.3,77.7,8.54,0,42,1,3,0,1.0,52,993
CSE,4,Male,Hostel,Night,Kinesthetic,Average,Low,,No,Yes,Not Started,208,241,0,349,76.3,67.2,7.14,0,27,3,0,3,1.0,119,969
CSE-AIML,7,Male,Hostel,Afternoon,Visual,Average,Medium,Average,No,No,In Progress,121,352,254,432,90.6,69.3,7.47,0,41,6,3,1,6.0,339,1155
IT,2,Male,Hostel,Morning,Visual,Average,Medium,Average,No,Yes,Not Started,172,395,140,0,82.9,69.0,6.99,0,37,1,0,0,3.0,0,856
IT,8,Male,Day Scholar,Afternoon,Kinesthetic,Average,Medium,Poor,Yes,Yes,Placed,178,196,81,434,69.9,69.8,7.29,1,34,6,2,4,2.0,363,1168
CSE,7,Male,Hostel,Night,Auditory,Average,Medium,Good,No,No,In Progress,67,139,216,271,89.0,67.2,7.8,1,34,9,4,0,4.0,289,944
CSE,2,Male,Hostel,Night,Visual,Average,Medium,Good,No,Yes,Not Started,238,107,47,0,84.3,84.1,8.37,0,41,2,0,0,0.0,1,1003
IT,1,Male,Hostel,Night,Visual,Poor,Medium,Good,No,Yes,Not Started,223,296,37,449,91.4,80.7,8.48,0,48,2,1,0,1.0,0,987
CSE,5,Male,Hostel,Night,Visual,Average,Low,Average,No,No,Not Started,133,239,175,372,72.5,78.9,8.04,0,39,4,1,1,1.0,164,836
CSE,4,Male,Hostel,Night,Kinesthetic,Average,Low,Poor,Yes,Yes,Not Started,217,417,180,184,90.0,82.6,7.36,2,34,1,3,0,0.0,84,856
CSE,2,Male,Day Scholar,Night,Visual,Good,Low,Good,No,No,Not Started,201,162,137,368,76.9,75.0,6.72,1,39,0,0,0,2.0,85,1050
ECE,3,Male,Day Scholar,Night,Auditory,Average,Low,Good,Yes,No,Not Started,129,313,44,218,82.4,71.3,7.13,0,32,2,0,0,0.0,69,1209
ECE,1,Male,Day Scholar,Night,Auditory,Good,Low,Good,No,No,Not Started,223,184,150,246,67.7,66.2,5.86,5,31,1,0,0,0.0,77,1280
IT,8,Male,Hostel,Morning,Kinesthetic,Poor,Medium,Good,No,Yes,In Progress,150,354,32,0,70.2,70.1,7.47,0,34,5,5,0,2.0,15,994
CSE,8,Female,Hostel,Morning,Kinesthetic,Poor,Medium,Good,No,Yes,Placed,269,219,65,364,100.0,78.8,7.46,0,36,7,1,1,5.0,405,1053
CSE-AIML,2,Female,Day Scholar,Night,Auditory,Average,Medium,Good,No,No,Not Started,66,342,92,188,92.2,70.3,6.56,0,32,0,0,0,1.0,31,1138
IT,2,Male,Day Scholar,Afternoon,Kinesthetic,Average,High,Good,No,No,Not Started,113,56,123,518,85.0,65.8,6.02,1,33,2,0,0,0.0,47,1011
IT,2,Male,Hostel,Night,Kinesthetic,Good,Low,Poor,No,Yes,Not Started,129,294,375,88,85.3,68.9,7.38,0,32,2,0,0,0.0,82,1177
CSE,2,Female,Hostel,Night,Kinesthetic,Poor,High,Good,No,No,Not Started,57,386,122,0,58.8,46.4,4.89,1,19,0,0,0,0.0,0,1220
CSE-DS,7,Male,Day Scholar,Night,Kinesthetic,Good,Medium,Good,No,Yes,In Progress,64,278,154,277,81.8,66.4,6.27,1,28,3,2,0,2.0,164,1014
CSE-DS,7,Male,Hostel,Morning,Visual,Average,High,Average,No,Yes,In Progress,184,284,314,331,90.4,73.5,7.56,0,41,3,2,2,6.0,231,1060
CSE,2,Female,Day Scholar,Afternoon,Kinesthetic,Good,Low,Average,No,No,Not Started,396,207,249,381,78.4,77.4,7.79,0,37,3,0,0,3.0,159,1023
CSE,1,Male,Day Scholar,Morning,Auditory,Poor,High,Good,Yes,Yes,Not Started,157,229,107,49,100.0,78.2,7.84,0,47,1,0,0,0.0,1,1199
CSE-AIML,7,Female,Hostel,Afternoon,Visual,Poor,Medium,Poor,No,Yes,In Progress,71,294,32,141,100.0,65.8,6.38,1,33,9,4,3,4.0,55,1205
CSE,2,Male,Hostel,Night,Auditory,Good,Low,Good,No,No,Not Started,299,291,2,109,82.6,70.1,6.92,0,42,6,1,0,1.0,0,899
CSE,2,Female,Hostel,Morning,Visual,Poor,High,Good,No,No,Not Started,181,229,111,332,56.2,58.6,6.05,3,28,3,1,0,3.0,92,1115
IT,5,Male,Day Scholar,Afternoon,Kinesthetic,Poor,High,Good,No,Yes,Not Started,190,276,205,407,74.9,61.0,6.34,1,32,4,2,1,4.0,207,1273
IT,3,Female,Hostel,Night,Kinesthetic,Good,Low,Good,No,No,Not Started,129,331,117,0,73.9,68.0,6.3,0,39,1,1,0,0.0,61,900
CSE-DS,5,Female,Hostel,Night,Kinesthetic,Good,Medium,Good,No,Yes,Not Started,30,380,162,203,80.0,71.8,7.27,0,32,1,0,1,6.0,54,962
CSE-DS,6,Female,Hostel,Night,Auditory,Average,Low,Average,No,Yes,Not Started,211,109,155,231,73.8,58.4,5.43,0,28,5,1,1,6.0,131,1082
CSE-AIML,7,Male,Day Scholar,Night,Kinesthetic,Average,Medium,Good,No,Yes,Placed,91,55,17,288,84.2,62.8,6.99,0,32,6,3,1,1.0,188,1103
IT,1,Male,Day Scholar,Night,Auditory,Good,Medium,Good,Yes,No,Not Started,196,153,121,385,40.3,58.7,7.03,0,35,2,0,0,0.0,0,1028
CSE,2,Female,Hostel,Night,Auditory,Good,Medium,Good,No,No,Not Started,102,187,190,263,81.9,66.0,6.46,3,31,5,1,0,1.0,64,1099
CSE,5,Male,Day Scholar,Night,Auditory,Average,Medium,Good,Yes,No,Not Started,2,223,128,222,83.1,62.2,6.64,0,30,6,3,1,1.0,76,993
CSE,2,Male,Day Scholar,Afternoon,Kinesthetic,Average,Medium,,Yes,No,Not Started,111,276,0,0,55.2,56.4,5.75,1,26,2,0,0,1.0,0,978
CSE-DS,6,Male,Hostel,Afternoon,Kinesthetic,Average,Medium,Poor,No,No,In Progress,114,232,0,362,69.2,59.2,5.47,4,32,7,3,1,2.0,263,1131
CSE,8,Male,Hostel,Night,Kinesthetic,Poor,Medium,Average,No,No,Placed,164,190,66,176,76.4,75.4,7.93,0,37,6,2,1,3.0,163,1080
CSE,3,Male,Day Scholar,Afternoon,Visual,Poor,Medium,Poor,No,Yes,Not Started,119,146,44,681,67.0,65.6,6.55,0,33,1,1,0,1.0,160,1006
ECE,1,Male,Day Scholar,Night,Visual,Average,Low,Average,No,No,Not Started,214,150,306,0,91.2,79.6,7.21,0,40,1,0,0,0.0,0,1107
CSE,6,Female,Day Scholar,Morning,Kinesthetic,Poor,Medium,Good,No,Yes,Not Started,329,72,57,619,74.7,70.7,6.93,0,34,8,1,2,3.0,375,1059
CSE-AIML,2,Female,Day Scholar,Afternoon,Kinesthetic,Average,Medium,Good,No,No,Not Started,293,170,136,563,89.4,69.7,7.6,0,37,1,1,0,1.0,8,1243
CSE-AIML,1,Female,Hostel,Morning,Kinesthetic,Average,Medium,Poor,No,Yes,Not Started,255,234,106,249,90.2,77.4,9.11,0,40,1,1,0,0.0,0,1137
CSE-DS,7,Male,Day Scholar,Night,Kinesthetic,Average,Medium,Good,No,No,In Progress,320,235,119,555,73.0,87.5,8.91,0,43,7,1,3,2.0,495,1026
CSE-DS,2,Male,Hostel,Night,Kinesthetic,Average,High,Poor,No,Yes,Not Started,199,237,28,492,91.7,81.5,7.68,0,38,1,1,0,1.0,188,1251
CSE-AIML,3,Male,Hostel,Night,Kinesthetic,Good,Medium,Good,No,Yes,Not Started,260,98,109,304,68.4,74.6,8.48,0,36,0,2,1,,93,1147
IT,6,Male,Hostel,Morning,Kinesthetic,Average,Medium,Good,Yes,Yes,In Progress,223,197,0,253,90.2,75.3,7.77,0,43,4,0,2,4.0,127,1141
IT,2,Male,Hostel,,Auditory,Good,High,Good,Yes,Yes,Not Started,180,252,68,418,99.5,80.9,8.13,0,38,1,1,0,0.0,67,1123
CSE-AIML,5,Male,Day Scholar,Night,Kinesthetic,Average,Medium,Good,No,No,Not Started,416,274,99,273,65.8,70.4,7.3,2,29,2,3,1,2.0,91,955
CSE-DS,3,Female,Day Scholar,Night,Visual,Average,Medium,Good,No,Yes,Not Started,139,64,257,243,75.7,71.9,7.4,0,34,1,2,1,0.0,97,956
ECE,6,Male,Day Scholar,Afternoon,Visual,Good,Medium,Good,No,No,Not Started,0,251,12,419,74.6,59.7,5.85,1,26,3,1,2,2.0,283,1117
ECE,6,Male,Day Scholar,Afternoon,Kinesthetic,Average,Medium,Good,No,Yes,Not Started,119,321,35,221,70.2,63.9,6.77,0,29,3,3,1,4.0,79,798
CSE,3,Male,Day Scholar,Night,Kinesthetic,Average,Medium,Average,No,No,Not Started,186,84,133,127,81.9,69.6,6.64,2,31,4,2,1,0.0,48,1124
CSE,3,Male,Day Scholar,Afternoon,Kinesthetic,Average,Low,Average,No,Yes,Not Started,89,421,190,572,96.3,66.6,7.26,0,36,5,1,0,0.0,165,1123
CSE-AIML,7,Male,Hostel,Night,Auditory,Poor,Medium,Good,No,No,Placed,234,456,186,225,58.9,60.1,5.8,1,29,4,3,4,4.0,168,962
CSE,8,Male,Hostel,Afternoon,Kinesthetic,Poor,Medium,Good,Yes,No,Placed,255,324,0,240,100.0,81.2,8.38,0,42,1,2,5,3.0,200,1091
CSE,5,Male,Hostel,Afternoon,Auditory,Average,Medium,Average,No,Yes,Not Started,35,141,270,606,60.2,59.5,5.49,1,29,7,2,1,6.0,284,1112
CSE,5,Male,Hostel,Afternoon,Kinesthetic,Average,Medium,Good,Yes,No,Not Started,363,166,0,325,88.6,75.8,7.92,0,36,6,1,2,2.0,136,1067
IT,6,Female,Day Scholar,Morning,Kinesthetic,Good,Low,Good,Yes,No,Not Started,149,149,295,0,86.6,68.0,6.15,5,37,5,0,3,3.0,0,1259
ECE,5,Female,Hostel,Night,Kinesthetic,Average,Medium,Poor,Yes,No,Not Started,115,304,222,0,92.3,56.4,4.56,1,25,5,2,2,,6,925
CSE,3,Female,Hostel,Morning,Kinesthetic,Poor,Medium,Good,Yes,Yes,Not Started,140,139,290,565,65.2,56.7,5.87,3,22,5,1,0,2.0,129,1193
CSE-AIML,1,Male,Hostel,Morning,Visual,Good,Medium,Good,No,Yes,Not Started,38,345,107,404,68.7,60.7,6.0,5,24,1,0,0,1.0,0,1053
CSE-DS,1,Male,Hostel,Night,Visual,Good,High,Good,No,No,Not Started,132,376,124,0,64.8,73.2,6.94,0,39,1,0,0,0.0,44,823
CSE,3,Male,Hostel,,Visual,Good,Medium,Good,No,No,Not Started,127,225,29,0,63.5,64.4,6.01,3,37,1,2,0,2.0,0,806
CSE,3,Male,Day Scholar,Night,Auditory,Good,Medium,Good,No,Yes,Not Started,205,174,52,349,76.1,67.7,8.05,0,36,1,2,0,3.0,203,1139
CSE,2,Other,Hostel,Morning,Visual,Poor,Low,Average,No,No,Not Started,95,260,305,535,72.6,58.3,6.15,4,29,0,0,0,1.0,71,1020
CSE,7,Female,Hostel,Night,Visual,Good,Medium,Poor,No,No,Placed,68,171,112,114,92.5,68.8,7.79,0,38,2,0,1,5.0,53,1052
CSE-DS,8,Female,Hostel,Afternoon,Kinesthetic,Average,High,Poor,No,No,In Progress,214,329,203,382,83.7,84.7,8.49,0,41,6,1,0,6.0,248,982
CSE-AIML,7,Female,Hostel,Morning,Auditory,Good,Medium,Good,No,No,Placed,203,277,180,254,89.6,64.3,5.93,2,30,2,1,0,7.0,266,1013
IT,6,Male,Hostel,Morning,Kinesthetic,Good,Medium,Good,No,Yes,Not Started,153,464,0,366,99.0,77.1,6.73,2,32,6,0,2,4.0,336,1192
CSE-DS,4,Male,Hostel,Morning,Auditory,Average,Low,Average,Yes,No,Not Started,125,232,0,417,89.0,67.7,6.3,1,37,4,1,0,3.0,149,1002
CSE-AIML,2,Female,Day Scholar,Afternoon,Visual,Poor,High,Good,No,No,Not Started,114,285,126,211,86.4,70.4,5.6,0,31,2,0,0,1.0,105,1264
CSE,1,Male,Hostel,Afternoon,Auditory,Average,Low,Good,Yes,No,Not Started,207,113,91,428,63.4,65.8,7.13,0,32,0,0,0,0.0,70,1091
CSE,5,Male,Day Scholar,Night,Visual,Poor,High,Good,No,Yes,Not Started,218,391,109,422,97.8,77.1,7.35,0,40,3,2,1,3.0,188,1225
CSE,1,Female,Hostel,Night,Auditory,Average,Low,Good,No,Yes,Not Started,274,364,121,249,73.9,75.6,6.93,0,35,1,0,0,0.0,0,940
IT,5,Male,Hostel,Night,Kinesthetic,Average,Medium,Good,Yes,No,Not Started,39,80,256,181,82.8,69.3,6.21,2,31,2,1,1,6.0,74,897
CSE-AIML,7,Male,Day Scholar,Morning,Kinesthetic,Poor,Medium,Average,No,Yes,Placed,284,306,132,346,75.2,73.3,7.38,1,39,5,2,0,4.0,238,1084
CSE,2,Female,Hostel,Night,Visual,Good,Low,Average,No,Yes,Not Started,89,228,0,437,87.4,65.8,6.99,0,37,3,1,0,0.0,122,1287
CSE,3,Male,Hostel,Night,Kinesthetic,Good,Medium,Poor,No,No,Not Started,171,384,217,459,77.6,73.8,7.22,0,42,5,2,1,0.0,134,1238
IT,5,Male,Day Scholar,Morning,Visual,Poor,Medium,Good,No,No,Not Started,219,252,299,425,87.3,73.0,7.22,2,34,1,1,1,4.0,369,1145
CSE-AIML,8,Male,Day Scholar,Morning,Kinesthetic,Average,Medium,Average,Yes,No,Placed,243,259,0,274,91.9,76.1,8.37,0,39,6,3,2,7.0,256,1180
CSE,4,Female,Hostel,Night,Kinesthetic,Average,Medium,Poor,No,No,Not Started,166,337,57,0,91.2,69.5,6.71,0,32,1,1,0,2.0,28,1134
CSE-AIML,4,Female,Day Scholar,Night,Kinesthetic,Average,High,Average,No,Yes,Not Started,347,52,203,586,69.1,63.5,6.29,0,28,1,2,2,0.0,213,1019
IT,2,Male,Hostel,Night,Auditory,Average,Medium,Good,No,No,Not Started,316,337,100,434,62.0,68.9,6.43,4,30,5,0,0,0.0,70,972
CSE-AIML,4,Male,Hostel,Morning,Kinesthetic,Poor,Medium,Good,No,No,Not Started,355,299,40,532,79.4,72.9,7.09,1,34,3,1,1,3.0,268,1273
IT,5,Female,Day Scholar,Afternoon,Kinesthetic,Average,Low,Average,No,Yes,Not Started,140,300,37,27,82.6,63.4,6.8,1,30,3,3,2,4.0,9,1032
CSE,2,Male,Hostel,Night,Kinesthetic,Good,Medium,Good,No,No,Not Started,174,60,0,378,67.1,66.5,6.16,5,26,0,1,0,1.0,93,961
CSE-AIML,3,Male,Day Scholar,Night,Visual,Average,Low,Good,No,No,Not Started,187,262,160,405,68.9,63.3,5.71,3,29,2,0,0,1.0,103,843
CSE-AIML,2,Female,Hostel,Afternoon,Visual,Average,Medium,Poor,Yes,No,Not Started,239,322,324,45,79.8,66.3,6.11,3,28,0,1,0,3.0,0,875
ECE,7,Female,Hostel,Night,Auditory,Average,Medium,Good,No,Yes,In Progress,159,285,281,417,76.7,63.1,6.15,1,31,6,1,2,3.0,256,1127
CSE,8,Male,Hostel,Afternoon,Visual,Average,High,Average,No,No,In Progress,207,225,269,0,84.9,69.6,6.81,0,33,6,2,4,8.0,0,1270
ECE,3,Female,Day Scholar,Night,Kinesthetic,Average,High,Good,Yes,No,Not Started,254,169,29,468,73.1,73.7,7.13,1,34,2,0,1,1.0,178,989
CSE-AIML,6,Female,Hostel,Afternoon,Auditory,Average,Medium,Good,No,No,Not Started,39,292,222,531,84.2,63.3,5.56,2,32,7,3,0,3.0,328,1061
CSE,7,Male,Hostel,Afternoon,Auditory,Average,Medium,Good,No,Yes,Placed,181,376,10,592,87.1,68.8,7.65,0,38,5,5,1,2.0,451,1231
CSE,2,Male,Hostel,Afternoon,Auditory,Average,High,Good,Yes,No,Not Started,77,27,193,81,82.5,65.6,7.46,1,32,0,0,0,0.0,0,956
CSE-AIML,1,Female,Day Scholar,Night,Auditory,Good,Low,Average,No,No,Not Started,0,180,261,355,84.0,78.4,9.16,0,40,0,0,0,0.0,45,890
CSE-AIML,5,Female,Hostel,Night,Visual,Poor,High,Average,No,No,Not Started,169,122,224,109,50.1,57.3,5.0,0,33,7,1,2,5.0,70,1121
CSE-DS,8,Female,Hostel,Morning,Auditory,Poor,High,Good,No,No,Placed,206,265,0,554,85.8,72.0,6.76,0,36,7,2,2,9.0,470,1045
CSE-DS,6,Female,Hostel,,Auditory,Average,Medium,Poor,No,Yes,Not Started,260,27,198,202,74.6,70.9,7.24,0,37,5,2,0,3.0,188,1072
CSE,7,Female,Day Scholar,Night,Kinesthetic,Poor,High,Poor,No,No,Placed,163,288,132,371,64.4,60.6,6.08,2,30,5,1,3,9.0,236,1117
IT,8,Female,Hostel,Afternoon,Visual,Good,Low,Good,No,No,Placed,150,281,80,276,81.6,77.4,7.92,0,39,5,3,0,5.0,250,1160
CSE-AIML,6,Male,Hostel,Night,Auditory,Good,Medium,Average,No,Yes,Not Started,151,202,152,12,88.1,68.9,6.43,2,35,7,4,0,4.0,25,985
CSE,4,Male,Day Scholar,Morning,Auditory,Good,Low,Good,No,Yes,Not Started,106,198,189,183,81.2,75.2,6.95,0,34,3,2,0,3.0,86,765
IT,8,Male,Hostel,Night,Auditory,Poor,Medium,Good,Yes,No,Placed,192,409,251,260,100.0,76.6,6.51,0,38,7,1,0,3.0,341,1400
IT,1,Male,Hostel,Night,Auditory,Average,Low,,No,Yes,Not Started,335,69,118,344,96.4,75.5,7.72,0,35,0,1,0,0.0,63,1140
CSE,5,Male,Hostel,Night,Auditory,Good,Medium,Average,No,Yes,Not Started,231,303,88,0,100.0,77.5,8.3,0,36,4,0,1,2.0,0,676
ECE,5,Female,Hostel,Night,Auditory,Average,Medium,Good,No,No,Not Started,8,322,21,451,88.3,63.8,6.82,0,32,4,3,0,1.0,290,1378
CSE-AIML,1,Female,Day Scholar,Night,Visual,Good,Low,Good,No,No,Not Started,164,127,0,261,79.1,70.7,7.54,0,34,1,0,0,2.0,15,880
CSE,7,Male,Hostel,Night,Visual,Good,Medium,Good,No,No,In Progress,1,333,155,358,70.3,64.3,6.53,0,34,9,4,2,1.0,254,1227
IT,3,Male,Day Scholar,Night,Kinesthetic,Average,Medium,Poor,No,No,Not Started,245,160,0,527,90.8,69.8,6.82,1,37,6,0,1,0.0,203,1246
CSE-AIML,6,Male,Hostel,Night,Auditory,Average,Medium,Average,Yes,No,Not Started,187,333,0,312,78.1,63.7,6.68,0,30,4,0,1,4.0,164,975
CSE,6,Male,Day Scholar,Night,Kinesthetic,Good,Medium,Good,No,No,Not Started,204,229,243,138,63.6,62.7,7.08,0,34,6,0,0,2.0,91,1359
IT,4,Female,Hostel,Morning,Visual,Average,Medium,Good,No,No,Not Started,294,89,104,141,83.1,70.0,7.08,0,38,2,4,0,2.0,74,1216
CSE,7,Male,Hostel,Night,Kinesthetic,Good,Medium,Good,No,No,Placed,121,247,34,530,72.4,70.6,6.06,0,33,9,2,0,2.0,332,1270
CSE-AIML,3,Male,Day Scholar,Afternoon,Visual,Good,Low,Good,No,Yes,Not Started,304,144,22,0,92.8,76.2,7.36,0,40,3,0,1,3.0,95,1079
CSE,1,Male,Day Scholar,Morning,Auditory,Average,Medium,Poor,No,No,Not Started,192,292,81,57,60.5,59.7,6.7,1,34,0,0,0,0.0,7,1161
ECE,7,Male,Hostel,Morning,Kinesthetic,Good,Low,Good,No,No,In Progress,167,97,250,317,83.0,74.2,7.38,0,35,5,2,1,2.0,181,1086
CSE-AIML,2,Male,Day Scholar,Night,Visual,Average,Medium,Good,No,Yes,Not Started,167,138,0,137,86.7,68.9,6.92,0,34,1,1,0,0.0,21,1140
CSE-AIML,2,Female,Hostel,Morning,Visual,Good,Medium,Good,No,No,Not Started,202,164,1,463,81.8,73.8,7.1,1,39,4,1,0,0.0,102,1141
CSE,4,Female,Hostel,Morning,Visual,Average,Medium,Good,No,No,Not Started,152,357,251,377,79.7,64.7,6.56,0,32,4,2,0,0.0,118,813
ECE,4,Female,Hostel,Afternoon,Visual,Good,Medium,Average,No,No,Not Started,92,217,92,198,87.9,66.0,6.84,1,29,1,2,0,1.0,0,994
ECE,6,Male,Day Scholar,Night,Kinesthetic,Average,Low,Good,No,No,In Progress,152,309,172,2,68.3,77.4,8.58,0,36,5,5,1,4.0,2,980
CSE-DS,8,Male,Hostel,Afternoon,Visual,Average,High,Good,No,No,Placed,186,378,111,503,98.5,68.7,7.12,0,34,8,5,1,3.0,500,1176
ECE,6,Female,Day Scholar,Afternoon,Visual,Poor,High,Poor,No,Yes,Not Started,173,227,68,394,74.8,63.4,6.15,2,33,6,3,1,,266,1139
CSE,5,Female,Hostel,Night,Kinesthetic,Good,Low,Good,No,No,Not Started,316,0,108,41,72.6,70.7,7.22,1,35,2,1,0,1.0,25,846
CSE,7,Female,Hostel,Afternoon,Auditory,Average,Medium,Good,No,No,In Progress,153,341,148,484,100.0,83.9,7.82,1,41,4,0,1,2.0,359,1150
CSE,2,Female,Day Scholar,Afternoon,Visual,Average,Low,Good,No,No,Not Started,186,381,25,392,96.2,71.2,7.46,0,34,3,1,0,2.0,145,851
IT,7,Male,Hostel,Night,Kinesthetic,Average,Medium,Average,No,Yes,In Progress,121,233,176,126,77.1,64.4,6.37,1,39,8,3,1,9.0,123,890
ECE,8,Male,Day Scholar,Afternoon,Visual,Average,Medium,Good,No,No,Placed,33,114,98,446,72.4,63.6,5.55,1,35,6,2,5,2.0,280,1151
CSE,3,Male,Hostel,Night,Kinesthetic,Poor,Medium,Average,No,No,Not Started,292,375,0,278,72.7,69.9,6.49,4,36,4,3,1,3.0,98,1119
CSE-AIML,5,Male,Day Scholar,Morning,Kinesthetic,Average,Low,Good,No,No,Not Started,306,230,94,535,72.1,79.9,6.85,0,36,5,1,0,0.0,347,1107
CSE,6,Female,Hostel,Night,Kinesthetic,Good,Low,Average,No,Yes,In Progress,144,307,93,276,91.6,72.4,8.12,0,32,4,1,1,3.0,219,935
CSE,6,Female,Day Scholar,Night,Kinesthetic,Good,Low,Good,Yes,No,Not Started,233,245,82,548,100.0,84.1,8.81,0,40,6,0,0,8.0,284,1023
CSE,6,Male,Day Scholar,Night,Visual,Average,High,Good,No,Yes,Not Started,212,116,63,424,81.8,65.0,5.41,1,34,7,3,0,2.0,208,1174
CSE-AIML,5,Female,Day Scholar,Afternoon,Visual,Average,Low,Average,No,No,Not Started,0,240,164,156,74.5,73.6,8.28,0,36,1,2,0,2.0,56,703
IT,6,Male,Day Scholar,Morning,Kinesthetic,Good,Low,Good,No,Yes,In Progress,93,262,225,328,63.4,62.8,5.52,3,30,2,3,1,1.0,149,1144
CSE,3,Male,Hostel,Morning,Kinesthetic,Average,Medium,Good,No,Yes,Not Started,235,242,289,385,74.2,63.7,5.33,1,33,6,3,0,3.0,42,1101
CSE-AIML,5,Female,Hostel,Afternoon,Kinesthetic,Good,Medium,Good,No,Yes,Not Started,153,344,254,341,75.9,71.1,7.55,1,42,1,1,1,3.0,196,1053
CSE,3,Female,Hostel,Morning,Visual,Poor,High,Good,No,No,Not Started,314,228,384,330,91.8,80.9,8.67,0,34,4,2,0,2.0,139,1305
CSE,7,Female,Hostel,Night,Visual,Average,Medium,Good,No,Yes,In Progress,119,267,68,243,95.2,74.2,6.6,2,36,3,2,2,7.0,75,758
CSE-DS,2,Female,Day Scholar,Afternoon,Visual,Average,High,Average,No,No,Not Started,131,351,340,174,72.9,62.0,6.92,0,28,1,0,0,2.0,45,1006
CSE,5,Male,Hostel,Afternoon,Auditory,Average,Low,Poor,No,Yes,Not Started,156,295,120,152,100.0,75.7,7.58,0,39,4,1,1,3.0,95,1068
CSE,8,Male,Hostel,Night,Kinesthetic,Good,Medium,Good,No,No,In Progress,159,177,0,0,68.0,65.6,5.67,1,34,3,3,4,2.0,49,1263
CSE,8,Male,Day Scholar,Night,Kinesthetic,Poor,Medium,Good,No,No,In Progress,355,239,40,92,100.0,72.1,6.81,1,35,6,2,2,10.0,122,1074
CSE-AIML,4,Male,Hostel,Night,Visual,Poor,High,,No,No,Not Started,189,357,0,184,91.2,72.1,7.47,0,30,5,1,0,3.0,114,1243
CSE-AIML,2,Male,Hostel,Morning,Visual,Good,Medium,Good,No,No,Not Started,210,239,0,543,77.5,71.8,6.91,2,36,0,0,0,4.0,129,804
CSE,3,Male,Hostel,Morning,Visual,Poor,Low,Good,No,Yes,Not Started,77,80,120,555,87.4,70.9,7.45,0,35,3,0,0,0.0,159,1131
CSE-AIML,8,Female,Hostel,Night,Visual,Average,Medium,Good,Yes,No,Placed,333,131,117,337,100.0,85.1,8.87,0,40,8,0,3,6.0,306,1200
CSE,8,Male,Hostel,Afternoon,Kinesthetic,Good,Low,Average,Yes,Yes,Placed,195,306,168,660,87.4,69.4,7.24,0,36,9,5,3,8.0,502,1326
CSE-DS,3,Female,Day Scholar,Morning,Auditory,Poor,Medium,Poor,No,No,Not Started,18,77,11,199,67.5,61.5,6.41,1,29,2,1,0,3.0,0,1249
CSE,2,Male,Hostel,Afternoon,Kinesthetic,Average,Medium,Average,No,Yes,Not Started,165,163,197,632,90.3,83.5,7.86,0,41,3,1,0,1.0,229,1262
ECE,2,Female,Hostel,Afternoon,Kinesthetic,Good,Low,Average,No,No,Not Started,194,283,0,131,100.0,75.4,7.59,0,35,1,0,0,1.0,29,1028
CSE-DS,7,Female,Day Scholar,Morning,Kinesthetic,Average,Medium,Average,No,No,Placed,159,377,96,410,89.6,71.3,8.02,0,30,4,3,1,3.0,382,1450
IT,7,Male,Day Scholar,Night,Kinesthetic,Good,Low,Good,No,No,In Progress,199,450,111,162,95.7,79.4,8.95,0,45,2,2,1,5.0,143,1290
CSE-AIML,8,Female,Day Scholar,Morning,Auditory,Poor,Low,Average,No,Yes,Placed,264,128,28,340,75.9,76.9,7.16,0,39,9,2,3,4.0,329,1362
ECE,4,Female,Day Scholar,Night,Kinesthetic,Average,High,Good,Yes,No,Not Started,101,118,190,492,71.2,71.9,7.47,0,35,3,1,1,6.0,129,1208
IT,4,Male,Day Scholar,Afternoon,Auditory,Good,Medium,Average,No,Yes,Not Started,231,187,0,313,83.5,76.2,6.84,0,34,4,2,1,3.0,134,1048
CSE-AIML,5,Male,Hostel,Night,Visual,Good,Medium,Good,No,No,Not Started,328,230,78,400,71.5,78.8,7.85,0,39,5,4,0,0.0,97,1136
IT,5,Female,Hostel,Night,Auditory,Poor,Medium,Good,No,Yes,Not Started,126,205,0,318,64.9,60.8,6.72,1,27,4,4,3,3.0,140,1150
IT,1,Male,Day Scholar,Night,Kinesthetic,Average,Medium,Average,No,Yes,Not Started,171,121,197,365,72.2,66.2,6.63,0,33,0,0,0,0.0,0,1285
IT,4,Female,Hostel,Morning,Visual,Poor,High,Good,Yes,No,Not Started,0,298,288,511,84.1,66.1,6.29,1,32,2,1,0,0.0,208,1262
IT,2,Male,Day Scholar,Night,Auditory,Poor,High,Average,Yes,No,Not Started,373,379,34,520,78.4,74.4,7.54,1,33,1,0,0,1.0,132,946
CSE-AIML,7,Male,Day Scholar,Morning,Kinesthetic,Good,Medium,Good,No,Yes,In Progress,228,412,104,58,73.4,73.2,6.75,0,29,12,2,1,3.0,0,1041
CSE,4,Male,Hostel,Night,Visual,Good,Low,Poor,No,No,Not Started,204,277,243,201,71.8,65.1,6.83,0,37,3,1,0,1.0,110,1263
CSE-AIML,2,Female,Day Scholar,Night,Auditory,Average,High,Poor,No,No,Not Started,219,242,6,34,69.8,65.5,6.63,0,35,0,0,0,2.0,94,1059
CSE,5,Male,Day Scholar,Morning,Visual,Poor,Medium,Good,No,Yes,Not Started,357,169,165,0,81.5,69.4,7.17,0,38,3,3,2,3.0,0,891
ECE,3,Male,Day Scholar,Night,Visual,Poor,Medium,Poor,No,Yes,Not Started,171,25,0,544,80.4,74.2,7.16,0,41,4,0,0,0.0,189,1229
ECE,7,Male,Hostel,Morning,Visual,Good,Low,Average,No,Yes,Placed,267,277,120,443,83.7,73.2,7.7,0,43,5,2,1,5.0,323,1343
ECE,2,Male,Hostel,Morning,Visual,Poor,High,Average,No,No,Not Started,255,162,0,284,81.1,78.5,8.16,0,35,2,0,0,0.0,67,859
CSE-AIML,2,Female,Hostel,Morning,Auditory,Good,Low,Good,Yes,No,Not Started,169,207,33,280,76.8,70.0,7.09,1,37,1,0,0,2.0,117,1040
IT,5,Male,Hostel,Afternoon,Visual,Good,Medium,Good,No,Yes,Not Started,103,316,180,488,80.6,68.4,7.52,0,29,5,0,1,2.0,263,1089
ECE,2,Female,Day Scholar,Afternoon,Auditory,Average,High,Average,No,Yes,Not Started,262,116,60,153,82.1,80.4,7.62,0,35,2,1,0,1.0,64,931
CSE-DS,1,Male,Day Scholar,Afternoon,Kinesthetic,Average,Medium,Average,No,Yes,Not Started,301,510,0,97,100.0,92.1,10.0,0,44,0,0,0,0.0,0,833
CSE,7,Male,Hostel,Night,Auditory,Average,Medium,Good,No,Yes,Placed,59,246,161,409,81.7,57.8,6.03,4,32,7,1,3,3.0,253,1087
CSE-AIML,5,Male,Hostel,Night,Auditory,Poor,Medium,Average,Yes,Yes,Not Started,306,506,74,367,92.4,80.3,7.25,0,36,3,4,0,0.0,263,1224
CSE-DS,7,Male,Hostel,Morning,Visual,Average,Medium,Poor,No,Yes,In Progress,364,267,124,313,95.0,79.0,8.48,0,41,5,2,1,6.0,226,1192
CSE,8,Female,Hostel,Night,Visual,Poor,Low,Good,No,No,Placed,216,191,70,614,80.8,70.6,6.36,2,36,9,3,2,,422,999
CSE,6,Male,Day Scholar,Night,Visual,Good,Low,Average,No,No,Not Started,184,79,283,440,98.7,81.1,7.97,0,41,1,4,5,5.0,227,1125
CSE-AIML,5,Female,Hostel,Night,Visual,Average,Medium,Poor,No,No,Not Started,238,67,107,651,92.7,81.1,8.05,0,39,3,0,2,2.0,333,1209
CSE-DS,2,Male,Hostel,Morning,Auditory,Poor,Medium,Good,No,No,Not Started,18,180,169,268,77.4,68.8,6.54,0,38,2,0,0,2.0,108,1079
ECE,8,Female,Day Scholar,Night,Kinesthetic,Poor,High,Good,No,No,Placed,184,477,24,257,100.0,71.9,6.91,1,40,8,2,2,4.0,160,1052
CSE,5,Male,Hostel,Night,Kinesthetic,Average,Medium,Poor,No,No,Not Started,134,147,152,79,100.0,81.7,8.69,0,39,2,0,1,1.0,43,1193
CSE,8,Male,Day Scholar,Night,Auditory,Average,Medium,Good,No,No,Placed,245,371,259,183,77.4,66.1,6.21,1,37,8,3,0,3.0,138,889
CSE-DS,5,Female,Hostel,Night,Visual,Poor,High,Good,Yes,Yes,Not Started,18,362,185,0,80.0,66.9,6.43,0,33,8,2,1,3.0,51,1180
CSE-DS,5,Female,Hostel,Night,Kinesthetic,Good,Medium,Average,No,Yes,Not Started,10,354,284,683,66.7,59.9,6.19,1,33,2,0,0,4.0,376,898
CSE,7,Male,Day Scholar,Night,Auditory,Poor,High,Good,No,No,In Progress,193,450,256,259,90.2,76.7,8.24,0,42,5,1,2,2.0,231,1108
IT,7,Male,Day Scholar,Night,Auditory,Average,Medium,Good,No,Yes,In Progress,240,373,216,473,86.2,57.6,6.04,0,28,3,1,1,3.0,302,1118
CSE,7,Female,Day Scholar,Afternoon,Auditory,Average,Medium,Good,No,No,In Progress,233,210,177,490,90.6,79.6,8.39,0,37,7,4,2,3.0,466,1375
CSE-DS,6,Male,Hostel,Afternoon,Visual,Average,Medium,Poor,No,No,Not Started,171,232,121,345,55.8,59.0,5.94,1,28,5,1,1,3.0,232,1190
CSE,2,Male,Day Scholar,Night,Auditory,Good,Low,Good,No,Yes,Not Started,252,361,255,737,76.8,77.2,7.35,0,38,0,1,0,0.0,92,1075
CSE,7,Female,Hostel,Afternoon,Kinesthetic,Average,Medium,Average,No,No,Placed,218,263,156,84,64.0,73.0,7.73,0,35,7,2,1,1.0,0,1084
CSE-DS,7,Male,Day Scholar,,Visual,Average,Low,Good,No,Yes,In Progress,114,251,98,408,80.6,68.7,7.28,0,30,4,1,1,3.0,326,1417
CSE-DS,8,Female,Day Scholar,Night,Visual,Average,Medium,Good,No,No,In Progress,192,135,108,212,94.5,77.2,7.24,2,37,11,3,3,3.0,124,1000
IT,8,Male,Hostel,Afternoon,Auditory,Good,Medium,Average,No,No,In Progress,104,172,0,442,84.3,67.9,7.62,0,34,3,2,1,5.0,321,1103
CSE,2,Female,Hostel,Morning,Auditory,Good,Low,Good,No,Yes,Not Started,289,333,65,238,65.7,68.1,6.98,1,32,1,1,0,0.0,0,1345
CSE,1,Female,Hostel,Afternoon,Visual,Average,Medium,Good,No,No,Not Started,145,373,45,477,74.5,65.9,5.69,2,28,1,0,0,0.0,19,910
CSE,2,Male,Day Scholar,Afternoon,Auditory,Poor,High,Good,No,No,Not Started,0,296,48,91,81.7,60.8,5.7,3,32,0,1,0,0.0,0,996
CSE-DS,6,Female,Hostel,Night,Kinesthetic,Average,Medium,Good,No,No,Not Started,122,331,133,323,81.2,70.5,7.23,0,38,4,0,0,0.0,257,1214
CSE-DS,4,Female,Day Scholar,Night,Visual,Good,Low,Good,No,No,Not Started,167,520,224,285,66.3,63.4,7.15,1,31,7,0,1,1.0,58,843
CSE-AIML,8,Male,Hostel,Afternoon,Auditory,Average,Low,Good,No,Yes,Placed,205,143,21,556,88.8,69.0,6.75,1,36,4,2,1,1.0,486,1120
CSE,6,Male,Day Scholar,,Kinesthetic,Average,Medium,Good,No,No,Not Started,78,0,147,269,91.7,66.4,6.46,0,30,2,1,0,1.0,137,1001
CSE-AIML,2,Female,Day Scholar,Morning,Visual,Poor,Medium,Good,No,No,Not Started,174,315,152,92,49.8,58.7,5.52,4,30,1,0,0,0.0,23,820
CSE-AIML,3,Male,Day Scholar,Night,Auditory,Poor,Medium,Good,No,Yes,Not Started,236,279,191,797,85.3,78.0,7.79,0,36,4,1,0,3.0,272,1018
CSE-AIML,8,Female,Day Scholar,Night,Auditory,Average,Medium,Good,No,Yes,Placed,220,0,169,651,81.6,69.8,6.56,0,32,2,3,1,6.0,586,1434
CSE,7,Female,Day Scholar,Night,Kinesthetic,Average,Medium,Good,No,Yes,In Progress,136,285,239,0,68.0,64.2,6.64,0,34,3,3,1,2.0,0,1211
IT,5,Male,Hostel,Morning,Kinesthetic,Good,Low,Average,No,No,Not Started,380,418,220,447,77.3,73.8,7.29,2,36,3,1,1,2.0,135,929
CSE,5,Female,Day Scholar,Night,Auditory,Average,Medium,Good,Yes,No,Not Started,243,176,29,336,87.4,71.2,6.99,0,37,2,1,2,3.0,140,1093
CSE,5,Female,Hostel,Night,Auditory,Average,Low,,No,Yes,Not Started,97,312,142,316,78.3,63.8,6.96,0,32,8,1,1,2.0,157,1102
CSE,3,Female,Day Scholar,Night,Auditory,Average,Medium,Poor,No,No,Not Started,173,219,122,220,72.7,62.4,6.85,0,32,0,1,1,0.0,118,982
CSE-AIML,2,Male,Hostel,Night,Visual,Good,Medium,Average,No,Yes,Not Started,304,211,254,299,78.7,70.5,7.05,0,30,0,1,0,3.0,68,1104
CSE,6,Male,Day Scholar,Night,Visual,Good,Low,Average,No,No,Not Started,136,214,0,374,66.1,69.9,6.89,0,35,4,2,2,3.0,248,1125
IT,8,Female,Hostel,Night,Auditory,Average,Medium,Good,Yes,No,In Progress,273,321,0,182,73.8,62.7,6.61,0,26,4,1,3,1.0,192,921
IT,7,Male,Day Scholar,Night,Auditory,Average,Medium,Good,Yes,No,Placed,235,187,221,305,79.8,66.7,7.25,0,27,3,3,1,4.0,178,1222
CSE,6,Male,Day Scholar,,Auditory,Poor,High,Good,No,No,In Progress,215,123,0,153,92.5,75.9,7.64,0,38,9,2,1,3.0,112,1585
CSE,5,Female,Day Scholar,Morning,Visual,Good,Medium,,No,Yes,Not Started,378,135,196,235,56.7,67.5,6.72,0,39,3,1,0,2.0,121,831
CSE-DS,4,Female,Hostel,Afternoon,Visual,Good,Low,Good,No,Yes,Not Started,189,291,0,529,90.9,75.6,7.62,0,37,2,3,1,0.0,224,1139
CSE,4,Male,Hostel,Night,Auditory,Good,Medium,Average,No,Yes,Not Started,355,272,146,238,77.8,78.7,7.98,0,39,3,1,0,3.0,87,897
CSE,5,Male,Hostel,Night,Visual,Poor,High,Good,No,No,Not Started,99,332,147,587,54.3,60.8,6.51,0,31,4,3,0,2.0,317,904
CSE-AIML,1,Male,Hostel,Night,Kinesthetic,Good,Medium,Good,No,Yes,Not Started,159,315,326,500,67.3,65.4,6.65,0,37,0,0,0,0.0,31,1051
CSE,3,Male,Hostel,Night,Auditory,Average,Medium,Good,Yes,Yes,Not Started,56,325,104,475,73.8,64.4,6.56,0,35,4,2,0,2.0,169,813
CSE,4,Female,Hostel,Morning,Visual,Average,Medium,Average,No,No,Not Started,313,186,103,345,73.1,70.6,6.69,0,38,5,3,0,3.0,132,1068
IT,8,Female,Hostel,Night,Kinesthetic,Average,High,,No,No,Placed,239,371,282,20,61.0,55.3,5.7,1,27,8,1,0,6.0,0,1116
CSE,3,Male,Hostel,Morning,Kinesthetic,Average,Low,Good,No,Yes,Not Started,101,237,124,0,81.6,69.6,6.85,0,42,4,0,1,4.0,0,1120
ECE,4,Female,Day Scholar,Night,Visual,Poor,Medium,Good,No,No,Not Started,295,251,143,80,71.6,72.1,7.3,0,33,4,1,1,2.0,74,1167
CSE,3,Female,Hostel,Night,Auditory,Average,High,Good,No,Yes,Not Started,124,274,286,0,80.2,69.3,7.86,0,36,1,0,0,0.0,1,898
CSE,7,Female,Hostel,Night,Auditory,Average,High,Poor,No,No,Placed,185,294,128,0,96.7,79.0,7.73,1,43,7,0,1,3.0,0,874
CSE,3,Male,Hostel,Night,Visual,Average,Medium,Good,Yes,No,Not Started,140,20,25,154,74.3,71.1,7.07,0,32,2,0,1,0.0,24,1009
CSE,1,Male,Day Scholar,Night,Auditory,Good,Medium,Average,No,No,Not Started,233,183,176,335,94.2,78.8,8.04,0,37,0,0,0,2.0,85,844
CSE,1,Male,Day Scholar,Morning,Kinesthetic,Good,Medium,Good,No,No,Not Started,347,90,175,304,100.0,89.4,9.38,0,42,0,0,0,0.0,89,1034
IT,5,Male,Day Scholar,Night,Visual,Poor,High,,No,Yes,Not Started,264,247,270,391,62.4,54.3,5.62,3,25,7,1,3,1.0,324,1392
CSE,7,Male,Day Scholar,Night,Kinesthetic,Poor,Low,Good,No,No,In Progress,236,123,103,521,88.5,65.8,6.4,0,39,7,2,3,4.0,278,1111
CSE-DS,8,Male,Hostel,Night,Kinesthetic,Average,High,Good,No,Yes,Placed,219,255,202,426,79.3,75.1,8.54,0,38,5,3,2,4.0,360,1342
CSE,7,Male,Hostel,Morning,Auditory,Poor,Medium,Poor,No,No,In Progress,111,346,1,503,74.0,71.1,7.4,0,39,4,1,3,6.0,379,1414
CSE,6,Female,Hostel,Night,Auditory,Average,High,Good,No,Yes,Not Started,197,133,0,0,93.0,82.7,8.11,0,40,4,1,1,5.0,0,1052
CSE,5,Female,Hostel,Night,Auditory,Average,High,Average,No,No,Not Started,195,346,0,0,95.8,78.2,7.65,1,43,5,0,0,2.0,0,912
ECE,1,Female,Day Scholar,Morning,Auditory,Good,Medium,,No,No,Not Started,118,135,0,300,97.4,76.5,7.69,0,40,2,0,0,0.0,34,892
CSE-AIML,6,Male,Day Scholar,Night,Kinesthetic,Good,Medium,Average,Yes,Yes,Not Started,151,249,285,348,89.7,67.0,6.79,0,32,8,4,0,3.0,178,1231
CSE-AIML,4,Other,Hostel,Night,Visual,Average,Medium,Good,No,No,Not Started,123,552,157,610,51.6,53.0,5.62,3,25,1,0,1,0.0,230,1201
CSE-DS,5,Male,Day Scholar,Night,Visual,Average,Medium,Average,No,Yes,Not Started,347,360,175,400,91.9,80.2,8.9,0,36,2,3,1,3.0,178,1472
CSE,2,Female,Day Scholar,Night,Auditory,Good,Low,Average,No,No,Not Started,255,138,286,84,86.8,67.8,6.29,4,34,2,1,0,1.0,5,1087
CSE,8,Male,Hostel,Morning,Kinesthetic,Average,Medium,Good,No,No,Placed,275,0,164,282,98.9,75.6,8.03,0,39,7,5,1,5.0,205,1266
CSE-AIML,8,Male,Hostel,Morning,Auditory,Poor,Low,Average,No,Yes,In Progress,287,293,52,34,88.4,85.1,8.66,0,42,5,2,2,,0,996
CSE,7,Female,Day Scholar,Afternoon,Visual,Good,Medium,Good,No,No,Placed,291,306,66,0,82.5,71.5,6.88,0,32,3,2,0,4.0,31,949
CSE,7,Male,Hostel,Night,Auditory,Average,Medium,Good,No,Yes,In Progress,214,268,113,314,73.5,77.6,8.34,0,44,5,1,2,1.0,150,1193
CSE,7,Male,Hostel,Night,Auditory,Poor,Medium,Good,No,Yes,In Progress,314,36,78,221,84.2,78.7,7.97,0,41,2,2,1,5.0,136,806
CSE-DS,6,Male,Day Scholar,Night,Visual,Average,Low,Average,Yes,Yes,Not Started,221,481,183,333,69.1,66.4,6.97,0,36,6,4,1,3.0,117,958
CSE-DS,6,Male,Hostel,Afternoon,Auditory,Average,Low,Good,No,No,Not Started,76,176,306,139,80.8,73.6,7.33,0,34,7,0,2,2.0,104,1108
CSE,8,Male,Day Scholar,Night,Auditory,Poor,High,Average,No,Yes,Placed,50,334,195,298,97.5,70.2,7.34,0,37,3,2,2,3.0,249,1326
ECE,5,Male,Hostel,Night,Auditory,Average,High,Average,No,Yes,Not Started,294,124,92,0,78.9,73.5,8.17,0,35,7,0,1,4.0,80,1013
CSE,3,Female,Hostel,Morning,Auditory,Average,Low,Average,No,Yes,Not Started,211,0,128,178,91.2,81.3,8.14,0,46,2,0,1,1.0,92,1058
ECE,1,Female,Day Scholar,Morning,Kinesthetic,Good,Medium,Average,No,No,Not Started,202,198,0,439,67.0,64.6,6.99,0,38,1,0,0,0.0,24,1271
CSE,3,Male,Day Scholar,Night,Auditory,Poor,Medium,Average,No,Yes,Not Started,324,294,84,363,85.7,65.2,6.64,1,31,2,0,0,2.0,163,1305
CSE,1,Female,Day Scholar,Night,Visual,Good,Low,Good,No,No,Not Started,127,151,134,227,95.0,71.6,6.59,0,38,1,0,0,0.0,37,849
CSE,4,Male,Hostel,Afternoon,Visual,Average,Low,Good,No,No,Not Started,134,453,76,0,72.2,58.2,6.75,1,27,1,1,0,3.0,56,1119
CSE-DS,1,Female,Hostel,Afternoon,Visual,Average,Medium,Good,No,No,Not Started,383,184,125,612,75.0,78.1,8.15,0,44,0,1,0,0.0,0,942
CSE-AIML,3,Male,Day Scholar,Morning,Visual,Average,Low,Good,Yes,No,Not Started,171,207,219,212,87.7,71.0,7.39,0,35,3,0,0,1.0,75,1358
CSE-DS,8,Female,Day Scholar,Morning,Visual,Good,Medium,Good,No,No,Placed,37,502,93,483,88.6,66.0,5.74,3,37,8,2,0,4.0,484,1174
IT,4,Male,Hostel,Morning,Auditory,Poor,Medium,Good,No,Yes,Not Started,71,273,95,83,62.9,62.1,6.35,1,29,5,0,2,2.0,0,732
CSE,3,Male,Day Scholar,Afternoon,Auditory,Average,Medium,Average,No,Yes,Not Started,397,319,173,276,81.2,70.7,6.65,0,35,1,0,0,3.0,72,1163
CSE,8,Female,Hostel,Night,Auditory,Average,Medium,Good,No,No,Placed,271,319,100,84,75.7,68.6,7.14,0,32,7,1,1,2.0,51,834
CSE,4,Other,Hostel,Night,Auditory,Average,Medium,Good,Yes,No,Not Started,90,185,149,193,78.4,72.7,6.84,0,44,2,1,1,0.0,116,1034
CSE,3,Male,Day Scholar,Afternoon,Kinesthetic,Average,Medium,Good,No,No,Not Started,147,332,238,652,100.0,82.2,8.43,0,43,3,2,0,2.0,249,1216
ECE,1,Male,Hostel,Morning,Visual,Poor,Medium,Good,No,No,Not Started,110,238,0,528,75.9,62.8,6.18,0,35,0,0,0,0.0,39,970
IT,8,Female,Hostel,Morning,Auditory,Good,Medium,Good,No,No,Placed,120,127,168,167,76.1,69.4,7.34,0,34,4,6,2,1.0,215,940
CSE,2,Male,Hostel,Afternoon,Auditory,Average,High,Good,No,Yes,Not Started,288,174,70,83,76.6,72.4,7.33,0,31,2,0,0,0.0,0,1114
IT,1,Female,Day Scholar,Night,Visual,Good,High,Good,No,Yes,Not Started,73,167,128,403,98.9,71.0,7.7,0,44,0,0,0,0.0,30,1061
CSE-AIML,6,Male,Day Scholar,Afternoon,Auditory,Good,Low,Poor,Yes,No,Not Started,216,213,247,599,91.7,68.2,7.41,0,29,5,1,3,5.0,357,1286
IT,1,Male,Hostel,Morning,Kinesthetic,Poor,High,Good,No,Yes,Not Started,160,265,106,427,88.8,77.1,8.51,0,39,1,0,0,0.0,86,992
CSE,6,Male,Hostel,Morning,Auditory,Good,Medium,Good,No,Yes,Not Started,131,164,146,220,79.6,78.5,7.91,0,37,9,3,2,4.0,133,1133
CSE-AIML,1,Female,Hostel,Morning,Kinesthetic,Good,Low,Good,No,Yes,Not Started,247,132,193,264,79.2,71.9,7.3,0,28,0,2,0,0.0,76,1292
CSE-DS,1,Female,Hostel,Afternoon,Auditory,Average,Medium,Good,Yes,Yes,Not Started,133,320,94,621,95.0,72.4,7.28,0,33,2,0,0,1.0,94,994
CSE-AIML,2,Female,Hostel,Afternoon,Visual,Poor,High,Average,No,No,Not Started,215,235,160,244,78.2,61.5,6.99,0,28,2,2,0,0.0,0,1299
CSE,5,Male,Day Scholar,Morning,Kinesthetic,Poor,High,Good,Yes,No,Not Started,207,371,36,224,83.1,77.3,8.03,0,35,2,2,0,2.0,228,1099
CSE,1,Male,Day Scholar,Night,Auditory,Good,Low,Good,No,No,Not Started,277,209,132,735,93.3,78.4,8.04,0,33,1,1,0,1.0,154,1165
CSE-AIML,8,Male,Hostel,Night,Auditory,Good,Medium,Good,No,No,In Progress,238,133,244,66,84.7,74.9,7.87,0,34,3,2,0,5.0,0,948
IT,6,Female,Hostel,,Auditory,Poor,Medium,,No,Yes,Not Started,188,192,0,316,70.6,73.1,7.33,0,37,1,2,1,1.0,164,1321
IT,4,Male,Hostel,Night,Visual,Average,Medium,Poor,No,Yes,Not Started,150,298,246,107,57.0,67.3,5.97,1,35,1,0,2,3.0,29,926
ECE,2,Male,Day Scholar,Night,Kinesthetic,Good,Low,Good,Yes,Yes,Not Started,313,294,115,425,62.2,61.6,6.35,2,34,1,0,0,2.0,17,816
CSE-AIML,1,Female,Hostel,Afternoon,Visual,Good,Low,Good,No,No,Not Started,342,162,119,70,77.3,75.2,7.43,0,42,1,0,0,0.0,80,1196
CSE-AIML,2,Male,Hostel,Night,Visual,Average,Medium,Average,No,Yes,Not Started,86,129,59,187,81.8,65.1,6.5,0,32,1,0,0,0.0,19,1082
ECE,7,Male,Day Scholar,Night,Visual,Poor,Medium,Good,No,Yes,In Progress,407,77,40,120,83.4,74.4,8.0,0,38,4,2,1,3.0,21,1177
CSE,1,Male,Day Scholar,Night,Visual,Good,Low,Good,No,Yes,Not Started,161,476,139,362,82.7,66.1,7.21,0,34,0,2,0,3.0,69,1147
CSE,7,Female,Hostel,Afternoon,Auditory,Poor,Low,Good,No,No,In Progress,201,275,117,106,79.6,64.7,5.7,0,31,5,0,2,4.0,95,1039
CSE,5,Male,Hostel,Afternoon,Visual,Poor,Medium,Good,No,No,Not Started,230,346,0,293,87.9,70.5,7.05,0,31,4,4,0,0.0,193,892
CSE-AIML,4,Male,Hostel,Morning,Kinesthetic,Average,Medium,Good,No,No,Not Started,299,205,0,100,70.2,71.9,6.94,0,35,4,1,1,2.0,65,1396
IT,8,Male,Day Scholar,Morning,Auditory,Poor,High,Average,No,No,Placed,125,62,120,465,81.2,71.8,6.79,0,34,3,3,2,4.0,330,1265
ECE,4,Male,Hostel,Night,Auditory,Good,Low,Good,No,No,Not Started,280,140,140,456,88.6,72.6,7.0,0,37,1,2,0,2.0,168,1152
CSE,3,Female,Hostel,Night,Kinesthetic,Average,Medium,Good,No,Yes,Not Started,147,218,134,542,61.6,62.9,6.53,0,36,0,1,1,1.0,102,1292
CSE,6,Male,Day Scholar,Night,Auditory,Good,Low,Poor,Yes,Yes,Not Started,142,637,97,623,67.9,68.2,7.17,2,33,3,3,0,3.0,360,1247
CSE,1,Male,Hostel,Night,Visual,Average,High,Average,No,Yes,Not Started,50,362,195,312,59.2,57.8,6.25,2,31,3,1,0,0.0,28,813
ECE,2,Male,Hostel,Morning,Auditory,Poor,Medium,Good,No,No,Not Started,206,292,112,273,72.9,74.8,8.09,0,36,1,1,0,3.0,22,1131
CSE,2,Female,Hostel,Night,Visual,Average,Medium,Good,No,No,Not Started,142,148,164,271,76.4,67.2,7.19,0,32,1,0,0,1.0,43,1151
CSE,6,Male,Hostel,Morning,Kinesthetic,Poor,High,Average,No,No,In Progress,67,405,262,175,74.6,65.7,6.45,5,33,4,1,0,3.0,134,1145
CSE,7,Male,Hostel,Morning,Auditory,Good,Medium,Good,No,Yes,In Progress,387,136,105,374,77.3,76.5,7.55,0,35,6,1,1,6.0,269,1175
ECE,4,Male,Day Scholar,Morning,Auditory,Poor,High,Good,Yes,Yes,Not Started,185,315,27,358,80.8,74.0,6.4,0,34,3,0,0,4.0,136,1050
CSE,2,Female,Day Scholar,Night,Visual,Good,Medium,Good,No,No,Not Started,184,388,175,357,60.8,69.0,7.27,0,34,2,0,0,0.0,35,1227
CSE,5,Male,Day Scholar,Afternoon,Visual,Good,Low,Good,Yes,No,Not Started,182,315,75,465,82.0,76.5,7.3,0,37,2,0,1,5.0,243,1161
IT,1,Male,Day Scholar,Morning,Kinesthetic,Poor,Low,Average,No,No,Not Started,145,158,127,837,63.8,61.2,5.2,5,32,0,0,0,1.0,116,1164
IT,4,Male,Day Scholar,Morning,Auditory,Good,High,Poor,Yes,Yes,Not Started,227,409,124,318,85.7,77.4,7.32,0,40,4,3,0,5.0,71,675
CSE,4,Male,Day Scholar,Night,Auditory,Good,Low,Average,No,Yes,Not Started,195,426,109,641,78.2,62.6,6.62,0,31,1,0,0,1.0,233,1126
ECE,5,Male,Hostel,Morning,Kinesthetic,Poor,High,Good,No,No,Not Started,216,91,192,474,66.1,68.5,6.86,0,31,7,0,1,2.0,245,1339
CSE,5,Male,Day Scholar,Night,Visual,Good,Medium,Average,Yes,No,Not Started,233,148,175,288,89.2,76.7,7.78,1,32,6,0,0,1.0,114,1114
CSE-DS,5,Female,Day Scholar,Night,Auditory,Average,Medium,Average,No,No,Not Started,324,306,214,430,100.0,81.9,8.73,0,39,1,1,0,1.0,211,1316
CSE-AIML,8,Male,Day Scholar,,Visual,Poor,Low,Average,Yes,No,In Progress,251,484,240,549,94.5,71.3,6.99,1,31,5,2,1,7.0,416,1270
CSE-AIML,4,Female,Hostel,Night,Auditory,Poor,High,Good,No,No,Not Started,61,221,157,532,86.9,72.9,6.86,0,36,3,0,0,1.0,333,1183
CSE,6,Female,Hostel,Afternoon,Kinesthetic,Poor,Medium,Average,Yes,No,Not Started,215,354,66,231,100.0,81.2,8.41,0,41,4,1,3,1.0,156,1074
CSE-AIML,8,Male,Day Scholar,Morning,Kinesthetic,Good,Medium,Good,Yes,No,Placed,212,228,90,0,71.1,71.5,7.22,0,35,6,5,0,0.0,0,1107
CSE,7,Male,Hostel,Morning,Kinesthetic,Good,Low,Average,No,No,In Progress,256,0,127,505,82.0,80.9,7.47,0,43,5,1,0,3.0,322,1329
IT,8,Male,Hostel,Night,Visual,Poor,Low,Good,Yes,No,Placed,26,444,140,167,78.8,70.5,7.25,1,36,10,1,3,5.0,119,1075
ECE,5,Male,Day Scholar,Night,Auditory,Good,Low,Good,No,Yes,Not Started,374,330,224,420,76.4,71.4,6.86,0,37,6,0,0,2.0,138,1371
ECE,7,Male,Day Scholar,Night,Visual,Poor,High,Good,No,Yes,In Progress,123,0,71,261,93.3,75.4,8.1,0,40,6,3,5,0.0,191,1036
ECE,7,Male,Hostel,Night,Auditory,Average,Medium,Good,No,Yes,Placed,220,333,128,433,58.1,68.4,6.9,0,31,6,3,0,5.0,322,1260
ECE,5,Male,Hostel,Morning,Visual,Average,High,Good,No,No,Not Started,95,63,93,530,68.6,56.5,5.18,3,29,6,4,3,2.0,187,1325
IT,7,Female,Hostel,Night,Kinesthetic,Average,Low,Good,Yes,Yes,Placed,160,416,257,653,82.1,70.0,6.24,1,36,3,0,1,3.0,428,1190
CSE,3,Male,Hostel,Night,Auditory,Good,Low,Average,No,No,Not Started,196,244,140,309,92.1,76.9,7.39,0,40,7,1,0,5.0,55,1223
CSE,6,Male,Hostel,Night,Auditory,Poor,High,Good,No,No,In Progress,24,191,230,640,64.6,56.7,6.11,2,30,5,2,2,2.0,398,843
CSE,4,Male,Day Scholar,Morning,Kinesthetic,Good,Medium,Average,No,Yes,Not Started,333,227,216,481,96.3,81.5,8.27,0,41,5,3,0,4.0,301,1212
CSE-AIML,7,Male,Day Scholar,Morning,Auditory,Poor,Medium,Good,No,Yes,In Progress,188,238,286,331,84.7,65.0,6.51,2,36,10,5,2,5.0,196,1113
CSE,1,Male,Hostel,Night,Kinesthetic,Average,Medium,Good,No,Yes,Not Started,151,238,39,546,93.9,80.3,8.37,0,44,2,0,0,1.0,7,994
ECE,1,Female,Hostel,Night,Visual,Poor,High,Good,Yes,No,Not Started,308,117,0,389,100.0,86.2,8.89,0,39,0,0,0,1.0,44,1013
ECE,2,Male,Day Scholar,Night,Visual,Average,Medium,,No,Yes,Not Started,235,252,0,174,73.1,72.1,6.94,0,28,3,0,0,2.0,0,943
IT,5,Male,Hostel,Night,Kinesthetic,Good,Low,Good,No,No,Not Started,192,333,35,315,84.8,71.0,6.5,2,38,5,3,2,4.0,142,1242
CSE-DS,3,Female,Hostel,Night,Kinesthetic,Good,Low,,No,Yes,Not Started,152,73,0,317,56.1,58.7,5.98,2,33,4,2,1,3.0,78,899
CSE-DS,3,Female,Day Scholar,Night,Auditory,Good,Medium,Good,No,No,Not Started,5,395,189,463,75.4,58.4,6.51,0,31,1,1,1,1.0,137,1131
CSE-AIML,2,Male,Hostel,Night,Kinesthetic,Good,Low,Average,No,Yes,Not Started,0,272,105,395,70.4,61.8,6.04,4,31,0,0,0,0.0,32,917
CSE-AIML,2,Male,Hostel,Night,Visual,Good,Low,,No,No,Not Started,95,158,0,231,86.6,70.7,6.83,0,30,2,1,0,1.0,131,1086
CSE-AIML,5,Female,Hostel,Night,Auditory,Average,Low,Average,No,Yes,Not Started,265,121,223,28,87.1,70.6,6.47,1,40,9,3,1,1.0,43,1039
CSE,5,Male,Hostel,Afternoon,Visual,Good,Low,Good,No,No,Not Started,196,173,74,0,97.1,77.8,7.71,0,36,4,4,0,1.0,123,1067
CSE-AIML,2,Male,Day Scholar,Morning,Kinesthetic,Average,Medium,Poor,No,No,Not Started,181,219,235,286,73.2,70.4,7.58,0,40,0,0,0,0.0,97,1071
CSE-AIML,6,Male,Hostel,Night,Visual,Average,Medium,Good,No,No,In Progress,333,242,0,340,70.2,77.1,7.72,0,34,6,2,2,4.0,149,1162
CSE,1,Female,Hostel,Afternoon,Auditory,Average,Low,Good,No,No,Not Started,159,362,0,0,72.4,54.9,5.38,2,28,1,0,0,1.0,60,1223
IT,6,Male,Day Scholar,Night,Visual,Good,Medium,Poor,No,Yes,In Progress,397,307,55,358,73.8,75.9,7.67,0,39,4,3,3,3.0,167,1470
ECE,3,Male,Day Scholar,Night,Kinesthetic,Average,Low,Good,No,Yes,Not Started,41,161,0,0,77.6,54.1,4.55,2,21,0,2,0,2.0,39,1239
ECE,2,Female,Hostel,Night,Visual,Poor,High,Good,No,Yes,Not Started,67,216,32,416,70.0,60.2,6.48,3,31,3,1,0,0.0,94,913
CSE,7,Male,Hostel,Morning,Kinesthetic,Poor,Medium,Average,No,Yes,In Progress,220,251,112,242,61.6,66.9,5.8,0,30,7,3,3,4.0,81,1073
IT,1,Male,Day Scholar,Night,Visual,Average,Medium,Average,No,No,Not Started,146,81,110,523,87.6,74.7,8.08,0,35,2,0,0,0.0,0,985
CSE-DS,4,Male,Hostel,Night,Auditory,Average,Medium,Average,Yes,No,Not Started,170,67,275,0,71.9,69.6,6.38,2,32,4,0,0,3.0,57,971
CSE-DS,6,Female,Day Scholar,Night,Kinesthetic,Average,Medium,Good,Yes,No,Not Started,39,211,203,126,65.3,61.5,6.56,0,31,1,0,0,2.0,64,1184
CSE-DS,4,Female,Hostel,Night,Kinesthetic,Poor,High,Poor,No,Yes,Not Started,235,105,72,319,86.0,78.2,6.94,2,40,2,1,0,2.0,127,968
CSE-AIML,2,Male,Hostel,Night,Kinesthetic,Average,Medium,Good,No,Yes,Not Started,113,209,0,141,78.8,67.6,7.34,0,32,1,0,0,2.0,0,927
CSE,1,Male,Hostel,Morning,Visual,Average,Medium,Good,No,Yes,Not Started,314,365,209,49,86.8,69.3,6.97,0,35,0,0,0,2.0,40,985
ECE,8,Female,Hostel,Morning,Visual,Good,Medium,Good,No,No,Placed,114,293,234,354,76.0,55.6,5.37,1,27,4,3,0,3.0,271,906
CSE,7,Male,Day Scholar,Night,Kinesthetic,Good,Low,Average,No,No,Placed,88,23,155,0,79.5,69.8,6.8,0,31,5,2,1,3.0,8,870
CSE-AIML,4,Female,Day Scholar,,Kinesthetic,Good,Medium,Good,No,No,Not Started,230,135,0,127,82.6,78.5,7.18,0,38,6,1,1,1.0,0,809
CSE,3,Male,Day Scholar,Morning,Kinesthetic,Good,Medium,Poor,Yes,Yes,Not Started,257,356,69,204,71.8,72.5,6.67,0,36,2,2,1,6.0,22,952
CSE,7,Female,Hostel,Night,Kinesthetic,Average,High,Good,No,No,In Progress,46,242,409,261,100.0,73.5,6.93,0,33,5,3,2,3.0,212,1267
CSE-DS,8,Female,Day Scholar,Night,Auditory,Average,Medium,Poor,Yes,Yes,Placed,229,14,186,351,89.1,77.1,7.34,0,38,4,3,3,2.0,172,1228
IT,6,Female,Hostel,Night,Visual,Average,Low,Average,Yes,No,Not Started,216,292,186,646,69.6,67.6,6.9,2,41,8,2,2,5.0,429,976
CSE,4,Female,Hostel,Night,Auditory,Average,Medium,Good,No,No,Not Started,304,265,119,583,100.0,84.5,9.09,0,41,6,2,0,2.0,236,1067
CSE-AIML,8,Female,Day Scholar,Night,Kinesthetic,Poor,High,Good,No,No,Placed,373,228,222,289,61.5,69.0,6.56,2,31,7,3,0,1.0,260,1354
ECE,2,Female,Day Scholar,Night,Visual,Good,Low,Average,No,Yes,Not Started,255,195,115,474,74.7,67.5,6.71,0,33,1,1,0,1.0,127,1046
CSE,6,Male,Day Scholar,Morning,Auditory,Average,Medium,Good,No,No,In Progress,218,14,6,211,67.7,67.3,7.27,0,40,5,3,2,1.0,212,903
CSE,3,Female,Hostel,Night,Kinesthetic,Average,Medium,Average,Yes,No,Not Started,11,173,180,342,79.4,55.2,5.48,2,23,1,3,0,1.0,66,775
CSE-AIML,8,Female,Hostel,Afternoon,Auditory,Average,Low,Average,No,Yes,Placed,204,379,76,130,77.3,73.9,7.77,0,36,6,3,4,1.0,140,1107
CSE,5,Female,Hostel,Morning,Auditory,Average,Medium,Poor,Yes,No,Not Started,111,426,217,412,93.6,68.0,6.9,1,34,6,0,0,0.0,275,1274
IT,5,Female,Day Scholar,Night,Visual,Good,Medium,Average,No,No,Not Started,205,32,94,234,72.0,70.8,6.52,0,35,4,1,3,1.0,146,1192
IT,5,Male,Day Scholar,Night,Auditory,Good,Low,Average,No,No,Not Started,129,327,261,467,75.6,73.2,7.61,0,29,5,3,0,1.0,223,1108
ECE,7,Female,Day Scholar,Afternoon,Kinesthetic,Average,Medium,Good,No,No,In Progress,42,368,148,0,85.2,74.0,7.47,0,43,1,0,1,0.0,119,864
CSE,6,Male,Hostel,Morning,Auditory,Good,Low,Good,Yes,Yes,Not Started,214,354,158,210,74.7,66.6,6.24,2,32,6,2,0,2.0,218,1324
IT,7,Female,Hostel,Night,Auditory,Good,Medium,Average,No,Yes,In Progress,200,326,169,742,81.6,72.3,6.91,0,33,9,2,1,3.0,510,1259
CSE,7,Female,Day Scholar,Night,Kinesthetic,Poor,Medium,Average,No,No,Placed,285,282,67,721,75.8,66.6,7.0,0,34,8,2,1,3.0,540,1163
CSE-DS,2,Female,Hostel,Night,Auditory,Good,Medium,Average,No,Yes,Not Started,210,162,308,202,86.6,69.7,6.07,3,31,2,0,0,0.0,10,891
CSE-DS,7,Male,Day Scholar,Night,Auditory,Good,Medium,Average,No,No,In Progress,192,339,0,441,80.1,65.7,6.44,5,33,10,5,3,1.0,266,1363
CSE,6,Male,Day Scholar,Morning,Kinesthetic,Average,Medium,Good,No,Yes,Not Started,242,159,57,0,87.5,75.8,7.2,0,43,7,2,1,3.0,0,933
CSE-AIML,5,Female,Day Scholar,Night,Kinesthetic,Poor,Low,Average,No,Yes,Not Started,291,283,296,712,74.5,74.9,7.31,1,35,5,1,0,2.0,336,1043
CSE,1,Male,Hostel,Night,Visual,Poor,High,Good,Yes,No,Not Started,228,232,37,106,73.8,72.7,7.82,0,41,0,0,0,1.0,5,1070
CSE,4,Female,Hostel,Morning,Kinesthetic,Good,Low,Average,No,No,Not Started,61,293,106,582,81.5,68.5,7.25,0,37,3,2,0,1.0,231,1096
CSE,1,Male,Day Scholar,Morning,Auditory,Good,Low,Average,Yes,No,Not Started,335,227,5,240,97.9,74.6,7.23,1,37,2,0,0,0.0,43,1129
CSE-AIML,1,Male,Hostel,Night,Kinesthetic,Poor,High,Good,No,No,Not Started,234,318,19,367,77.0,84.3,8.34,0,41,0,1,0,1.0,87,1229
CSE-DS,3,Female,Hostel,Afternoon,Visual,Good,Low,Poor,No,Yes,Not Started,253,317,254,110,63.8,78.3,7.66,0,43,1,0,0,1.0,64,1055
CSE-DS,1,Male,Hostel,Morning,Auditory,Poor,Low,Average,No,No,Not Started,223,474,96,87,74.1,62.2,6.59,0,24,0,0,0,1.0,0,897
ECE,2,Female,Hostel,Afternoon,Kinesthetic,Average,Medium,Good,No,No,Not Started,287,170,0,223,73.3,69.3,7.42,0,35,0,1,0,2.0,110,1204
CSE-DS,6,Female,Day Scholar,Morning,Visual,Poor,High,Good,No,Yes,Not Started,181,385,164,416,88.6,73.9,7.79,0,33,1,2,0,4.0,284,1202
IT,8,Male,Hostel,Night,Visual,Average,Low,Good,No,No,Placed,166,417,60,196,79.2,68.0,6.85,0,31,10,3,5,4.0,168,921
CSE,3,Female,Day Scholar,Night,Auditory,Poor,Low,Good,No,No,Not Started,227,149,153,88,59.0,67.7,6.89,0,32,1,0,1,4.0,86,1342
IT,2,Male,Hostel,Night,Kinesthetic,Poor,High,Good,No,Yes,Not Started,192,157,68,628,67.7,59.7,6.5,4,26,0,0,0,1.0,108,1232
CSE-AIML,6,Female,Day Scholar,Morning,Auditory,Good,Low,Average,No,Yes,Not Started,92,267,0,343,75.3,53.2,6.3,0,25,5,1,1,4.0,222,1021
IT,7,Female,Day Scholar,Night,Auditory,Average,Low,Average,No,Yes,In Progress,57,262,213,448,60.4,56.9,6.03,4,31,9,0,0,7.0,324,1105
CSE-AIML,1,Female,Day Scholar,Night,Kinesthetic,Good,Medium,Good,No,No,Not Started,21,465,203,665,99.8,80.9,8.32,0,43,0,1,0,0.0,76,986
CSE-DS,7,Male,Day Scholar,Night,Kinesthetic,Poor,High,Good,No,Yes,In Progress,173,176,57,483,83.0,69.4,7.6,2,32,3,4,1,3.0,408,1002
CSE,1,Female,Day Scholar,Morning,Kinesthetic,Average,Medium,Good,No,No,Not Started,121,133,210,395,81.6,67.5,6.77,0,33,0,0,0,1.0,0,830
CSE,8,Male,Hostel,Afternoon,Kinesthetic,Good,Low,Good,No,No,In Progress,190,234,29,565,80.0,69.1,7.77,0,40,6,2,0,6.0,521,1313
IT,5,Male,Hostel,Night,Visual,Average,Medium,Average,No,Yes,Not Started,206,322,62,308,100.0,84.0,8.46,0,47,4,3,0,0.0,142,1026
CSE,6,Male,Day Scholar,Night,Kinesthetic,Good,Low,Good,No,Yes,Not Started,159,258,111,164,76.6,66.3,6.43,3,32,4,3,1,3.0,91,885
CSE,1,Female,Hostel,Afternoon,Kinesthetic,Good,Medium,Average,No,No,Not Started,181,37,0,536,86.8,73.6,6.54,0,40,1,0,0,0.0,157,1307
ECE,5,Female,Hostel,Night,Kinesthetic,Average,Medium,Good,No,Yes,Not Started,267,123,206,259,88.6,82.6,8.92,0,43,6,3,0,2.0,23,1041
CSE-DS,2,Male,Day Scholar,Afternoon,Kinesthetic,Poor,High,Average,No,No,Not Started,120,308,270,609,81.2,68.1,7.15,0,32,3,0,0,1.0,159,1439
CSE,8,Male,Hostel,Morning,Visual,Good,Medium,Good,No,No,In Progress,231,268,0,368,77.7,80.0,7.65,0,44,7,3,5,3.0,343,1248
IT,4,Male,Hostel,Morning,Visual,Average,Medium,Good,No,No,Not Started,299,250,134,0,93.8,82.1,8.32,0,44,3,0,0,3.0,0,1213
CSE-AIML,3,Male,Hostel,Morning,Kinesthetic,Poor,High,Good,No,No,Not Started,202,120,183,628,67.5,58.9,6.59,0,29,2,1,1,2.0,120,1036
CSE-AIML,3,Male,Hostel,Night,Auditory,Good,Low,Average,No,Yes,Not Started,237,114,159,222,100.0,76.3,8.2,0,40,1,2,0,3.0,45,1118
CSE,5,Female,Hostel,Morning,Visual,Poor,High,Average,No,No,Not Started,152,85,198,281,100.0,74.9,7.25,0,38,7,1,1,2.0,126,1083
CSE-AIML,1,Female,Hostel,Morning,Kinesthetic,Poor,Low,Good,No,No,Not Started,71,175,347,381,95.3,66.5,7.44,0,31,0,0,0,0.0,0,765
CSE,4,Male,Hostel,Afternoon,Kinesthetic,Poor,Medium,Average,No,Yes,Not Started,100,363,143,444,84.9,65.4,7.31,0,28,2,1,1,4.0,130,971
CSE,4,Male,Hostel,Night,Auditory,Poor,Medium,Good,Yes,Yes,Not Started,140,127,215,121,83.6,74.2,8.05,0,35,1,2,1,1.0,110,1008
CSE-AIML,6,Male,Day Scholar,Night,Kinesthetic,Average,Low,Good,No,No,Not Started,77,214,128,314,70.0,60.6,5.46,0,30,5,2,0,2.0,171,1140
CSE-DS,3,Male,Hostel,Afternoon,Auditory,Average,High,Average,No,Yes,Not Started,199,189,127,24,99.0,69.4,7.07,0,43,2,0,1,1.0,31,992
IT,6,Male,Hostel,Afternoon,Visual,Average,Medium,Average,Yes,Yes,Not Started,253,357,131,206,70.8,78.5,8.45,0,39,7,2,1,5.0,133,1280
CSE,2,Male,Hostel,Morning,Auditory,Average,Low,Good,No,Yes,Not Started,123,207,13,485,97.5,75.2,7.53,0,39,3,0,0,1.0,0,1136
CSE,2,Female,Hostel,Morning,Kinesthetic,Poor,High,Good,Yes,Yes,Not Started,227,159,197,480,81.7,69.8,7.18,0,34,3,0,0,2.0,76,934
CSE-AIML,2,Male,Hostel,Night,Auditory,Good,Low,Good,No,No,Not Started,316,135,253,177,55.8,65.9,6.72,0,28,1,0,0,0.0,122,1040
CSE-DS,3,Male,Day Scholar,Afternoon,Auditory,Average,Medium,Average,No,No,Not Started,108,239,113,543,94.3,76.8,6.15,1,38,3,0,0,0.0,229,1179
CSE-AIML,7,Female,Hostel,Afternoon,Kinesthetic,Good,Low,Average,Yes,Yes,In Progress,299,39,189,428,88.1,79.3,8.35,0,43,4,1,3,2.0,252,904
IT,2,Male,Hostel,Afternoon,Auditory,Average,High,Good,No,No,Not Started,28,66,81,307,77.7,64.7,6.43,1,29,2,0,0,1.0,72,996
CSE-AIML,6,Female,Hostel,,Kinesthetic,Poor,High,Good,No,Yes,Not Started,173,97,204,50,70.1,60.7,5.75,1,29,5,2,0,6.0,22,761
CSE,5,Female,Hostel,Afternoon,Auditory,Average,Medium,Good,No,No,Not Started,194,236,64,684,100.0,71.9,6.55,1,37,9,1,1,3.0,262,866
CSE-AIML,7,Female,Hostel,Morning,Kinesthetic,Average,Medium,Good,No,No,Placed,222,0,65,593,66.7,65.3,6.17,0,34,5,1,0,6.0,401,1237
CSE-DS,8,Male,Hostel,Night,Auditory,Average,Medium,Good,No,No,In Progress,19,209,332,178,82.0,60.2,5.58,4,28,7,2,1,8.0,180,1094
CSE-AIML,1,Male,Day Scholar,Night,Auditory,Average,High,Average,No,Yes,Not Started,179,339,120,412,82.2,65.7,7.0,0,35,2,2,0,0.0,125,1177
IT,1,Male,Day Scholar,Night,Kinesthetic,Good,Medium,Good,No,No,Not Started,297,173,348,232,72.9,63.1,6.15,2,29,2,0,0,1.0,78,1082
CSE,6,Female,Day Scholar,Morning,Visual,Good,Low,Good,No,No,Not Started,166,407,170,173,90.2,78.4,7.87,0,35,6,1,1,7.0,180,1188
CSE,5,Male,Hostel,Night,Visual,Poor,Medium,Good,No,No,Not Started,207,17,194,458,75.7,69.7,6.39,0,33,7,2,0,2.0,298,1063
CSE-AIML,8,Male,Hostel,,Kinesthetic,Good,Medium,Good,Yes,No,Placed,140,499,55,487,87.3,77.3,7.81,0,35,12,3,1,1.0,422,1372
CSE-AIML,7,Male,Day Scholar,Night,Auditory,Average,Medium,Good,No,No,Placed,225,213,137,198,62.9,61.7,5.6,1,24,6,3,5,5.0,168,1361
CSE-AIML,5,Male,Day Scholar,Night,Visual,Good,Medium,Good,No,Yes,Not Started,32,385,160,231,62.6,50.9,5.06,3,32,7,4,2,3.0,37,1219
CSE-DS,7,Male,Hostel,Night,Auditory,Poor,High,Good,Yes,Yes,In Progress,236,355,226,66,100.0,78.8,7.05,0,40,10,3,2,6.0,0,1008
CSE,1,Female,Hostel,Morning,Kinesthetic,Average,Low,Poor,No,Yes,Not Started,260,314,175,439,99.0,79.2,7.88,0,43,2,0,0,0.0,98,1104
CSE,8,Male,Hostel,Night,Auditory,Average,Medium,Average,No,No,Placed,192,386,113,233,74.6,66.1,6.19,1,33,5,8,1,4.0,146,1245
ECE,1,Female,Hostel,Morning,Auditory,Poor,Medium,Good,No,No,Not Started,59,182,119,180,90.6,62.8,6.43,2,31,1,0,0,1.0,21,911
CSE-DS,6,Male,Hostel,Morning,Auditory,Poor,Medium,,No,No,Not Started,210,68,178,0,92.1,64.5,6.33,1,25,3,2,1,5.0,43,1183
IT,7,Female,Hostel,Night,Visual,Average,Medium,Good,No,No,In Progress,397,283,102,682,52.1,72.2,7.16,0,38,6,0,3,3.0,403,899
ECE,6,Female,Hostel,Night,Auditory,Average,High,Average,No,Yes,In Progress,270,260,0,328,75.6,72.3,7.99,0,36,4,1,2,2.0,228,1092
ECE,5,Male,Hostel,Night,Visual,Good,High,Average,No,No,Not Started,285,106,32,182,87.5,75.1,7.09,0,36,5,2,0,3.0,61,1164
CSE-DS,1,Female,Day Scholar,Afternoon,Kinesthetic,Poor,Medium,Average,No,No,Not Started,132,255,49,498,69.4,69.2,6.51,0,36,0,0,0,0.0,32,1000
CSE,7,Male,Hostel,Afternoon,Kinesthetic,Average,Medium,Good,No,No,Placed,206,433,53,250,85.6,71.7,6.83,0,39,4,2,2,2.0,144,963
CSE,7,Female,Hostel,Night,Kinesthetic,Good,Low,Average,No,No,In Progress,236,324,55,577,83.1,72.6,6.8,0,36,8,1,3,,397,1329
ECE,1,Male,Day Scholar,Afternoon,Auditory,Average,Low,Average,No,No,Not Started,126,92,184,189,88.5,66.6,5.78,1,34,0,0,0,1.0,137,951
CSE-DS,4,Male,Day Scholar,Afternoon,Auditory,Average,High,Good,No,No,Not Started,132,94,0,406,100.0,70.1,7.62,0,35,3,1,0,3.0,216,1298
CSE,6,Female,Day Scholar,Night,Visual,Average,Medium,Good,No,No,Not Started,114,14,187,22,67.2,66.1,6.21,4,36,4,1,2,1.0,0,1132
ECE,5,Female,Hostel,Night,Kinesthetic,Good,Low,Good,Yes,No,Not Started,163,76,83,145,91.6,66.4,6.14,3,31,4,0,2,0.0,1,1026
CSE,8,Male,Hostel,Morning,Visual,Average,Medium,Average,No,No,In Progress,101,280,198,355,72.7,62.7,6.11,1,26,3,0,5,0.0,276,1124
CSE,3,Female,Hostel,Night,Auditory,Average,Medium,Average,Yes,No,Not Started,249,274,154,494,74.0,66.7,6.08,0,31,4,1,0,1.0,147,949
ECE,3,Female,Day Scholar,Night,Auditory,Poor,Low,Good,No,No,Not Started,82,263,11,522,82.2,66.7,6.13,3,34,0,1,0,0.0,191,1359
ECE,1,Female,Hostel,Night,Kinesthetic,Average,Low,Good,No,Yes,Not Started,91,263,163,638,96.3,67.3,6.47,2,35,4,1,0,2.0,87,1135
IT,1,Male,Day Scholar,Afternoon,Visual,Average,Low,Good,No,No,Not Started,246,325,215,125,73.8,76.1,6.59,0,39,0,0,0,0.0,106,1015
IT,6,Female,Day Scholar,Afternoon,Auditory,Poor,High,Good,Yes,No,Not Started,158,484,0,394,72.0,72.6,8.01,0,38,5,1,1,4.0,135,1015
ECE,7,Male,Hostel,Night,Visual,Poor,High,Good,No,Yes,In Progress,330,197,73,187,97.3,75.9,7.81,0,39,4,3,0,0.0,116,838
CSE,7,Female,Day Scholar,Morning,Visual,Good,Low,Average,No,No,Placed,73,179,219,0,90.2,57.6,5.38,0,27,5,1,2,2.0,0,1077
CSE,2,Male,Hostel,Afternoon,Auditory,Average,Medium,Good,No,Yes,Not Started,248,262,128,0,79.4,70.8,6.51,0,35,0,1,0,0.0,90,989
IT,6,Male,Hostel,Morning,Visual,Good,Medium,Good,No,Yes,In Progress,296,277,83,417,80.2,75.7,7.45,0,37,8,3,2,5.0,260,925
ECE,6,Male,Hostel,Afternoon,Kinesthetic,Average,Medium,Good,No,No,In Progress,307,337,118,83,79.8,78.6,8.43,0,40,3,0,0,0.0,4,1083
IT,4,Male,Hostel,Morning,Auditory,Average,Medium,Good,No,Yes,Not Started,280,378,30,250,94.0,77.6,8.46,0,42,3,2,0,1.0,49,911
CSE,7,Male,Hostel,Morning,Visual,Poor,Medium,Average,No,No,Placed,237,228,188,234,72.5,66.0,6.32,1,32,4,1,2,6.0,175,1019
CSE-DS,6,Female,Day Scholar,Afternoon,Auditory,Average,Medium,Good,No,No,Not Started,217,387,71,180,72.0,82.0,7.98,0,38,3,2,1,5.0,259,988
CSE,7,Female,Hostel,Afternoon,Visual,Average,Medium,Good,No,Yes,In Progress,215,374,113,463,62.7,69.6,6.57,0,33,5,1,4,4.0,297,1432
CSE,1,Female,Day Scholar,Night,Visual,Poor,High,Average,No,Yes,Not Started,219,238,214,398,90.6,80.4,8.24,0,40,0,0,0,1.0,56,1195
CSE,7,Female,Day Scholar,Morning,Kinesthetic,Average,Medium,Good,No,Yes,In Progress,171,194,135,370,95.4,68.5,7.79,0,26,8,3,0,3.0,254,679
CSE-AIML,5,Female,Hostel,Night,Auditory,Poor,Medium,Good,No,Yes,Not Started,50,284,19,306,97.0,78.3,7.81,0,40,3,3,0,2.0,122,1213
CSE-DS,6,Male,Hostel,Night,Visual,Average,Medium,Average,No,No,In Progress,122,237,27,187,77.8,61.3,6.2,2,33,3,2,1,5.0,140,1150
CSE-AIML,6,Female,Hostel,Morning,Visual,Poor,Medium,Average,No,Yes,Not Started,99,24,99,345,73.1,66.1,7.17,0,31,4,3,1,3.0,141,898
CSE-DS,7,Female,Hostel,Night,Visual,Average,Medium,Good,No,No,Placed,331,252,76,225,77.3,77.2,7.85,0,37,4,1,1,2.0,169,1073
IT,2,Male,Day Scholar,Night,Auditory,Poor,Medium,Average,No,Yes,Not Started,177,252,175,407,86.9,64.2,6.34,1,32,4,0,0,1.0,101,973
CSE,2,Female,Hostel,Afternoon,Visual,Good,Medium,Average,No,Yes,Not Started,363,310,0,203,100.0,85.4,8.66,0,42,1,0,0,1.0,116,1076
ECE,3,Male,Hostel,Morning,Auditory,Poor,High,Good,No,No,Not Started,199,164,329,1,61.2,67.2,6.95,0,34,1,2,0,1.0,7,990
CSE,7,Female,Hostel,Night,Visual,Average,Medium,Average,No,No,In Progress,208,76,98,423,83.2,68.2,7.25,0,37,7,2,2,5.0,315,938
CSE,2,Female,Hostel,Morning,Auditory,Average,Medium,Poor,No,Yes,Not Started,167,346,1,0,96.2,82.1,8.47,0,37,0,0,0,0.0,50,907
CSE,2,Male,Hostel,Afternoon,Auditory,Average,Low,Average,No,No,Not Started,237,448,179,360,83.6,74.1,7.52,0,36,3,1,0,0.0,17,867
CSE,7,Female,Hostel,Night,Auditory,Average,High,Good,No,Yes,In Progress,216,343,212,688,80.0,71.4,5.99,3,34,2,2,3,3.0,500,1280
CSE,2,Female,Hostel,Morning,Kinesthetic,Average,Low,Good,No,Yes,Not Started,158,142,212,201,69.7,66.1,7.36,0,30,0,1,0,0.0,21,952
IT,3,Other,Day Scholar,Night,Auditory,Good,Medium,Good,No,Yes,Not Started,116,143,96,432,100.0,75.2,7.77,0,35,5,1,0,0.0,141,1236
IT,7,Female,Hostel,Night,Kinesthetic,Poor,Medium,Good,No,No,In Progress,253,161,48,0,94.0,74.4,7.57,0,38,4,2,0,3.0,139,869
IT,6,Female,Hostel,Night,Kinesthetic,Poor,Medium,Good,No,Yes,Not Started,196,112,101,28,41.7,57.8,6.12,0,32,7,3,2,2.0,22,765
IT,6,Male,Hostel,Morning,Visual,Poor,Medium,Good,No,No,Not Started,288,66,0,200,64.8,75.6,7.2,0,34,4,2,2,6.0,120,1076
CSE-DS,4,Female,Hostel,Afternoon,Visual,Average,Medium,Good,No,No,Not Started,85,282,40,549,65.0,62.5,5.88,1,29,2,1,3,2.0,197,856
CSE,6,Male,Hostel,Night,Auditory,Good,Low,Average,Yes,No,Not Started,100,179,74,189,71.0,69.7,7.07,0,30,3,0,0,1.0,170,1014
IT,5,Female,Hostel,Night,Auditory,Good,Low,Average,No,No,Not Started,233,332,52,376,59.4,65.4,6.85,0,34,2,3,0,3.0,235,1154
CSE,2,Male,Day Scholar,Night,Visual,Poor,Medium,Poor,No,Yes,Not Started,306,258,146,387,85.6,85.1,7.74,0,43,1,0,0,2.0,0,1082
CSE,1,Male,Day Scholar,Night,Kinesthetic,Good,Medium,Good,Yes,No,Not Started,131,326,82,163,71.1,66.1,6.07,2,32,1,0,0,0.0,14,1185
CSE-AIML,4,Male,Day Scholar,Night,Auditory,Poor,Medium,Good,No,No,Not Started,386,376,99,64,67.1,77.3,8.05,0,36,4,2,0,0.0,138,1026
CSE,1,Female,Hostel,Night,Visual,Average,Medium,Average,No,Yes,Not Started,123,198,179,554,91.4,71.2,7.03,0,33,0,0,0,1.0,63,942
CSE-AIML,8,Male,Hostel,Morning,Visual,Good,Medium,Good,No,Yes,In Progress,118,103,16,387,85.2,71.5,6.83,0,38,12,5,3,8.0,293,1254
IT,4,Male,Hostel,Morning,Visual,Average,High,Poor,No,No,Not Started,100,94,51,125,68.7,61.1,6.2,4,30,3,0,0,3.0,40,979
CSE,3,Female,Hostel,Night,Auditory,Poor,High,Good,No,Yes,Not Started,273,259,0,0,96.8,78.4,8.16,0,42,2,0,0,0.0,0,942
CSE-DS,5,Female,Hostel,Night,Visual,Poor,Low,Good,Yes,Yes,Not Started,162,270,97,211,94.7,71.1,6.81,0,33,4,1,0,3.0,134,1014
CSE,7,Female,Day Scholar,Night,Visual,Average,Medium,Good,No,No,Placed,62,379,62,56,66.1,63.2,6.39,0,32,6,3,0,6.0,0,1024
CSE,6,Female,Day Scholar,Morning,Auditory,Poor,High,Good,Yes,Yes,Not Started,240,208,193,88,88.0,68.7,6.51,1,34,5,2,0,3.0,52,948
CSE,6,Male,Hostel,Afternoon,Kinesthetic,Good,Medium,Good,No,Yes,Not Started,197,349,122,612,74.2,63.6,6.45,2,32,2,3,1,2.0,410,1193
ECE,5,Male,Day Scholar,Morning,Visual,Good,Low,Good,No,No,Not Started,189,394,127,57,75.7,69.2,6.98,0,33,4,2,1,3.0,67,745
CSE-DS,3,Female,Hostel,Night,Auditory,Average,Medium,Good,No,No,Not Started,156,273,75,487,95.1,71.1,7.49,0,31,3,1,0,1.0,203,1173
IT,2,Male,Hostel,Morning,Kinesthetic,Poor,Medium,Good,No,No,Not Started,140,263,73,224,75.9,70.5,6.48,0,33,0,0,0,2.0,127,929
CSE-AIML,6,Female,Hostel,Afternoon,Auditory,Average,Medium,Good,No,No,Not Started,250,47,218,315,75.4,75.1,8.18,0,33,4,3,2,3.0,270,912
CSE,1,Male,Day Scholar,Morning,Kinesthetic,Average,High,Good,Yes,Yes,Not Started,201,148,72,0,97.4,75.0,7.53,0,36,0,0,0,1.0,0,994
CSE,4,Female,Day Scholar,Night,Visual,Poor,High,Average,No,No,Not Started,28,264,89,521,50.8,53.7,5.52,4,31,6,1,1,2.0,187,1441
IT,2,Male,Hostel,Night,Auditory,Poor,Medium,Good,Yes,No,Not Started,130,239,145,197,75.9,64.3,7.1,1,31,4,2,0,0.0,49,991
CSE-DS,1,Male,Day Scholar,Morning,Kinesthetic,Average,Medium,Good,No,No,Not Started,210,137,11,22,100.0,79.3,7.97,0,43,3,1,0,0.0,13,1175
CSE-DS,7,Female,Day Scholar,Morning,Visual,Average,Medium,Good,Yes,Yes,In Progress,254,117,118,0,73.7,73.4,6.47,3,35,5,1,1,6.0,39,1102
IT,5,Male,Day Scholar,Afternoon,Kinesthetic,Good,Low,Good,No,No,Not Started,254,386,226,251,89.1,73.9,7.13,0,38,2,0,0,1.0,155,1394
CSE,6,Female,Day Scholar,Morning,Auditory,Poor,High,Average,No,No,Not Started,246,206,387,221,83.6,74.2,7.74,0,37,9,3,1,6.0,35,1092
ECE,5,Male,Hostel,Night,Auditory,Average,Medium,Average,No,Yes,Not Started,196,367,320,0,74.8,71.1,7.49,0,41,3,1,2,2.0,0,884
CSE,8,Other,Hostel,Afternoon,Visual,Good,Medium,Average,No,No,In Progress,59,406,127,398,98.8,67.6,6.6,0,35,7,1,2,3.0,297,1381
IT,8,Female,Hostel,Night,Visual,Good,Low,Average,No,Yes,Placed,130,112,251,503,78.6,64.9,5.79,0,33,10,3,4,4.0,437,1409
CSE-DS,4,Male,Day Scholar,Morning,Auditory,Average,High,Good,No,No,Not Started,143,218,94,25,86.8,72.2,7.89,0,36,6,2,2,3.0,45,953
IT,2,Female,Hostel,Morning,Auditory,Average,Medium,Poor,No,Yes,Not Started,262,247,267,691,67.2,65.6,6.33,3,33,0,0,0,0.0,167,1067
CSE-DS,2,Female,Hostel,Afternoon,Visual,Poor,High,Average,No,No,Not Started,204,349,166,400,70.4,66.6,7.4,0,36,2,1,0,1.0,0,894
CSE,8,Male,Hostel,Night,Auditory,Poor,High,Good,Yes,Yes,In Progress,252,290,241,32,71.2,75.2,7.0,0,40,8,2,0,2.0,68,949
IT,8,Male,Hostel,Afternoon,Auditory,Average,High,Good,No,No,In Progress,89,221,0,522,95.9,67.6,6.28,2,28,8,2,1,2.0,432,954
CSE-DS,2,Male,Hostel,Morning,Auditory,Good,Low,Good,No,No,Not Started,223,219,53,413,74.8,74.0,7.68,0,40,3,0,0,3.0,76,1201
IT,6,Female,Day Scholar,Morning,Kinesthetic,Average,Medium,Average,No,Yes,In Progress,77,50,205,282,87.0,58.7,5.21,0,34,11,0,2,2.0,193,1045
ECE,5,Male,Hostel,Night,Kinesthetic,Poor,High,Average,No,No,Not Started,253,373,82,149,100.0,86.6,8.97,0,45,2,3,0,3.0,110,739
CSE,5,Male,Hostel,Afternoon,Visual,Good,Low,Good,No,Yes,Not Started,331,179,111,281,88.1,74.9,7.64,0,35,1,0,2,0.0,119,1066
CSE-DS,8,Other,Hostel,Night,Auditory,Good,Low,Average,No,Yes,In Progress,190,195,194,454,80.0,59.1,6.36,0,31,5,3,2,9.0,463,1525
CSE-AIML,7,Male,Day Scholar,Morning,Kinesthetic,Average,High,Good,No,No,In Progress,101,299,77,358,90.5,70.1,6.07,2,33,2,3,1,5.0,108,1045
CSE-AIML,3,Male,Hostel,Night,Auditory,Poor,Medium,Good,Yes,Yes,Not Started,228,400,283,567,84.4,72.9,7.83,0,36,0,0,1,4.0,221,761
CSE-DS,5,Female,Hostel,Night,Auditory,Good,Medium,Good,No,Yes,Not Started,100,169,111,0,70.1,63.4,6.7,0,32,1,2,1,1.0,63,947
CSE-AIML,6,Female,Hostel,Afternoon,Visual,Average,Medium,Good,No,No,Not Started,180,270,48,365,73.9,83.1,8.49,0,39,6,2,0,5.0,181,1229
CSE,4,Female,Day Scholar,Night,Auditory,Average,Medium,Good,No,No,Not Started,145,145,157,397,100.0,69.7,6.76,0,38,1,1,0,2.0,188,1043
CSE,5,Male,Hostel,Afternoon,Kinesthetic,Poor,High,Average,No,Yes,Not Started,220,415,23,413,72.7,67.1,7.08,0,36,3,3,2,5.0,127,1026
CSE-DS,2,Male,Day Scholar,Afternoon,Visual,Poor,High,Good,Yes,No,Not Started,67,318,116,289,66.3,58.8,7.32,1,28,3,0,0,0.0,13,673
CSE,4,Male,Hostel,Morning,Kinesthetic,Poor,Medium,Good,No,No,Not Started,245,316,62,682,88.2,68.9,7.19,0,30,2,0,1,1.0,251,1003
ECE,6,Female,Hostel,Afternoon,Auditory,Average,Low,Good,No,No,In Progress,212,275,241,208,82.8,79.0,7.38,2,38,8,0,0,2.0,93,1105
CSE,7,Female,Hostel,Night,Kinesthetic,Average,Medium,,No,Yes,In Progress,326,458,91,399,73.7,78.0,7.56,0,38,10,1,1,4.0,328,967
CSE-AIML,6,Male,Hostel,Night,Auditory,Poor,Medium,Poor,No,Yes,Not Started,166,310,122,445,77.5,61.9,6.02,1,36,3,0,0,2.0,228,1120
CSE,2,Male,Day Scholar,Morning,Visual,Poor,Medium,Good,No,Yes,Not Started,338,50,197,596,79.0,79.6,7.71,0,45,3,1,0,0.0,101,1266
CSE-DS,7,Female,Day Scholar,Morning,Auditory,Poor,Medium,Good,No,Yes,In Progress,68,30,171,6,100.0,73.3,6.99,0,35,3,2,0,5.0,0,946
CSE,2,Male,Day Scholar,Morning,Auditory,Poor,High,Good,Yes,Yes,Not Started,0,289,219,641,79.6,55.1,4.77,2,28,2,1,0,2.0,99,1200
CSE,1,Male,Day Scholar,Morning,Kinesthetic,Poor,Low,Good,No,No,Not Started,225,273,184,454,67.3,67.0,7.55,0,39,0,0,0,1.0,0,1216
CSE-DS,4,Female,Hostel,Night,Auditory,Average,Medium,Poor,No,No,Not Started,35,299,143,457,75.9,53.2,5.86,3,26,3,0,1,2.0,279,1243
IT,5,Female,Day Scholar,Afternoon,Visual,Good,Medium,Good,No,Yes,Not Started,90,410,255,440,69.4,56.3,5.32,1,31,7,1,1,2.0,268,1196
CSE-AIML,6,Female,Day Scholar,Morning,Kinesthetic,Average,Medium,Good,No,No,Not Started,301,139,171,693,100.0,84.4,7.84,1,41,7,1,4,4.0,377,1033
CSE-AIML,8,Male,Hostel,Night,Kinesthetic,Average,Medium,Average,No,No,Placed,67,146,0,492,79.0,63.0,6.62,0,32,4,2,2,3.0,347,1024
CSE,1,Male,Hostel,Night,Kinesthetic,Poor,High,,No,No,Not Started,145,380,184,283,72.0,71.0,7.32,0,38,0,0,0,0.0,90,884
ECE,5,Male,Hostel,Morning,Visual,Average,Medium,Good,No,No,Not Started,357,390,42,388,85.5,78.6,7.63,0,37,5,2,1,3.0,231,871
CSE-AIML,5,Male,Hostel,Night,Kinesthetic,Good,Low,Good,No,No,Not Started,182,97,35,138,77.4,74.3,7.17,0,35,5,1,1,1.0,0,997
CSE-AIML,4,Male,Day Scholar,Afternoon,Visual,Poor,High,Good,No,Yes,Not Started,110,121,0,291,71.4,59.7,5.18,0,34,3,5,1,1.0,168,1116
IT,3,Female,Day Scholar,Night,Kinesthetic,Average,Medium,Good,Yes,Yes,Not Started,136,220,85,960,94.5,70.4,7.73,0,34,4,0,0,1.0,299,1149
CSE,8,Male,Hostel,Morning,Auditory,Average,Low,Average,Yes,No,In Progress,61,308,0,470,82.2,71.3,6.36,1,33,8,1,3,7.0,383,1170
CSE,8,Female,Day Scholar,Night,Auditory,Average,Medium,,No,No,Placed,298,326,276,272,81.3,71.7,6.64,0,34,3,2,5,10.0,175,975
CSE,1,Male,Day Scholar,Night,Kinesthetic,Good,Medium,Average,No,No,Not Started,199,124,122,512,67.0,64.5,6.95,0,27,2,0,0,0.0,131,903
ECE,7,Male,Hostel,Night,Visual,Average,Medium,Average,No,No,Placed,122,284,46,20,85.7,66.8,5.75,0,32,9,2,0,5.0,102,1117
IT,8,Female,Hostel,Night,Auditory,Average,Medium,Good,No,No,Placed,74,375,125,497,58.4,52.0,4.57,1,24,7,2,1,2.0,355,987
CSE-AIML,2,Female,Day Scholar,Night,Auditory,Poor,Low,Good,No,No,Not Started,35,388,130,264,62.9,65.5,6.79,0,30,0,0,0,1.0,29,1078
CSE-AIML,8,Female,Hostel,Night,Auditory,Average,Medium,Good,No,Yes,Placed,283,167,10,541,83.3,78.3,8.1,0,43,5,4,3,1.0,579,1248
CSE-DS,5,Female,Hostel,Night,Visual,Average,Medium,Good,No,No,Not Started,79,450,13,574,87.2,81.9,8.29,0,37,7,1,1,3.0,337,1116
CSE-AIML,8,Female,Day Scholar,Morning,Visual,Average,Low,Good,No,No,Placed,263,249,197,174,77.3,69.2,7.64,0,40,7,3,3,7.0,228,1142
CSE-AIML,3,Female,Hostel,Afternoon,Auditory,Average,Medium,Good,Yes,No,Not Started,189,395,93,281,83.0,65.2,7.08,0,35,3,0,0,0.0,137,1134
CSE,7,Male,Day Scholar,Night,Visual,Good,Low,Good,No,Yes,In Progress,219,353,127,290,76.6,70.2,7.12,0,34,6,2,3,2.0,190,1279
CSE,2,Male,Hostel,Morning,Visual,Poor,High,Good,No,Yes,Not Started,244,273,37,258,80.9,66.3,6.35,1,30,0,0,0,1.0,56,1091
IT,1,Female,Hostel,Night,Visual,Average,Medium,Average,No,No,Not Started,87,149,204,512,83.8,61.7,6.51,1,26,1,0,0,0.0,144,1075
CSE,8,Female,Hostel,Night,Visual,Average,Low,Poor,No,No,Placed,5,393,0,267,100.0,75.1,8.45,0,37,8,0,0,2.0,207,1099
CSE-AIML,8,Female,Hostel,Morning,Visual,Good,Low,Average,No,Yes,Placed,183,258,301,416,83.5,66.6,7.52,0,30,4,1,1,7.0,313,1133
CSE,8,Male,Day Scholar,Night,Visual,Average,Medium,Good,No,Yes,Placed,225,201,209,272,66.2,62.6,5.96,1,34,5,4,3,0.0,211,1419
CSE-AIML,7,Male,Hostel,Afternoon,Kinesthetic,Good,Low,Good,No,No,In Progress,69,69,60,222,78.2,64.4,5.64,1,34,5,3,0,3.0,53,985
CSE,1,Female,Hostel,Night,Kinesthetic,Good,Medium,Average,No,Yes,Not Started,106,458,20,210,97.0,67.7,7.63,0,40,0,0,0,0.0,0,1110
CSE-DS,8,Male,Day Scholar,Morning,Visual,Average,Medium,Average,No,No,In Progress,253,0,190,312,78.4,67.4,6.7,1,33,6,2,0,8.0,288,853
CSE-AIML,3,Male,Day Scholar,Morning,Visual,Poor,High,Good,No,Yes,Not Started,72,264,158,0,96.9,77.6,7.76,1,41,3,0,0,2.0,2,1107
CSE-DS,5,Female,Day Scholar,Night,Auditory,Good,Low,Good,No,Yes,Not Started,229,207,146,337,79.4,74.1,6.99,0,39,9,0,1,4.0,71,1202
CSE,2,Male,Hostel,Afternoon,Auditory,Average,Medium,Average,No,No,Not Started,249,191,305,381,93.8,75.3,6.94,0,38,0,2,0,2.0,149,1080
CSE,7,Female,Hostel,Night,Visual,Good,Low,Good,No,Yes,Placed,111,241,23,122,66.6,62.8,6.48,2,28,8,2,1,4.0,74,904
IT,2,Male,Day Scholar,Night,Visual,Good,Low,Average,No,Yes,Not Started,163,176,188,342,80.1,62.9,6.77,0,31,1,0,0,1.0,0,1257
CSE,3,Female,Day Scholar,Night,Kinesthetic,Average,Medium,Average,Yes,No,Not Started,147,68,130,236,85.7,66.5,6.34,1,32,1,0,0,1.0,76,996
ECE,2,Male,Hostel,Morning,Kinesthetic,Average,Medium,Average,No,No,Not Started,271,108,98,548,70.1,71.3,7.87,0,32,5,0,0,0.0,98,987
CSE-AIML,8,Male,Hostel,Night,Kinesthetic,Good,Low,Average,Yes,No,Placed,41,439,0,163,84.5,65.3,6.81,0,29,2,7,0,7.0,62,990
IT,3,Male,Hostel,Afternoon,Auditory,Poor,High,Good,No,No,Not Started,253,15,279,212,75.8,78.5,7.83,0,38,3,0,0,2.0,66,915
CSE,7,Female,Hostel,,Kinesthetic,Average,Medium,Average,No,Yes,In Progress,149,327,0,0,91.6,76.6,7.0,0,35,3,0,1,3.0,0,761
CSE-DS,2,Male,Hostel,Night,Auditory,Average,Medium,Average,No,No,Not Started,110,354,161,295,70.7,60.5,6.39,1,31,2,1,0,0.0,38,1019
CSE,5,Female,Day Scholar,Morning,Kinesthetic,Average,Medium,Poor,No,No,Not Started,263,318,88,203,65.8,68.8,7.06,0,34,3,2,3,7.0,127,1029
CSE-AIML,2,Male,Hostel,Morning,Visual,Poor,Low,Good,Yes,Yes,Not Started,292,348,125,267,82.7,79.1,7.73,1,36,5,1,0,1.0,147,1044
CSE-DS,3,Female,Day Scholar,Morning,Visual,Good,Low,Average,No,No,Not Started,141,65,195,246,66.1,62.5,7.09,0,31,1,0,0,2.0,141,978
CSE-AIML,6,Male,Hostel,Morning,Visual,Good,Low,Average,Yes,Yes,Not Started,270,344,213,375,66.5,68.5,6.96,0,36,1,3,3,2.0,219,1302
CSE-AIML,2,Male,Hostel,Night,Kinesthetic,Poor,Low,Good,No,No,Not Started,231,189,133,265,83.0,61.4,5.96,1,27,0,1,0,1.0,119,1082
CSE-AIML,2,Female,Hostel,Afternoon,Auditory,Poor,High,Average,No,Yes,Not Started,85,12,85,0,66.7,70.5,6.37,1,36,3,0,0,1.0,0,1027
CSE,4,Male,Hostel,Afternoon,Auditory,Average,Medium,Good,Yes,No,Not Started,224,314,0,413,87.3,69.5,7.37,0,32,3,0,1,1.0,142,1085
CSE-DS,4,Male,Hostel,Night,Visual,Good,Low,Average,No,No,Not Started,196,314,243,555,84.8,73.8,8.04,0,35,4,0,0,3.0,273,909
IT,3,Male,Day Scholar,Morning,Kinesthetic,Average,Medium,Poor,No,No,Not Started,281,126,102,432,85.4,74.0,7.65,1,40,2,1,1,2.0,150,975
IT,3,Male,Day Scholar,Afternoon,Auditory,Average,Medium,Average,No,Yes,Not Started,132,247,0,471,66.0,69.3,7.26,0,36,1,2,0,0.0,127,1229
CSE,2,Male,Day Scholar,Morning,Kinesthetic,Poor,Medium,Good,No,No,Not Started,162,296,67,207,90.2,79.5,8.33,0,40,0,0,0,2.0,0,1032
CSE-AIML,8,Male,Hostel,Afternoon,Visual,Good,Medium,Average,Yes,No,Placed,0,374,183,0,67.4,57.4,5.66,3,30,10,1,3,5.0,11,970
CSE-AIML,2,Male,Hostel,Afternoon,Auditory,Average,Medium,Good,No,No,Not Started,142,161,0,290,78.0,75.2,7.42,0,38,1,0,0,4.0,60,1135
CSE,2,Other,Day Scholar,Morning,Visual,Good,Medium,Good,Yes,Yes,Not Started,213,372,9,611,86.6,64.8,6.11,3,32,6,0,0,1.0,163,885
CSE-DS,5,Female,Day Scholar,Night,Kinesthetic,Average,Medium,Good,No,No,Not Started,82,209,73,289,85.2,63.7,5.97,0,31,5,2,0,3.0,106,758
IT,3,Female,Day Scholar,,Auditory,Average,Medium,Poor,No,No,Not Started,327,120,180,251,76.4,78.0,7.77,0,40,1,0,0,2.0,47,1096
CSE,1,Male,Hostel,Afternoon,Visual,Average,Low,Poor,No,No,Not Started,105,70,112,572,76.8,67.4,6.09,2,32,0,2,0,0.0,74,907
CSE-AIML,2,Female,Hostel,Morning,Auditory,Good,Medium,Good,No,No,Not Started,237,52,65,292,94.3,79.4,8.21,0,41,4,0,0,1.0,51,917
CSE-DS,1,Male,Day Scholar,Afternoon,Kinesthetic,Average,Medium,Poor,Yes,Yes,Not Started,265,158,138,452,79.7,65.9,6.44,0,36,0,0,0,0.0,83,1051
CSE,1,Male,Hostel,Night,Kinesthetic,Good,Low,Good,No,Yes,Not Started,263,337,46,433,83.7,73.2,7.51,1,34,2,1,0,1.0,87,1109
IT,4,Female,Day Scholar,Afternoon,Kinesthetic,Average,Medium,Good,Yes,Yes,Not Started,200,259,33,332,82.6,80.8,7.85,0,38,2,2,0,4.0,207,1133
ECE,1,Female,Day Scholar,Night,Auditory,Good,Low,Average,No,No,Not Started,150,238,190,73,85.5,79.2,8.54,0,41,2,0,0,0.0,0,938
CSE,7,Female,Hostel,Morning,Auditory,Good,Low,Good,No,No,Placed,103,147,159,0,82.7,60.5,7.16,0,28,4,2,2,4.0,9,1167
CSE-AIML,3,Female,Hostel,Night,Auditory,Poor,High,Good,No,Yes,Not Started,77,433,84,85,89.6,74.5,7.62,0,34,1,0,0,1.0,0,1141
CSE-AIML,3,Male,Day Scholar,Night,Visual,Average,Medium,Good,Yes,No,Not Started,191,219,301,42,79.7,78.5,7.84,0,40,1,1,1,1.0,0,1108
IT,4,Female,Day Scholar,Morning,Auditory,Average,Low,Good,No,No,Not Started,150,266,229,286,59.0,60.8,5.45,3,30,3,0,0,1.0,149,1148
CSE-DS,1,Female,Hostel,Morning,Auditory,Poor,High,Average,Yes,No,Not Started,212,354,44,233,89.9,77.8,7.63,0,36,1,0,0,2.0,0,1155
CSE-AIML,8,Male,Hostel,Night,Auditory,Average,Medium,Average,Yes,No,Placed,360,267,220,0,100.0,83.4,8.08,0,36,1,3,4,3.0,22,988
IT,8,Female,Hostel,Afternoon,Kinesthetic,Poor,Low,Average,Yes,Yes,Placed,239,270,83,141,73.9,70.1,7.22,0,35,7,3,2,5.0,59,1037
CSE-DS,2,Female,Hostel,Morning,Auditory,Good,Low,Good,No,Yes,Not Started,104,235,0,349,92.0,75.4,8.43,0,40,0,0,0,1.0,98,1264
IT,7,Male,Hostel,Morning,Auditory,Good,Low,Average,No,No,In Progress,274,191,8,381,67.6,70.4,6.47,2,27,6,3,1,3.0,288,1215
CSE,8,Male,Hostel,Morning,Auditory,Good,High,Good,Yes,No,In Progress,0,170,146,405,57.7,58.2,6.06,3,29,7,2,2,3.0,280,1208
CSE,2,Female,Day Scholar,Morning,Visual,Good,Low,Average,No,No,Not Started,214,193,169,0,74.6,59.9,5.51,1,26,2,2,0,1.0,0,984
CSE-DS,7,Male,Hostel,Morning,Visual,Average,Medium,Poor,Yes,No,In Progress,187,35,114,270,64.5,72.1,6.91,1,33,5,1,3,4.0,86,1113
CSE-DS,8,Male,Day Scholar,Night,Kinesthetic,Poor,Medium,Average,No,Yes,Placed,224,307,248,124,86.7,71.0,7.54,0,35,11,3,1,4.0,86,959
CSE-DS,8,Female,Hostel,Night,Auditory,Poor,High,Good,No,No,Placed,174,0,140,229,70.2,69.0,6.36,1,32,5,2,1,5.0,206,1058
CSE,3,Female,Day Scholar,Night,Visual,Poor,Medium,Average,No,No,Not Started,141,236,294,255,76.1,70.4,6.49,4,32,2,0,0,4.0,38,1104
CSE-AIML,7,Male,Hostel,Night,Visual,Good,Low,Average,No,No,In Progress,260,241,76,304,80.2,75.9,7.16,0,35,5,1,1,2.0,222,1187
CSE,6,Male,Hostel,Afternoon,Kinesthetic,Average,High,Good,No,No,Not Started,175,409,102,646,61.5,62.1,6.93,0,26,4,2,2,0.0,338,1001
IT,2,Female,Day Scholar,Morning,Auditory,Good,Low,Good,No,No,Not Started,76,240,79,117,79.3,59.9,6.35,4,29,0,1,0,,74,1213
IT,3,Female,Hostel,Night,Visual,Poor,High,Good,No,No,Not Started,187,18,149,386,74.6,66.2,6.7,0,27,1,0,0,0.0,97,1313
CSE,2,Female,Hostel,Night,Auditory,Good,Low,Good,No,No,Not Started,169,189,0,378,79.0,74.1,8.21,0,37,4,1,0,1.0,68,1080
IT,8,Male,Hostel,Morning,Auditory,Good,Low,Good,No,No,Placed,238,239,0,0,79.0,72.5,7.21,0,38,10,2,0,1.0,77,1052
IT,6,Male,Hostel,Morning,Kinesthetic,Average,Low,Good,No,Yes,Not Started,102,547,350,0,100.0,74.5,6.62,0,34,7,0,1,2.0,0,1080
CSE,5,Female,Day Scholar,Night,Kinesthetic,Average,Medium,Good,No,No,Not Started,70,309,4,72,63.5,58.2,5.93,0,31,7,2,0,1.0,41,1055
CSE-AIML,5,Male,Hostel,Night,Kinesthetic,Average,Low,Poor,No,No,Not Started,281,138,92,168,56.8,64.2,6.44,1,36,7,0,1,2.0,103,1037
IT,2,Female,Hostel,Afternoon,Kinesthetic,Poor,Medium,Average,No,Yes,Not Started,198,92,201,0,74.5,71.4,6.52,0,35,2,0,0,2.0,64,1250
CSE-AIML,1,Male,Day Scholar,,Auditory,Average,Medium,Good,No,No,Not Started,5,386,0,203,82.0,67.1,7.51,2,35,0,0,0,0.0,27,934
CSE-DS,2,Male,Hostel,Morning,Visual,Poor,Low,Good,No,No,Not Started,160,290,164,458,89.3,71.6,6.3,1,34,1,0,0,1.0,103,946
CSE,1,Female,Hostel,Morning,Visual,Good,Medium,Average,Yes,Yes,Not Started,172,193,19,128,74.7,63.9,6.15,4,29,0,0,0,0.0,0,911
CSE-AIML,1,Female,Day Scholar,Morning,Auditory,Good,Low,Good,No,Yes,Not Started,424,278,122,310,80.8,77.9,7.77,0,35,0,0,0,1.0,28,794
CSE,2,Male,Day Scholar,Afternoon,Visual,Poor,Medium,,No,No,Not Started,303,19,0,191,91.4,68.7,6.58,0,36,1,0,0,1.0,164,1249
CSE-AIML,3,Female,Day Scholar,Night,Kinesthetic,Good,Medium,Average,No,No,Not Started,86,336,63,121,78.5,69.2,7.23,0,34,1,1,0,2.0,97,1149
CSE-DS,3,Male,Hostel,Night,Visual,Average,Medium,Average,No,No,Not Started,104,127,229,243,90.4,68.7,7.44,0,35,3,2,0,0.0,71,1170
ECE,4,Female,Day Scholar,Afternoon,Visual,Good,Low,Good,No,No,Not Started,174,137,92,474,86.9,68.4,7.47,0,30,2,1,0,0.0,141,753
CSE,6,Male,Day Scholar,Morning,Auditory,Average,Medium,Good,No,Yes,Not Started,115,320,223,253,79.7,70.2,7.91,0,30,4,4,3,1.0,160,1081
CSE,8,Male,Hostel,Morning,Visual,Good,Low,Average,No,Yes,Placed,128,167,82,33,80.8,73.7,6.67,0,36,6,3,4,4.0,0,1012
CSE-AIML,6,Male,Hostel,Night,Visual,Poor,Medium,Poor,No,Yes,Not Started,195,226,147,267,65.9,67.7,7.24,0,35,3,1,1,3.0,132,1243
CSE-AIML,3,Male,Hostel,Morning,Visual,Average,Medium,Good,No,No,Not Started,161,82,0,347,90.8,70.6,6.53,1,33,2,0,0,2.0,87,1137
CSE-AIML,7,Female,Day Scholar,Morning,Visual,Average,Medium,Good,No,Yes,Placed,127,265,184,82,52.4,69.0,6.66,0,32,4,3,0,1.0,121,1090
CSE,1,Male,Day Scholar,Morning,Kinesthetic,Poor,Medium,Poor,No,No,Not Started,157,264,0,558,100.0,74.9,6.75,2,33,2,0,0,0.0,104,1414
CSE,5,Female,Hostel,Night,Auditory,Average,Medium,Good,No,Yes,Not Started,227,342,160,425,79.0,79.3,8.69,0,40,5,1,1,0.0,193,1043
ECE,4,Female,Hostel,Afternoon,Kinesthetic,Good,Low,Average,Yes,No,Not Started,253,503,339,551,96.5,85.2,8.24,0,44,3,0,0,2.0,257,764
ECE,6,Female,Day Scholar,Afternoon,Auditory,Average,Medium,Good,No,No,Not Started,283,234,104,325,68.6,79.6,8.33,0,40,6,0,0,3.0,180,1078
IT,2,Male,Hostel,Night,Auditory,Average,Medium,Good,No,No,Not Started,270,278,34,741,78.0,72.2,7.39,0,38,1,0,0,0.0,175,826
CSE,3,Male,Hostel,Night,Visual,Average,Medium,Poor,No,No,Not Started,195,437,146,348,90.8,77.0,7.67,1,41,0,0,0,3.0,162,1361
IT,3,Male,Day Scholar,Morning,Auditory,Average,High,Good,No,No,Not Started,135,392,180,89,75.6,70.2,7.02,0,34,2,0,0,2.0,38,932
IT,3,Female,Hostel,Morning,Auditory,Average,Medium,Average,No,No,Not Started,70,286,0,550,98.6,66.7,7.83,0,33,1,1,0,2.0,166,1176
CSE-AIML,3,Male,Day Scholar,Night,Auditory,Good,Low,Good,No,No,Not Started,208,168,0,331,82.7,69.0,6.76,1,34,2,0,1,1.0,78,868
CSE-DS,2,Female,Hostel,Night,Auditory,Good,High,Average,No,Yes,Not Started,94,318,274,421,82.2,74.1,8.15,0,36,3,0,0,2.0,135,1027
CSE,3,Male,Day Scholar,Afternoon,Kinesthetic,Average,Low,Good,Yes,No,Not Started,341,317,97,133,70.6,64.7,6.85,0,33,1,0,0,2.0,0,1035
CSE,4,Male,Hostel,Night,Kinesthetic,Average,Medium,Good,No,Yes,Not Started,246,334,0,448,93.2,78.8,8.06,0,41,6,1,0,3.0,139,1058
CSE-DS,2,Male,Hostel,Night,Auditory,Poor,High,Good,No,Yes,Not Started,95,238,149,785,97.2,77.5,7.88,1,40,1,0,0,2.0,237,1166
ECE,6,Female,Day Scholar,Afternoon,Visual,Average,Medium,Good,No,No,Not Started,309,331,159,584,64.0,64.4,7.06,0,31,8,0,1,6.0,356,1248
CSE,1,Female,Hostel,Night,Visual,Poor,High,Poor,No,No,Not Started,47,266,244,20,100.0,81.9,8.32,0,46,0,0,0,,49,873
CSE-DS,6,Female,Hostel,Morning,Kinesthetic,Good,Medium,Average,No,No,Not Started,116,251,18,279,64.2,63.2,6.85,0,28,3,1,0,2.0,165,1009
CSE-AIML,8,Male,Hostel,Afternoon,Visual,Average,Medium,Average,No,No,Placed,110,384,52,85,100.0,71.4,6.76,0,37,10,3,3,4.0,74,1102
CSE,7,Female,Hostel,Night,Visual,Poor,High,Good,No,No,In Progress,88,353,242,214,84.0,66.6,6.82,1,34,5,2,1,3.0,177,1010
CSE-AIML,4,Male,Hostel,Afternoon,Kinesthetic,Average,Medium,Average,No,No,Not Started,290,90,17,206,85.6,68.0,6.98,0,33,4,0,1,4.0,21,1443
CSE,5,Male,Day Scholar,Morning,Kinesthetic,Average,Medium,Good,No,Yes,Not Started,178,262,0,205,76.3,67.6,7.01,0,31,2,2,2,4.0,108,1128
IT,2,Male,Hostel,Night,Kinesthetic,Poor,High,Average,No,No,Not Started,115,188,9,287,87.6,69.9,6.72,0,33,1,2,0,2.0,104,865
CSE-AIML,3,Female,Hostel,Morning,Kinesthetic,Good,Low,Average,Yes,No,Not Started,171,298,0,728,71.2,64.2,6.2,1,33,1,2,1,2.0,205,1313
CSE-DS,5,Female,Hostel,Night,Visual,Average,Medium,Good,No,Yes,Not Started,211,308,23,127,99.2,80.0,7.36,0,40,3,2,0,3.0,28,1160
CSE-AIML,3,Female,Day Scholar,Morning,Visual,Average,Medium,Good,Yes,No,Not Started,158,178,187,92,97.0,78.8,8.04,0,40,3,1,0,2.0,12,865
CSE-DS,4,Male,Day Scholar,Afternoon,Kinesthetic,Average,Medium,Good,No,Yes,Not Started,255,347,140,261,74.9,76.9,7.29,0,44,2,1,0,1.0,55,851
CSE,1,Male,Hostel,Night,Kinesthetic,Poor,Low,Poor,No,Yes,Not Started,195,246,107,183,80.5,72.8,7.87,1,36,0,0,0,0.0,102,828
CSE,6,Female,Day Scholar,Night,Auditory,Good,Low,Good,Yes,No,Not Started,307,120,117,260,50.5,65.0,6.83,0,31,6,2,2,2.0,136,1097
CSE,4,Female,Hostel,Night,Kinesthetic,Poor,High,Good,No,No,Not Started,84,419,57,611,66.5,63.6,7.0,0,32,4,2,0,4.0,230,965
CSE,4,Female,Hostel,Night,Auditory,Good,Medium,Good,No,Yes,Not Started,244,393,0,258,78.0,65.0,6.22,3,32,2,0,1,4.0,84,1191
IT,5,Female,Day Scholar,Afternoon,Kinesthetic,Poor,Medium,Good,No,No,Not Started,114,591,93,172,81.4,65.2,6.86,0,30,4,2,1,1.0,37,926
CSE,5,Male,Hostel,Night,Auditory,Poor,High,Average,No,Yes,Not Started,140,161,0,460,81.8,76.7,6.94,0,44,5,2,1,7.0,261,1254
ECE,5,Female,Hostel,Afternoon,Auditory,Good,Medium,Good,No,No,Not Started,119,204,125,102,100.0,63.8,6.35,1,29,5,2,3,0.0,35,1318
ECE,2,Female,Day Scholar,Night,Kinesthetic,Average,Medium,Poor,No,Yes,Not Started,289,21,219,132,66.1,61.6,6.46,2,32,0,2,0,1.0,56,1074
CSE,5,Female,Hostel,Morning,Auditory,Average,Medium,Average,No,No,Not Started,224,358,252,84,73.7,76.4,7.82,0,42,2,4,0,7.0,58,1241
IT,8,Female,Day Scholar,Morning,Kinesthetic,Good,Low,Good,Yes,No,Placed,178,223,0,424,71.5,73.9,6.61,1,41,6,2,1,8.0,458,1322
CSE-AIML,5,Female,Hostel,Morning,Visual,Poor,High,Average,No,No,Not Started,170,301,245,482,92.0,79.4,7.26,1,36,7,0,1,1.0,232,1104
CSE,8,Male,Hostel,Night,Visual,Average,Low,Good,No,No,Placed,254,262,253,574,74.4,74.7,7.61,0,34,5,1,1,5.0,493,1356
CSE,7,Female,Day Scholar,Night,Visual,Average,Low,Good,No,Yes,Placed,148,364,0,588,76.4,77.8,8.01,0,42,6,1,2,7.0,482,1226
CSE-AIML,6,Female,Hostel,Morning,Visual,Good,Medium,Good,No,No,Not Started,206,195,150,439,72.5,66.7,7.46,0,34,7,0,2,2.0,278,1006
CSE-DS,5,Male,Hostel,Morning,Kinesthetic,Good,Low,Poor,No,No,Not Started,0,187,0,468,77.2,59.4,5.98,0,28,0,2,0,0.0,228,842
CSE-AIML,7,Male,Day Scholar,Night,Visual,Poor,High,Good,Yes,No,In Progress,88,205,386,804,82.2,69.7,6.94,0,34,4,4,2,1.0,547,1187
CSE-AIML,8,Male,Day Scholar,Morning,Auditory,Poor,Medium,Good,Yes,No,Placed,260,81,117,73,97.8,77.1,7.76,2,38,4,4,1,7.0,54,1063
CSE-AIML,5,Male,Hostel,Morning,Kinesthetic,Good,Low,Poor,No,Yes,Not Started,264,60,103,300,85.4,76.5,7.3,0,35,4,1,0,0.0,211,913
CSE-AIML,2,Male,Hostel,Afternoon,Auditory,Average,Medium,Good,No,No,Not Started,62,136,222,441,95.9,70.4,7.14,0,31,2,0,0,1.0,192,1127
CSE-DS,4,Female,Day Scholar,Morning,Kinesthetic,Average,High,Poor,No,No,Not Started,0,307,135,560,94.4,68.5,6.98,0,33,2,3,1,2.0,195,1071
CSE-AIML,4,Male,Day Scholar,Night,Auditory,Average,Medium,Good,No,Yes,Not Started,147,278,104,464,93.3,75.6,6.95,0,39,7,2,0,2.0,262,1239
CSE,4,Female,Hostel,Night,Auditory,Good,Medium,Good,No,Yes,Not Started,124,229,175,304,81.2,71.9,6.65,1,32,6,0,1,4.0,149,1021
CSE,8,Male,Day Scholar,Night,Auditory,Good,Medium,Average,No,No,Placed,285,282,159,564,86.6,76.6,7.15,0,38,3,2,0,2.0,486,1343
IT,2,Male,Day Scholar,Morning,Auditory,Average,Medium,Good,No,No,Not Started,321,312,159,296,63.6,60.8,5.84,1,31,1,1,0,1.0,0,1255
CSE-AIML,2,Female,Day Scholar,Afternoon,Auditory,Good,Low,Good,No,Yes,Not Started,289,393,151,310,82.0,75.0,7.07,0,41,1,0,0,2.0,70,904
CSE-DS,1,Female,Day Scholar,Night,Visual,Good,Low,Good,No,No,Not Started,30,232,67,548,66.8,58.9,5.63,0,28,0,0,0,1.0,52,968
CSE-AIML,4,Male,Hostel,Night,Visual,Poor,High,Good,No,Yes,Not Started,169,389,206,313,99.6,85.3,7.94,0,39,1,0,1,3.0,88,1085
IT,3,Male,Day Scholar,Night,Auditory,Good,Medium,Good,No,Yes,Not Started,148,257,270,416,69.2,70.9,6.96,0,34,4,2,0,1.0,184,1176
CSE,8,Female,Day Scholar,Night,Kinesthetic,Good,Low,Good,Yes,Yes,Placed,336,334,21,693,79.8,83.1,8.9,0,42,6,2,4,3.0,516,1087
IT,1,Male,Hostel,Morning,Kinesthetic,Average,Low,Good,No,No,Not Started,196,254,12,240,63.4,61.9,6.64,0,35,2,0,0,2.0,0,837
CSE-DS,1,Male,Day Scholar,Night,Visual,Average,Medium,Good,No,No,Not Started,153,133,230,493,96.7,77.9,8.52,0,36,0,0,0,1.0,100,870
CSE,8,Male,Day Scholar,Night,Auditory,Good,Medium,Good,No,No,Placed,211,131,152,55,73.4,67.9,6.41,0,34,8,2,2,7.0,51,1121
CSE,2,Male,Hostel,Afternoon,Auditory,Good,Low,Average,Yes,No,Not Started,391,124,61,191,64.2,73.8,7.49,0,36,4,1,0,1.0,71,1236
ECE,5,Female,Day Scholar,Morning,Kinesthetic,Good,Low,Good,No,Yes,Not Started,141,274,51,0,81.0,72.6,7.72,0,34,5,3,1,2.0,0,700
CSE,6,Female,Hostel,Night,Visual,Average,Medium,Average,No,No,Not Started,144,318,226,738,78.1,67.2,6.73,0,35,6,0,1,3.0,447,1468
CSE,6,Male,Hostel,Night,Kinesthetic,Good,Medium,Good,No,No,Not Started,253,178,224,349,78.6,81.1,8.58,0,37,7,5,0,3.0,155,1186
CSE-AIML,2,Male,Hostel,Night,Visual,Poor,Low,Good,No,No,Not Started,297,283,66,194,60.1,69.3,7.1,0,32,0,0,0,1.0,37,1087
CSE-AIML,4,Female,Day Scholar,Night,Auditory,Poor,Medium,Average,No,Yes,Not Started,263,229,0,155,55.1,68.2,6.67,0,31,3,1,0,2.0,16,847
CSE,7,Male,Hostel,Night,Kinesthetic,Average,High,Good,No,No,In Progress,115,93,0,523,82.8,65.1,6.78,0,34,9,1,1,3.0,428,1063
CSE-DS,6,Female,Day Scholar,Night,Visual,Poor,High,Poor,No,Yes,Not Started,344,286,85,253,72.8,73.5,7.15,0,35,5,3,1,0.0,142,1227
CSE,7,Male,Hostel,Morning,Kinesthetic,Good,Low,Good,No,No,Placed,177,105,52,545,88.5,76.8,8.1,0,39,3,4,1,2.0,343,1072
CSE-DS,8,Female,Hostel,Morning,Auditory,Poor,Medium,Average,No,No,In Progress,52,403,224,0,65.8,65.0,7.1,0,36,2,1,3,4.0,89,920
CSE-AIML,8,Male,Hostel,Afternoon,Kinesthetic,Average,Medium,Poor,No,Yes,Placed,357,252,0,56,93.1,77.1,8.6,0,35,6,2,0,2.0,68,1108
IT,5,Male,Day Scholar,Afternoon,Kinesthetic,Good,Low,Good,No,Yes,Not Started,230,192,232,301,79.7,76.4,7.18,0,35,5,2,0,1.0,145,1079
CSE-AIML,1,Female,Hostel,Night,Kinesthetic,Poor,Low,Good,No,Yes,Not Started,17,181,336,248,61.4,62.8,6.66,0,27,0,0,0,1.0,18,1043
IT,8,Female,Hostel,Night,Visual,Average,Medium,Average,No,No,In Progress,298,447,138,430,77.8,75.2,8.07,0,39,6,1,1,9.0,268,908
IT,1,Male,Hostel,Night,Visual,Average,Low,Good,No,No,Not Started,112,440,57,0,48.9,58.3,6.52,0,31,1,0,0,0.0,0,798
CSE-AIML,3,Male,Day Scholar,Morning,Visual,Average,Medium,Good,No,No,Not Started,253,230,38,143,92.7,76.4,6.96,2,40,1,0,0,4.0,57,1046
CSE-AIML,3,Female,Hostel,Night,Auditory,Average,High,,Yes,Yes,Not Started,240,40,322,252,79.0,73.5,7.32,1,35,0,0,1,0.0,144,981
CSE,4,Female,Day Scholar,Night,Kinesthetic,Poor,Medium,Good,No,No,Not Started,284,337,33,8,60.1,58.8,5.76,1,31,3,3,1,1.0,41,1346
CSE-AIML,5,Male,Hostel,Afternoon,Visual,Average,Medium,Average,No,Yes,Not Started,0,258,73,115,82.0,65.6,6.41,1,35,3,4,1,2.0,104,901
CSE-DS,1,Female,Day Scholar,Morning,Auditory,Good,Low,Average,No,No,Not Started,219,417,1,330,79.3,68.9,6.68,0,35,0,0,0,0.0,12,978
CSE-AIML,3,Male,Hostel,Morning,Visual,Good,Low,Poor,No,No,Not Started,157,227,56,0,86.6,71.1,8.0,0,36,3,0,0,3.0,0,958
CSE,1,Male,Day Scholar,Morning,Kinesthetic,Average,Low,Average,No,No,Not Started,256,156,269,466,64.2,65.5,7.17,0,34,0,0,0,1.0,34,1049
CSE-DS,7,Female,Hostel,Morning,Visual,Average,Low,Good,No,No,Placed,179,464,53,142,67.5,68.7,7.15,0,34,2,3,2,2.0,135,873
CSE-AIML,7,Male,Hostel,Morning,Kinesthetic,Good,Low,Good,No,No,In Progress,284,287,299,212,77.4,69.6,7.48,0,32,10,3,1,6.0,186,1278
CSE,5,Male,Hostel,Night,Kinesthetic,Good,Low,Good,No,Yes,Not Started,299,17,3,449,83.5,81.3,8.83,0,44,9,1,1,3.0,283,1372
CSE-DS,8,Female,Day Scholar,Morning,Kinesthetic,Average,Medium,Poor,No,Yes,Placed,142,1,105,0,68.6,65.4,6.2,1,30,3,6,1,2.0,0,1028
CSE,5,Male,Hostel,Night,Auditory,Average,Medium,Average,No,Yes,Not Started,135,269,249,395,73.8,67.6,6.89,0,33,4,2,0,3.0,208,1115
CSE,6,Male,Hostel,Night,Auditory,Poor,Medium,Average,No,Yes,Not Started,100,228,186,351,98.5,71.2,7.04,1,37,3,1,0,4.0,255,1139
IT,6,Male,Hostel,Night,Kinesthetic,Good,Low,Poor,No,Yes,In Progress,223,266,206,0,59.0,68.0,6.49,4,36,1,1,1,1.0,0,898
CSE,6,Male,Hostel,Night,Visual,Poor,Medium,Average,No,Yes,Not Started,237,219,53,450,100.0,81.2,7.59,2,42,3,1,0,7.0,197,1166
CSE-DS,1,Male,Hostel,Morning,Visual,Good,Medium,Average,No,No,Not Started,89,189,215,209,73.1,61.2,6.53,0,32,1,0,0,1.0,18,1052
CSE-DS,4,Male,Hostel,Morning,Auditory,Good,High,Average,Yes,No,Not Started,147,368,166,519,64.9,65.4,6.13,2,36,3,1,0,1.0,135,1059
CSE,2,Male,Day Scholar,Night,Auditory,Average,Low,Good,No,Yes,Not Started,151,212,177,444,91.0,74.9,7.91,0,39,0,0,0,0.0,115,915
IT,5,Male,Day Scholar,Morning,Auditory,Good,Medium,Good,Yes,Yes,Not Started,150,296,226,109,89.6,67.2,6.61,0,33,2,4,2,5.0,114,1081
CSE,3,Male,Hostel,Night,Kinesthetic,Poor,High,Average,No,No,Not Started,147,310,0,521,66.3,61.3,6.3,0,32,2,3,0,3.0,165,1200
CSE,3,Male,Day Scholar,Night,Kinesthetic,Average,Low,Average,Yes,No,Not Started,218,263,203,373,96.9,72.2,5.79,0,33,1,2,1,1.0,130,816
CSE,3,Male,Hostel,Afternoon,Auditory,Good,Low,Average,Yes,No,Not Started,125,276,135,67,83.4,57.4,5.76,1,27,3,1,1,2.0,61,1103
CSE-DS,1,Female,Day Scholar,Afternoon,Auditory,Good,High,Average,No,Yes,Not Started,267,125,0,126,91.6,73.2,6.82,0,39,1,0,0,0.0,55,1100
CSE,6,Female,Hostel,Morning,Kinesthetic,Average,Medium,Good,Yes,Yes,Not Started,217,265,177,182,100.0,71.0,7.82,0,35,3,1,3,3.0,75,1036
ECE,8,Female,Hostel,Morning,Auditory,Poor,Medium,Average,No,No,Placed,231,200,245,125,74.0,68.2,6.82,1,35,6,4,1,5.0,0,1359
CSE-AIML,5,Female,Day Scholar,Morning,Visual,Average,Medium,Poor,No,Yes,Not Started,181,345,183,182,75.8,68.9,7.63,0,33,2,2,2,2.0,0,924
CSE-DS,5,Female,Day Scholar,Afternoon,Auditory,Poor,Medium,Good,No,Yes,Not Started,473,339,285,321,100.0,78.1,7.57,0,37,5,0,0,3.0,189,953
IT,4,Female,Hostel,Night,Kinesthetic,Poor,Medium,Good,No,Yes,Not Started,289,261,56,576,85.6,74.3,7.38,1,35,1,0,0,2.0,210,1254
CSE,1,Female,Hostel,Morning,Auditory,Good,Low,Poor,No,Yes,Not Started,85,74,0,312,88.0,74.1,7.46,0,40,1,0,0,0.0,66,1086
CSE,2,Female,Hostel,Afternoon,Kinesthetic,Average,Medium,Average,No,Yes,Not Started,193,219,262,531,95.1,75.5,8.24,0,34,1,0,0,,77,908
IT,3,Male,Day Scholar,Afternoon,Kinesthetic,Average,Medium,Good,No,No,Not Started,225,303,138,855,63.4,71.0,7.37,0,37,1,0,1,1.0,210,1144
CSE-AIML,7,Female,Hostel,Morning,Visual,Poor,Medium,Average,No,Yes,Placed,108,234,240,185,84.4,57.3,6.02,2,30,10,4,0,3.0,63,1112
CSE,1,Female,Day Scholar,Afternoon,Visual,Average,Low,Good,No,Yes,Not Started,213,245,0,256,100.0,85.2,8.36,0,46,1,0,0,0.0,26,1108
ECE,4,Female,Hostel,Morning,Kinesthetic,Average,Medium,Good,No,Yes,Not Started,190,207,284,160,90.4,65.1,6.52,0,29,2,1,1,0.0,65,962
CSE,7,Male,Hostel,Morning,Auditory,Average,Medium,Good,No,Yes,In Progress,98,217,18,0,85.6,65.5,5.94,2,28,6,2,3,1.0,58,995
CSE,3,Male,Hostel,Morning,Visual,Poor,High,Good,No,No,Not Started,148,43,149,574,79.8,77.9,8.49,0,44,2,1,0,0.0,187,893
CSE,2,Male,Hostel,Night,Kinesthetic,Poor,High,Good,No,Yes,Not Started,147,170,187,437,74.2,63.5,6.44,0,34,0,1,0,1.0,92,1276
CSE,6,Male,Hostel,Afternoon,Auditory,Average,Medium,Average,No,No,Not Started,327,190,0,255,100.0,82.7,7.7,0,41,4,0,1,1.0,182,1140
CSE,8,Female,Day Scholar,Night,Visual,Poor,High,Poor,No,No,Placed,151,183,90,417,62.7,58.9,5.26,2,31,4,2,1,2.0,332,1081
CSE,5,Female,Hostel,Night,Visual,Average,Medium,Good,No,Yes,Not Started,166,171,0,287,77.9,73.5,6.97,0,39,5,1,1,1.0,64,847
CSE,4,Female,Hostel,Night,Kinesthetic,Average,Medium,Good,No,No,Not Started,283,113,0,193,76.1,82.4,8.09,0,44,8,0,1,3.0,164,1173
CSE,8,Male,Hostel,Night,Auditory,Average,High,Average,No,No,In Progress,172,227,59,494,100.0,76.9,8.24,0,34,9,5,3,2.0,334,1423
