student_id,department,semester,gender,hostel_or_dayscholar,study_time_preference,learning_style,sleep_quality,stress_level,internet_access_quality,part_time_job,mentor_support,placement_status,study_minutes_per_day,material_prep_minutes_per_week,extracurricular_minutes_per_week,skill_dev_minutes_per_week,attendance_percentage,previous_year_score,previous_semester_gpa,backlogs_count,internal_marks,projects_completed,hackathons_participated,internships_completed,certifications_count,coding_problems_solved,coding_platform_rating,productivity_index,final_score,performance_category
STU0001,CSE,3,Male,Day Scholar,Morning,Auditory,Good,Medium,Good,No,Yes,Not Started,122,343,222,596,86.3,65.7,6.91,1,33,4,1,1,0.0,133,1126,87.06,78.95,Good
STU0002,ECE,8,Female,Hostel,Morning,Kinesthetic,Poor,Medium,Average,No,No,Placed,240,261,0,281,64.2,65.1,5.99,4,37,3,2,1,6.0,173,867,61.03,63.72,Average
STU0003,CSE-DS,7,Male,Hostel,Night,Kinesthetic,Average,High,Good,No,No,In Progress,122,223,35,320,76.8,67.6,6.94,0,32,6,2,0,9.0,299,1206,71.5,81.93,Good
STU0004,CSE-AIML,8,Male,Day Scholar,,Visual,Poor,High,Good,No,No,Placed,159,233,215,480,67.5,61.9,6.05,1,26,7,2,1,3.0,357,1140,71.89,68.92,Average
STU0005,CSE,8,Female,Hostel,Night,Kinesthetic,Poor,High,Good,Yes,Yes,Placed,162,102,104,455,84.6,75.7,7.43,0,37,5,0,1,7.0,398,1153,67.96,82.19,Good
STU0006,CSE,3,Female,Day Scholar,Night,Auditory,Average,Low,Good,Yes,No,Not Started,280,264,170,0,67.1,70.9,7.33,0,36,2,2,0,2.0,0,786,68.76,76.28,Good
STU0007,CSE,6,Male,Day Scholar,Night,Visual,Good,Low,Average,No,No,Not Started,136,214,0,374,66.1,69.9,6.89,0,35,4,2,2,3.0,248,1125,80.36,75.33,Good
STU0008,IT,4,Male,Day Scholar,Night,Visual,Poor,Medium,Good,No,Yes,Not Started,0,271,0,303,88.3,66.1,6.16,5,32,9,0,1,2.0,196,1457,68.37,63.15,Average
STU0009,CSE-DS,3,Female,Hostel,Morning,Kinesthetic,Average,Medium,Good,No,No,Not Started,92,222,69,637,94.2,84.2,8.31,0,42,4,0,0,0.0,165,972,77.89,91.14,Excellent
STU0010,CSE-DS,5,Female,Day Scholar,Night,Visual,Average,Low,Good,No,Yes,Not Started,355,178,244,82,71.3,75.3,7.62,0,36,5,0,1,2.0,0,914,89.91,81.0,Good
STU0011,CSE,3,Female,Hostel,Morning,Visual,Good,Medium,,No,Yes,Not Started,31,105,189,115,80.8,55.9,5.47,0,27,3,2,1,2.0,71,1250,68.52,68.69,Average
STU0012,ECE,5,Other,Day Scholar,Afternoon,Kinesthetic,Poor,High,Average,No,Yes,Not Started,10,32,24,216,71.8,63.6,6.17,5,38,4,2,1,4.0,129,1140,48.66,61.19,Average
STU0013,IT,8,Male,Hostel,Morning,Visual,Poor,High,Good,No,No,Placed,252,195,35,456,73.8,67.3,6.25,0,28,6,3,2,7.0,314,1240,69.31,73.33,Good
STU0014,CSE,7,Male,Hostel,Night,Auditory,Good,Low,,No,Yes,In Progress,242,0,181,530,62.3,76.5,8.39,0,39,3,2,2,5.0,368,748,96.5,80.9,Good
STU0015,CSE,3,Female,Day Scholar,Night,Kinesthetic,Average,Medium,Average,Yes,No,Not Started,147,68,130,236,85.7,66.5,6.34,1,32,1,0,0,1.0,76,996,59.6,70.49,Good
STU0016,CSE,5,Female,Hostel,Night,Auditory,Average,Medium,Good,No,Yes,Not Started,227,342,160,425,79.0,79.3,8.69,0,40,5,1,1,0.0,193,1043,83.49,90.84,Excellent
STU0017,CSE,3,Male,Hostel,Night,Auditory,Poor,High,Average,No,Yes,Not Started,140,133,76,176,77.6,61.6,6.69,0,29,2,1,0,2.0,113,1248,48.33,71.31,Good
STU0018,CSE-AIML,7,Male,Day Scholar,Night,Auditory,Average,Medium,Good,No,Yes,Placed,92,318,65,291,89.8,67.4,7.47,0,39,6,6,1,3.0,318,1065,76.46,80.32,Good
STU0019,CSE-AIML,8,Female,Hostel,Night,Auditory,Poor,High,Average,No,No,Placed,333,306,115,395,96.4,74.7,7.04,0,31,6,2,4,0.0,320,1363,70.44,81.17,Good
STU0020,CSE,3,Male,Day Scholar,Afternoon,Visual,Poor,Medium,Poor,No,Yes,Not Started,119,146,44,681,67.0,65.6,6.55,0,33,1,1,0,1.0,160,1006,62.61,70.23,Good
STU0021,CSE-DS,2,Male,Hostel,Night,Visual,Average,High,Good,No,Yes,Not Started,58,354,44,503,90.4,76.1,7.6,0,32,1,0,0,2.0,168,1195,63.98,79.15,Good
STU0022,CSE,5,Male,Day Scholar,Night,Kinesthetic,Poor,Medium,Average,Yes,Yes,Not Started,28,401,0,533,78.7,60.3,6.2,3,26,3,2,0,0.0,153,1015,62.48,64.85,Average
STU0023,CSE,7,Female,Day Scholar,Afternoon,Kinesthetic,Poor,High,Poor,No,Yes,In Progress,297,63,67,240,75.5,65.3,6.47,1,38,3,1,1,3.0,211,1279,55.6,73.46,Good
STU0024,CSE,5,Female,Hostel,Night,Auditory,Average,High,Average,No,No,Not Started,195,346,0,0,95.8,78.2,7.65,1,43,5,0,0,2.0,0,912,57.43,82.81,Good
STU0025,CSE-AIML,5,Male,Hostel,Morning,Auditory,Good,Low,Average,No,No,Not Started,255,162,53,758,75.5,69.8,6.98,0,34,5,1,2,2.0,444,1194,100.0,76.91,Good
STU0026,IT,1,Female,Hostel,Night,Kinesthetic,Average,Low,Average,No,Yes,Not Started,347,53,104,0,81.0,72.0,6.94,0,33,0,0,0,0.0,17,957,71.29,77.76,Good
STU0027,CSE,7,Female,Hostel,Night,Kinesthetic,Average,High,Average,No,Yes,Placed,134,269,198,215,81.6,67.5,6.51,0,33,6,0,1,4.0,182,1062,67.96,78.47,Good
STU0028,CSE-AIML,3,Male,Hostel,Night,Kinesthetic,Average,Low,Good,No,No,Not Started,370,306,93,264,88.3,82.6,8.62,0,43,4,1,0,3.0,152,1285,81.36,88.88,Excellent
STU0029,CSE-AIML,5,Female,Day Scholar,Night,Kinesthetic,Average,Medium,Poor,No,Yes,Not Started,169,232,128,553,76.9,74.2,7.56,0,35,3,0,0,5.0,339,1236,69.19,77.74,Good
STU0030,CSE,6,Male,Hostel,Night,Auditory,Poor,High,Poor,No,No,Not Started,186,457,79,530,76.4,65.5,5.47,3,32,5,1,0,3.0,256,1150,51.37,65.06,Average
STU0031,CSE-DS,1,Male,Hostel,,Kinesthetic,Poor,High,Good,Yes,Yes,Not Started,305,329,134,176,100.0,83.4,8.9,0,42,0,0,0,0.0,3,945,57.12,86.89,Excellent
STU0032,CSE,2,Male,Day Scholar,,Visual,Good,Low,Average,No,No,Not Started,183,232,109,338,78.3,67.6,7.2,0,37,3,1,0,1.0,55,870,74.91,80.82,Good
STU0033,CSE,5,Male,Hostel,Afternoon,Auditory,Average,Medium,Good,No,Yes,Not Started,255,260,0,154,54.0,63.8,6.17,3,30,6,0,0,1.0,0,1033,77.71,65.05,Average
STU0034,ECE,8,Male,Hostel,Night,Visual,Average,Medium,Average,No,No,In Progress,136,603,99,140,72.8,64.9,6.76,0,28,11,2,2,4.0,67,1007,84.92,75.09,Good
STU0035,ECE,5,Female,Hostel,Night,Kinesthetic,Poor,Medium,Good,No,Yes,Not Started,215,296,108,441,83.2,68.6,6.36,2,31,2,2,0,3.0,172,1142,60.08,72.71,Good
STU0036,IT,1,Female,Hostel,Night,Visual,Poor,High,Average,No,Yes,Not Started,306,407,148,13,85.8,83.5,8.05,0,44,0,0,0,0.0,0,989,54.61,84.23,Good
STU0037,CSE,3,Female,Day Scholar,Morning,Kinesthetic,Average,Medium,Good,No,No,Not Started,234,355,39,344,100.0,69.2,6.95,2,43,1,0,0,2.0,175,1019,69.61,82.22,Good
STU0038,CSE,6,Male,Day Scholar,Night,Visual,Poor,High,Average,No,Yes,In Progress,142,102,80,171,72.2,68.4,6.34,4,31,3,4,1,3.0,144,1038,51.47,63.64,Average
STU0039,CSE-DS,8,Male,Hostel,Night,Auditory,Poor,Low,Good,No,Yes,Placed,187,113,191,0,75.4,75.1,8.23,0,39,10,1,2,5.0,88,1296,74.59,80.49,Good
STU0040,CSE-AIML,2,Male,Hostel,Afternoon,Visual,Average,Medium,Good,Yes,Yes,Not Started,143,236,43,256,96.6,65.6,6.18,3,37,1,1,0,1.0,0,882,61.35,71.18,Good
STU0041,CSE,8,Male,Hostel,Night,Auditory,Average,High,Average,No,No,In Progress,172,227,59,494,100.0,76.9,8.24,0,34,9,5,3,2.0,334,1423,78.41,87.02,Excellent
STU0042,CSE-AIML,5,Male,Hostel,Night,Visual,Poor,Medium,Average,No,Yes,Not Started,315,275,258,354,77.4,74.6,6.4,2,36,4,2,1,2.0,176,1223,77.42,72.28,Good
STU0043,CSE,3,Female,Day Scholar,Night,Visual,Good,Low,Good,No,Yes,Not Started,191,390,21,59,68.9,73.7,7.43,0,34,1,0,0,2.0,39,1084,74.28,77.31,Good
STU0044,ECE,7,Other,Hostel,Night,Auditory,Good,High,Good,No,No,In Progress,257,339,0,330,87.5,67.6,7.42,0,29,4,2,2,6.0,226,1083,76.24,79.13,Good
STU0045,CSE,6,Male,Hostel,Afternoon,Auditory,Poor,High,Good,No,No,Not Started,225,63,204,0,61.5,76.7,7.14,0,39,9,3,2,4.0,93,1022,66.28,73.85,Good
STU0046,CSE-DS,7,Male,Hostel,Night,Kinesthetic,Poor,Medium,Good,No,No,Placed,296,162,0,731,81.7,74.2,7.33,0,39,4,5,1,6.0,508,906,81.84,81.75,Good
STU0047,CSE,6,Female,Day Scholar,Night,Auditory,Average,Medium,Poor,No,No,Not Started,85,436,97,326,81.9,74.7,7.02,0,39,3,2,2,4.0,246,1036,55.57,77.05,Good
STU0048,CSE-AIML,2,Male,Day Scholar,Afternoon,Auditory,Average,Low,Good,No,No,Not Started,198,314,153,426,92.5,81.7,8.24,0,50,1,0,0,2.0,91,1199,72.14,89.27,Excellent
STU0049,CSE-AIML,4,Female,Day Scholar,Night,Kinesthetic,Average,High,Average,No,Yes,Not Started,347,52,203,586,69.1,63.5,6.29,0,28,1,2,2,0.0,213,1019,83.2,73.67,Good
STU0050,CSE,6,Female,Day Scholar,Night,Auditory,Poor,High,Good,No,No,Not Started,120,218,176,331,77.5,64.5,5.98,0,34,1,1,0,3.0,139,1070,48.73,70.06,Good
STU0051,ECE,4,Female,Hostel,Afternoon,Auditory,Average,Low,Good,No,Yes,Not Started,376,12,19,328,97.4,87.7,9.61,0,48,1,1,0,0.0,104,1031,84.76,97.9,Excellent
STU0052,IT,7,Male,Hostel,Morning,Visual,Poor,Low,Poor,No,Yes,Placed,103,369,273,123,76.4,65.0,6.57,0,26,5,2,2,0.0,90,1018,51.79,74.6,Good
STU0053,ECE,6,Female,Hostel,Afternoon,Kinesthetic,Poor,High,Good,No,Yes,Not Started,155,304,84,0,77.7,73.0,8.4,0,34,4,2,2,3.0,38,833,52.38,83.66,Good
STU0054,IT,2,Male,Day Scholar,Night,Kinesthetic,Average,Low,Good,No,No,Not Started,252,216,33,154,73.7,68.6,6.47,2,33,1,1,0,1.0,0,1046,69.48,72.28,Good
STU0055,CSE-AIML,1,Female,Day Scholar,Night,Visual,Poor,High,Good,No,No,Not Started,193,231,212,328,68.7,68.0,6.64,0,30,2,1,0,0.0,0,945,49.64,74.55,Good
STU0056,ECE,2,Male,Hostel,Morning,Kinesthetic,Poor,High,Good,No,No,Not Started,0,306,24,317,89.2,60.6,5.22,0,29,1,0,0,1.0,172,900,44.9,72.81,Good
STU0057,CSE,2,Male,Day Scholar,Afternoon,Visual,Poor,High,Good,No,No,Not Started,216,389,155,352,71.9,68.1,5.56,0,34,0,0,0,1.0,131,860,46.56,69.38,Average
STU0058,CSE,1,Male,Day Scholar,Morning,Auditory,Average,Medium,Poor,No,No,Not Started,192,292,81,57,60.5,59.7,6.7,1,34,0,0,0,0.0,7,1161,51.27,71.81,Good
STU0059,CSE,1,Male,Day Scholar,Night,Kinesthetic,Good,Medium,Good,Yes,No,Not Started,131,326,82,163,71.1,66.1,6.07,2,32,1,0,0,0.0,14,1185,64.87,65.21,Average
STU0060,CSE,3,Female,Hostel,Night,Auditory,Average,Low,Good,No,No,Not Started,157,287,360,485,67.8,67.1,6.74,1,34,4,0,0,1.0,174,1017,79.38,72.99,Good
STU0061,CSE,6,Female,Day Scholar,Night,Kinesthetic,Average,Medium,Average,No,No,Not Started,0,405,132,338,100.0,80.3,7.3,2,37,10,1,1,3.0,152,901,72.63,85.07,Excellent
STU0062,CSE,7,Female,Hostel,Night,Auditory,Poor,Medium,Good,No,Yes,In Progress,130,457,0,22,81.0,68.7,7.42,0,29,9,1,1,4.0,0,1150,64.37,76.02,Good
STU0063,IT,3,Male,Day Scholar,Night,Kinesthetic,Average,Medium,Poor,No,No,Not Started,245,160,0,527,90.8,69.8,6.82,1,37,6,0,1,0.0,203,1246,71.09,80.44,Good
STU0064,CSE,1,Female,Day Scholar,Morning,Kinesthetic,Good,Low,Poor,No,Yes,Not Started,195,216,143,620,70.7,70.3,7.16,0,38,1,0,0,0.0,155,1141,76.47,78.06,Good
STU0065,CSE,4,Male,Hostel,Night,Auditory,Average,Low,Average,No,No,Not Started,271,246,0,108,85.2,67.8,6.69,2,36,3,0,1,1.0,70,1066,71.55,72.59,Good
STU0066,CSE-AIML,7,Female,Day Scholar,Night,Visual,Average,Medium,,No,No,In Progress,347,157,56,292,83.3,74.3,7.93,0,36,4,2,0,2.0,308,990,81.2,82.08,Good
STU0067,CSE,4,Female,Day Scholar,Night,Kinesthetic,Good,High,Poor,No,Yes,Not Started,105,196,200,255,55.0,61.1,6.83,1,37,5,0,0,7.0,162,1112,62.32,73.41,Good
STU0068,IT,2,Male,Hostel,Night,Visual,Good,Medium,Good,No,Yes,Not Started,99,231,101,73,72.7,58.7,5.62,3,31,2,1,0,1.0,124,675,73.19,64.82,Average
STU0069,CSE,5,Female,Hostel,Night,Visual,Average,Medium,,No,No,Not Started,265,242,190,292,65.7,65.6,6.95,1,34,3,1,0,2.0,108,1036,67.39,72.37,Good
STU0070,ECE,2,Male,Hostel,Night,Visual,Average,Medium,Good,No,No,Not Started,166,189,242,375,65.3,62.2,6.0,2,33,2,1,0,0.0,0,1178,69.8,62.68,Average
STU0071,IT,2,Male,Day Scholar,Night,Visual,Good,Low,Average,No,Yes,Not Started,163,176,188,342,80.1,62.9,6.77,0,31,1,0,0,1.0,0,1257,83.39,76.37,Good
STU0072,CSE,5,Male,Day Scholar,Night,Visual,Poor,High,Good,No,Yes,Not Started,423,246,25,701,75.7,85.3,8.07,0,39,4,1,1,2.0,339,1278,87.75,88.19,Excellent
STU0073,CSE,6,Male,Hostel,Night,Visual,Average,Medium,Average,No,Yes,In Progress,292,143,201,102,89.5,74.1,7.48,0,35,3,3,5,6.0,30,968,73.17,84.25,Good
STU0074,IT,1,Female,Hostel,Morning,Kinesthetic,Good,Low,Average,Yes,No,Not Started,194,283,199,73,67.6,60.5,5.91,1,30,0,1,0,1.0,24,1053,67.02,64.33,Average
STU0075,CSE-DS,4,Male,Hostel,Afternoon,Visual,Good,Low,Average,No,No,Not Started,226,91,113,518,85.4,82.3,8.68,0,43,4,2,1,5.0,252,1095,88.89,88.44,Excellent
STU0076,CSE-DS,2,Male,Hostel,Night,Kinesthetic,Average,High,Poor,No,Yes,Not Started,199,237,28,492,91.7,81.5,7.68,0,38,1,1,0,1.0,188,1251,66.93,80.93,Good
STU0077,IT,5,Female,Hostel,Morning,Kinesthetic,Average,Medium,Average,Yes,No,Not Started,61,439,122,0,64.2,61.1,5.92,5,33,5,0,1,1.0,0,1098,57.19,61.6,Average
STU0078,CSE,3,Female,Hostel,Morning,Kinesthetic,Poor,Low,Good,No,No,Not Started,211,210,133,124,78.5,63.4,6.53,0,34,0,1,0,3.0,39,850,54.42,75.91,Good
STU0079,CSE,2,Female,Hostel,Morning,Auditory,Average,Medium,Poor,No,Yes,Not Started,167,346,1,0,96.2,82.1,8.47,0,37,0,0,0,0.0,50,907,48.04,82.68,Good
STU0080,CSE,4,Female,Hostel,Night,Visual,Good,Low,Average,No,Yes,Not Started,121,104,206,501,84.0,67.7,6.42,1,37,1,1,0,2.0,171,1222,78.6,74.11,Good
STU0081,IT,1,Female,Day Scholar,Night,Auditory,Average,Low,Good,No,No,Not Started,145,189,80,487,66.6,61.9,6.51,0,27,0,0,0,0.0,94,920,71.07,68.67,Average
STU0082,CSE-DS,2,Male,Day Scholar,Afternoon,Visual,Poor,High,Good,Yes,No,Not Started,67,318,116,289,66.3,58.8,7.32,1,28,3,0,0,0.0,13,673,43.38,65.17,Average
STU0083,CSE,2,Male,Day Scholar,Morning,Auditory,Average,Low,Good,No,Yes,Not Started,41,0,156,524,81.3,68.2,6.82,0,32,1,3,0,1.0,63,977,70.06,75.35,Good
STU0084,CSE,6,Male,Day Scholar,Night,Kinesthetic,Poor,High,Good,No,No,Not Started,117,314,138,435,89.4,67.1,5.89,0,33,5,3,1,4.0,206,1251,62.26,77.78,Good
STU0085,CSE,8,Male,Hostel,Afternoon,Auditory,Good,Medium,Good,No,No,In Progress,104,230,108,374,89.3,68.1,6.87,0,33,7,6,2,3.0,350,1073,81.3,77.4,Good
STU0086,CSE,5,Female,Hostel,Morning,Kinesthetic,Good,Low,Good,No,Yes,Not Started,352,198,21,198,86.7,70.5,7.41,0,31,6,1,0,1.0,147,1209,99.17,81.28,Good
STU0087,CSE-DS,3,Male,Hostel,Night,Auditory,Poor,High,Good,No,Yes,Not Started,306,414,267,11,78.1,67.0,6.54,0,38,2,0,1,3.0,4,679,50.41,72.58,Good
STU0088,CSE-DS,3,Female,Day Scholar,Night,Visual,Average,Medium,Good,No,Yes,Not Started,139,64,257,243,75.7,71.9,7.4,0,34,1,2,1,0.0,97,956,69.5,76.0,Good
STU0089,IT,7,Male,Day Scholar,Afternoon,Visual,Average,Medium,Average,No,No,Placed,227,286,227,296,59.2,64.5,6.16,4,23,7,2,0,4.0,159,973,79.46,58.97,Average
STU0090,CSE-AIML,1,Male,Day Scholar,Night,Auditory,Average,High,Average,No,Yes,Not Started,179,339,120,412,82.2,65.7,7.0,0,35,2,2,0,0.0,125,1177,66.89,76.78,Good
STU0091,CSE,7,Male,Day Scholar,Morning,Auditory,Poor,High,Good,No,Yes,Placed,132,153,174,339,79.9,66.3,6.85,0,31,6,1,1,7.0,268,970,64.0,76.82,Good
STU0092,CSE-DS,4,Female,Day Scholar,Night,Visual,Good,Low,Good,No,Yes,Not Started,95,0,11,289,80.8,65.4,6.78,0,30,5,2,0,0.0,81,1232,81.48,77.85,Good
STU0093,IT,1,Female,Hostel,Morning,Auditory,Good,Low,Average,No,No,Not Started,151,275,116,355,97.9,67.8,7.14,0,32,1,0,0,0.0,32,1211,75.69,82.08,Good
STU0094,CSE-AIML,2,Female,Hostel,Morning,Auditory,Average,Medium,,Yes,Yes,Not Started,136,339,0,97,78.0,65.6,6.55,0,33,1,0,0,0.0,76,1384,57.42,71.45,Good
STU0095,IT,8,Male,Hostel,Night,Visual,Average,Low,Good,No,No,Placed,166,417,60,196,79.2,68.0,6.85,0,31,10,3,5,4.0,168,921,79.21,74.29,Good
STU0096,CSE-AIML,2,Other,Hostel,Night,Kinesthetic,Average,Medium,Good,Yes,Yes,Not Started,364,44,174,464,67.2,62.1,6.67,1,29,2,0,0,2.0,112,942,80.29,70.88,Good
STU0097,CSE-AIML,3,Male,Day Scholar,Morning,Visual,Average,Low,Good,Yes,No,Not Started,171,207,219,212,87.7,71.0,7.39,0,35,3,0,0,1.0,75,1358,76.12,80.77,Good
STU0098,CSE-AIML,4,Male,Hostel,Morning,Visual,Average,Medium,Good,No,No,Not Started,68,504,26,247,76.4,62.9,6.27,1,29,2,4,0,3.0,77,1333,62.17,70.03,Good
STU0099,CSE,5,Other,Hostel,Night,Auditory,Average,Low,Average,No,Yes,Not Started,161,270,39,404,100.0,74.1,7.16,0,39,4,2,1,4.0,212,1204,86.12,86.29,Excellent
STU0100,CSE,4,Male,Hostel,Night,Visual,Poor,High,Average,No,Yes,Not Started,284,275,158,148,91.0,79.2,7.06,0,34,4,2,1,0.0,106,1132,58.97,76.99,Good
STU0101,CSE,2,Female,Hostel,Afternoon,Visual,Good,Medium,Average,No,Yes,Not Started,363,310,0,203,100.0,85.4,8.66,0,42,1,0,0,1.0,116,1076,85.27,89.8,Excellent
STU0102,CSE-DS,5,Male,Hostel,Night,Auditory,Good,Low,Good,No,Yes,Not Started,58,243,263,0,77.2,60.2,5.92,0,28,2,0,2,4.0,7,1272,66.59,77.78,Good
STU0103,CSE,4,Female,Hostel,Morning,Auditory,Average,High,Poor,No,No,Not Started,183,206,29,516,76.8,72.0,7.39,0,37,4,0,0,2.0,201,995,62.52,76.58,Good
STU0104,CSE-AIML,8,Female,Hostel,Night,Kinesthetic,Average,Medium,Poor,No,Yes,Placed,212,216,102,550,92.6,72.9,6.78,0,35,12,1,2,2.0,381,1282,91.54,87.86,Excellent
STU0105,ECE,8,Male,Day Scholar,Morning,Visual,Average,Medium,Average,No,No,Placed,270,413,184,487,86.0,82.4,8.83,0,44,8,5,3,2.0,472,1241,88.75,92.18,Excellent
STU0106,CSE,4,Female,Hostel,Afternoon,Kinesthetic,Good,Low,Average,No,Yes,Not Started,164,330,97,334,93.1,77.0,8.27,0,41,1,0,4,3.0,71,977,80.32,86.4,Excellent
STU0107,CSE-AIML,5,Male,Day Scholar,Morning,Kinesthetic,Poor,High,Average,No,Yes,Not Started,180,284,81,64,86.9,72.0,7.57,0,36,4,2,0,5.0,5,841,57.84,81.87,Good
STU0108,IT,2,Female,Day Scholar,Afternoon,Kinesthetic,Average,Medium,Good,No,Yes,Not Started,142,12,165,203,79.4,67.0,6.84,0,29,2,2,0,1.0,40,884,66.64,71.08,Good
STU0109,CSE,4,Male,Day Scholar,Afternoon,Kinesthetic,Good,Low,Good,No,Yes,Not Started,62,177,66,123,83.5,63.4,5.96,1,32,1,1,1,2.0,0,822,69.2,70.52,Good
STU0110,CSE,5,Male,Day Scholar,Afternoon,Visual,Good,High,Good,No,Yes,Not Started,265,493,146,138,74.5,68.8,8.0,1,29,4,1,3,2.0,101,1090,78.82,74.53,Good
STU0111,CSE,6,Male,Hostel,Morning,Visual,Good,Low,Average,No,No,Not Started,94,144,115,222,62.4,52.9,5.77,1,25,4,3,1,1.0,133,949,77.07,63.45,Average
STU0112,CSE,8,Male,Hostel,Afternoon,Visual,Poor,High,Good,No,Yes,In Progress,38,249,0,213,86.8,68.1,6.8,0,37,4,2,1,4.0,166,1021,59.09,80.61,Good
STU0113,ECE,6,Female,Hostel,Night,Kinesthetic,Poor,Medium,Good,No,No,Not Started,137,228,242,513,95.3,69.1,6.29,3,32,5,2,0,1.0,273,1261,64.83,75.94,Good
STU0114,IT,2,Male,Hostel,Afternoon,Auditory,Average,High,Good,No,No,Not Started,28,66,81,307,77.7,64.7,6.43,1,29,2,0,0,1.0,72,996,53.29,70.51,Good
STU0115,CSE-DS,5,Male,Day Scholar,Night,Visual,Poor,Medium,Average,No,No,Not Started,143,126,164,568,76.5,62.8,6.21,0,35,7,2,1,2.0,281,1123,73.39,73.75,Good
STU0116,IT,6,Male,Day Scholar,Afternoon,Kinesthetic,Poor,High,Good,No,No,In Progress,138,49,36,154,82.8,71.2,7.45,1,35,4,3,0,3.0,94,1001,46.19,77.81,Good
STU0117,IT,5,Male,Hostel,Afternoon,Kinesthetic,Poor,High,Good,No,No,Not Started,171,36,0,373,83.3,73.3,7.24,0,37,7,1,0,1.0,222,1229,66.45,80.11,Good
STU0118,CSE,4,Female,Hostel,Night,Kinesthetic,Poor,High,Poor,Yes,Yes,Not Started,137,297,225,253,94.9,74.8,6.41,4,37,4,0,0,4.0,109,1387,49.3,69.34,Average
STU0119,IT,2,Female,Hostel,Night,Kinesthetic,Average,Medium,Poor,No,Yes,Not Started,185,147,118,399,89.5,74.2,6.94,2,40,2,1,0,1.0,22,996,71.22,83.06,Good
STU0120,CSE-AIML,6,Male,Day Scholar,Morning,Kinesthetic,Poor,High,Poor,No,No,Not Started,348,464,136,467,71.4,61.6,6.65,0,33,4,3,2,1.0,251,895,58.63,74.79,Good
STU0121,IT,7,Female,Day Scholar,Morning,Kinesthetic,Good,Medium,Poor,No,Yes,In Progress,0,337,123,526,65.6,60.1,5.58,2,34,3,1,2,5.0,422,959,68.88,70.58,Good
STU0122,IT,4,Female,Day Scholar,Night,Visual,Average,Low,Average,No,No,Not Started,317,234,330,228,83.8,72.1,6.7,0,36,0,0,0,1.0,152,1216,70.63,78.13,Good
STU0123,CSE,8,Male,Day Scholar,Night,Auditory,Poor,High,Average,No,Yes,Placed,50,334,195,298,97.5,70.2,7.34,0,37,3,2,2,3.0,249,1326,54.94,84.14,Good
STU0124,CSE,7,Female,Hostel,Night,Visual,Average,Medium,Average,No,No,In Progress,220,0,183,485,98.4,74.7,7.54,1,34,5,6,0,3.0,335,1243,85.2,80.41,Good
STU0125,CSE,7,Male,Hostel,Afternoon,Visual,Average,Low,Good,Yes,No,In Progress,294,227,60,677,58.9,63.3,5.76,4,32,5,3,0,4.0,472,1201,93.62,57.24,Average
STU0126,CSE-AIML,1,Female,Hostel,Afternoon,Kinesthetic,Good,Medium,Good,No,No,Not Started,162,367,101,316,88.2,69.0,7.4,0,29,2,1,0,0.0,45,1251,70.8,83.15,Good
STU0127,IT,1,Female,Hostel,Night,Visual,Average,Medium,Average,No,No,Not Started,198,81,119,263,82.6,72.9,6.82,0,37,1,0,0,1.0,4,897,62.08,77.63,Good
STU0128,IT,2,Male,Day Scholar,Night,Auditory,Good,Medium,Average,Yes,Yes,Not Started,246,323,179,278,59.2,71.3,7.31,0,33,1,0,0,1.0,57,1157,76.56,69.96,Average
STU0129,CSE,6,Female,Hostel,Night,Auditory,Average,Medium,Good,No,Yes,Not Started,274,270,90,0,91.0,76.0,8.08,0,39,7,1,2,7.0,0,573,77.91,88.9,Excellent
STU0130,CSE-AIML,6,Female,Day Scholar,Night,Kinesthetic,Good,Low,Good,Yes,No,Not Started,74,51,84,363,100.0,82.6,8.17,0,43,3,1,1,8.0,213,1253,78.04,88.11,Excellent
STU0131,CSE-AIML,6,Male,Hostel,Night,Auditory,Average,Medium,Good,No,No,In Progress,217,429,199,172,89.7,70.6,7.24,1,31,5,2,1,1.0,118,768,69.51,81.18,Good
STU0132,CSE,5,Female,Hostel,Afternoon,Kinesthetic,Good,High,Good,No,No,Not Started,174,377,278,75,100.0,82.6,7.47,0,40,3,3,1,6.0,0,508,60.89,83.29,Good
STU0133,CSE,4,Male,Hostel,Afternoon,Auditory,Average,Medium,Good,Yes,No,Not Started,224,314,0,413,87.3,69.5,7.37,0,32,3,0,1,1.0,142,1085,73.35,76.32,Good
STU0134,CSE,6,Other,Hostel,Night,Auditory,Average,Medium,Good,No,Yes,Not Started,224,77,205,284,79.4,70.7,7.02,0,40,4,3,1,3.0,135,1181,76.3,79.09,Good
STU0135,ECE,4,Female,Day Scholar,Afternoon,Visual,Good,Low,Good,No,No,Not Started,174,137,92,474,86.9,68.4,7.47,0,30,2,1,0,0.0,141,753,87.37,83.41,Good
STU0136,CSE,2,Male,Hostel,Afternoon,Auditory,Good,Low,Good,No,No,Not Started,180,225,179,293,70.8,65.7,5.85,0,31,1,1,0,1.0,36,867,80.9,72.75,Good
STU0137,CSE-AIML,7,Male,Day Scholar,Morning,Kinesthetic,Good,Medium,Good,No,Yes,In Progress,228,412,104,58,73.4,73.2,6.75,0,29,12,2,1,3.0,0,1041,95.57,79.01,Good
STU0138,CSE-DS,6,Female,Day Scholar,Morning,Auditory,Average,Low,Good,No,No,Not Started,139,212,81,332,85.0,70.0,7.09,0,33,5,1,2,1.0,185,1126,81.15,77.67,Good
STU0139,CSE,2,Male,Hostel,Afternoon,Auditory,Average,Medium,Good,No,Yes,Not Started,248,262,128,0,79.4,70.8,6.51,0,35,0,1,0,0.0,90,989,63.06,76.87,Good
STU0140,ECE,6,Male,Day Scholar,Night,Visual,Poor,Medium,Good,No,No,In Progress,113,152,0,455,100.0,80.4,8.0,0,33,5,0,2,3.0,349,1274,70.79,83.99,Good
STU0141,ECE,1,Male,Hostel,Morning,Kinesthetic,Average,Medium,Good,Yes,No,Not Started,358,450,16,576,79.5,70.6,6.74,0,33,1,0,0,1.0,129,966,81.65,73.85,Good
STU0142,CSE,3,Male,Day Scholar,Night,Kinesthetic,Good,Medium,Good,No,No,Not Started,224,117,72,242,82.0,66.0,6.45,0,37,0,0,0,0.0,74,1152,69.07,77.55,Good
STU0143,CSE-AIML,2,Male,Day Scholar,Afternoon,Kinesthetic,Poor,High,Average,No,Yes,Not Started,202,260,122,339,84.8,64.1,6.13,3,31,4,0,0,1.0,195,988,62.19,65.22,Average
STU0144,CSE,6,Male,Day Scholar,Morning,Visual,Good,Low,,No,Yes,Not Started,128,396,242,568,92.2,71.1,6.48,4,34,3,2,1,5.0,349,1020,88.89,69.54,Average
STU0145,CSE,8,Male,Hostel,Night,Auditory,Average,Medium,Good,No,No,Placed,169,172,197,296,63.0,64.0,5.91,1,31,5,2,0,2.0,225,1101,71.71,67.69,Average
STU0146,CSE,3,Female,Hostel,Night,Kinesthetic,Average,High,Average,No,No,Not Started,218,207,97,0,99.9,66.6,6.83,0,32,3,0,0,3.0,0,1129,54.66,81.6,Good
STU0147,CSE-DS,2,Male,Hostel,Morning,Auditory,Poor,High,Average,Yes,Yes,Not Started,291,132,5,581,92.3,71.1,6.38,3,35,4,1,0,1.0,64,723,72.65,64.35,Average
STU0148,CSE-AIML,8,Male,Hostel,Night,Auditory,Poor,Medium,Average,No,Yes,Placed,76,72,122,198,88.2,67.1,6.98,2,33,11,0,3,5.0,138,1223,72.4,77.5,Good
STU0149,CSE,8,Male,Day Scholar,Afternoon,Auditory,Good,Medium,Good,No,No,Placed,59,89,165,253,100.0,76.9,7.2,0,35,5,1,1,6.0,205,1057,69.22,82.16,Good
STU0150,CSE,5,Female,Day Scholar,Night,Visual,Poor,Low,Good,No,Yes,Not Started,138,430,71,620,77.9,77.6,8.27,0,42,4,1,1,2.0,330,904,75.71,80.97,Good
STU0151,ECE,8,Male,Hostel,Afternoon,Auditory,Good,Low,Average,No,Yes,Placed,143,48,92,791,75.0,72.5,6.76,0,36,7,0,3,4.0,627,1245,100.0,82.08,Good
STU0152,CSE,6,Male,Hostel,Morning,Visual,Poor,Medium,Good,Yes,No,Not Started,140,151,236,154,68.0,77.4,8.19,0,41,1,4,0,1.0,73,1000,49.33,78.23,Good
STU0153,CSE,5,Male,Hostel,Night,Visual,Average,Low,Good,No,No,Not Started,223,78,135,498,100.0,73.9,7.32,0,37,2,0,2,6.0,298,975,76.1,84.73,Good
STU0154,CSE-AIML,1,Female,Hostel,Night,Visual,Average,High,Average,No,Yes,Not Started,200,145,120,356,77.1,72.2,7.27,0,42,1,0,0,1.0,107,1329,62.19,78.76,Good
STU0155,ECE,6,Female,Hostel,Morning,Kinesthetic,Average,Medium,Average,No,No,Not Started,159,205,114,655,100.0,78.2,8.24,0,40,7,1,0,3.0,377,1190,86.72,96.03,Excellent
STU0156,CSE,7,Female,Hostel,Night,Visual,Average,Low,Good,No,Yes,In Progress,302,259,250,247,89.4,72.5,7.42,0,35,4,3,1,2.0,111,898,85.5,82.19,Good
STU0157,CSE-DS,8,Female,Day Scholar,Morning,Kinesthetic,Good,Low,Good,No,Yes,In Progress,387,410,0,369,86.1,80.7,8.03,0,40,2,2,1,3.0,385,887,100.0,89.85,Excellent
STU0158,IT,1,Female,Hostel,Night,Visual,Average,Medium,Average,No,No,Not Started,229,351,161,201,85.9,70.2,6.83,0,34,2,0,0,2.0,0,1201,60.4,76.06,Good
STU0159,CSE,3,Male,Hostel,Morning,Visual,Poor,Low,Good,No,No,Not Started,219,325,0,666,69.1,64.4,5.51,0,30,2,0,0,1.0,250,1130,73.36,68.15,Average
STU0160,CSE-DS,2,Female,Day Scholar,Night,Visual,Average,Medium,Good,No,No,Not Started,186,330,71,196,88.8,67.3,7.47,1,33,1,1,0,1.0,40,935,59.3,78.37,Good
STU0161,CSE,8,Male,Hostel,Afternoon,Visual,Average,High,Average,No,Yes,Placed,79,33,0,198,86.8,67.4,6.27,1,28,4,6,1,4.0,205,1123,63.23,67.8,Average
STU0162,CSE-DS,4,Female,Day Scholar,,Auditory,Average,High,Good,No,Yes,Not Started,269,247,158,438,99.0,81.4,8.5,0,44,2,1,1,0.0,206,966,77.16,91.06,Excellent
STU0163,CSE-DS,1,Female,Day Scholar,Night,Auditory,Average,Medium,Good,No,Yes,Not Started,158,397,0,138,90.0,66.5,6.68,0,39,0,0,0,0.0,0,1248,63.43,76.04,Good
STU0164,CSE-AIML,4,Male,Day Scholar,Night,Visual,Average,High,Good,No,Yes,Not Started,174,468,0,371,82.9,68.4,5.98,4,32,2,2,0,5.0,170,1181,63.95,64.08,Average
STU0165,CSE,8,Male,Hostel,Night,Auditory,Average,Medium,Average,No,No,Placed,192,386,113,233,74.6,66.1,6.19,1,33,5,8,1,4.0,146,1245,71.67,71.87,Good
STU0166,IT,4,Male,Hostel,Morning,Kinesthetic,Average,Medium,Good,No,No,Not Started,71,179,121,180,88.4,69.4,7.13,0,33,8,1,0,4.0,37,923,71.82,80.51,Good
STU0167,CSE,8,Female,Day Scholar,Night,Auditory,Average,Medium,,No,No,Placed,298,326,276,272,81.3,71.7,6.64,0,34,3,2,5,10.0,175,975,71.04,77.1,Good
STU0168,CSE,2,Female,Day Scholar,Night,Auditory,Good,Low,Average,No,No,Not Started,255,138,286,84,86.8,67.8,6.29,4,34,2,1,0,1.0,5,1087,71.38,67.83,Average
STU0169,CSE,3,Female,Hostel,Night,Auditory,Average,Low,Average,No,No,Not Started,106,407,0,60,77.9,68.4,7.11,0,39,4,1,0,1.0,53,1071,61.82,74.91,Good
STU0170,CSE-AIML,2,Male,Hostel,Night,Visual,Average,Medium,Average,No,Yes,Not Started,86,129,59,187,81.8,65.1,6.5,0,32,1,0,0,0.0,19,1082,56.42,75.48,Good
STU0171,CSE-DS,6,Female,Hostel,Morning,Kinesthetic,Average,High,Good,No,Yes,Not Started,109,116,74,730,67.1,64.1,6.92,0,29,11,0,1,1.0,493,1285,95.37,78.81,Good
STU0172,CSE,1,Female,Hostel,Night,Visual,Poor,Medium,Average,No,No,Not Started,107,377,218,167,72.4,68.3,6.67,0,32,3,0,0,1.0,94,932,48.69,67.39,Average
STU0173,CSE-AIML,4,Female,Hostel,Night,Kinesthetic,Good,Medium,Good,No,No,Not Started,78,241,82,658,61.7,63.3,5.5,5,34,1,1,0,3.0,236,937,71.85,56.58,Average
STU0174,CSE,2,Male,Hostel,Morning,Visual,Poor,Medium,Good,No,No,Not Started,208,330,0,428,77.6,65.7,6.1,0,34,1,1,0,3.0,75,866,60.35,68.83,Average
STU0175,CSE-DS,8,Male,Hostel,Night,Auditory,Average,Medium,Good,No,No,Placed,207,340,199,252,68.2,67.2,6.85,0,29,4,2,0,3.0,274,1094,69.69,74.66,Good
STU0176,CSE,2,Female,Day Scholar,Night,Kinesthetic,Average,Medium,Average,No,Yes,Not Started,67,99,66,188,79.9,62.7,6.01,1,29,0,1,0,0.0,27,995,61.38,69.97,Average
STU0177,CSE-DS,2,Female,Hostel,Night,Auditory,Poor,High,Good,No,Yes,Not Started,363,248,275,321,83.6,79.5,8.46,0,39,2,0,0,1.0,74,1227,64.16,80.77,Good
STU0178,CSE,1,Female,Day Scholar,Morning,Kinesthetic,Good,Medium,Good,No,No,Not Started,89,146,159,681,86.5,70.8,6.55,1,37,1,1,0,4.0,40,1063,76.3,76.47,Good
STU0179,ECE,3,Male,Day Scholar,Night,Kinesthetic,Good,Low,Average,No,No,Not Started,0,4,200,30,58.8,52.7,5.49,1,31,5,2,0,0.0,0,1097,62.99,69.57,Average
STU0180,CSE,7,Male,Hostel,Morning,Visual,Poor,Medium,Average,No,No,Placed,237,228,188,234,72.5,66.0,6.32,1,32,4,1,2,6.0,175,1019,63.21,73.81,Good
STU0181,CSE,2,Female,Day Scholar,Night,Visual,Average,Medium,Good,No,No,Not Started,178,157,18,481,87.3,68.1,6.47,3,33,1,0,0,1.0,59,1159,73.48,74.17,Good
STU0182,CSE,1,Male,Day Scholar,Night,Auditory,Average,Medium,Good,No,Yes,Not Started,145,311,0,274,86.4,72.8,6.92,0,38,1,0,0,1.0,11,832,62.35,80.51,Good
STU0183,ECE,4,Female,Hostel,Night,Auditory,Average,Medium,Good,No,Yes,Not Started,192,376,283,326,86.8,76.7,7.16,1,38,3,0,0,1.0,188,1168,76.61,80.62,Good
STU0184,IT,8,Male,Hostel,Morning,Kinesthetic,Average,Medium,Average,No,No,Placed,175,151,187,0,95.0,79.0,7.63,0,39,5,1,2,5.0,33,1168,66.21,87.62,Excellent
STU0185,CSE,6,Male,Hostel,Night,Kinesthetic,Good,Low,Good,No,No,Not Started,242,105,13,340,69.4,64.2,6.96,0,33,3,1,1,3.0,132,926,86.24,79.9,Good
STU0186,CSE-DS,7,Female,Day Scholar,Night,Visual,Average,Low,Average,No,Yes,Placed,161,231,0,391,70.5,58.8,7.36,0,30,5,1,0,2.0,227,1059,83.72,73.84,Good
STU0187,IT,5,Female,Day Scholar,Morning,Visual,Average,Medium,Average,No,Yes,Not Started,135,276,262,278,75.5,64.9,6.66,0,30,6,3,0,1.0,119,984,74.11,79.27,Good
STU0188,CSE-AIML,7,Male,Hostel,Night,Visual,Average,Medium,Good,No,Yes,Placed,199,302,140,241,77.0,72.6,7.31,0,37,10,4,1,1.0,85,976,89.1,78.54,Good
STU0189,CSE-AIML,8,Male,Day Scholar,,Visual,Poor,Low,Average,Yes,No,In Progress,251,484,240,549,94.5,71.3,6.99,1,31,5,2,1,7.0,416,1270,75.42,74.41,Good
STU0190,CSE,7,Female,Hostel,Night,Visual,Average,Medium,Average,No,No,In Progress,171,380,163,418,78.2,73.0,6.84,0,38,6,3,2,8.0,393,1136,75.05,78.6,Good
STU0191,CSE,8,Male,Hostel,Morning,Kinesthetic,Average,High,Good,Yes,No,In Progress,175,238,55,378,87.5,62.1,6.67,0,31,9,4,3,3.0,298,1228,78.77,75.31,Good
STU0192,IT,1,Female,Day Scholar,Morning,Kinesthetic,Average,Low,Average,No,Yes,Not Started,296,521,57,724,71.1,77.5,7.75,0,34,2,0,0,2.0,69,1177,95.48,77.33,Good
STU0193,ECE,5,Male,Hostel,Night,Auditory,Poor,High,Good,No,No,Not Started,184,343,111,236,93.4,74.0,6.85,0,39,7,1,1,2.0,102,760,63.76,81.32,Good
STU0194,CSE-DS,2,Female,Day Scholar,Afternoon,Kinesthetic,Poor,High,Good,No,Yes,Not Started,48,357,112,302,70.2,68.2,7.76,0,32,0,0,0,1.0,102,1031,42.43,75.18,Good
STU0195,CSE,2,Female,Day Scholar,Morning,Visual,Poor,High,Average,No,Yes,Not Started,187,480,13,646,74.5,69.5,7.9,1,38,0,1,0,4.0,114,1034,63.35,78.08,Good
STU0196,CSE,7,Female,Day Scholar,Night,Kinesthetic,Poor,High,Good,No,No,Placed,180,294,106,221,76.1,67.8,7.09,0,34,5,2,0,2.0,140,885,57.32,79.64,Good
STU0197,CSE-DS,1,Male,Hostel,Morning,Kinesthetic,Average,Medium,Good,No,Yes,Not Started,203,262,200,682,99.2,78.4,7.28,0,37,1,0,0,1.0,168,1129,82.69,83.27,Good
STU0198,IT,5,Female,Day Scholar,Night,Kinesthetic,Good,Medium,Good,No,Yes,Not Started,200,279,120,282,94.5,82.8,7.86,0,40,1,0,0,0.0,12,813,73.78,87.05,Excellent
STU0199,IT,2,Male,Day Scholar,Night,Auditory,Average,Medium,Average,No,No,Not Started,181,235,181,536,82.6,64.4,5.9,0,31,1,0,0,0.0,75,1057,75.58,77.32,Good
STU0200,IT,4,Male,Hostel,Night,Auditory,Average,Medium,Good,No,Yes,Not Started,209,179,151,456,65.7,70.0,7.94,0,32,3,0,1,2.0,189,1052,83.28,79.75,Good
STU0201,CSE-DS,3,Other,Hostel,Night,Kinesthetic,Average,Low,Good,Yes,No,Not Started,71,97,237,134,86.3,72.3,6.65,0,37,1,0,0,3.0,70,1018,57.13,76.22,Good
STU0202,CSE,3,Female,Hostel,Morning,Kinesthetic,Average,Medium,Good,No,Yes,Not Started,383,375,167,381,90.8,79.2,7.62,0,36,2,1,1,3.0,56,1102,88.1,82.51,Good
STU0203,CSE,2,Female,Day Scholar,Afternoon,Visual,Average,Low,Good,No,No,Not Started,186,381,25,392,96.2,71.2,7.46,0,34,3,1,0,2.0,145,851,77.26,83.46,Good
STU0204,IT,5,Male,Day Scholar,Night,Auditory,Average,Medium,Good,No,No,Not Started,83,178,0,404,93.1,66.2,6.55,0,34,1,1,1,3.0,218,975,59.45,82.62,Good
STU0205,CSE-DS,6,Male,Hostel,Afternoon,Visual,Poor,High,Good,No,Yes,Not Started,47,246,304,733,68.2,53.9,4.68,0,27,7,2,4,1.0,383,1197,74.14,66.15,Average
STU0206,CSE,2,Male,Day Scholar,Night,Visual,Average,High,Good,No,No,Not Started,221,166,24,428,75.0,66.7,6.96,2,33,1,0,0,0.0,87,1302,62.47,72.14,Good
STU0207,CSE,6,Female,Hostel,Night,Kinesthetic,Good,Low,Average,No,Yes,In Progress,144,307,93,276,91.6,72.4,8.12,0,32,4,1,1,3.0,219,935,89.26,84.9,Good
STU0208,CSE-DS,6,Female,Day Scholar,Morning,Kinesthetic,Poor,Low,Good,No,No,Not Started,206,308,114,86,89.2,70.5,6.66,0,36,6,2,3,1.0,23,1071,62.78,77.74,Good
STU0209,CSE,8,Male,Hostel,Night,Kinesthetic,Average,Medium,Average,No,No,In Progress,370,199,58,317,83.6,76.1,7.27,0,34,3,3,1,4.0,366,1205,82.09,84.04,Good
STU0210,CSE,8,Female,Hostel,Morning,Visual,Poor,Medium,Good,No,No,Placed,182,209,230,196,84.2,62.9,6.85,0,34,7,3,3,3.0,123,918,68.62,79.64,Good
STU0211,CSE-AIML,5,Male,Hostel,Morning,Visual,Poor,High,Good,No,Yes,Not Started,277,214,123,131,76.6,75.7,7.95,0,44,6,2,1,1.0,92,1400,66.38,82.72,Good
STU0212,CSE-DS,6,Male,Hostel,Night,Visual,Average,Medium,Average,No,Yes,Not Started,91,169,0,280,56.8,61.9,5.64,2,35,2,1,1,6.0,150,1004,64.21,64.78,Average
STU0213,CSE-DS,4,Male,Day Scholar,Night,Kinesthetic,Average,Medium,Average,Yes,Yes,Not Started,203,284,149,14,84.4,63.5,7.38,0,30,4,1,1,3.0,0,1430,61.87,77.51,Good
STU0214,CSE,5,Male,Hostel,Night,Kinesthetic,Average,Low,,No,No,Not Started,103,0,103,0,100.0,75.9,7.14,0,34,3,1,0,3.0,0,1147,57.06,81.29,Good
STU0215,CSE-DS,2,Male,Hostel,Morning,Kinesthetic,Average,Low,Good,No,No,Not Started,75,248,172,354,90.0,73.7,7.64,0,40,3,0,0,2.0,140,1230,69.39,87.86,Excellent
STU0216,CSE,7,Female,Hostel,Afternoon,Visual,Good,Low,Good,No,Yes,Placed,197,449,312,782,83.0,71.4,6.47,1,36,5,1,1,2.0,555,1233,100.0,76.5,Good
STU0217,CSE,4,Male,Hostel,Afternoon,Visual,Poor,Medium,Good,No,Yes,Not Started,313,321,45,488,74.7,73.5,7.76,0,38,4,0,0,5.0,142,1367,80.28,85.39,Excellent
STU0218,CSE-DS,1,Female,Day Scholar,Afternoon,Auditory,Good,High,Average,No,Yes,Not Started,267,125,0,126,91.6,73.2,6.82,0,39,1,0,0,0.0,55,1100,70.6,81.53,Good
STU0219,CSE-DS,3,Male,Day Scholar,Morning,Kinesthetic,Average,Low,Good,No,Yes,Not Started,424,129,412,474,74.9,81.2,7.88,0,38,2,0,0,1.0,195,1174,94.51,85.89,Excellent
STU0220,IT,2,Other,Hostel,Night,Visual,Good,Low,Poor,No,No,Not Started,175,177,4,841,100.0,74.1,7.01,0,38,3,0,0,4.0,171,911,76.16,84.09,Good
STU0221,CSE-DS,2,Female,Hostel,Night,Auditory,Good,Medium,Average,No,Yes,Not Started,210,162,308,202,86.6,69.7,6.07,3,31,2,0,0,0.0,10,891,74.14,67.5,Average
STU0222,CSE-AIML,2,Female,Hostel,Afternoon,Visual,Average,Medium,Poor,Yes,No,Not Started,239,322,324,45,79.8,66.3,6.11,3,28,0,1,0,3.0,0,875,42.61,60.42,Average
STU0223,CSE,4,Male,Day Scholar,Morning,Visual,Poor,High,Good,Yes,Yes,Not Started,190,146,85,421,95.6,74.8,7.37,0,43,3,8,0,2.0,168,1003,68.08,82.46,Good
STU0224,CSE,1,Female,Day Scholar,Night,Kinesthetic,Good,Low,Good,No,No,Not Started,259,319,238,696,87.9,73.3,6.68,0,33,0,1,0,1.0,102,984,86.95,79.0,Good
STU0225,CSE,7,Female,Day Scholar,Night,Auditory,Poor,High,Average,No,Yes,Placed,131,222,14,365,65.8,58.2,4.95,4,25,5,2,1,7.0,195,841,61.05,54.7,Average
STU0226,CSE,5,Male,Day Scholar,Night,Visual,Poor,High,Good,No,No,Not Started,117,278,175,290,79.9,70.4,7.05,0,27,2,0,0,3.0,127,1023,49.03,73.59,Good
STU0227,ECE,8,Male,Day Scholar,Morning,Auditory,Poor,High,Good,No,No,Placed,133,319,216,204,85.6,76.8,8.78,0,42,3,2,1,0.0,60,1133,42.09,82.27,Good
STU0228,CSE,1,Male,Day Scholar,Morning,Auditory,Average,Low,Good,No,No,Not Started,89,297,16,103,86.8,72.7,7.47,0,37,0,0,0,1.0,58,1028,59.32,80.21,Good
STU0229,IT,4,Female,Hostel,Night,Kinesthetic,Poor,Medium,,No,No,Not Started,28,440,247,165,72.8,65.8,7.06,0,39,1,0,0,2.0,158,825,41.61,74.18,Good
STU0230,CSE-DS,2,Male,Hostel,Night,Auditory,Poor,High,Good,Yes,Yes,Not Started,166,404,214,267,90.2,69.0,6.92,0,32,0,0,0,0.0,61,895,45.32,75.32,Good
STU0231,IT,3,Male,Hostel,Afternoon,Kinesthetic,Average,High,Good,No,Yes,Not Started,0,146,293,686,57.8,55.4,5.6,0,27,1,0,0,1.0,247,1219,68.66,67.21,Average
STU0232,CSE-AIML,2,Male,Hostel,Night,Kinesthetic,Good,Medium,Good,No,No,Not Started,143,502,142,0,84.9,66.0,6.54,0,32,0,1,0,0.0,22,914,62.18,77.02,Good
STU0233,CSE-AIML,5,Male,Day Scholar,Morning,Kinesthetic,Average,Medium,Poor,No,No,Not Started,0,261,0,782,90.0,69.9,6.88,1,35,9,3,2,1.0,408,1206,77.09,79.6,Good
STU0234,CSE-AIML,6,Female,Hostel,Afternoon,Auditory,Average,Medium,Good,No,Yes,In Progress,324,289,143,508,100.0,77.6,7.2,1,40,6,1,0,5.0,327,769,93.35,86.58,Excellent
STU0235,CSE,3,Male,Hostel,Night,Visual,Poor,High,Average,No,No,Not Started,143,354,106,238,87.2,76.8,7.84,0,39,1,0,0,2.0,58,888,50.66,81.6,Good
STU0236,CSE-DS,2,Female,Hostel,Afternoon,Kinesthetic,Average,Low,Good,No,No,Not Started,0,124,233,407,68.4,57.4,5.2,2,29,1,2,0,0.0,22,1171,63.39,63.91,Average
STU0237,CSE,7,Female,Hostel,Night,Visual,Good,Low,Good,Yes,Yes,Placed,182,450,0,141,85.8,74.0,7.08,1,37,6,2,4,4.0,74,1229,81.19,76.47,Good
STU0238,CSE,3,Male,Hostel,Afternoon,Auditory,Good,Low,Average,No,Yes,Not Started,203,280,363,718,66.8,77.4,6.73,0,39,5,2,0,1.0,169,1051,100.0,76.78,Good
STU0239,CSE-DS,6,Female,Day Scholar,Afternoon,Visual,Poor,Medium,Good,No,Yes,Not Started,125,410,141,19,91.1,81.9,8.14,0,36,5,3,1,2.0,16,916,58.22,82.98,Good
STU0240,CSE,8,Male,Day Scholar,Afternoon,Visual,Good,Low,Average,No,Yes,Placed,325,236,271,5,90.4,75.0,6.87,1,38,3,2,2,5.0,0,979,77.7,77.66,Good
STU0241,ECE,1,Female,Day Scholar,Afternoon,Kinesthetic,Average,Medium,Good,No,No,Not Started,233,142,0,438,72.8,77.3,7.82,0,42,1,0,0,2.0,46,978,68.19,83.97,Good
STU0242,ECE,4,Male,Hostel,Morning,Kinesthetic,Poor,Medium,Good,No,Yes,Not Started,157,324,99,327,64.3,64.3,6.48,3,32,5,1,2,1.0,116,1039,68.96,64.0,Average
STU0243,ECE,8,Female,Hostel,Night,Kinesthetic,Good,Low,Average,No,No,Placed,227,135,308,317,100.0,76.7,7.41,0,39,6,1,5,5.0,317,1298,91.61,89.92,Excellent
STU0244,CSE,2,Male,Hostel,Night,Auditory,Average,Medium,Average,Yes,No,Not Started,319,199,38,243,77.9,75.0,6.65,0,37,4,0,0,0.0,70,1184,74.06,77.48,Good
STU0245,CSE,5,Male,Day Scholar,Afternoon,Visual,Good,Low,Average,No,No,Not Started,70,0,0,157,83.9,67.9,6.94,0,34,3,2,1,2.0,101,1255,71.49,78.97,Good
STU0246,ECE,1,Female,Hostel,Morning,Auditory,Average,Medium,Good,No,No,Not Started,106,419,123,232,85.9,61.4,6.87,0,30,1,1,0,0.0,0,1503,51.52,78.27,Good
STU0247,CSE-AIML,8,Male,Hostel,Night,Auditory,Poor,Medium,Good,No,No,Placed,182,193,221,540,80.2,68.2,7.24,0,36,3,2,1,2.0,458,1699,62.24,73.6,Good
STU0248,ECE,2,Female,Day Scholar,Morning,Auditory,Average,Medium,Average,Yes,No,Not Started,29,217,84,555,85.5,63.0,6.65,1,30,1,0,0,2.0,77,829,66.1,68.61,Average
STU0249,ECE,1,Male,Hostel,Morning,Auditory,Good,Low,Poor,Yes,Yes,Not Started,205,259,106,481,90.1,73.6,7.07,0,40,3,0,0,0.0,75,796,81.32,78.76,Good
STU0250,IT,8,Female,Hostel,Afternoon,Kinesthetic,Average,High,Good,No,Yes,In Progress,328,320,130,176,100.0,76.8,7.86,0,37,9,3,1,5.0,241,938,82.57,87.26,Excellent
STU0251,CSE,5,Male,Hostel,Night,Visual,Poor,High,Good,No,No,Not Started,168,101,90,66,70.4,65.4,5.71,2,35,3,1,2,6.0,49,933,48.64,66.0,Average
STU0252,CSE,2,Female,Hostel,Morning,Kinesthetic,Average,Medium,Good,No,Yes,Not Started,37,81,178,661,73.9,63.4,5.77,1,32,3,2,0,1.0,119,952,76.65,74.73,Good
STU0253,IT,6,Male,Hostel,Night,Kinesthetic,Average,Medium,Good,No,Yes,Not Started,252,387,0,0,84.9,74.0,7.9,0,39,2,1,1,9.0,0,767,66.87,89.87,Excellent
STU0254,CSE,6,Male,Hostel,Afternoon,Auditory,Average,Medium,Average,No,No,Not Started,327,190,0,255,100.0,82.7,7.7,0,41,4,0,1,1.0,182,1140,76.67,84.31,Good
STU0255,CSE,5,Male,Day Scholar,Morning,Kinesthetic,Poor,High,Good,No,Yes,Not Started,0,294,157,334,60.6,62.3,6.23,2,31,2,2,1,3.0,155,1036,43.56,68.01,Average
STU0256,CSE-AIML,3,Female,Day Scholar,Afternoon,Visual,Average,Medium,Poor,No,No,Not Started,227,195,63,939,86.4,65.6,6.54,0,31,3,1,0,2.0,208,1094,80.78,75.82,Good
STU0257,ECE,5,Male,Hostel,,Auditory,Average,Low,Poor,No,Yes,Not Started,238,331,226,302,94.0,73.2,6.47,3,34,7,1,0,3.0,193,962,85.58,72.33,Good
STU0258,CSE-DS,3,Female,Day Scholar,Night,Kinesthetic,Average,High,Average,No,No,Not Started,222,193,78,438,100.0,75.8,7.8,0,35,1,1,0,3.0,199,971,64.76,80.77,Good
STU0259,CSE-AIML,2,Female,Hostel,Morning,Auditory,Average,Medium,Good,No,No,Not Started,201,277,172,408,96.9,79.1,8.57,0,39,0,1,0,0.0,17,1010,63.18,86.93,Excellent
STU0260,CSE,8,Male,Hostel,Morning,Visual,Good,Medium,Average,No,No,Placed,190,315,177,564,76.6,66.9,7.72,0,32,10,4,1,6.0,501,1057,98.5,80.55,Good
STU0261,CSE-DS,3,Female,Hostel,Night,Auditory,Average,Medium,Good,No,No,Not Started,156,273,75,487,95.1,71.1,7.49,0,31,3,1,0,1.0,203,1173,75.65,78.41,Good
STU0262,ECE,2,Male,Day Scholar,Night,Kinesthetic,Good,Low,Good,Yes,Yes,Not Started,313,294,115,425,62.2,61.6,6.35,2,34,1,0,0,2.0,17,816,90.04,65.39,Average
STU0263,CSE,2,Male,Hostel,Afternoon,Kinesthetic,Average,High,Good,Yes,Yes,Not Started,188,237,127,374,98.5,81.2,8.26,0,38,3,0,0,1.0,140,1332,69.95,86.84,Excellent
STU0264,CSE-AIML,7,Female,Day Scholar,Night,Visual,Average,Medium,Good,No,Yes,In Progress,396,74,20,452,95.6,82.6,8.53,0,43,4,1,0,3.0,299,1373,94.49,93.23,Excellent
STU0265,IT,4,Female,Day Scholar,Morning,Visual,Good,Low,Average,No,No,Not Started,265,53,226,235,77.9,68.8,7.02,0,34,0,2,0,0.0,122,1105,71.59,75.74,Good
STU0266,CSE-DS,2,Female,Hostel,Afternoon,Auditory,Poor,Medium,Good,No,No,Not Started,189,96,74,0,86.3,79.4,9.05,0,37,0,0,0,1.0,0,900,46.37,80.71,Good
STU0267,CSE-DS,3,Male,Day Scholar,Morning,Kinesthetic,Average,Medium,Poor,No,No,Not Started,97,155,29,164,79.1,71.4,7.5,0,34,1,1,1,0.0,81,1077,47.22,76.16,Good
STU0268,CSE-DS,4,Male,Day Scholar,Night,Visual,Good,Low,Average,No,No,Not Started,230,354,134,409,78.0,75.9,8.03,0,32,5,1,0,3.0,210,1278,85.8,80.9,Good
STU0269,CSE,4,Male,Hostel,Afternoon,Visual,Average,Medium,Good,No,Yes,Not Started,104,0,252,168,92.0,63.7,6.34,0,30,4,0,0,1.0,101,993,71.25,76.8,Good
STU0270,CSE,2,Female,Hostel,Night,Kinesthetic,Average,Medium,Good,No,Yes,Not Started,120,296,111,286,91.1,73.4,6.26,0,36,3,1,0,0.0,0,844,68.69,79.56,Good
STU0271,IT,5,Male,Day Scholar,Night,Visual,Good,Low,Good,No,No,Not Started,147,163,104,251,81.9,64.7,5.11,2,30,9,1,3,3.0,153,900,78.83,68.17,Average
STU0272,IT,5,Female,Day Scholar,Night,Visual,Average,Medium,Average,No,No,Not Started,64,298,137,229,86.6,68.2,6.46,3,34,4,1,1,2.0,82,1065,58.24,70.74,Good
STU0273,IT,6,Male,Hostel,Morning,Kinesthetic,Average,Low,Poor,No,Yes,Not Started,338,427,96,436,100.0,74.3,7.92,1,38,6,0,0,2.0,327,1351,85.93,87.48,Excellent
STU0274,ECE,4,Male,Hostel,Morning,Visual,Average,Medium,Average,No,Yes,Not Started,71,263,37,342,90.8,69.3,7.22,2,32,6,1,0,2.0,128,1080,72.14,75.22,Good
STU0275,CSE-AIML,2,Male,Hostel,Night,Kinesthetic,Poor,Medium,Good,No,No,Not Started,204,349,133,301,74.2,68.3,6.78,0,34,2,1,0,3.0,19,998,54.06,74.26,Good
STU0276,CSE-AIML,7,Male,Hostel,Night,Kinesthetic,Average,Low,Average,No,No,In Progress,108,159,94,0,84.5,72.3,7.5,0,37,4,1,1,1.0,99,961,66.24,84.16,Good
STU0277,IT,5,Male,Hostel,Night,Auditory,Average,Medium,Average,Yes,No,Not Started,51,169,0,0,48.1,54.0,5.68,1,30,4,0,1,2.0,21,1196,54.08,60.76,Average
STU0278,CSE-DS,7,Female,Day Scholar,Morning,Kinesthetic,Average,Medium,Average,No,No,Placed,159,377,96,410,89.6,71.3,8.02,0,30,4,3,1,3.0,382,1450,72.47,82.45,Good
STU0279,CSE-DS,2,Female,Day Scholar,Afternoon,Visual,Average,Medium,Good,No,Yes,Not Started,167,492,90,96,76.9,65.6,6.28,1,32,2,0,0,3.0,32,828,63.05,71.03,Good
STU0280,IT,2,Male,Hostel,Night,Auditory,Average,Medium,Good,No,No,Not Started,316,337,100,434,62.0,68.9,6.43,4,30,5,0,0,0.0,70,972,82.45,61.36,Average
STU0281,IT,8,Male,Day Scholar,Morning,Auditory,Good,Medium,Good,No,Yes,In Progress,217,22,0,191,92.1,74.2,7.6,0,40,10,0,0,6.0,126,1437,95.8,86.92,Excellent
STU0282,CSE,4,Male,Day Scholar,Night,Visual,Average,Medium,Good,No,No,Not Started,199,111,181,185,87.9,79.3,8.13,0,43,4,0,0,1.0,184,810,63.49,89.07,Excellent
STU0283,CSE,8,Female,Hostel,Afternoon,Auditory,Average,Medium,Average,No,No,Placed,248,196,234,0,86.9,71.6,7.17,1,35,6,4,3,6.0,15,780,70.45,78.47,Good
STU0284,CSE,7,Male,Hostel,Morning,Visual,Average,Medium,Average,No,No,In Progress,154,291,113,272,98.6,80.7,8.19,0,41,4,1,1,5.0,113,1278,66.77,89.02,Excellent
STU0285,CSE-AIML,8,Female,Hostel,Morning,Auditory,Average,Low,Average,Yes,Yes,Placed,125,168,90,0,85.7,67.4,7.61,0,33,8,4,1,5.0,50,1126,77.22,78.85,Good
STU0286,CSE,6,Male,Day Scholar,Morning,Visual,Average,High,Good,No,No,Not Started,120,311,147,84,89.6,78.0,7.82,0,37,10,2,0,2.0,76,1005,65.41,83.24,Good
STU0287,CSE-AIML,4,Male,Hostel,Morning,Kinesthetic,Average,High,Good,No,Yes,Not Started,115,111,145,202,77.9,73.3,7.15,0,36,3,2,1,1.0,27,905,64.77,77.87,Good
STU0288,CSE-AIML,1,Female,Day Scholar,Night,Kinesthetic,Average,Medium,Good,Yes,Yes,Not Started,206,360,55,414,95.5,80.4,7.8,1,40,0,0,0,1.0,53,882,71.49,81.05,Good
STU0289,CSE,8,Male,Hostel,Morning,Auditory,Poor,High,Good,No,Yes,Placed,48,260,184,346,76.5,61.6,5.56,1,32,7,0,0,1.0,275,945,59.94,71.58,Good
STU0290,CSE-AIML,7,Female,Hostel,Morning,Auditory,Good,Medium,Average,No,No,Placed,159,323,53,280,84.5,71.3,6.75,0,38,6,1,1,2.0,203,1275,80.4,80.12,Good
STU0291,CSE,5,Male,Hostel,Night,Kinesthetic,Good,Low,Good,No,Yes,Not Started,299,17,3,449,83.5,81.3,8.83,0,44,9,1,1,3.0,283,1372,100.0,93.79,Excellent
STU0292,CSE,5,Male,Hostel,Afternoon,Visual,Poor,Medium,Good,No,Yes,Not Started,207,276,97,171,87.2,70.0,6.96,0,35,4,1,0,3.0,72,1116,60.97,80.47,Good
STU0293,IT,5,Male,Day Scholar,Afternoon,Auditory,Poor,High,Average,Yes,Yes,Not Started,171,149,139,351,81.4,71.2,6.88,0,35,4,0,1,1.0,171,1163,63.78,75.75,Good
STU0294,CSE,3,Female,Day Scholar,Night,Kinesthetic,Good,Low,Good,No,Yes,Not Started,132,241,96,85,95.9,76.1,8.07,0,40,2,0,1,0.0,0,1106,73.93,87.07,Excellent
STU0295,CSE,2,Female,Hostel,Night,Auditory,Good,Medium,Good,No,No,Not Started,102,187,190,263,81.9,66.0,6.46,3,31,5,1,0,1.0,64,1099,76.03,69.19,Average
STU0296,CSE-AIML,4,Male,Day Scholar,Morning,Kinesthetic,Poor,High,Good,No,No,Not Started,293,148,112,134,76.0,68.4,7.48,0,37,5,1,0,3.0,99,1013,57.28,80.34,Good
STU0297,IT,5,Female,Day Scholar,Afternoon,Kinesthetic,Average,High,Average,No,No,Not Started,189,234,247,325,78.9,65.1,6.79,1,31,5,1,1,6.0,295,999,72.3,80.09,Good
STU0298,CSE,1,Male,Hostel,Night,Kinesthetic,Good,Low,Average,Yes,No,Not Started,134,317,209,382,83.6,77.5,7.17,0,34,1,0,0,2.0,16,1072,77.69,73.89,Good
STU0299,CSE-DS,5,Male,Day Scholar,Afternoon,Visual,Average,Low,Poor,No,No,Not Started,152,406,0,416,85.3,77.1,8.16,0,36,2,2,1,3.0,234,878,65.18,83.91,Good
STU0300,CSE,6,Male,Hostel,Night,Auditory,Good,Low,Average,Yes,No,Not Started,100,179,74,189,71.0,69.7,7.07,0,30,3,0,0,1.0,170,1014,71.32,75.37,Good
STU0301,CSE,2,Male,Hostel,Night,Visual,Poor,Medium,Good,No,No,Not Started,190,367,37,415,81.0,77.2,7.62,0,35,1,1,0,0.0,71,839,61.19,81.28,Good
STU0302,CSE-AIML,7,Male,Hostel,Night,Visual,Average,High,Good,Yes,Yes,In Progress,189,390,174,341,94.8,77.4,7.81,0,40,6,2,0,2.0,198,1105,73.69,82.27,Good
STU0303,CSE-AIML,2,Other,Day Scholar,Morning,Kinesthetic,Average,Medium,Good,No,No,Not Started,235,121,192,213,77.1,69.0,6.91,0,36,4,2,0,1.0,87,1120,66.93,81.01,Good
STU0304,CSE-DS,8,Male,Hostel,Morning,Visual,Poor,High,Average,No,Yes,Placed,43,273,187,238,97.0,69.2,6.21,1,35,3,4,1,10.0,108,1158,48.7,74.9,Good
STU0305,CSE-DS,7,Male,Day Scholar,Night,Auditory,Good,Medium,Average,No,No,In Progress,192,339,0,441,80.1,65.7,6.44,5,33,10,5,3,1.0,266,1363,95.88,69.05,Average
STU0306,ECE,7,Male,Day Scholar,Afternoon,Auditory,Poor,Medium,Good,No,No,In Progress,230,212,94,346,84.0,76.8,7.49,0,38,7,3,2,3.0,164,682,68.39,83.48,Good
STU0307,CSE-AIML,8,Female,Hostel,Morning,Kinesthetic,Good,Low,Good,No,Yes,Placed,165,230,219,210,90.6,69.1,6.11,2,36,5,2,2,5.0,147,1033,81.36,79.17,Good
STU0308,CSE,4,Female,Hostel,Night,Kinesthetic,Poor,Medium,Poor,No,Yes,Not Started,301,304,156,579,100.0,79.8,7.81,0,45,3,3,0,1.0,243,1206,72.6,90.2,Excellent
STU0309,IT,8,Male,Hostel,Morning,Auditory,Good,Low,Good,No,No,Placed,238,239,0,0,79.0,72.5,7.21,0,38,10,2,0,1.0,77,1052,89.72,83.65,Good
STU0310,CSE,3,Male,Hostel,Morning,Auditory,Average,Medium,Average,Yes,No,Not Started,277,228,304,147,77.5,72.8,8.67,0,35,3,1,0,1.0,48,1078,65.95,78.66,Good
STU0311,CSE-AIML,7,Male,Hostel,Night,Kinesthetic,Good,Low,Good,Yes,No,Placed,83,161,123,121,100.0,77.2,6.95,0,40,7,2,3,3.0,128,737,76.19,83.41,Good
STU0312,CSE,7,Male,Hostel,Morning,Visual,Good,Low,Poor,No,Yes,In Progress,16,171,159,68,80.9,72.2,7.08,0,38,6,2,3,1.0,0,1024,65.37,76.52,Good
STU0313,CSE,8,Male,Hostel,Morning,Auditory,Good,Medium,Good,No,Yes,Placed,205,162,120,199,85.1,72.5,6.95,0,33,9,1,2,2.0,173,1151,92.85,81.31,Good
STU0314,ECE,4,Male,Hostel,Morning,Kinesthetic,Average,Medium,Poor,No,No,Not Started,0,195,66,616,87.3,70.3,6.56,0,32,3,1,1,1.0,224,1260,53.95,76.15,Good
STU0315,IT,5,Male,Hostel,Night,Kinesthetic,Average,Low,,Yes,No,Not Started,126,231,0,83,74.9,67.3,7.51,2,33,7,2,1,7.0,84,1014,72.85,69.21,Average
STU0316,CSE-DS,6,Male,Hostel,Morning,Auditory,Average,Medium,Average,Yes,No,Not Started,177,168,73,369,78.3,69.7,7.86,2,33,4,1,0,4.0,195,1122,71.82,73.41,Good
STU0317,CSE-AIML,1,Male,Day Scholar,Afternoon,Kinesthetic,Average,Medium,Good,No,No,Not Started,247,133,167,343,56.5,67.1,6.34,2,34,1,1,0,0.0,2,992,69.34,68.34,Average
STU0318,CSE,4,Female,Day Scholar,Night,Auditory,Average,Medium,Good,No,No,Not Started,188,136,99,552,86.1,82.9,8.8,0,42,3,2,0,7.0,230,1037,79.1,85.24,Excellent
STU0319,CSE,3,Female,Hostel,Night,Kinesthetic,Average,Medium,Good,No,Yes,Not Started,310,237,157,409,57.6,74.9,7.81,0,42,4,3,0,0.0,141,1002,84.86,80.88,Good
STU0320,CSE,4,Female,Hostel,Morning,Kinesthetic,Good,Medium,Poor,No,Yes,Not Started,117,56,68,466,97.1,75.2,7.7,0,39,1,0,0,5.0,83,803,59.4,85.28,Excellent
STU0321,CSE-AIML,2,Male,Hostel,Night,Visual,Average,High,Good,No,No,Not Started,98,341,93,662,91.0,69.8,6.93,0,40,3,0,0,3.0,92,904,65.93,80.13,Good
STU0322,CSE-DS,5,Male,Hostel,Morning,Kinesthetic,Average,Low,Poor,No,No,Not Started,383,391,163,157,79.4,74.7,8.04,0,36,3,0,0,4.0,192,1067,67.42,81.58,Good
STU0323,CSE-DS,5,Male,Hostel,Night,Auditory,Good,Low,Average,No,Yes,Not Started,166,392,101,280,96.7,73.6,7.86,0,33,6,2,0,1.0,83,1078,84.22,84.54,Good
STU0324,CSE,7,Female,Day Scholar,Afternoon,Auditory,Average,Low,Good,No,Yes,In Progress,191,199,77,164,96.5,79.2,8.16,0,40,8,0,1,2.0,165,1257,84.31,88.96,Excellent
STU0325,ECE,5,Male,Day Scholar,Morning,Visual,Good,Medium,Poor,Yes,No,Not Started,129,175,179,0,78.4,67.9,6.02,1,33,2,1,1,5.0,27,950,56.8,67.62,Average
STU0326,CSE-DS,5,Female,Hostel,Night,Auditory,Good,Medium,Good,No,Yes,Not Started,100,169,111,0,70.1,63.4,6.7,0,32,1,2,1,1.0,63,947,63.3,73.28,Good
STU0327,CSE-AIML,8,Female,Day Scholar,Morning,Kinesthetic,Good,Medium,Good,Yes,No,Placed,165,121,34,292,86.6,72.6,8.12,0,38,7,1,1,3.0,268,1085,81.9,84.78,Good
STU0328,CSE-DS,5,Male,Hostel,Morning,Visual,Good,Low,Good,No,No,Not Started,274,323,105,93,100.0,78.7,7.96,0,35,4,4,1,,6,1055,75.35,84.91,Good
STU0329,CSE-AIML,5,Female,Hostel,Afternoon,Auditory,Average,Medium,Average,No,No,Not Started,160,8,80,148,87.5,70.6,6.78,0,35,10,3,1,4.0,65,888,74.46,80.68,Good
STU0330,CSE,1,Male,Hostel,Night,Kinesthetic,Average,Medium,Poor,No,No,Not Started,0,176,24,524,81.5,71.0,7.56,1,39,0,0,0,,93,1105,54.53,78.5,Good
STU0331,CSE,3,Male,Hostel,Morning,Visual,Average,Low,Good,No,No,Not Started,80,170,317,366,80.8,64.5,6.97,0,29,2,0,0,2.0,86,958,69.01,75.17,Good
STU0332,IT,7,Male,Hostel,Morning,Kinesthetic,Poor,Medium,Average,No,Yes,In Progress,349,186,51,549,80.7,69.7,6.71,0,31,8,1,2,3.0,380,1245,92.91,77.57,Good
STU0333,CSE,8,Male,Hostel,Morning,Auditory,Good,High,Good,Yes,No,In Progress,0,170,146,405,57.7,58.2,6.06,3,29,7,2,2,3.0,280,1208,75.1,57.63,Average
STU0334,CSE,5,Female,Hostel,Afternoon,Auditory,Average,Medium,Average,No,No,Not Started,114,257,94,359,98.2,70.0,7.44,0,30,3,2,0,7.0,146,892,67.5,81.99,Good
STU0335,CSE,7,Male,Hostel,Afternoon,Auditory,Good,Low,Average,No,No,Placed,219,313,240,542,100.0,76.3,7.07,0,38,6,2,1,8.0,471,1370,96.07,86.32,Excellent
STU0336,CSE,3,Male,Day Scholar,Morning,Auditory,Average,High,Good,Yes,No,Not Started,221,277,248,287,68.5,73.3,7.74,1,36,2,2,0,1.0,117,1000,63.47,74.27,Good
STU0337,IT,8,Female,Day Scholar,Morning,Visual,Good,Low,Good,No,No,Placed,223,122,169,375,77.4,74.3,7.3,2,40,9,2,3,5.0,320,1051,100.0,79.36,Good
STU0338,CSE-DS,6,Female,Hostel,,Auditory,Average,Medium,Poor,No,Yes,Not Started,260,27,198,202,74.6,70.9,7.24,0,37,5,2,0,3.0,188,1072,75.05,77.78,Good
STU0339,CSE-AIML,5,Male,Hostel,Night,Visual,Average,Low,Average,No,No,Not Started,160,447,0,301,65.5,61.8,6.16,1,32,9,0,1,1.0,194,1098,87.42,72.15,Good
STU0340,CSE,7,Female,Hostel,Night,Visual,Poor,High,Good,No,No,In Progress,88,353,242,214,84.0,66.6,6.82,1,34,5,2,1,3.0,177,1010,49.4,73.31,Good
STU0341,CSE-AIML,4,Female,Day Scholar,Night,Kinesthetic,Good,Low,Average,No,No,Not Started,160,466,189,358,87.4,89.6,9.29,0,40,1,1,0,2.0,175,1122,78.98,91.77,Excellent
STU0342,CSE-AIML,8,Male,Hostel,Morning,Auditory,Poor,Low,Average,No,Yes,In Progress,287,293,52,34,88.4,85.1,8.66,0,42,5,2,2,,0,996,72.77,87.67,Excellent
STU0343,CSE,8,Male,Hostel,Night,Kinesthetic,Poor,High,Poor,No,No,Placed,30,409,59,236,79.5,63.9,6.24,4,33,3,2,2,7.0,165,1152,33.77,62.31,Average
STU0344,CSE-AIML,7,Male,Hostel,Afternoon,Kinesthetic,Average,Medium,Good,Yes,No,In Progress,138,25,104,443,100.0,76.6,7.33,0,37,7,2,2,1.0,293,1080,84.0,88.01,Excellent
STU0345,CSE,5,Female,Hostel,Night,Kinesthetic,Good,Medium,Good,No,Yes,Not Started,181,79,332,54,82.7,58.2,6.46,1,25,7,0,1,5.0,26,841,82.26,77.51,Good
STU0346,CSE-DS,2,Female,Hostel,Morning,Kinesthetic,Good,Low,Good,No,Yes,Not Started,120,164,92,400,83.2,67.2,6.41,1,33,1,0,0,1.0,64,1067,78.02,77.56,Good
STU0347,CSE-DS,1,Female,Day Scholar,Afternoon,Kinesthetic,Poor,Medium,Average,No,No,Not Started,132,255,49,498,69.4,69.2,6.51,0,36,0,0,0,0.0,32,1000,54.27,75.61,Good
STU0348,CSE,4,Male,Day Scholar,Afternoon,Auditory,Good,High,Average,No,No,Not Started,216,158,50,587,79.3,69.5,6.18,2,35,2,0,0,0.0,311,860,71.63,70.16,Good
STU0349,CSE,4,Male,Hostel,Afternoon,Kinesthetic,Average,Medium,Good,No,No,Not Started,191,362,0,46,77.4,70.2,7.39,0,36,3,2,4,3.0,0,983,66.72,78.01,Good
STU0350,CSE-DS,2,Male,Hostel,Night,Visual,Average,High,Poor,No,Yes,Not Started,265,351,193,194,70.6,70.3,6.92,0,35,1,1,0,0.0,102,1023,54.06,77.71,Good
STU0351,CSE-AIML,5,Male,Hostel,Night,Visual,Poor,High,,No,No,Not Started,229,355,197,445,92.6,80.0,8.09,0,38,7,3,2,6.0,218,1084,66.98,81.57,Good
STU0352,IT,8,Female,Hostel,Night,Auditory,Average,Medium,Good,Yes,No,In Progress,273,321,0,182,73.8,62.7,6.61,0,26,4,1,3,1.0,192,921,74.64,69.89,Average
STU0353,CSE-DS,8,Female,Day Scholar,Night,Visual,Average,Medium,Average,No,Yes,Placed,121,277,267,157,77.9,63.6,6.33,4,36,4,1,2,5.0,66,1071,69.72,65.62,Average
STU0354,CSE,1,Male,Hostel,Afternoon,Kinesthetic,Average,Medium,Good,Yes,No,Not Started,414,436,101,291,93.1,83.9,7.95,0,39,1,0,0,0.0,85,1177,75.7,81.65,Good
STU0355,CSE,4,Male,Hostel,Morning,Visual,Average,Low,Good,Yes,No,Not Started,28,454,56,219,80.0,61.0,5.89,4,28,6,0,3,1.0,138,1292,71.0,61.93,Average
STU0356,CSE-DS,1,Male,Hostel,Night,Kinesthetic,Good,Medium,Good,No,No,Not Started,252,210,0,388,92.6,82.3,7.43,1,42,1,0,0,0.0,23,1014,73.67,86.29,Excellent
STU0357,CSE,4,Male,Day Scholar,Night,Auditory,Good,High,Average,No,No,Not Started,88,135,0,144,73.3,63.8,7.18,1,33,7,1,0,1.0,0,1213,69.76,75.56,Good
STU0358,CSE-AIML,5,Male,Day Scholar,Night,Visual,Good,Medium,Good,No,Yes,Not Started,32,385,160,231,62.6,50.9,5.06,3,32,7,4,2,3.0,37,1219,77.14,62.5,Average
STU0359,ECE,6,Male,Hostel,Afternoon,Visual,Poor,High,Good,No,Yes,Not Started,330,465,212,300,84.9,74.3,7.07,1,38,7,2,2,0.0,203,1171,72.88,76.15,Good
STU0360,CSE-AIML,4,Male,Hostel,Night,Visual,Poor,High,Good,No,Yes,Not Started,146,539,13,241,97.2,80.9,8.58,0,42,2,2,0,2.0,156,895,53.14,87.11,Excellent
STU0361,CSE,6,Male,Hostel,Night,Auditory,Poor,High,Good,No,Yes,Not Started,65,316,0,120,96.4,63.2,5.46,0,26,4,3,0,4.0,153,998,49.27,70.9,Good
STU0362,CSE-DS,4,Male,Day Scholar,Morning,Auditory,Average,High,Good,No,No,Not Started,143,218,94,25,86.8,72.2,7.89,0,36,6,2,2,3.0,45,953,60.63,86.15,Excellent
STU0363,CSE-AIML,8,Male,Hostel,Morning,Visual,Good,Medium,Good,No,Yes,In Progress,118,103,16,387,85.2,71.5,6.83,0,38,12,5,3,8.0,293,1254,100.0,82.28,Good
STU0364,CSE-AIML,3,Female,Hostel,Morning,Auditory,Poor,High,Poor,No,No,Not Started,165,231,127,205,85.6,70.4,7.58,0,31,2,1,1,0.0,52,1119,39.03,74.39,Good
STU0365,ECE,5,Male,Hostel,Night,Kinesthetic,Good,Medium,,No,No,Not Started,150,130,213,313,53.7,59.3,5.93,2,26,7,1,0,3.0,103,675,86.95,66.62,Average
STU0366,CSE,2,Female,Day Scholar,Morning,Auditory,Average,Medium,Good,No,No,Not Started,57,110,17,39,85.1,67.0,5.65,1,33,2,0,0,1.0,34,1086,54.83,67.95,Average
STU0367,ECE,6,Male,Hostel,Morning,Visual,Average,Medium,Good,Yes,No,Not Started,185,355,163,465,76.8,68.3,6.28,1,31,3,1,2,6.0,310,1184,76.79,67.54,Average
STU0368,ECE,2,Male,Hostel,Morning,Kinesthetic,Average,Medium,Average,Yes,No,Not Started,178,183,235,287,100.0,79.7,7.91,0,39,1,0,0,1.0,69,1125,68.74,83.09,Good
STU0369,CSE,5,Male,Hostel,Night,Visual,Poor,Medium,Good,No,Yes,Not Started,326,237,136,203,81.1,75.6,7.59,0,36,6,0,2,0.0,133,1186,75.59,83.11,Good
STU0370,CSE,7,Male,Day Scholar,Afternoon,Visual,Average,Medium,Average,No,No,Placed,310,430,167,625,85.3,83.0,8.19,0,40,6,0,0,5.0,454,1301,94.3,84.8,Good
STU0371,CSE,2,Female,Day Scholar,Morning,Visual,Average,Low,Good,No,No,Not Started,180,0,44,162,68.2,67.3,6.88,0,37,2,0,0,0.0,0,853,67.22,79.04,Good
STU0372,CSE,5,Male,Day Scholar,Night,Auditory,Good,Low,Good,No,No,Not Started,221,125,249,380,94.3,76.4,6.6,0,38,4,1,0,3.0,246,1198,88.5,81.44,Good
STU0373,CSE,8,Female,Hostel,Night,Visual,Average,Medium,Average,No,Yes,Placed,85,336,168,352,84.2,72.4,7.4,0,36,4,2,2,4.0,290,1018,79.68,83.78,Good
STU0374,CSE-DS,2,Female,Hostel,Morning,Kinesthetic,Poor,High,Good,No,No,Not Started,239,181,19,177,84.0,65.9,5.9,4,34,0,1,0,0.0,113,1031,53.47,64.71,Average
STU0375,CSE,6,Male,Day Scholar,Night,Kinesthetic,Poor,Medium,Average,No,No,Not Started,425,177,298,281,100.0,83.4,8.86,0,43,2,0,1,1.0,198,691,70.2,93.54,Excellent
STU0376,CSE,3,Male,Hostel,Night,Kinesthetic,Good,Low,Average,No,No,Not Started,76,279,0,326,87.0,66.9,5.89,2,32,3,0,0,4.0,108,1020,70.53,72.62,Good
STU0377,IT,2,Female,Day Scholar,Morning,Visual,Poor,High,Average,No,Yes,Not Started,125,220,230,393,100.0,70.3,7.86,0,31,3,0,0,2.0,50,984,60.23,78.47,Good
STU0378,CSE,6,Male,Day Scholar,Morning,Kinesthetic,Good,High,Average,Yes,No,Not Started,202,3,0,282,55.0,62.0,5.95,1,25,6,3,1,3.0,157,971,74.69,61.14,Average
STU0379,IT,4,Female,Hostel,Afternoon,Kinesthetic,Poor,High,Average,Yes,No,Not Started,196,165,124,325,88.6,82.8,7.93,0,41,0,2,1,1.0,77,1164,46.37,79.62,Good
STU0380,CSE,5,Male,Hostel,Afternoon,Kinesthetic,Poor,Medium,Average,No,No,Not Started,190,59,240,356,89.5,68.8,7.59,0,37,3,4,0,2.0,160,1264,61.57,84.85,Good
STU0381,CSE,1,Male,Day Scholar,Morning,Kinesthetic,Good,Low,Good,No,No,Not Started,118,343,0,0,68.8,62.4,6.49,1,27,0,0,0,0.0,0,1042,59.49,67.76,Average
STU0382,CSE-DS,7,Male,Day Scholar,Night,Auditory,Average,Medium,Average,No,No,Placed,53,73,156,207,85.9,78.2,8.35,0,38,5,1,5,3.0,163,1088,61.77,84.4,Good
STU0383,CSE-DS,8,Male,Hostel,Afternoon,Visual,Poor,Medium,Good,No,No,Placed,102,73,0,322,72.2,66.2,6.62,0,38,6,3,1,4.0,288,1341,59.91,74.13,Good
STU0384,IT,1,Female,Hostel,Night,Visual,Good,Low,Good,Yes,No,Not Started,254,88,91,0,79.7,78.8,8.03,0,38,2,1,0,2.0,0,1156,76.62,78.07,Good
STU0385,CSE-DS,8,Male,Hostel,Morning,Kinesthetic,Good,Low,Good,No,No,Placed,363,341,263,322,76.9,79.6,8.31,0,42,5,2,2,5.0,285,949,94.55,90.37,Excellent
STU0386,IT,5,Female,Hostel,Night,Visual,Poor,High,Good,Yes,No,Not Started,228,163,99,694,75.5,69.6,6.86,0,36,6,4,1,1.0,326,1250,72.94,70.73,Good
STU0387,CSE,8,Male,Hostel,Afternoon,Kinesthetic,Poor,Medium,Average,Yes,Yes,Placed,149,399,212,449,73.7,72.0,8.05,0,33,8,5,1,0.0,322,1073,77.34,81.14,Good
STU0388,CSE,3,Male,Hostel,Night,Kinesthetic,Good,Low,Average,No,No,Not Started,254,345,201,139,59.0,70.0,6.41,0,38,1,2,0,2.0,0,1068,75.0,75.74,Good
STU0389,IT,2,Male,Day Scholar,Night,Kinesthetic,Average,Medium,Poor,No,No,Not Started,57,373,0,744,81.0,74.5,7.37,0,36,1,0,0,1.0,168,1071,61.16,79.68,Good
STU0390,IT,3,Male,Day Scholar,Night,Visual,Good,Medium,Good,No,Yes,Not Started,177,198,0,13,87.9,71.3,7.77,0,38,0,1,1,0.0,0,1056,61.83,81.99,Good
STU0391,ECE,1,Male,Day Scholar,Afternoon,Auditory,Average,Low,Average,No,No,Not Started,126,92,184,189,88.5,66.6,5.78,1,34,0,0,0,1.0,137,951,63.99,75.88,Good
STU0392,CSE-AIML,7,Male,Hostel,Night,Visual,Average,Medium,Good,No,Yes,In Progress,154,201,162,564,52.6,62.9,6.05,1,34,1,3,4,3.0,300,1033,76.19,64.58,Average
STU0393,CSE,6,Female,Hostel,Night,Visual,Good,Low,Good,No,Yes,In Progress,129,0,25,303,67.2,65.2,5.52,3,32,6,3,1,1.0,187,968,87.75,67.96,Average
STU0394,IT,7,Male,Day Scholar,Night,Auditory,Average,High,Good,No,No,Placed,80,307,88,455,93.0,66.7,6.47,3,29,5,2,2,8.0,353,909,70.89,72.24,Good
STU0395,CSE,5,Male,Hostel,Morning,Visual,Average,High,Average,No,No,Not Started,333,271,142,504,66.3,74.5,7.42,0,36,7,1,1,2.0,212,1100,81.58,80.65,Good
STU0396,ECE,5,Female,Hostel,,Auditory,Average,Medium,Average,Yes,Yes,Not Started,123,159,52,462,94.8,75.2,6.98,0,36,3,2,2,2.0,237,936,75.6,81.13,Good
STU0397,IT,3,Female,Hostel,Morning,Kinesthetic,Average,Medium,Poor,No,Yes,Not Started,123,178,213,32,96.9,71.7,7.15,0,37,3,1,1,1.0,43,916,52.31,82.48,Good
STU0398,CSE-AIML,6,Male,Day Scholar,Night,Auditory,Good,Low,Good,No,Yes,Not Started,174,373,119,149,97.7,78.1,7.3,0,37,7,2,0,5.0,63,536,89.16,87.26,Excellent
STU0399,IT,3,Male,Day Scholar,Night,Kinesthetic,Average,Medium,Poor,No,Yes,Not Started,198,298,99,255,56.1,64.5,6.66,1,32,4,1,0,2.0,118,1247,62.86,68.99,Average
STU0400,IT,2,Female,Hostel,Afternoon,Auditory,Poor,Medium,Good,Yes,Yes,Not Started,325,417,80,402,93.4,77.2,7.92,0,38,1,0,0,0.0,59,938,67.02,79.78,Good
STU0401,CSE,4,Female,Day Scholar,Morning,Kinesthetic,Poor,Medium,Good,Yes,No,Not Started,195,135,167,297,85.3,75.2,7.8,0,42,3,0,0,0.0,44,1219,58.62,80.58,Good
STU0402,ECE,6,Male,Hostel,Afternoon,Visual,Good,Low,Average,No,Yes,Not Started,229,87,108,101,74.6,69.5,6.9,0,35,5,2,3,5.0,0,1127,85.69,77.58,Good
STU0403,CSE-AIML,4,Male,Hostel,Night,Auditory,Good,Medium,Poor,No,Yes,Not Started,13,283,0,189,86.2,69.0,6.46,2,32,7,0,1,3.0,163,1281,66.67,70.51,Good
STU0404,IT,7,Female,Day Scholar,Morning,Visual,Average,Medium,Good,No,No,Placed,207,335,300,464,80.7,77.8,7.17,0,39,5,1,5,4.0,456,1159,75.72,80.97,Good
STU0405,CSE,2,Male,Day Scholar,Afternoon,Kinesthetic,Average,Medium,,Yes,No,Not Started,111,276,0,0,55.2,56.4,5.75,1,26,2,0,0,1.0,0,978,57.19,59.97,Average
STU0406,IT,8,Other,Hostel,,Auditory,Poor,Medium,Good,No,Yes,Placed,113,187,259,279,61.7,66.9,5.93,0,29,3,3,1,10.0,135,1144,57.54,67.31,Average
STU0407,CSE,8,Male,Hostel,Afternoon,Auditory,Average,Medium,Poor,No,Yes,Placed,73,593,32,487,69.7,63.3,7.0,1,31,5,2,2,4.0,488,1394,70.15,69.9,Average
STU0408,CSE,4,Female,Day Scholar,Afternoon,Auditory,Average,Medium,,No,Yes,Not Started,149,485,62,527,93.3,72.6,7.32,1,29,5,2,2,1.0,233,1083,78.39,79.57,Good
STU0409,ECE,1,Male,Day Scholar,Night,Visual,Average,Low,Average,No,No,Not Started,214,150,306,0,91.2,79.6,7.21,0,40,1,0,0,0.0,0,1107,65.67,83.35,Good
STU0410,CSE,7,Male,Day Scholar,Afternoon,Kinesthetic,Average,High,Average,No,Yes,In Progress,218,167,0,145,83.1,74.3,7.17,0,36,6,2,0,2.0,0,1064,70.43,81.77,Good
STU0411,CSE,4,Female,Hostel,Morning,Visual,Average,Medium,Good,No,No,Not Started,197,148,109,643,67.7,62.7,6.5,2,33,2,0,0,3.0,258,1049,80.6,71.28,Good
STU0412,ECE,2,Male,Day Scholar,Morning,Auditory,Good,Low,Good,No,Yes,Not Started,123,407,251,0,68.3,66.8,7.2,0,33,1,0,0,0.0,0,1100,67.1,77.39,Good
STU0413,ECE,4,Male,Day Scholar,Night,Kinesthetic,Average,Medium,Average,No,No,Not Started,114,348,58,387,76.9,68.1,6.93,0,31,2,4,0,3.0,214,981,62.41,74.77,Good
STU0414,CSE-AIML,5,Male,Hostel,Night,Kinesthetic,Poor,Medium,Average,No,No,Not Started,142,329,155,489,100.0,76.8,7.1,0,35,3,2,1,0.0,263,1033,65.01,84.07,Good
STU0415,CSE-DS,3,Male,Day Scholar,Morning,Visual,Average,Low,Good,No,No,Not Started,189,221,234,441,70.7,67.0,7.3,1,35,1,0,1,0.0,97,1170,72.19,74.53,Good
STU0416,CSE-AIML,1,Male,Hostel,Morning,Visual,Good,Medium,Good,No,Yes,Not Started,38,345,107,404,68.7,60.7,6.0,5,24,1,0,0,1.0,0,1053,65.03,54.53,Average
STU0417,CSE,5,Female,Hostel,Afternoon,Auditory,Average,High,Good,No,Yes,Not Started,156,283,257,299,87.5,70.2,7.68,0,31,1,1,3,6.0,148,710,65.1,78.53,Good
STU0418,CSE,5,Male,Day Scholar,Night,Auditory,Average,Medium,Average,No,No,Not Started,146,218,116,337,94.4,62.9,6.52,0,28,6,1,0,2.0,203,1229,79.79,76.74,Good
STU0419,CSE-DS,2,Male,Hostel,Morning,Auditory,Poor,Medium,Good,No,No,Not Started,211,285,63,108,77.2,74.1,7.6,2,41,1,0,0,2.0,88,1071,53.8,72.66,Good
STU0420,IT,3,Male,Hostel,Night,Auditory,Good,Low,Good,No,No,Not Started,434,431,165,320,98.2,81.2,8.11,0,40,3,0,0,1.0,51,697,87.97,86.87,Excellent
STU0421,IT,3,Female,Day Scholar,Morning,Kinesthetic,Poor,High,Good,No,No,Not Started,178,335,234,524,80.8,68.6,7.07,0,33,3,0,1,1.0,38,1004,58.63,78.31,Good
STU0422,IT,6,Female,Hostel,Night,Auditory,Poor,Medium,Good,No,Yes,Not Started,181,122,46,0,77.8,69.3,7.57,0,30,4,3,1,2.0,58,1058,55.57,72.4,Good
STU0423,CSE,7,Male,Hostel,Night,Auditory,Good,Low,Good,No,No,Placed,239,138,93,230,67.1,75.3,7.25,0,32,0,2,1,4.0,117,875,73.4,75.32,Good
STU0424,CSE-AIML,1,Male,Day Scholar,Night,Auditory,Good,Medium,Average,No,Yes,Not Started,161,331,3,141,90.2,63.9,6.89,1,34,0,0,0,0.0,0,822,67.94,74.28,Good
STU0425,CSE,7,Female,Hostel,Afternoon,Visual,Good,Low,Average,No,No,In Progress,218,160,81,516,66.3,63.7,6.34,2,28,7,1,1,6.0,395,1228,98.65,67.3,Average
STU0426,CSE-AIML,2,Male,Hostel,Night,Visual,Poor,Low,Good,No,No,Not Started,297,283,66,194,60.1,69.3,7.1,0,32,0,0,0,1.0,37,1087,58.39,70.43,Good
STU0427,CSE-AIML,1,Female,Hostel,,Visual,Good,Low,Good,No,Yes,Not Started,153,167,145,767,81.2,55.4,6.16,3,30,1,1,0,0.0,87,1030,89.11,68.74,Average
STU0428,IT,6,Female,Hostel,Morning,Auditory,Good,Low,Good,No,No,In Progress,317,338,0,623,70.2,71.1,6.83,0,35,4,2,1,2.0,345,1055,97.3,79.9,Good
STU0429,CSE,4,Female,Day Scholar,Afternoon,Kinesthetic,Good,Low,Average,Yes,No,Not Started,197,113,98,105,73.3,66.4,7.29,2,31,6,1,1,0.0,47,1137,77.35,71.08,Good
STU0430,CSE,5,Male,Day Scholar,Night,Auditory,Poor,High,Poor,No,No,Not Started,251,276,196,73,94.0,74.4,7.75,2,33,4,1,0,2.0,155,665,48.08,76.2,Good
STU0431,CSE,1,Female,Hostel,Night,Visual,Good,High,Good,Yes,No,Not Started,272,186,165,563,87.7,75.0,7.8,0,41,2,1,0,0.0,100,854,82.96,84.53,Good
STU0432,IT,7,Female,Day Scholar,Night,Visual,Average,Medium,Good,No,No,In Progress,299,233,202,259,94.5,80.3,8.65,0,35,7,2,1,1.0,228,960,80.64,89.09,Excellent
STU0433,CSE-DS,5,Female,Hostel,Night,Auditory,Poor,Medium,Average,No,No,Not Started,282,254,190,71,83.7,68.6,7.1,0,41,2,2,0,2.0,0,1296,51.83,76.05,Good
STU0434,CSE,2,Male,Hostel,Morning,Kinesthetic,Average,Medium,Good,No,No,Not Started,305,375,195,65,50.1,68.0,7.17,0,33,2,1,0,1.0,18,994,69.78,68.97,Average
STU0435,CSE,7,Male,Day Scholar,Night,Kinesthetic,Average,Medium,Average,Yes,No,In Progress,195,230,16,537,79.0,68.7,7.62,0,35,7,4,0,3.0,383,1306,85.05,81.79,Good
STU0436,CSE-DS,4,Male,Day Scholar,Night,Kinesthetic,Average,Medium,Good,No,Yes,Not Started,116,358,42,348,92.2,78.5,8.07,0,38,4,1,0,1.0,110,887,76.06,84.26,Good
STU0437,CSE,2,Male,Hostel,Night,Visual,Average,Medium,Good,No,Yes,Not Started,189,133,203,82,96.3,79.8,6.13,2,45,1,0,0,2.0,21,1143,60.14,75.57,Good
STU0438,IT,8,Female,Hostel,Afternoon,Visual,Poor,Medium,Good,No,No,Placed,83,42,0,302,90.6,68.9,6.62,0,31,6,1,2,3.0,159,891,57.71,77.58,Good
STU0439,CSE-DS,4,Male,Hostel,Night,Kinesthetic,Good,Medium,Average,No,No,Not Started,150,295,0,288,88.6,76.0,8.07,0,33,3,1,0,0.0,185,1280,71.19,85.71,Excellent
STU0440,CSE,4,Male,Hostel,Night,Auditory,Average,Medium,Good,No,Yes,Not Started,126,203,88,470,91.6,65.5,6.33,2,31,1,1,0,1.0,181,827,70.81,74.31,Good
STU0441,CSE,5,Male,Hostel,Night,Kinesthetic,Average,Medium,Good,No,No,Not Started,45,114,113,126,100.0,65.8,6.06,4,32,2,2,2,4.0,96,892,52.83,71.51,Good
STU0442,ECE,2,Female,Day Scholar,Afternoon,Auditory,Average,High,Average,No,Yes,Not Started,262,116,60,153,82.1,80.4,7.62,0,35,2,1,0,1.0,64,931,68.14,81.16,Good
STU0443,CSE,2,Female,Hostel,Night,Visual,Average,Medium,Good,No,No,Not Started,300,132,0,198,81.5,72.2,7.55,0,36,2,1,0,2.0,29,1216,72.26,83.09,Good
STU0444,CSE,1,Male,Day Scholar,Night,Visual,Poor,High,Good,No,No,Not Started,114,277,233,382,89.9,75.6,6.99,0,36,2,1,0,2.0,107,943,48.23,79.67,Good
STU0445,IT,7,Male,Hostel,Afternoon,Visual,Average,Medium,Good,No,Yes,Placed,237,197,53,45,70.4,67.4,6.92,0,33,3,2,3,5.0,0,1101,71.71,76.75,Good
STU0446,ECE,8,Male,Hostel,Afternoon,Kinesthetic,Average,Low,Average,No,Yes,In Progress,419,67,0,460,94.6,85.3,8.39,0,46,10,4,5,9.0,351,1346,100.0,92.19,Excellent
STU0447,ECE,2,Female,Hostel,Afternoon,Kinesthetic,Average,Medium,Good,No,No,Not Started,287,170,0,223,73.3,69.3,7.42,0,35,0,1,0,2.0,110,1204,65.24,73.17,Good
STU0448,IT,1,Female,Hostel,Night,Visual,Average,Medium,Average,No,No,Not Started,87,149,204,512,83.8,61.7,6.51,1,26,1,0,0,0.0,144,1075,68.36,74.68,Good
STU0449,CSE,8,Female,Day Scholar,Afternoon,Visual,Average,Medium,Good,No,No,Placed,260,111,110,75,52.5,68.3,6.95,0,31,2,3,2,2.0,37,891,58.35,69.21,Average
STU0450,CSE,3,Male,Hostel,Morning,Visual,Average,Medium,Good,No,No,Not Started,164,356,30,257,75.9,75.5,7.27,0,35,1,0,0,0.0,59,987,65.28,75.69,Good
STU0451,IT,3,Female,Hostel,Night,Kinesthetic,Good,Low,Good,No,No,Not Started,258,228,202,194,74.2,63.2,6.29,0,38,1,1,0,1.0,25,1023,77.95,73.18,Good
STU0452,CSE-AIML,8,Male,Day Scholar,Night,Kinesthetic,Poor,High,Good,No,Yes,In Progress,388,512,176,752,76.4,76.7,7.19,0,39,3,3,0,4.0,683,1333,83.53,82.49,Good
STU0453,CSE-AIML,3,Female,Day Scholar,Morning,Visual,Average,High,Average,No,No,Not Started,173,331,134,315,88.2,71.4,6.87,0,30,1,0,0,4.0,149,1031,63.85,78.7,Good
STU0454,ECE,6,Male,Hostel,Afternoon,Kinesthetic,Average,Medium,Good,No,No,In Progress,307,337,118,83,79.8,78.6,8.43,0,40,3,0,0,0.0,4,1083,75.32,89.5,Excellent
STU0455,CSE,2,Female,Hostel,Night,Kinesthetic,Good,Low,,No,Yes,Not Started,112,258,76,0,64.8,65.7,6.03,2,33,0,0,0,2.0,0,1129,66.08,68.19,Average
STU0456,CSE-AIML,6,Male,Day Scholar,Night,Kinesthetic,Average,High,Good,No,Yes,In Progress,136,408,172,372,82.8,70.7,6.33,0,36,5,4,0,1.0,210,1361,77.66,80.91,Good
STU0457,CSE,7,Female,Day Scholar,Afternoon,Kinesthetic,Poor,Medium,Average,No,No,In Progress,2,389,0,153,75.8,56.2,5.48,1,24,5,6,1,6.0,151,1203,49.36,66.48,Average
STU0458,CSE-AIML,2,Female,Day Scholar,Night,Visual,Poor,Medium,Average,Yes,No,Not Started,326,267,81,88,91.0,81.1,8.08,0,44,2,0,0,0.0,0,1112,61.67,84.72,Good
STU0459,CSE,1,Male,Hostel,Morning,Visual,Average,Medium,Good,No,Yes,Not Started,30,0,0,431,82.8,64.7,6.22,1,35,0,0,0,0.0,75,977,63.04,74.24,Good
STU0460,CSE,6,Male,Day Scholar,,Kinesthetic,Average,Medium,Good,No,No,Not Started,78,0,147,269,91.7,66.4,6.46,0,30,2,1,0,1.0,137,1001,64.74,78.74,Good
STU0461,CSE,6,Female,Hostel,Morning,Visual,Average,Low,Average,No,No,Not Started,200,152,205,336,72.8,70.2,6.72,0,35,5,3,1,2.0,230,1128,81.7,76.54,Good
STU0462,CSE-DS,7,Male,Hostel,Morning,Visual,Average,Medium,Poor,No,Yes,In Progress,364,267,124,313,95.0,79.0,8.48,0,41,5,2,1,6.0,226,1192,80.95,88.39,Excellent
STU0463,CSE-DS,6,Male,Day Scholar,Afternoon,Visual,Average,Medium,Good,No,Yes,In Progress,8,69,96,254,87.6,72.2,7.87,0,36,4,1,1,2.0,176,1134,65.3,81.22,Good
STU0464,CSE-AIML,4,Male,Hostel,Afternoon,Auditory,Average,Medium,Good,No,No,Not Started,213,290,0,544,92.2,74.3,6.61,0,34,4,0,1,3.0,155,1038,86.05,79.39,Good
STU0465,ECE,1,Female,Hostel,Night,Visual,Average,Medium,Average,No,No,Not Started,51,252,153,0,76.2,68.5,7.17,0,37,2,0,0,2.0,0,1179,43.58,79.06,Good
STU0466,CSE,3,Male,Hostel,Night,Visual,Poor,Low,Good,No,Yes,Not Started,330,224,203,0,80.2,79.7,6.54,0,34,1,1,0,0.0,19,1300,62.93,76.98,Good
STU0467,CSE,1,Male,Hostel,Night,Kinesthetic,Poor,Low,Poor,No,Yes,Not Started,195,246,107,183,80.5,72.8,7.87,1,36,0,0,0,0.0,102,828,50.61,79.35,Good
STU0468,IT,4,Male,Day Scholar,Afternoon,Kinesthetic,Average,Low,Average,No,Yes,Not Started,319,0,59,365,76.5,65.2,6.6,2,35,4,1,1,0.0,145,1186,88.8,77.91,Good
STU0469,CSE,7,Male,Day Scholar,Afternoon,Auditory,Poor,Low,Good,No,Yes,In Progress,111,430,26,424,73.9,64.1,6.27,2,31,2,2,3,3.0,286,895,63.84,69.03,Average
STU0470,ECE,7,Female,Hostel,Morning,Auditory,Good,Medium,Good,No,Yes,Placed,138,196,237,0,67.4,59.0,5.2,1,33,6,1,1,4.0,6,787,78.78,70.9,Good
STU0471,CSE,2,Other,Hostel,Morning,Visual,Poor,Low,Average,No,No,Not Started,95,260,305,535,72.6,58.3,6.15,4,29,0,0,0,1.0,71,1020,63.57,63.0,Average
STU0472,ECE,1,Female,Day Scholar,Night,Visual,Poor,Medium,Good,No,No,Not Started,310,252,113,729,79.8,60.2,5.23,1,31,0,0,0,0.0,107,1418,67.95,69.27,Average
STU0473,CSE,8,Male,Day Scholar,Morning,Kinesthetic,Poor,Medium,Good,Yes,No,In Progress,308,166,112,369,62.4,64.5,7.17,0,31,7,2,3,1.0,266,1067,70.59,70.14,Good
STU0474,IT,8,Female,Hostel,Night,Visual,Average,Medium,Good,Yes,Yes,Placed,121,251,140,197,95.7,72.3,7.37,0,41,3,3,2,5.0,195,698,61.54,78.39,Good
STU0475,CSE-AIML,7,Male,Day Scholar,Night,Visual,Average,Medium,Good,No,No,Placed,267,119,205,499,99.0,79.3,8.15,0,44,4,2,0,4.0,382,1568,83.76,89.98,Excellent
STU0476,ECE,6,Male,Day Scholar,Morning,Visual,Average,Medium,Average,No,Yes,Not Started,170,228,204,532,73.7,68.8,6.65,0,32,5,0,2,0.0,290,1165,79.86,74.07,Good
STU0477,CSE,7,Female,Hostel,Night,Visual,Good,Low,Good,No,Yes,Placed,5,248,254,234,92.9,71.0,7.53,0,33,6,0,0,1.0,116,1046,84.41,83.55,Good
STU0478,CSE-AIML,7,Female,Hostel,Morning,Visual,Good,Low,Good,No,No,Placed,225,204,138,212,74.8,69.5,5.99,0,36,5,3,2,1.0,188,1198,90.28,78.46,Good
STU0479,ECE,7,Female,Hostel,Afternoon,Visual,Poor,Medium,Average,No,Yes,Placed,257,247,342,292,68.6,65.7,6.51,0,32,3,5,1,2.0,251,877,70.61,71.95,Good
STU0480,CSE-AIML,7,Female,Day Scholar,Night,Visual,Average,Medium,Average,No,Yes,In Progress,279,316,184,476,91.8,77.2,6.94,1,38,5,2,1,1.0,312,1365,85.17,82.0,Good
STU0481,CSE-DS,8,Male,Hostel,Afternoon,Visual,Average,High,Good,No,No,Placed,186,378,111,503,98.5,68.7,7.12,0,34,8,5,1,3.0,500,1176,84.86,81.28,Good
STU0482,CSE-DS,8,Male,Hostel,Morning,Kinesthetic,Poor,Medium,,No,No,In Progress,149,482,244,255,79.9,67.6,6.31,1,33,6,1,3,7.0,257,1102,61.89,73.21,Good
STU0483,CSE-AIML,3,Female,Hostel,Night,Auditory,Average,Low,Good,No,Yes,Not Started,135,317,371,472,90.8,77.2,7.78,0,41,2,1,0,3.0,116,1156,75.91,83.56,Good
STU0484,CSE-DS,3,Male,Day Scholar,Morning,Visual,Average,Medium,Good,No,Yes,Not Started,261,204,59,191,46.3,56.7,5.41,1,20,3,2,0,0.0,69,834,71.31,59.13,Average
STU0485,CSE-AIML,2,Male,Hostel,Night,Kinesthetic,Average,Medium,Good,No,No,Not Started,217,103,89,712,71.7,67.0,6.95,0,35,0,0,0,2.0,167,1033,76.53,78.36,Good
STU0486,ECE,7,Female,Day Scholar,Afternoon,Visual,Good,Low,Good,No,No,In Progress,122,178,144,101,88.9,69.5,7.12,0,33,6,3,1,4.0,187,882,80.39,81.37,Good
STU0487,CSE,8,Female,Day Scholar,Afternoon,Visual,Good,Low,Average,No,No,Placed,205,76,45,438,95.9,79.8,7.71,1,41,9,0,2,6.0,249,875,94.65,87.44,Excellent
STU0488,CSE,1,Male,Hostel,Night,Auditory,Poor,Medium,Average,No,No,Not Started,245,205,218,254,83.1,71.9,7.26,2,35,0,0,0,0.0,21,1048,54.32,72.6,Good
STU0489,ECE,4,Female,Hostel,Night,Kinesthetic,Average,High,Good,No,Yes,Not Started,247,275,81,259,76.8,79.0,7.4,0,37,5,5,0,1.0,142,1166,75.48,80.2,Good
STU0490,IT,2,Female,Hostel,Morning,Visual,Average,Medium,Good,No,Yes,Not Started,179,284,72,242,88.1,74.8,8.64,0,36,0,0,0,1.0,17,1162,66.14,83.46,Good
STU0491,CSE-AIML,8,Female,Day Scholar,Morning,Auditory,Poor,Medium,Good,No,Yes,In Progress,291,263,174,169,84.1,77.8,7.99,0,41,6,4,1,7.0,219,1154,69.66,81.29,Good
STU0492,CSE-DS,1,Male,Hostel,Night,Auditory,Good,Low,Average,No,Yes,Not Started,109,264,294,138,74.9,64.5,6.42,4,33,1,0,0,0.0,0,698,68.18,62.56,Average
STU0493,CSE,7,Male,Hostel,Morning,Visual,Poor,Medium,Good,No,Yes,In Progress,184,276,7,97,61.5,54.7,4.28,1,28,7,1,2,3.0,135,1007,65.12,63.9,Average
STU0494,CSE,5,Male,Hostel,Night,Visual,Average,Medium,Good,No,No,Not Started,263,387,1,275,76.4,75.8,7.87,0,37,2,0,3,0.0,270,1430,69.06,80.25,Good
STU0495,CSE-AIML,7,Male,Hostel,Night,Kinesthetic,Average,Medium,Good,No,Yes,In Progress,207,128,128,315,86.5,67.7,5.85,2,34,2,3,0,3.0,218,1072,80.41,76.38,Good
STU0496,CSE,3,Male,Day Scholar,Night,Kinesthetic,Poor,Medium,Good,No,Yes,Not Started,187,157,0,194,80.1,78.9,7.69,0,41,0,0,2,1.0,42,924,59.88,76.7,Good
STU0497,CSE-AIML,4,Male,Day Scholar,Night,Visual,Poor,Medium,Poor,No,No,Not Started,112,426,57,0,100.0,78.4,7.61,0,39,5,3,0,6.0,0,923,40.38,82.39,Good
STU0498,CSE,8,Male,Day Scholar,Night,Visual,Good,Medium,Average,No,Yes,In Progress,64,159,104,305,92.1,65.9,7.52,1,29,10,1,3,7.0,271,967,93.46,79.19,Good
STU0499,ECE,8,Female,Hostel,Night,Auditory,Average,Low,Good,No,Yes,Placed,118,401,217,267,67.2,65.6,6.7,1,31,10,2,4,5.0,259,1181,88.03,74.22,Good
STU0500,ECE,6,Male,Hostel,Night,Kinesthetic,Average,Medium,Good,No,No,Not Started,285,395,0,492,73.3,67.8,6.22,2,32,5,1,2,3.0,292,1126,85.03,74.28,Good
STU0501,CSE-DS,4,Female,Day Scholar,Night,Visual,Poor,High,Good,No,Yes,Not Started,121,170,96,274,58.3,69.5,6.34,2,35,5,1,0,1.0,92,1300,60.06,65.17,Average
STU0502,CSE-AIML,6,Female,Hostel,Afternoon,Visual,Average,Medium,Good,No,No,Not Started,180,270,48,365,73.9,83.1,8.49,0,39,6,2,0,5.0,181,1229,71.51,84.97,Good
STU0503,CSE,4,Male,Day Scholar,Afternoon,Kinesthetic,Poor,Low,Average,Yes,No,Not Started,359,310,28,537,59.5,63.5,6.82,1,35,3,1,0,2.0,186,850,77.69,72.1,Good
STU0504,IT,3,Female,Hostel,Night,Visual,Good,Medium,Average,No,No,Not Started,272,468,137,696,92.2,72.3,7.18,0,29,3,1,1,3.0,201,915,87.98,81.63,Good
STU0505,CSE-DS,6,Female,Hostel,Night,Auditory,Good,Medium,Poor,No,No,Not Started,166,234,166,295,80.2,74.4,7.32,0,31,7,3,1,4.0,270,1215,74.37,76.6,Good
STU0506,CSE,1,Male,Day Scholar,Morning,Auditory,Poor,High,Good,Yes,Yes,Not Started,157,229,107,49,100.0,78.2,7.84,0,47,1,0,0,0.0,1,1199,45.52,86.74,Excellent
STU0507,ECE,6,Female,Day Scholar,Afternoon,Visual,Average,Medium,Good,No,No,Not Started,309,331,159,584,64.0,64.4,7.06,0,31,8,0,1,6.0,356,1248,89.61,73.89,Good
STU0508,IT,2,Male,Day Scholar,Night,Kinesthetic,Good,Medium,,No,Yes,Not Started,149,152,9,0,68.6,63.9,6.64,0,30,1,0,0,0.0,13,1136,62.88,68.13,Average
STU0509,ECE,1,Female,Hostel,Night,Auditory,Average,Medium,Good,Yes,No,Not Started,180,241,169,91,80.5,70.4,7.04,0,33,1,0,0,0.0,73,1032,58.15,71.79,Good
STU0510,CSE-DS,2,Male,Hostel,Morning,Kinesthetic,Good,Medium,Good,No,No,Not Started,163,0,180,139,72.4,65.4,6.19,4,33,1,0,0,3.0,0,1319,64.35,62.07,Average
STU0511,CSE-DS,7,Female,Hostel,Night,Kinesthetic,Poor,Low,Average,Yes,No,In Progress,327,519,183,449,73.0,70.2,7.45,1,37,3,0,2,1.0,390,1306,74.52,78.08,Good
STU0512,CSE-AIML,4,Male,Day Scholar,Night,Kinesthetic,Good,Low,,No,No,Not Started,179,433,0,268,72.9,60.3,6.37,2,33,4,3,0,1.0,142,1337,76.77,73.81,Good
STU0513,ECE,1,Female,Day Scholar,Night,Auditory,Good,Low,Average,No,No,Not Started,150,238,190,73,85.5,79.2,8.54,0,41,2,0,0,0.0,0,938,73.45,85.1,Excellent
STU0514,IT,4,Male,Hostel,Night,Auditory,Average,Low,Good,Yes,Yes,Not Started,242,129,166,799,80.4,74.4,7.9,1,35,8,0,1,2.0,425,763,100.0,76.43,Good
STU0515,CSE,7,Female,Day Scholar,Morning,Visual,Average,Low,Good,No,No,In Progress,355,123,240,224,77.9,83.8,8.6,0,36,6,2,1,4.0,196,1142,86.16,88.11,Excellent
STU0516,CSE,5,Female,Day Scholar,Night,Kinesthetic,Average,Medium,Good,No,No,Not Started,70,309,4,72,63.5,58.2,5.93,0,31,7,2,0,1.0,41,1055,65.42,71.59,Good
STU0517,CSE,8,Male,Day Scholar,Night,Auditory,Good,Medium,Good,No,No,Placed,211,131,152,55,73.4,67.9,6.41,0,34,8,2,2,7.0,51,1121,81.4,77.04,Good
STU0518,IT,4,Female,Hostel,Night,Auditory,Poor,High,Average,No,No,Not Started,105,95,82,55,63.7,64.8,6.68,0,28,4,2,1,4.0,225,1137,51.96,69.86,Average
STU0519,ECE,7,Male,Hostel,Afternoon,Visual,Good,Medium,Good,Yes,No,Placed,309,76,0,308,85.1,70.4,6.79,0,30,12,3,1,6.0,238,1190,100.0,76.4,Good
STU0520,CSE,4,Female,Day Scholar,Morning,Auditory,Average,High,Good,No,No,Not Started,79,253,129,198,96.7,77.1,6.92,0,38,4,0,0,4.0,0,986,55.83,85.11,Excellent
STU0521,CSE-AIML,7,Male,Hostel,Afternoon,Auditory,Good,Medium,Average,No,No,In Progress,252,269,0,196,76.4,67.3,7.68,0,38,5,5,1,1.0,197,1210,85.71,81.19,Good
STU0522,CSE,2,Female,Day Scholar,Morning,Auditory,Good,Low,Average,No,Yes,Not Started,113,474,93,324,50.2,61.1,5.64,3,33,0,0,0,0.0,57,800,75.76,60.26,Average
STU0523,ECE,7,Female,Day Scholar,Night,Visual,Average,Medium,Good,Yes,No,Placed,327,161,104,254,71.5,72.4,6.83,0,42,7,1,4,3.0,230,1131,87.06,74.76,Good
STU0524,IT,6,Male,Day Scholar,Night,Visual,Good,Medium,Poor,No,Yes,In Progress,397,307,55,358,73.8,75.9,7.67,0,39,4,3,3,3.0,167,1470,84.76,83.44,Good
STU0525,IT,5,Male,Hostel,Night,Kinesthetic,Poor,Medium,Good,No,No,Not Started,290,156,143,240,89.5,81.0,8.2,0,41,6,1,1,5.0,121,1090,72.63,86.9,Excellent
STU0526,CSE-AIML,4,Male,Hostel,Night,Auditory,Good,High,Average,No,No,Not Started,176,136,0,234,74.8,60.3,6.12,0,29,1,1,1,1.0,82,1008,60.89,72.3,Good
STU0527,CSE-AIML,7,Female,Hostel,Afternoon,Visual,Poor,Medium,Poor,No,Yes,In Progress,71,294,32,141,100.0,65.8,6.38,1,33,9,4,3,4.0,55,1205,53.91,74.0,Good
STU0528,CSE,7,Male,Hostel,Night,Visual,Poor,Medium,Average,No,No,In Progress,197,362,287,270,52.9,63.2,6.58,0,31,2,4,2,3.0,103,1318,50.81,66.42,Average
STU0529,CSE,4,Male,Hostel,Night,Visual,Average,High,Good,Yes,Yes,Not Started,203,220,62,406,63.3,66.7,7.24,2,38,1,0,0,4.0,144,1189,71.13,69.93,Average
STU0530,IT,8,Female,Hostel,Night,Kinesthetic,Poor,Medium,Average,No,Yes,Placed,389,84,65,491,92.7,77.5,7.31,0,38,6,0,1,4.0,466,1240,91.5,88.05,Excellent
STU0531,IT,5,Male,Hostel,Night,Kinesthetic,Good,Low,Good,No,No,Not Started,192,333,35,315,84.8,71.0,6.5,2,38,5,3,2,4.0,142,1242,82.77,78.94,Good
STU0532,ECE,5,Female,Hostel,Night,Kinesthetic,Average,Medium,Poor,Yes,No,Not Started,115,304,222,0,92.3,56.4,4.56,1,25,5,2,2,,6,925,51.76,60.02,Average
STU0533,ECE,7,Male,Hostel,Night,Kinesthetic,Average,Medium,Average,No,No,In Progress,198,315,158,618,82.2,75.1,7.3,0,38,10,0,1,4.0,435,1575,98.35,84.74,Good
STU0534,CSE-AIML,1,Male,Hostel,Morning,Kinesthetic,Poor,Medium,Poor,No,Yes,Not Started,145,454,13,161,93.4,78.2,7.86,0,42,1,0,0,0.0,0,1057,41.35,82.72,Good
STU0535,IT,2,Female,Hostel,Night,Auditory,Poor,High,Average,Yes,No,Not Started,171,135,144,314,92.1,74.1,7.59,0,36,3,0,0,1.0,121,1048,55.64,79.16,Good
STU0536,ECE,5,Male,Day Scholar,Night,Auditory,Good,Low,Good,No,Yes,Not Started,374,330,224,420,76.4,71.4,6.86,0,37,6,0,0,2.0,138,1371,99.76,80.35,Good
STU0537,IT,5,Male,Hostel,Afternoon,Visual,Good,Medium,Good,No,Yes,Not Started,103,316,180,488,80.6,68.4,7.52,0,29,5,0,1,2.0,263,1089,85.6,79.53,Good
STU0538,CSE,3,Female,Hostel,Night,Kinesthetic,Poor,High,Average,No,No,Not Started,266,238,205,834,61.1,68.5,7.26,0,36,3,3,0,1.0,275,1041,71.57,75.39,Good
STU0539,CSE-AIML,6,Male,Day Scholar,Night,Kinesthetic,Good,Medium,Average,Yes,Yes,Not Started,151,249,285,348,89.7,67.0,6.79,0,32,8,4,0,3.0,178,1231,88.11,79.63,Good
STU0540,CSE,5,Female,Day Scholar,Night,Visual,Average,Medium,Good,No,Yes,Not Started,176,292,0,445,72.8,74.5,7.3,0,36,7,1,1,1.0,167,889,84.12,79.31,Good
STU0541,ECE,2,Female,Hostel,Night,Auditory,Average,Medium,Good,No,No,Not Started,178,315,169,345,90.1,81.8,7.6,0,43,2,1,0,2.0,79,1057,64.0,84.59,Good
STU0542,CSE-DS,6,Male,Day Scholar,Night,Kinesthetic,Poor,Medium,Good,No,No,Not Started,92,145,43,500,85.4,71.8,6.77,1,35,1,0,2,0.0,320,1146,56.7,74.43,Good
STU0543,CSE,6,Male,Day Scholar,Afternoon,Kinesthetic,Average,Medium,Poor,No,No,Not Started,232,356,38,504,80.3,64.0,6.0,1,30,6,1,1,5.0,319,1132,76.41,72.65,Good
STU0544,CSE-DS,4,Female,Day Scholar,Morning,Kinesthetic,Average,High,Poor,No,No,Not Started,0,307,135,560,94.4,68.5,6.98,0,33,2,3,1,2.0,195,1071,46.66,78.41,Good
STU0545,CSE-DS,4,Male,Hostel,Night,Auditory,Good,Low,Good,No,Yes,Not Started,152,168,13,81,79.3,69.7,7.13,0,31,3,2,2,1.0,3,1001,71.28,76.81,Good
STU0546,CSE,4,Male,Day Scholar,Night,Auditory,Good,Medium,Average,No,No,Not Started,206,291,102,264,95.0,85.5,7.77,0,42,4,1,0,4.0,142,777,80.93,89.1,Excellent
STU0547,CSE,4,Female,Hostel,,Kinesthetic,Good,Low,Good,Yes,No,Not Started,232,298,250,504,75.0,71.1,7.33,0,36,2,1,0,0.0,190,816,83.07,78.15,Good
STU0548,CSE-DS,3,Male,Hostel,Morning,Kinesthetic,Average,Medium,Average,No,No,Not Started,227,294,199,256,96.4,68.2,6.99,0,40,0,0,0,2.0,68,1101,69.47,81.96,Good
STU0549,CSE-AIML,5,Female,Day Scholar,Morning,Visual,Average,Medium,,No,No,Not Started,78,237,0,393,92.3,67.6,6.95,0,33,1,4,0,3.0,215,1086,58.32,78.99,Good
STU0550,IT,4,Male,Hostel,Night,Visual,Poor,Low,Average,No,No,Not Started,142,128,0,332,71.4,65.2,6.49,2,32,1,1,0,2.0,150,964,57.43,71.99,Good
STU0551,CSE-AIML,7,Male,Day Scholar,Morning,Auditory,Average,Medium,Good,No,No,In Progress,192,140,95,254,84.3,74.2,7.17,0,37,6,1,1,6.0,161,1184,73.97,74.29,Good
STU0552,IT,1,Male,Hostel,Night,Visual,Average,Low,Good,No,No,Not Started,112,440,57,0,48.9,58.3,6.52,0,31,1,0,0,0.0,0,798,59.29,69.0,Average
STU0553,CSE-AIML,4,Female,Day Scholar,Night,Kinesthetic,Poor,Medium,Poor,No,No,Not Started,195,248,175,181,78.9,68.3,6.26,1,33,3,1,0,1.0,113,1162,47.59,70.9,Good
STU0554,CSE-AIML,5,Female,Hostel,Night,Auditory,Average,Medium,Average,Yes,No,Not Started,228,359,14,378,66.0,59.5,4.92,2,26,3,2,0,1.0,118,980,71.97,59.74,Average
STU0555,IT,4,Female,Hostel,Morning,Visual,Good,Low,Good,No,Yes,Not Started,131,250,143,348,83.6,65.9,6.18,3,37,0,1,3,2.0,85,1093,71.82,68.96,Average
STU0556,CSE-AIML,3,Male,Hostel,Night,Auditory,Good,Low,Average,No,Yes,Not Started,237,114,159,222,100.0,76.3,8.2,0,40,1,2,0,3.0,45,1118,79.79,84.71,Good
STU0557,CSE,2,Male,Hostel,Night,Kinesthetic,Good,Medium,Good,No,Yes,Not Started,157,308,110,251,100.0,74.3,7.5,0,37,2,0,0,0.0,60,850,80.66,84.68,Good
STU0558,CSE,2,Male,Hostel,Afternoon,Visual,Average,Medium,Good,No,No,Not Started,106,251,125,716,91.3,79.0,7.44,0,37,2,1,0,0.0,163,1157,70.21,81.35,Good
STU0559,IT,5,Male,Day Scholar,Afternoon,Visual,Good,Low,Poor,No,No,Not Started,298,350,314,336,86.5,79.2,8.21,0,37,5,2,1,1.0,195,1116,78.91,84.87,Good
STU0560,CSE-DS,7,Female,Hostel,Afternoon,Visual,Average,Medium,Average,No,No,Placed,136,218,103,177,76.7,63.0,6.38,1,35,1,1,1,1.0,109,1331,58.41,72.7,Good
STU0561,CSE-DS,2,Female,Day Scholar,Morning,Kinesthetic,Good,Low,Good,No,Yes,Not Started,50,178,203,53,64.1,63.8,6.43,1,29,1,0,0,5.0,21,1073,64.02,69.82,Average
STU0562,CSE,8,Male,Hostel,Night,Auditory,Average,Medium,Average,No,Yes,Placed,133,9,7,508,72.3,59.8,5.43,3,30,6,1,3,6.0,433,1329,82.3,67.07,Average
STU0563,CSE,2,Female,Hostel,Night,Visual,Poor,Medium,Poor,No,Yes,Not Started,202,329,58,301,74.2,63.3,6.68,2,33,3,1,0,1.0,90,1117,50.94,69.93,Average
STU0564,CSE,1,Male,Day Scholar,Night,Auditory,Good,Low,Average,No,Yes,Not Started,210,280,36,122,94.0,71.7,6.79,0,33,1,0,0,2.0,88,1012,76.93,77.03,Good
STU0565,CSE,5,Female,Hostel,Night,Auditory,Good,Low,Good,No,Yes,Not Started,81,173,214,0,49.1,57.0,6.36,3,28,4,2,2,1.0,43,950,77.26,63.31,Average
STU0566,CSE-AIML,7,Male,Day Scholar,Night,Auditory,Good,Medium,Good,No,No,In Progress,236,293,165,274,82.5,76.3,6.94,0,44,7,1,1,4.0,262,1387,88.83,84.86,Good
STU0567,CSE,5,Male,Day Scholar,Morning,Kinesthetic,Average,Low,Good,Yes,No,Not Started,176,119,200,704,87.4,74.4,7.59,0,44,3,2,0,2.0,295,1296,82.75,85.02,Excellent
STU0568,CSE-AIML,2,Male,Hostel,Night,Kinesthetic,Good,Low,Average,Yes,Yes,Not Started,49,486,111,537,100.0,74.7,6.86,0,37,0,1,0,0.0,101,1118,74.97,79.04,Good
STU0569,ECE,2,Male,Day Scholar,Night,Visual,Average,Medium,Good,No,Yes,Not Started,29,23,0,198,70.1,67.5,6.06,2,34,1,0,0,1.0,0,1022,57.07,71.25,Good
STU0570,CSE,2,Female,Day Scholar,Night,Visual,Poor,Medium,Average,No,No,Not Started,199,183,169,399,78.6,74.6,7.68,2,40,0,0,0,3.0,49,1060,56.44,75.8,Good
STU0571,CSE-AIML,6,Male,Hostel,Night,Auditory,Good,Medium,Average,No,Yes,Not Started,151,202,152,12,88.1,68.9,6.43,2,35,7,4,0,4.0,25,985,75.24,74.81,Good
STU0572,IT,3,Male,Day Scholar,Night,Auditory,Average,Medium,Good,No,No,Not Started,100,201,231,258,72.7,61.8,5.96,2,31,2,0,0,2.0,36,690,59.23,68.46,Average
STU0573,CSE,4,Female,Hostel,Night,Auditory,Good,Medium,Good,No,Yes,Not Started,124,229,175,304,81.2,71.9,6.65,1,32,6,0,1,4.0,149,1021,77.2,72.36,Good
STU0574,CSE-DS,8,Female,Hostel,Night,Kinesthetic,Average,Medium,Average,Yes,No,Placed,171,236,137,26,76.1,74.1,8.16,0,37,5,2,2,8.0,0,1115,59.0,79.56,Good
STU0575,IT,3,Female,Day Scholar,Morning,Kinesthetic,Good,Medium,,No,No,Not Started,168,258,162,118,72.4,70.2,6.73,0,38,0,1,0,1.0,61,985,53.49,73.32,Good
STU0576,ECE,5,Male,Day Scholar,Night,Visual,Average,High,Average,No,No,Not Started,169,202,209,160,98.4,80.0,8.39,0,38,2,2,0,1.0,145,1057,59.5,84.17,Good
STU0577,CSE,8,Female,Day Scholar,Night,Auditory,Average,Medium,Good,No,No,Placed,166,144,204,381,96.6,76.5,7.29,0,36,11,2,0,2.0,330,805,84.79,83.23,Good
STU0578,ECE,1,Female,Day Scholar,Afternoon,Auditory,Average,Medium,Good,No,Yes,Not Started,357,270,76,351,90.2,85.9,7.78,0,45,1,0,0,0.0,16,1076,80.42,91.23,Excellent
STU0579,CSE-AIML,4,Male,Day Scholar,Morning,Kinesthetic,Good,Low,Average,Yes,No,Not Started,134,477,0,116,78.5,65.3,6.5,1,30,10,2,0,3.0,0,948,82.99,72.68,Good
STU0580,CSE,1,Male,Day Scholar,Night,Visual,Good,Low,Average,No,Yes,Not Started,245,90,191,422,86.9,79.2,8.34,0,44,0,0,0,0.0,85,1074,84.33,90.5,Excellent
STU0581,CSE-AIML,7,Male,Hostel,Afternoon,Auditory,Good,Low,Poor,No,No,In Progress,234,188,120,302,88.1,73.8,7.28,0,37,8,1,0,1.0,134,784,82.8,83.12,Good
STU0582,ECE,6,Male,Hostel,Afternoon,Auditory,Average,Medium,Good,No,Yes,Not Started,127,306,98,646,100.0,68.3,6.68,0,28,6,4,3,1.0,457,1320,79.89,78.65,Good
STU0583,CSE-AIML,5,Male,Hostel,Night,Visual,Average,Medium,Good,No,No,Not Started,27,401,226,48,54.0,55.7,5.67,0,31,6,0,3,0.0,0,894,59.43,65.25,Average
STU0584,CSE,6,Male,Day Scholar,Night,Auditory,Good,Low,Poor,Yes,Yes,Not Started,142,637,97,623,67.9,68.2,7.17,2,33,3,3,0,3.0,360,1247,82.61,68.44,Average
STU0585,CSE-DS,5,Female,Hostel,Night,Kinesthetic,Good,Medium,Good,No,Yes,Not Started,30,380,162,203,80.0,71.8,7.27,0,32,1,0,1,6.0,54,962,65.04,76.05,Good
STU0586,CSE,1,Female,Hostel,Afternoon,Visual,Average,Medium,Good,No,No,Not Started,16,150,255,616,84.3,66.2,6.18,0,36,1,1,0,1.0,97,1153,62.24,74.46,Good
STU0587,CSE,1,Female,Hostel,Afternoon,Auditory,Average,High,Poor,No,No,Not Started,134,345,166,428,67.4,62.7,5.91,1,32,1,1,0,0.0,15,845,47.72,67.74,Average
STU0588,CSE,1,Female,Day Scholar,Morning,Auditory,Average,Medium,Good,No,Yes,Not Started,187,285,47,29,84.0,74.7,7.75,0,41,2,0,0,0.0,0,1195,65.15,82.88,Good
STU0589,CSE,5,Male,Day Scholar,Afternoon,Kinesthetic,Average,Medium,Good,No,Yes,Not Started,160,124,87,328,67.1,57.0,5.26,0,31,9,1,0,1.0,209,927,88.28,75.47,Good
STU0590,CSE,2,Female,Hostel,Morning,Kinesthetic,Average,High,Average,Yes,Yes,Not Started,33,187,126,590,47.7,56.2,5.48,5,26,2,0,0,1.0,103,994,67.4,50.77,Average
STU0591,CSE,1,Female,Hostel,Night,Kinesthetic,Poor,High,Good,No,Yes,Not Started,70,21,184,153,71.8,54.7,5.91,2,25,1,0,0,1.0,0,1125,47.32,62.67,Average
STU0592,CSE-DS,6,Male,Hostel,Night,Auditory,Poor,Medium,Average,No,Yes,Not Started,193,33,170,537,90.1,66.6,6.74,0,32,1,2,0,2.0,377,1284,68.59,78.54,Good
STU0593,CSE,7,Female,Hostel,Morning,Auditory,Average,Medium,Good,No,No,Placed,235,157,58,536,82.1,66.8,6.62,0,32,5,2,1,5.0,342,987,87.36,74.55,Good
STU0594,CSE,4,Female,Hostel,Afternoon,Auditory,Average,Medium,Poor,No,Yes,Not Started,104,256,172,611,59.3,63.3,5.69,1,34,4,0,1,3.0,215,1010,67.44,66.6,Average
STU0595,IT,5,Male,Day Scholar,Night,Visual,Average,Medium,Average,No,Yes,Not Started,177,364,459,408,85.3,69.5,6.16,2,36,6,2,2,1.0,210,1172,88.17,75.23,Good
STU0596,CSE-AIML,8,Female,Day Scholar,Night,Kinesthetic,Average,Low,Good,Yes,No,Placed,198,200,151,151,100.0,71.7,7.37,0,35,7,2,5,8.0,118,1168,78.41,78.89,Good
STU0597,CSE-DS,6,Male,Hostel,Morning,Visual,Poor,Medium,Good,No,No,In Progress,335,133,65,445,89.1,81.7,8.2,0,42,5,6,0,4.0,266,1292,74.55,88.85,Excellent
STU0598,CSE,3,Male,Hostel,Night,Kinesthetic,Average,Low,Average,No,No,Not Started,322,474,245,541,95.6,75.3,6.87,0,40,2,0,0,1.0,175,1035,85.11,87.71,Excellent
STU0599,CSE,7,Male,Hostel,Morning,Auditory,Good,Low,Good,No,Yes,Placed,233,106,49,466,84.9,74.8,7.98,0,43,7,3,2,1.0,270,1106,100.0,87.31,Excellent
STU0600,CSE,3,Female,Hostel,Morning,Visual,Good,Low,Good,Yes,No,Not Started,0,124,258,0,89.1,67.3,6.12,3,32,2,0,1,2.0,0,849,60.25,62.97,Average
STU0601,CSE,4,Female,Hostel,Morning,Visual,Average,Medium,Average,No,No,Not Started,313,186,103,345,73.1,70.6,6.69,0,38,5,3,0,3.0,132,1068,80.58,80.07,Good
STU0602,CSE,2,Other,Hostel,Night,Kinesthetic,Poor,Low,Good,No,No,Not Started,222,427,180,444,78.6,70.6,6.79,0,35,1,0,0,1.0,67,987,67.77,75.13,Good
STU0603,CSE,1,Male,Hostel,Morning,Visual,Poor,Medium,Good,No,No,Not Started,121,326,61,602,68.6,68.5,7.59,0,36,1,0,0,0.0,63,744,64.2,76.06,Good
STU0604,CSE,5,Male,Day Scholar,Morning,Visual,Poor,Medium,Good,No,Yes,Not Started,357,169,165,0,81.5,69.4,7.17,0,38,3,3,2,3.0,0,891,59.47,78.56,Good
STU0605,CSE,6,Female,Day Scholar,Afternoon,Auditory,Average,Medium,Good,Yes,Yes,Not Started,151,218,155,78,71.8,76.1,7.7,0,39,4,1,0,5.0,104,954,71.76,77.15,Good
STU0606,CSE-AIML,8,Female,Day Scholar,Night,Kinesthetic,Poor,High,Good,No,No,Placed,373,228,222,289,61.5,69.0,6.56,2,31,7,3,0,1.0,260,1354,72.96,67.02,Average
STU0607,CSE,1,Male,Hostel,Morning,Visual,Good,Low,Good,No,No,Not Started,78,31,85,808,77.2,67.6,6.4,1,38,0,0,0,0.0,83,1254,83.68,71.49,Good
STU0608,CSE,6,Male,Day Scholar,Afternoon,Auditory,Poor,High,Good,Yes,No,Not Started,141,285,249,455,71.7,59.7,5.47,3,29,4,3,1,2.0,240,1222,56.96,59.79,Average
STU0609,CSE-AIML,5,Female,Day Scholar,Afternoon,Visual,Average,Low,Average,No,No,Not Started,0,240,164,156,74.5,73.6,8.28,0,36,1,2,0,2.0,56,703,60.73,81.9,Good
STU0610,CSE-DS,3,Female,Hostel,Morning,Auditory,Poor,High,Good,No,No,Not Started,138,216,0,293,94.2,66.9,6.19,1,24,3,0,1,7.0,38,868,46.83,72.77,Good
STU0611,CSE,1,Male,Hostel,Night,Visual,Average,Low,Average,No,No,Not Started,288,274,150,442,83.6,75.1,6.91,0,38,1,1,0,0.0,20,912,79.6,80.24,Good
STU0612,IT,4,Male,Hostel,Morning,Auditory,Good,Medium,Good,No,No,Not Started,129,334,0,368,79.8,73.4,7.17,0,36,4,1,1,0.0,284,1046,81.1,82.53,Good
STU0613,CSE-DS,2,Female,Hostel,Morning,Auditory,Good,Low,Good,No,Yes,Not Started,104,235,0,349,92.0,75.4,8.43,0,40,0,0,0,1.0,98,1264,76.95,87.11,Excellent
STU0614,CSE,4,Female,Hostel,Night,Kinesthetic,Poor,Medium,Good,No,No,Not Started,292,221,89,211,79.4,77.9,7.85,1,39,7,0,0,2.0,124,889,69.43,86.29,Excellent
STU0615,IT,2,Male,Hostel,Morning,Auditory,Good,Low,Poor,No,No,Not Started,194,334,0,222,91.6,72.9,7.08,0,37,0,0,0,2.0,117,1035,66.28,80.85,Good
STU0616,ECE,7,Male,Hostel,Morning,Visual,Average,Medium,Good,No,Yes,In Progress,192,100,41,373,83.6,82.0,7.71,2,42,5,1,0,4.0,255,1240,82.79,80.09,Good
STU0617,CSE,6,Female,Hostel,Afternoon,Auditory,Good,Medium,Poor,No,Yes,Not Started,81,86,108,427,80.5,63.9,6.81,1,41,4,3,4,6.0,311,1032,70.83,76.46,Good
STU0618,CSE,1,Male,Hostel,Night,Auditory,Poor,High,Average,No,No,Not Started,89,219,109,0,78.6,66.8,7.31,0,34,0,1,0,0.0,0,923,29.99,74.77,Good
STU0619,IT,1,Male,Day Scholar,Night,Visual,Poor,Medium,Good,No,Yes,Not Started,157,330,25,265,82.2,68.1,6.26,1,31,0,0,0,0.0,89,868,53.6,69.5,Average
STU0620,CSE-DS,7,Male,Hostel,Night,Visual,Average,Medium,Average,No,No,Placed,6,230,132,563,94.4,65.5,6.26,2,35,9,2,3,5.0,318,1222,89.66,76.26,Good
STU0621,CSE,2,Male,Day Scholar,Night,Auditory,Good,Low,Good,No,Yes,Not Started,252,361,255,737,76.8,77.2,7.35,0,38,0,1,0,0.0,92,1075,91.34,80.99,Good
STU0622,CSE,3,Female,Hostel,Night,Visual,Average,Medium,Average,No,No,Not Started,235,210,109,471,81.4,78.2,7.51,0,37,0,2,0,1.0,198,1160,68.93,81.34,Good
STU0623,CSE,5,Male,Hostel,Night,Auditory,Good,Low,Good,No,No,Not Started,217,433,65,416,83.9,73.8,7.4,0,33,7,2,3,2.0,252,1123,90.72,84.78,Good
STU0624,CSE-AIML,4,Female,Hostel,Night,Auditory,Poor,High,Good,No,No,Not Started,61,221,157,532,86.9,72.9,6.86,0,36,3,0,0,1.0,333,1183,58.79,75.64,Good
STU0625,CSE-DS,7,Male,Hostel,Afternoon,Auditory,Good,Low,Good,No,No,In Progress,243,321,16,370,70.1,64.7,6.37,4,34,7,1,0,2.0,188,1053,93.62,69.02,Average
STU0626,CSE,8,Male,Hostel,Morning,Visual,Good,Medium,Good,Yes,No,Placed,103,329,227,67,84.3,64.7,6.1,2,34,5,2,2,4.0,79,980,71.39,67.11,Average
STU0627,CSE-AIML,8,Male,Hostel,Night,Kinesthetic,Good,Medium,Good,No,No,Placed,291,293,239,236,78.5,61.7,5.95,1,28,10,0,5,7.0,177,1076,97.27,72.75,Good
STU0628,CSE-DS,6,Female,Hostel,Night,Kinesthetic,Average,Medium,Average,No,No,Not Started,152,256,313,15,76.0,55.0,5.57,3,30,3,2,0,2.0,28,917,60.62,69.36,Average
STU0629,CSE,7,Female,Day Scholar,Afternoon,Auditory,Average,Medium,Average,No,No,Placed,187,215,169,478,97.2,83.1,8.6,0,37,4,2,1,2.0,344,1184,77.44,87.19,Excellent
STU0630,CSE,4,Male,Hostel,Night,Auditory,Poor,Low,Good,No,No,Not Started,236,292,14,0,63.5,66.8,6.79,0,33,2,0,0,2.0,0,984,55.79,72.5,Good
STU0631,CSE-DS,4,Female,Day Scholar,Afternoon,Visual,Good,Low,Good,No,No,Not Started,207,367,221,365,88.2,77.6,7.85,0,40,3,0,1,1.0,147,888,82.97,82.38,Good
STU0632,IT,6,Female,Hostel,Afternoon,Kinesthetic,Poor,High,Good,No,Yes,In Progress,0,390,0,387,71.3,62.9,7.82,0,31,6,2,1,4.0,199,1108,58.47,75.68,Good
STU0633,CSE-AIML,6,Female,Day Scholar,Afternoon,Kinesthetic,Poor,Medium,Good,No,No,Not Started,24,162,240,294,69.5,66.3,6.76,0,32,2,3,0,1.0,223,824,52.7,77.26,Good
STU0634,CSE-AIML,1,Male,Hostel,Night,Kinesthetic,Average,Medium,Average,No,No,Not Started,109,141,134,0,79.5,71.2,7.83,0,35,0,1,0,0.0,51,1036,51.66,81.0,Good
STU0635,CSE,4,Female,Day Scholar,Afternoon,Visual,Average,Medium,Poor,No,No,Not Started,216,108,70,17,100.0,68.8,7.03,1,37,3,1,1,6.0,0,1095,55.67,80.46,Good
STU0636,CSE-AIML,5,Male,Day Scholar,Night,Visual,Average,Medium,Average,No,Yes,Not Started,334,92,79,326,82.7,81.5,7.85,1,39,5,2,0,1.0,256,1015,85.5,83.01,Good
STU0637,CSE-AIML,8,Male,Day Scholar,Night,Visual,Good,Low,Good,Yes,Yes,In Progress,152,291,102,459,92.5,75.8,8.2,0,39,7,4,0,5.0,412,1291,96.42,85.45,Excellent
STU0638,CSE,5,Female,Hostel,Night,Auditory,Average,Medium,Good,No,Yes,Not Started,253,310,233,299,67.4,57.6,6.33,4,28,5,1,1,3.0,102,1120,78.57,62.15,Average
STU0639,CSE,2,Male,Day Scholar,Morning,Visual,Average,Medium,Good,No,No,Not Started,241,391,0,569,82.4,75.5,7.72,0,39,1,0,0,3.0,76,1181,74.62,81.38,Good
STU0640,CSE,7,Male,Hostel,Night,Auditory,Average,Medium,Good,No,Yes,Placed,59,246,161,409,81.7,57.8,6.03,4,32,7,1,3,3.0,253,1087,84.6,70.09,Good
STU0641,CSE,6,Male,Day Scholar,Afternoon,Auditory,Poor,High,Average,Yes,No,Not Started,179,199,200,302,55.8,70.0,6.89,0,32,2,2,1,4.0,235,1188,46.58,65.15,Average
STU0642,CSE,1,Female,Hostel,Afternoon,Auditory,Poor,Low,Average,No,No,Not Started,125,467,11,290,90.9,75.2,7.9,0,40,2,0,0,0.0,110,965,59.78,82.39,Good
STU0643,CSE,5,Female,Hostel,Night,Auditory,Average,Medium,Average,No,No,Not Started,97,203,294,162,71.5,65.5,6.69,0,37,3,1,1,0.0,59,1147,57.72,73.18,Good
STU0644,CSE,3,Male,Hostel,Afternoon,Visual,Poor,Medium,Average,No,No,Not Started,333,80,240,784,95.4,81.1,8.13,0,34,1,0,0,3.0,266,1329,78.0,85.62,Excellent
STU0645,CSE,8,Female,Hostel,Morning,Visual,Good,Low,Poor,No,No,Placed,214,160,50,464,70.2,61.1,5.33,3,28,6,4,3,10.0,354,1006,79.13,60.88,Average
STU0646,IT,1,Male,Day Scholar,Afternoon,Kinesthetic,Good,Low,Average,No,Yes,Not Started,104,129,142,381,95.6,75.2,8.43,0,40,1,0,0,0.0,0,1092,74.73,88.24,Excellent
STU0647,CSE-AIML,1,Male,Day Scholar,Night,Kinesthetic,Average,Medium,Good,No,Yes,Not Started,126,355,24,277,88.0,69.2,7.77,0,37,0,0,0,1.0,52,989,64.43,80.89,Good
STU0648,CSE-DS,5,Female,Day Scholar,Afternoon,Auditory,Average,Medium,Good,No,No,Not Started,191,144,81,340,100.0,72.1,7.09,0,28,3,0,0,4.0,207,1308,69.45,78.61,Good
STU0649,IT,3,Male,Day Scholar,Night,Kinesthetic,Average,Low,Average,No,Yes,Not Started,213,415,0,0,91.2,71.1,6.88,0,33,3,2,0,2.0,0,1085,66.73,82.43,Good
STU0650,CSE-AIML,2,Male,Day Scholar,Night,Kinesthetic,Average,Medium,Good,No,Yes,Not Started,3,244,125,309,81.1,57.7,5.7,2,29,1,1,0,1.0,34,1010,61.34,67.64,Average
STU0651,CSE,5,Male,Hostel,Night,Kinesthetic,Good,Low,Average,No,Yes,Not Started,299,273,0,292,97.9,89.5,8.93,0,41,4,0,0,4.0,187,1096,90.62,93.66,Excellent
STU0652,CSE-AIML,3,Female,Hostel,Night,Auditory,Poor,Medium,Good,Yes,No,Not Started,198,352,21,0,78.8,74.6,7.89,0,35,0,0,0,1.0,17,1148,41.45,73.1,Good
STU0653,CSE-AIML,1,Male,Hostel,Afternoon,Kinesthetic,Average,Low,Poor,No,No,Not Started,96,368,163,566,64.1,67.9,5.67,3,33,2,0,0,0.0,57,1094,64.08,62.85,Average
STU0654,CSE-DS,8,Female,Hostel,Morning,Visual,Good,Medium,Good,No,Yes,Placed,397,206,151,358,72.9,69.1,7.06,0,34,5,5,1,6.0,327,1141,90.53,80.45,Good
STU0655,CSE-AIML,3,Female,Hostel,Afternoon,Auditory,Average,Low,Average,Yes,No,Not Started,219,373,29,336,77.9,60.4,5.25,3,29,2,1,0,0.0,112,1065,69.98,62.43,Average
STU0656,CSE,1,Male,Hostel,Afternoon,Visual,Poor,High,Good,No,No,Not Started,319,265,0,161,91.3,76.9,6.98,0,39,2,1,0,0.0,100,954,59.01,80.53,Good
STU0657,CSE,7,Female,Hostel,Night,Auditory,Poor,Low,Good,No,No,In Progress,291,294,177,584,81.2,73.0,7.55,0,39,9,1,3,3.0,436,1544,91.43,86.44,Excellent
STU0658,CSE,5,Male,Hostel,Morning,Visual,Average,Medium,Good,No,Yes,Not Started,361,44,189,377,86.9,79.2,7.92,0,41,5,2,0,1.0,234,1430,90.54,87.81,Excellent
STU0659,CSE-DS,6,Male,Day Scholar,Afternoon,Kinesthetic,Good,Low,Good,No,Yes,Not Started,275,321,222,86,83.8,84.8,8.75,0,41,4,2,1,5.0,59,968,80.46,88.01,Excellent
STU0660,CSE-AIML,5,Female,Hostel,Night,Auditory,Average,Low,Average,No,Yes,Not Started,265,121,223,28,87.1,70.6,6.47,1,40,9,3,1,1.0,43,1039,83.64,82.32,Good
STU0661,CSE,7,Female,Hostel,Night,Visual,Poor,Medium,Average,No,No,In Progress,248,403,155,92,76.4,62.9,5.47,3,30,5,4,2,4.0,0,1183,59.02,65.98,Average
STU0662,ECE,4,Male,Hostel,Night,Auditory,Average,Medium,,No,Yes,Not Started,309,493,103,208,71.9,66.2,6.82,0,34,0,1,0,1.0,68,1016,71.67,75.81,Good
STU0663,CSE-DS,4,Male,Hostel,Night,Visual,Average,Low,Good,No,Yes,Not Started,129,81,64,180,80.7,69.6,6.15,4,29,2,1,0,3.0,60,971,75.68,63.61,Average
STU0664,CSE,4,Male,Hostel,Night,Kinesthetic,Average,Low,Poor,Yes,Yes,Not Started,217,417,180,184,90.0,82.6,7.36,2,34,1,3,0,0.0,84,856,66.27,71.92,Good
STU0665,CSE,5,Male,Hostel,Night,Auditory,Average,Low,Average,No,No,Not Started,130,303,25,382,80.0,71.8,7.13,1,32,6,3,1,2.0,239,1102,74.81,72.85,Good
STU0666,CSE,2,Male,Hostel,Afternoon,Auditory,Poor,High,Good,No,No,Not Started,263,176,164,192,76.6,64.8,5.69,1,29,1,0,0,2.0,22,939,52.87,63.49,Average
STU0667,CSE,5,Male,Hostel,Night,Visual,Average,High,Good,No,No,Not Started,153,41,0,547,81.6,78.0,7.53,0,37,5,1,0,1.0,244,1142,73.36,79.69,Good
STU0668,CSE,8,Female,Hostel,Night,Visual,Average,Medium,Average,No,No,Placed,159,0,181,692,76.2,64.9,6.21,0,37,7,2,1,,567,1061,91.79,82.23,Good
STU0669,CSE,7,Male,Hostel,Morning,Kinesthetic,Good,Medium,Good,No,No,In Progress,8,379,142,70,89.6,57.4,5.84,2,35,6,1,0,4.0,20,1111,64.16,72.12,Good
STU0670,CSE,8,Male,Day Scholar,Morning,Visual,Poor,High,Average,No,Yes,Placed,359,388,32,561,80.0,76.5,7.78,0,37,3,1,1,4.0,414,998,71.08,79.13,Good
STU0671,CSE,7,Female,Hostel,Night,Visual,Good,Medium,Poor,No,No,Placed,68,171,112,114,92.5,68.8,7.79,0,38,2,0,1,5.0,53,1052,48.14,82.6,Good
STU0672,IT,6,Female,Hostel,Night,Visual,Good,High,Good,No,No,Not Started,218,143,108,488,85.0,82.3,7.59,0,42,4,3,0,2.0,325,1112,79.27,87.48,Excellent
STU0673,CSE,3,Male,Hostel,Morning,Kinesthetic,Average,Medium,Good,No,Yes,Not Started,235,242,289,385,74.2,63.7,5.33,1,33,6,3,0,3.0,42,1101,85.69,76.84,Good
STU0674,CSE-AIML,5,Male,Day Scholar,Morning,Kinesthetic,Average,Low,Good,No,No,Not Started,306,230,94,535,72.1,79.9,6.85,0,36,5,1,0,0.0,347,1107,93.58,78.27,Good
STU0675,CSE-AIML,5,Female,Hostel,Night,Auditory,Average,Medium,Good,Yes,Yes,Not Started,135,356,149,72,62.8,59.5,6.14,2,32,5,2,0,3.0,0,832,65.69,63.15,Average
STU0676,ECE,1,Male,Day Scholar,Night,Kinesthetic,Average,Medium,Poor,No,No,Not Started,57,239,170,440,84.6,64.0,6.68,0,30,2,1,0,1.0,87,920,57.07,80.1,Good
STU0677,CSE,7,Male,Day Scholar,Morning,Visual,Good,Medium,Good,No,Yes,In Progress,266,357,93,87,78.4,69.2,7.17,2,32,4,1,3,3.0,37,885,78.04,73.49,Good
STU0678,CSE,1,Female,Hostel,Afternoon,Auditory,Good,Low,Good,No,No,Not Started,284,158,272,242,78.6,80.1,8.63,0,39,3,0,0,0.0,92,940,78.97,83.03,Good
STU0679,ECE,1,Male,Hostel,Night,Kinesthetic,Average,Medium,Average,Yes,Yes,Not Started,213,264,131,134,75.1,62.3,5.66,4,38,2,0,0,0.0,0,920,67.87,66.89,Average
STU0680,IT,5,Male,Hostel,Afternoon,Kinesthetic,Average,Medium,Good,No,Yes,Not Started,184,322,0,75,81.0,66.5,6.4,3,35,6,3,1,4.0,0,1003,67.54,73.08,Good
STU0681,IT,2,Male,Hostel,Night,Visual,Average,Medium,Good,Yes,No,Not Started,176,201,123,318,68.5,66.7,6.09,2,31,1,1,0,0.0,0,1293,65.55,63.87,Average
STU0682,CSE,3,Male,Hostel,Morning,Visual,Good,Medium,Average,No,No,Not Started,80,229,339,457,91.7,71.8,5.82,3,35,2,2,1,2.0,95,1114,72.2,73.29,Good
STU0683,CSE,3,Male,Hostel,Morning,Kinesthetic,Good,Medium,Good,No,No,Not Started,0,475,70,323,79.9,67.7,6.93,0,34,6,1,0,6.0,59,1113,75.16,80.01,Good
STU0684,CSE-DS,8,Other,Hostel,Morning,Auditory,Poor,Medium,Good,No,No,Placed,329,405,162,303,73.1,70.9,7.4,1,40,3,1,2,4.0,216,1123,69.31,80.91,Good
STU0685,ECE,7,Male,Hostel,Morning,Visual,Poor,High,Average,Yes,No,Placed,181,98,54,254,88.5,77.4,7.38,0,36,9,3,1,3.0,187,1089,60.53,78.94,Good
STU0686,CSE-AIML,6,Male,Day Scholar,Morning,Kinesthetic,Average,Medium,Average,No,No,In Progress,253,275,104,488,77.5,59.5,5.63,1,28,7,2,1,3.0,319,1256,85.89,70.83,Good
STU0687,CSE-AIML,7,Male,Hostel,Morning,Kinesthetic,Average,Medium,Good,No,Yes,In Progress,148,4,235,139,51.9,62.2,6.12,0,25,7,3,2,6.0,118,935,74.48,68.61,Average
STU0688,CSE,2,Female,Day Scholar,Night,Visual,Good,Medium,Average,No,Yes,Not Started,148,295,196,477,100.0,77.5,7.89,0,40,3,0,0,1.0,18,1095,79.35,84.49,Good
STU0689,IT,2,Male,Day Scholar,Morning,Auditory,Average,Medium,Good,No,Yes,Not Started,138,137,152,295,89.8,67.3,6.6,1,30,2,0,0,0.0,61,866,69.02,72.87,Good
STU0690,CSE,3,Male,Day Scholar,Night,Auditory,Poor,High,Good,No,No,Not Started,162,215,132,939,96.2,77.5,7.51,0,42,1,1,0,2.0,324,1220,73.73,84.6,Good
STU0691,CSE,4,Female,Day Scholar,Afternoon,Auditory,Average,Medium,,No,No,Not Started,281,309,106,323,71.9,66.6,7.22,0,31,3,1,1,3.0,161,1088,76.27,77.02,Good
STU0692,CSE-AIML,1,Male,Hostel,Night,Visual,Average,Medium,Good,No,Yes,Not Started,192,273,145,277,88.6,72.4,7.32,0,36,1,0,0,,83,1042,66.76,78.29,Good
STU0693,CSE-AIML,1,Male,Hostel,Morning,Visual,Good,Low,Good,No,No,Not Started,331,142,234,0,77.4,67.5,7.3,0,32,1,1,0,0.0,6,863,79.98,79.29,Good
STU0694,CSE,3,Male,Hostel,Morning,Visual,Poor,Low,Good,No,Yes,Not Started,77,80,120,555,87.4,70.9,7.45,0,35,3,0,0,0.0,159,1131,65.36,79.9,Good
STU0695,CSE,7,Male,Hostel,Night,Auditory,Average,Low,Good,No,No,In Progress,164,290,150,113,76.5,72.9,6.7,0,32,4,2,1,2.0,152,1125,70.26,77.94,Good
STU0696,CSE-DS,2,Male,Day Scholar,Night,Auditory,Average,Medium,Good,No,No,Not Started,175,154,7,302,98.6,72.5,8.03,0,33,0,0,0,0.0,46,1037,63.0,84.63,Good
STU0697,CSE,7,Female,Day Scholar,Night,Visual,Average,Medium,Good,No,No,In Progress,245,209,36,240,85.0,73.6,7.08,0,39,5,1,3,7.0,221,772,73.88,83.96,Good
STU0698,CSE-AIML,6,Male,Hostel,Night,Visual,Good,Low,Average,No,Yes,Not Started,116,92,259,413,81.4,68.5,6.92,1,36,3,3,0,4.0,275,1114,82.51,74.32,Good
STU0699,CSE,4,Female,Hostel,Night,Visual,Average,Medium,Good,No,Yes,Not Started,283,0,203,243,82.7,72.3,7.46,0,37,0,0,0,3.0,75,1095,71.7,82.51,Good
STU0700,CSE-AIML,3,Male,Hostel,Afternoon,Auditory,Good,Low,Average,No,No,Not Started,237,314,170,51,76.9,72.5,6.88,0,36,0,1,0,0.0,155,976,66.45,75.12,Good
STU0701,CSE-AIML,1,Male,Hostel,Night,Kinesthetic,Good,Low,Average,No,No,Not Started,324,184,230,105,76.2,86.4,8.64,0,41,1,0,0,1.0,56,890,72.53,83.51,Good
STU0702,CSE,5,Male,Hostel,Night,Kinesthetic,Average,Medium,Poor,No,No,Not Started,134,147,152,79,100.0,81.7,8.69,0,39,2,0,1,1.0,43,1193,47.49,88.9,Excellent
STU0703,CSE,7,Female,Hostel,Night,Auditory,Average,Medium,Good,No,No,Placed,30,406,149,337,66.6,59.5,6.26,1,29,6,1,2,2.0,270,1040,66.25,72.11,Good
STU0704,CSE,2,Male,Day Scholar,Night,Visual,Average,Medium,Good,No,Yes,Not Started,266,337,84,557,94.7,79.5,7.55,0,43,3,1,0,0.0,17,845,87.08,88.01,Excellent
STU0705,CSE,5,Female,Hostel,Morning,Visual,Poor,High,Good,No,No,Not Started,278,287,145,238,70.9,69.6,6.48,3,33,3,1,0,0.0,133,1106,55.55,67.52,Average
STU0706,ECE,6,Male,Day Scholar,Afternoon,Visual,Good,Medium,Good,No,No,Not Started,0,251,12,419,74.6,59.7,5.85,1,26,3,1,2,2.0,283,1117,68.0,64.73,Average
STU0707,CSE,3,Male,Day Scholar,Night,Visual,Good,Low,Good,No,No,Not Started,230,80,29,479,88.2,80.7,8.29,0,41,2,2,0,0.0,128,1066,81.85,89.7,Excellent
STU0708,IT,7,Male,Day Scholar,Night,Auditory,Good,Low,Good,No,No,In Progress,208,306,39,361,76.2,69.7,7.19,0,33,4,3,0,2.0,205,1098,88.35,75.8,Good
STU0709,CSE,1,Male,Hostel,Night,Kinesthetic,Average,High,Good,No,No,Not Started,131,391,282,132,82.0,69.0,7.19,0,43,2,1,0,0.0,0,900,48.27,82.51,Good
STU0710,CSE-DS,7,Male,Day Scholar,Night,Kinesthetic,Average,Medium,Good,No,No,In Progress,320,235,119,555,73.0,87.5,8.91,0,43,7,1,3,2.0,495,1026,95.27,89.64,Excellent
STU0711,IT,4,Male,Day Scholar,Morning,Auditory,Good,Medium,Poor,No,Yes,Not Started,141,380,155,140,88.6,74.5,6.5,3,37,5,1,0,3.0,92,1180,69.13,69.78,Average
STU0712,CSE-AIML,8,Female,Hostel,Morning,Visual,Average,High,Poor,No,Yes,In Progress,333,136,58,363,68.7,69.3,6.6,0,33,6,3,4,5.0,216,1328,75.41,75.89,Good
STU0713,CSE-AIML,5,Male,Hostel,Morning,Kinesthetic,Good,Low,Poor,No,Yes,Not Started,264,60,103,300,85.4,76.5,7.3,0,35,4,1,0,0.0,211,913,82.43,85.93,Excellent
STU0714,CSE-AIML,4,Female,Day Scholar,Night,Auditory,Average,Medium,Poor,No,No,Not Started,244,166,70,395,98.5,77.3,8.53,0,37,2,0,0,3.0,191,1120,63.11,88.7,Excellent
STU0715,CSE,6,Male,Hostel,Night,Visual,Average,Medium,Good,No,No,Not Started,223,266,0,376,100.0,80.5,8.91,0,43,5,2,3,3.0,203,1211,78.18,90.32,Excellent
STU0716,ECE,1,Male,Hostel,Afternoon,Kinesthetic,Poor,Medium,Good,No,No,Not Started,245,240,40,461,99.0,71.2,6.91,0,34,0,0,0,0.0,0,918,61.31,81.59,Good
STU0717,IT,5,Female,Hostel,Night,Auditory,Poor,Medium,Good,No,Yes,Not Started,126,205,0,318,64.9,60.8,6.72,1,27,4,4,3,3.0,140,1150,63.44,69.04,Average
STU0718,ECE,6,Male,Day Scholar,Morning,Kinesthetic,Poor,Medium,Good,No,Yes,Not Started,72,303,140,418,86.5,71.0,7.01,0,34,6,2,2,6.0,260,1254,67.7,81.87,Good
STU0719,CSE,4,Male,Day Scholar,Morning,Kinesthetic,Good,Medium,Average,No,Yes,Not Started,333,227,216,481,96.3,81.5,8.27,0,41,5,3,0,4.0,301,1212,100.0,92.82,Excellent
STU0720,CSE-DS,4,Female,Hostel,Night,Auditory,Poor,High,Good,No,No,Not Started,128,71,84,0,90.0,72.4,7.29,0,37,4,1,1,1.0,1,1074,43.35,78.93,Good
STU0721,ECE,8,Female,Hostel,Afternoon,Auditory,Poor,Medium,Average,No,No,In Progress,160,300,169,564,62.2,67.6,7.79,1,35,5,6,3,2.0,405,1391,70.37,76.4,Good
STU0722,CSE,5,Male,Day Scholar,Night,Kinesthetic,Good,Low,Good,Yes,No,Not Started,59,161,92,262,66.5,63.4,6.59,1,26,1,0,2,2.0,120,1071,69.12,60.75,Average
STU0723,CSE,1,Male,Day Scholar,Night,Kinesthetic,Average,Medium,Good,No,No,Not Started,235,257,206,366,84.7,65.8,6.4,1,33,2,0,0,0.0,42,946,66.51,74.8,Good
STU0724,CSE-DS,4,Female,Day Scholar,Night,Auditory,Good,Medium,Good,No,Yes,Not Started,84,194,105,330,89.1,61.3,7.3,0,28,3,1,0,2.0,124,1137,75.61,77.65,Good
STU0725,CSE-AIML,3,Male,Hostel,Morning,Visual,Poor,Medium,Good,No,Yes,Not Started,217,70,266,220,88.9,81.0,8.06,0,39,2,0,0,4.0,81,1072,64.94,84.42,Good
STU0726,IT,8,Female,Hostel,Afternoon,Visual,Good,Low,Good,No,No,Placed,150,281,80,276,81.6,77.4,7.92,0,39,5,3,0,5.0,250,1160,83.49,85.27,Excellent
STU0727,CSE,6,Male,Hostel,Night,Visual,Average,Low,Average,No,No,In Progress,200,160,285,326,76.9,81.5,7.94,2,41,5,3,0,1.0,189,1048,80.76,78.11,Good
STU0728,IT,5,Male,Day Scholar,Night,Visual,Good,Low,Good,No,Yes,Not Started,332,128,0,258,69.6,70.0,6.66,0,38,5,2,2,2.0,243,1210,94.12,77.03,Good
STU0729,CSE,2,Female,Hostel,Night,Auditory,Poor,High,Good,No,No,Not Started,78,186,132,519,84.2,62.6,6.27,1,29,3,1,0,1.0,125,1204,50.69,71.18,Good
STU0730,CSE,2,Male,Hostel,Morning,Visual,Good,Low,Good,Yes,No,Not Started,133,285,63,480,100.0,71.3,7.17,0,33,3,0,0,1.0,116,1208,77.85,79.16,Good
STU0731,CSE,1,Male,Hostel,Morning,Kinesthetic,Average,Medium,Poor,No,No,Not Started,110,242,167,197,99.4,68.4,7.01,0,34,1,0,0,1.0,11,847,45.4,77.15,Good
STU0732,IT,3,Male,Hostel,Night,Visual,Average,Medium,Good,No,No,Not Started,224,113,0,699,88.0,69.7,5.27,1,37,2,0,3,4.0,182,1135,80.68,74.53,Good
STU0733,CSE-DS,4,Female,Day Scholar,Night,Auditory,Average,High,Average,Yes,Yes,Not Started,217,196,21,0,94.4,83.2,8.12,0,38,1,0,0,0.0,21,880,60.46,79.65,Good
STU0734,CSE-AIML,2,Female,Hostel,Afternoon,Visual,Poor,Medium,Average,No,Yes,Not Started,160,297,51,86,97.5,72.5,7.18,2,33,1,2,0,1.0,0,849,49.92,80.91,Good
STU0735,CSE,1,Male,Day Scholar,Morning,Visual,Poor,High,Good,No,No,Not Started,285,237,41,286,93.2,71.8,7.26,0,39,1,1,0,2.0,9,896,59.89,81.93,Good
STU0736,IT,6,Male,Day Scholar,Night,Auditory,Good,Medium,Good,No,Yes,Not Started,182,122,91,360,90.6,66.4,7.0,0,31,5,0,1,6.0,242,949,86.88,78.61,Good
STU0737,CSE,8,Female,Hostel,Morning,Visual,Poor,High,Good,No,Yes,Placed,125,327,0,152,90.0,73.8,6.27,1,39,5,5,0,7.0,189,971,57.87,72.46,Good
STU0738,IT,3,Female,Day Scholar,Morning,Auditory,Good,Low,Poor,No,No,Not Started,298,412,163,229,69.8,72.2,7.1,0,35,1,1,0,4.0,12,852,70.46,76.37,Good
STU0739,CSE-AIML,3,Female,Day Scholar,Morning,Visual,Average,Medium,Good,Yes,No,Not Started,158,178,187,92,97.0,78.8,8.04,0,40,3,1,0,2.0,12,865,57.4,82.16,Good
STU0740,CSE,7,Male,Day Scholar,Afternoon,Auditory,Poor,High,Good,No,No,In Progress,164,228,0,241,94.0,69.2,7.92,1,35,2,1,1,2.0,140,1253,50.5,76.49,Good
STU0741,CSE-AIML,1,Female,Hostel,Night,Visual,Poor,Medium,Good,No,No,Not Started,172,299,213,0,72.2,69.4,7.04,0,30,3,0,0,0.0,0,876,48.46,72.42,Good
STU0742,CSE,1,Female,Hostel,Afternoon,Kinesthetic,Good,High,Good,No,Yes,Not Started,200,211,16,227,70.5,79.4,8.52,0,38,0,1,0,2.0,14,1368,64.31,77.59,Good
STU0743,CSE-DS,7,Male,Hostel,Morning,Kinesthetic,Average,Medium,Good,No,No,In Progress,286,305,68,218,74.9,71.8,6.47,1,36,4,2,2,6.0,91,621,77.02,74.74,Good
STU0744,CSE-AIML,8,Male,Day Scholar,Morning,Auditory,Poor,Medium,Good,Yes,No,Placed,260,81,117,73,97.8,77.1,7.76,2,38,4,4,1,7.0,54,1063,58.61,75.54,Good
STU0745,CSE,4,Male,Day Scholar,Morning,Auditory,Average,Medium,Good,No,No,Not Started,235,236,80,597,76.8,68.8,7.13,1,37,4,1,3,2.0,234,1138,79.19,77.73,Good
STU0746,IT,1,Female,Day Scholar,Night,Auditory,Poor,Medium,Good,No,Yes,Not Started,92,348,17,420,76.6,64.3,6.05,2,27,1,0,0,1.0,39,1098,57.14,70.98,Good
STU0747,CSE,7,Male,Hostel,Morning,Kinesthetic,Good,Low,Good,No,No,Placed,177,105,52,545,88.5,76.8,8.1,0,39,3,4,1,2.0,343,1072,90.1,91.46,Excellent
STU0748,CSE-AIML,4,Female,Hostel,Night,Auditory,Poor,Low,Average,No,No,Not Started,167,219,107,311,78.5,62.7,5.69,1,36,3,0,0,2.0,179,904,64.36,72.17,Good
STU0749,ECE,8,Female,Hostel,Morning,Visual,Poor,High,Average,No,No,In Progress,230,85,84,396,73.7,58.0,5.04,0,31,7,3,1,3.0,352,890,68.94,69.33,Average
STU0750,CSE-DS,4,Female,Hostel,Morning,Auditory,Poor,High,Good,No,No,Not Started,162,231,63,271,55.4,69.2,7.17,0,36,5,0,2,2.0,59,932,55.54,71.42,Good
STU0751,CSE,5,Female,Day Scholar,Morning,Auditory,Average,Low,Good,No,No,Not Started,309,337,75,268,97.7,81.6,8.93,0,40,5,0,2,1.0,187,894,95.36,93.06,Excellent
STU0752,ECE,3,Female,Hostel,Morning,Visual,Average,Medium,Poor,Yes,Yes,Not Started,238,201,171,449,78.0,68.8,7.32,0,36,3,0,0,3.0,112,1029,71.17,73.29,Good
STU0753,CSE-DS,6,Male,Hostel,Night,Visual,Average,Medium,Good,No,Yes,In Progress,233,332,116,146,95.2,87.3,8.75,0,47,8,2,1,4.0,124,931,83.51,89.3,Excellent
STU0754,CSE,3,Female,Hostel,Afternoon,Kinesthetic,Average,Medium,Good,No,Yes,Not Started,92,362,0,271,77.1,64.8,6.31,4,33,3,1,0,1.0,135,929,72.8,71.96,Good
STU0755,CSE,3,Male,Hostel,Night,Visual,Average,Medium,Good,No,No,Not Started,115,27,127,660,62.5,51.7,4.98,1,27,3,1,0,3.0,151,1175,74.39,64.67,Average
STU0756,IT,5,Female,Hostel,Morning,Visual,Average,Medium,Good,No,No,Not Started,132,152,218,285,80.6,69.9,7.13,0,34,3,2,2,1.0,183,1126,68.2,78.14,Good
STU0757,CSE-DS,4,Male,Hostel,Morning,Auditory,Average,Medium,Poor,No,No,Not Started,180,81,140,337,58.5,65.7,5.79,0,33,4,2,1,1.0,224,964,63.2,65.56,Average
STU0758,CSE-AIML,4,Other,Hostel,Afternoon,Kinesthetic,Good,Medium,Good,No,No,Not Started,287,252,262,499,66.2,71.7,6.76,1,39,1,2,1,2.0,163,1462,80.95,76.88,Good
STU0759,IT,1,Female,Hostel,Night,Visual,Average,Medium,Good,No,No,Not Started,111,366,0,531,76.1,63.6,7.0,0,31,0,0,0,1.0,125,1079,62.77,73.52,Good
STU0760,IT,5,Female,Hostel,Afternoon,Kinesthetic,Average,Medium,Average,No,No,Not Started,34,275,76,500,78.0,58.2,6.16,3,25,6,2,1,3.0,267,1033,73.14,68.59,Average
STU0761,CSE,1,Male,Day Scholar,Afternoon,Visual,Average,Medium,Good,No,No,Not Started,309,287,310,82,82.7,74.8,7.48,0,36,0,0,0,1.0,0,842,59.46,79.83,Good
STU0762,CSE,5,Male,Hostel,Afternoon,Kinesthetic,Average,Medium,Good,No,No,Not Started,138,191,169,205,96.8,82.3,8.5,0,37,2,0,2,4.0,111,963,60.73,88.71,Excellent
STU0763,CSE,1,Female,Day Scholar,Morning,Visual,Average,Medium,Good,No,No,Not Started,174,318,0,645,76.8,68.7,6.97,1,36,0,0,0,0.0,35,957,66.79,75.35,Good
STU0764,CSE-DS,2,Male,Day Scholar,Night,Auditory,Average,Medium,Good,No,Yes,Not Started,270,263,169,260,63.8,66.3,7.53,0,31,1,2,0,1.0,0,988,66.98,74.81,Good
STU0765,CSE,7,Female,Hostel,Night,Kinesthetic,Good,Medium,Good,No,Yes,Placed,285,388,97,408,100.0,76.0,7.01,2,39,6,1,1,1.0,290,946,91.87,81.82,Good
STU0766,CSE-AIML,3,Male,Day Scholar,Night,Kinesthetic,Average,Medium,Good,No,No,Not Started,97,260,201,461,90.8,68.9,6.61,0,29,5,0,1,2.0,116,976,75.51,81.77,Good
STU0767,IT,3,Female,Hostel,Night,Visual,Average,Medium,Good,No,No,Not Started,204,63,95,628,66.0,70.1,7.11,1,28,1,0,0,2.0,184,995,76.01,72.23,Good
STU0768,IT,8,Male,Day Scholar,Night,Kinesthetic,Poor,Medium,Good,No,Yes,In Progress,305,92,212,119,89.2,77.2,8.19,0,34,5,2,2,2.0,110,1142,70.39,83.45,Good
STU0769,CSE,6,Female,Day Scholar,Morning,Visual,Average,Medium,Poor,No,Yes,Not Started,183,105,103,351,78.4,70.5,7.69,0,40,3,2,0,6.0,207,1234,65.7,80.23,Good
STU0770,IT,7,Female,Day Scholar,Night,Kinesthetic,Average,Medium,Good,No,No,Placed,279,171,148,292,72.8,76.3,8.4,0,36,4,3,0,8.0,196,1058,76.8,84.35,Good
STU0771,CSE,4,Male,Hostel,Morning,Kinesthetic,Average,Medium,Good,No,No,Not Started,194,421,256,832,82.5,69.8,6.6,1,39,0,1,1,3.0,308,1204,86.48,78.21,Good
STU0772,IT,6,Male,Hostel,Afternoon,Auditory,Poor,Medium,Good,No,No,Not Started,279,378,138,184,81.8,72.8,6.72,0,34,10,3,2,,70,847,76.23,81.1,Good
STU0773,CSE,2,Male,Hostel,Night,Auditory,Good,Low,Good,No,No,Not Started,299,291,2,109,82.6,70.1,6.92,0,42,6,1,0,1.0,0,899,86.25,82.92,Good
STU0774,CSE,8,Female,Day Scholar,Night,Kinesthetic,Good,Low,Good,Yes,Yes,Placed,336,334,21,693,79.8,83.1,8.9,0,42,6,2,4,3.0,516,1087,100.0,89.59,Excellent
STU0775,IT,6,Male,Day Scholar,Night,Auditory,Average,Medium,Average,No,No,Not Started,222,324,244,832,67.9,75.4,7.52,0,39,2,2,0,5.0,544,1290,84.68,80.63,Good
STU0776,CSE,8,Female,Hostel,Night,Kinesthetic,Average,Low,Good,No,No,Placed,144,364,0,538,82.4,70.1,6.87,0,40,6,3,1,5.0,474,1321,89.73,82.4,Good
STU0777,CSE,3,Male,Hostel,Morning,Visual,Poor,Medium,Good,No,No,Not Started,204,115,45,0,73.4,65.2,6.78,0,35,1,1,1,1.0,70,685,46.18,73.44,Good
STU0778,CSE-DS,4,Male,Day Scholar,Afternoon,Kinesthetic,Average,Low,Good,No,Yes,Not Started,209,393,408,103,70.4,69.0,6.71,0,34,5,0,0,3.0,19,975,77.71,78.19,Good
STU0779,CSE-DS,2,Male,Hostel,Morning,Kinesthetic,Poor,Medium,Good,No,No,Not Started,181,251,84,124,74.5,68.4,6.95,0,33,0,0,0,0.0,112,899,48.09,71.88,Good
STU0780,CSE-DS,3,Male,Day Scholar,Night,Auditory,Good,Medium,Good,No,No,Not Started,246,278,152,706,70.2,71.3,7.13,0,36,1,0,1,0.0,209,1226,83.46,79.78,Good
STU0781,CSE-DS,7,Male,Day Scholar,Night,Auditory,Average,Medium,Average,Yes,Yes,Placed,231,374,42,284,73.0,68.9,6.92,0,36,5,1,2,1.0,139,1299,71.7,72.56,Good
STU0782,CSE-AIML,1,Female,Hostel,Morning,Visual,Average,Medium,Good,No,No,Not Started,205,273,164,359,71.9,73.2,7.07,0,37,0,0,0,1.0,89,949,61.53,73.63,Good
STU0783,CSE,5,Female,Day Scholar,Morning,Visual,Good,Medium,,No,Yes,Not Started,378,135,196,235,56.7,67.5,6.72,0,39,3,1,0,2.0,121,831,90.66,77.44,Good
STU0784,CSE,2,Male,Hostel,Afternoon,Visual,Average,Low,Good,No,Yes,Not Started,106,219,84,33,84.6,72.3,7.16,1,32,2,3,0,2.0,12,953,64.06,73.68,Good
STU0785,CSE,4,Female,Hostel,Night,Kinesthetic,Average,Medium,Good,No,No,Not Started,213,325,128,154,76.0,74.8,7.1,0,38,5,1,0,2.0,26,936,72.56,76.95,Good
STU0786,ECE,8,Female,Day Scholar,Night,Visual,Average,Low,Good,No,Yes,In Progress,180,168,6,692,81.9,74.3,6.96,1,37,4,1,1,4.0,556,1158,98.67,81.28,Good
STU0787,CSE-AIML,6,Male,Day Scholar,Morning,Visual,Poor,Low,Good,No,Yes,Not Started,13,171,66,291,84.7,71.5,6.43,4,40,2,0,0,4.0,182,1359,53.99,70.62,Good
STU0788,CSE-AIML,7,Male,Hostel,Night,Auditory,Average,Low,Average,No,No,Placed,123,281,120,0,83.5,69.1,7.33,0,34,3,1,0,5.0,11,1153,60.87,76.91,Good
STU0789,CSE-AIML,6,Male,Hostel,Night,Auditory,Good,Low,Good,No,No,Not Started,52,261,315,432,85.7,61.7,6.74,0,31,8,3,2,5.0,244,980,84.47,76.62,Good
STU0790,ECE,2,Male,Hostel,Morning,Visual,Poor,High,Average,No,No,Not Started,255,162,0,284,81.1,78.5,8.16,0,35,2,0,0,0.0,67,859,52.63,86.37,Excellent
STU0791,CSE,7,Female,Hostel,Night,Visual,Poor,Medium,Average,No,Yes,Placed,66,400,172,289,84.4,66.5,6.86,0,28,3,4,2,3.0,203,1385,57.27,75.71,Good
STU0792,CSE-AIML,4,Female,Hostel,Afternoon,Kinesthetic,Average,Medium,Average,No,Yes,Not Started,56,265,216,251,64.5,64.0,7.78,0,31,4,1,0,1.0,118,1347,64.99,78.37,Good
STU0793,CSE-AIML,2,Male,Hostel,Afternoon,Kinesthetic,Poor,High,Good,No,No,Not Started,161,0,88,67,81.1,74.3,7.21,1,37,4,1,0,0.0,20,804,46.7,81.32,Good
STU0794,CSE-DS,4,Male,Hostel,Afternoon,Auditory,Poor,Low,Average,Yes,No,Not Started,148,289,187,166,80.8,74.6,7.42,0,36,3,1,0,1.0,81,1260,61.15,78.89,Good
STU0795,CSE,6,Female,Hostel,Night,Visual,Average,Medium,Average,No,No,Not Started,144,318,226,738,78.1,67.2,6.73,0,35,6,0,1,3.0,447,1468,83.91,73.22,Good
STU0796,IT,3,Female,Hostel,Night,Visual,Poor,High,Good,No,No,Not Started,82,324,317,477,81.6,61.9,6.21,1,32,3,0,1,1.0,181,1323,51.34,68.27,Average
STU0797,ECE,7,Female,Day Scholar,Morning,Visual,Good,High,Good,No,No,Placed,260,188,301,439,67.7,62.5,5.31,2,27,5,2,5,6.0,371,1001,84.29,61.8,Average
STU0798,CSE-AIML,1,Female,Day Scholar,Night,Visual,Good,Low,Good,No,No,Not Started,164,127,0,261,79.1,70.7,7.54,0,34,1,0,0,2.0,15,880,73.52,78.97,Good
STU0799,CSE-DS,3,Male,Hostel,Morning,Visual,Poor,Medium,Good,No,Yes,Not Started,267,244,69,319,81.4,73.9,7.16,0,36,2,1,0,1.0,11,980,64.44,76.85,Good
STU0800,ECE,1,Female,Hostel,Night,Kinesthetic,Average,Low,Good,No,Yes,Not Started,91,263,163,638,96.3,67.3,6.47,2,35,4,1,0,2.0,87,1135,82.51,78.96,Good
STU0801,CSE-DS,6,Female,Hostel,Night,Kinesthetic,Average,Medium,Good,No,No,Not Started,122,331,133,323,81.2,70.5,7.23,0,38,4,0,0,0.0,257,1214,63.3,82.28,Good
STU0802,CSE,8,Male,Hostel,Morning,Visual,Average,Medium,Average,No,No,In Progress,101,280,198,355,72.7,62.7,6.11,1,26,3,0,5,0.0,276,1124,67.47,65.81,Average
STU0803,CSE-AIML,7,Female,Hostel,Morning,Kinesthetic,Average,Medium,Good,No,Yes,Placed,177,372,148,410,59.2,68.9,6.78,0,28,8,0,1,2.0,300,1079,86.06,71.42,Good
STU0804,CSE-DS,3,Male,Day Scholar,Night,Kinesthetic,Good,Low,Good,No,No,Not Started,119,378,148,53,79.8,72.5,6.75,1,34,4,0,1,4.0,0,1221,65.0,75.0,Good
STU0805,CSE-AIML,3,Male,Day Scholar,Afternoon,Visual,Good,Low,Average,No,Yes,Not Started,277,242,133,274,85.5,75.6,6.95,0,34,4,0,1,0.0,89,930,91.47,82.18,Good
STU0806,CSE-DS,2,Male,Day Scholar,Night,Kinesthetic,Good,Low,Good,No,No,Not Started,0,123,159,53,81.0,60.9,6.42,4,25,0,0,0,1.0,51,964,54.47,62.1,Average
STU0807,ECE,5,Male,Hostel,Night,Visual,Good,Low,Good,No,Yes,Not Started,332,363,178,0,91.6,79.7,8.14,0,37,7,1,2,1.0,14,1159,88.76,88.33,Excellent
STU0808,ECE,6,Male,Day Scholar,Night,Kinesthetic,Average,Low,Good,No,No,In Progress,152,309,172,2,68.3,77.4,8.58,0,36,5,5,1,4.0,2,980,70.11,83.02,Good
STU0809,CSE-AIML,4,Male,Day Scholar,Afternoon,Visual,Poor,High,Good,No,Yes,Not Started,110,121,0,291,71.4,59.7,5.18,0,34,3,5,1,1.0,168,1116,51.14,65.83,Average
STU0810,CSE,6,Male,Hostel,Morning,Visual,Average,Medium,Average,No,No,Not Started,345,212,2,564,100.0,85.6,8.5,0,40,5,3,0,2.0,305,1257,87.03,89.64,Excellent
STU0811,ECE,4,Male,Hostel,Afternoon,Kinesthetic,Average,Low,Good,No,Yes,Not Started,170,118,129,369,81.9,71.7,7.01,2,35,3,0,0,4.0,144,1164,83.46,74.73,Good
STU0812,IT,7,Male,Hostel,Night,Kinesthetic,Average,Medium,Good,No,No,Placed,153,7,177,393,77.1,67.4,6.52,0,35,5,0,1,3.0,261,966,70.91,79.4,Good
STU0813,CSE,4,Male,Hostel,Afternoon,Auditory,Average,Medium,Average,No,No,Not Started,124,122,169,503,77.9,62.8,6.55,0,37,0,2,1,2.0,188,903,68.61,78.87,Good
STU0814,ECE,8,Female,Day Scholar,Morning,Visual,Average,Medium,Good,No,Yes,Placed,156,0,0,672,74.6,75.7,7.57,0,37,7,1,3,9.0,511,1388,95.56,84.7,Good
STU0815,IT,1,Male,Hostel,Night,Visual,Poor,Medium,Good,No,Yes,Not Started,223,296,37,449,91.4,80.7,8.48,0,48,2,1,0,1.0,0,987,64.28,88.49,Excellent
STU0816,CSE-AIML,4,Male,Hostel,Night,Visual,Good,Low,Average,No,No,Not Started,226,246,149,151,72.4,73.3,6.76,0,34,3,0,1,3.0,106,1323,80.59,75.16,Good
STU0817,CSE-AIML,4,Female,Hostel,Morning,Visual,Good,Medium,Good,No,Yes,Not Started,72,139,187,290,79.1,67.1,6.54,0,31,4,0,0,3.0,131,1091,78.71,78.87,Good
STU0818,CSE,2,Female,Hostel,Night,Kinesthetic,Poor,Medium,Average,No,No,Not Started,74,327,148,581,69.9,53.9,4.79,3,26,1,0,0,1.0,68,1122,51.38,56.94,Average
STU0819,CSE,3,Female,Day Scholar,Night,Kinesthetic,Average,Medium,Good,No,Yes,Not Started,272,68,127,441,48.5,64.8,6.04,4,30,2,1,0,3.0,130,1088,76.31,61.45,Average
STU0820,CSE,6,Male,Hostel,Morning,Auditory,Poor,High,Poor,No,Yes,Not Started,132,389,157,147,76.7,62.8,5.64,0,31,4,1,0,3.0,116,997,47.29,69.03,Average
STU0821,IT,6,Male,Day Scholar,Morning,Visual,Poor,High,Poor,No,Yes,Not Started,174,185,188,360,80.1,75.3,7.94,0,38,5,3,2,4.0,278,1454,55.89,82.87,Good
STU0822,CSE,7,Female,Hostel,Night,Auditory,Poor,High,Average,No,Yes,Placed,190,291,0,572,79.2,74.4,7.26,0,35,10,3,2,8.0,296,1116,72.77,83.13,Good
STU0823,CSE,7,Male,Hostel,Night,Auditory,Average,Low,Good,No,No,In Progress,312,114,64,503,99.1,84.3,8.51,0,49,7,0,4,3.0,386,1047,96.14,96.18,Excellent
STU0824,CSE,8,Male,Hostel,Morning,Auditory,Average,Medium,Good,No,No,Placed,299,254,167,446,83.2,84.7,7.42,0,36,6,3,1,5.0,297,1375,87.77,79.0,Good
STU0825,CSE-AIML,4,Male,Day Scholar,,Auditory,Poor,High,Good,Yes,No,Not Started,210,227,94,94,87.4,65.4,6.86,0,34,4,1,1,3.0,89,1085,56.49,73.82,Good
STU0826,ECE,5,Female,Hostel,Afternoon,Auditory,Good,Medium,Good,No,No,Not Started,119,204,125,102,100.0,63.8,6.35,1,29,5,2,3,0.0,35,1318,65.56,76.83,Good
STU0827,CSE,6,Male,Hostel,Night,Kinesthetic,Average,Low,,No,Yes,Not Started,388,184,63,322,90.5,84.6,8.53,0,41,5,0,1,4.0,134,903,87.05,86.86,Excellent
STU0828,CSE,7,Female,Hostel,Morning,Kinesthetic,Good,Medium,Average,No,No,In Progress,243,288,71,673,71.1,62.1,6.79,0,30,13,1,2,5.0,510,1144,100.0,78.5,Good
STU0829,CSE-DS,4,Female,Hostel,Morning,Auditory,Good,Low,Good,No,Yes,Not Started,303,133,138,417,71.5,71.7,7.31,0,33,4,0,1,3.0,109,1094,96.95,78.72,Good
STU0830,CSE-AIML,7,Male,Day Scholar,Night,Kinesthetic,Poor,Medium,Good,No,Yes,In Progress,158,3,0,303,66.1,63.5,5.56,0,33,7,2,1,6.0,270,984,73.3,71.32,Good
STU0831,CSE,8,Female,Hostel,Night,Kinesthetic,Poor,High,Poor,No,Yes,Placed,75,231,141,171,94.9,71.4,7.39,0,36,5,2,2,8.0,162,1423,46.71,80.67,Good
STU0832,CSE-AIML,1,Female,Hostel,Night,Auditory,Average,Medium,Good,No,No,Not Started,225,367,49,457,100.0,76.6,8.12,0,41,1,1,0,1.0,96,1103,73.15,86.41,Excellent
STU0833,CSE,1,Female,Hostel,Afternoon,Kinesthetic,Good,Medium,Average,No,No,Not Started,181,37,0,536,86.8,73.6,6.54,0,40,1,0,0,0.0,157,1307,78.0,79.93,Good
STU0834,CSE,7,Male,Day Scholar,Afternoon,Kinesthetic,Average,Medium,Poor,No,No,In Progress,328,249,208,232,78.5,65.8,6.61,0,33,7,0,1,3.0,152,1082,77.28,77.96,Good
STU0835,CSE-AIML,1,Female,Hostel,Afternoon,Visual,Average,High,Average,No,No,Not Started,170,239,281,256,99.7,82.3,7.53,2,38,1,2,0,0.0,43,922,58.45,79.3,Good
STU0836,CSE-AIML,7,Male,Day Scholar,Night,Auditory,Poor,Medium,Average,No,No,In Progress,139,305,141,197,94.2,72.7,7.74,0,39,3,1,2,1.0,143,1199,51.4,83.45,Good
STU0837,ECE,4,Female,Day Scholar,Night,Visual,Poor,Medium,Good,No,No,Not Started,295,251,143,80,71.6,72.1,7.3,0,33,4,1,1,2.0,74,1167,54.75,77.87,Good
STU0838,CSE,2,Male,Hostel,Morning,Visual,Poor,Medium,Average,Yes,Yes,Not Started,142,156,73,0,81.3,63.9,6.32,0,34,1,0,0,1.0,50,813,47.24,74.07,Good
STU0839,CSE-AIML,5,Male,Hostel,Afternoon,Auditory,Poor,Medium,Average,No,Yes,Not Started,155,46,262,454,84.2,71.6,6.99,0,31,3,0,2,1.0,217,1183,68.72,79.91,Good
STU0840,CSE-DS,4,Female,Hostel,Night,Visual,Average,Medium,Good,Yes,No,Not Started,40,250,283,37,77.8,67.6,6.35,0,33,2,1,1,1.0,0,1005,51.05,67.75,Average
STU0841,CSE,2,Female,Day Scholar,Night,Visual,Good,Medium,Good,No,No,Not Started,281,158,141,482,76.1,71.3,6.85,0,32,4,1,0,3.0,120,1079,81.59,79.48,Good
STU0842,CSE-DS,2,Female,Hostel,Afternoon,Kinesthetic,Poor,High,Good,No,Yes,Not Started,164,136,249,0,91.2,72.3,6.99,0,38,0,1,0,1.0,0,1214,41.68,78.61,Good
STU0843,CSE,6,Male,Hostel,Night,Visual,Good,Low,Good,No,Yes,Not Started,74,251,128,434,97.7,66.8,6.88,0,32,4,1,1,1.0,269,1278,83.75,78.51,Good
STU0844,ECE,4,Male,Day Scholar,Night,Auditory,Average,Low,Good,No,Yes,Not Started,284,109,116,215,95.1,65.8,6.58,0,31,2,1,1,2.0,76,1161,83.38,77.18,Good
STU0845,CSE,4,Female,Hostel,Night,Kinesthetic,Average,Medium,Good,No,No,Not Started,156,254,133,366,90.3,72.0,7.08,0,38,2,2,0,2.0,190,1126,67.12,79.36,Good
STU0846,CSE-AIML,7,Female,Hostel,Night,Kinesthetic,Average,Medium,Good,No,No,In Progress,343,304,82,248,100.0,75.9,6.4,1,36,8,4,0,2.0,232,862,88.79,82.86,Good
STU0847,CSE,2,Female,Hostel,Night,Kinesthetic,Poor,Medium,Good,No,No,Not Started,294,59,300,209,76.1,71.2,7.83,0,32,2,0,0,2.0,0,799,53.97,77.71,Good
STU0848,ECE,2,Male,Hostel,Night,Auditory,Poor,High,,No,No,Not Started,71,355,230,75,77.1,75.6,8.06,0,41,3,0,0,1.0,0,1099,42.86,79.48,Good
STU0849,CSE-AIML,2,Male,Hostel,Night,Auditory,Average,Low,Good,No,Yes,Not Started,245,236,32,291,88.6,76.0,7.19,0,34,2,0,0,0.0,109,1138,78.05,81.68,Good
STU0850,CSE-AIML,7,Female,Hostel,Morning,Auditory,Good,Low,Good,No,No,Placed,274,362,152,605,87.3,70.8,7.03,0,33,5,0,1,3.0,402,771,97.19,84.25,Good
STU0851,CSE,6,Female,Day Scholar,Morning,Visual,Average,Low,Poor,No,No,In Progress,29,201,135,446,74.4,58.6,5.95,4,31,3,3,1,3.0,310,959,63.18,64.42,Average
STU0852,CSE-DS,4,Male,Hostel,Night,Visual,Poor,High,Good,No,Yes,Not Started,156,461,181,64,78.9,73.5,7.96,1,36,1,1,0,5.0,27,1131,47.96,76.28,Good
STU0853,CSE,2,Female,Day Scholar,Night,Kinesthetic,Average,Low,Good,No,No,Not Started,131,416,107,238,77.7,62.3,6.84,1,33,1,0,0,1.0,0,930,61.8,68.88,Average
STU0854,IT,1,Male,Day Scholar,Night,Kinesthetic,Good,Medium,Good,No,No,Not Started,277,238,42,219,79.2,62.9,6.23,4,34,2,0,0,2.0,23,1062,71.95,69.65,Average
STU0855,CSE,4,Male,Hostel,Morning,Auditory,Good,Medium,Average,No,No,Not Started,98,220,22,406,88.5,70.7,6.4,1,34,2,5,0,2.0,174,980,72.63,76.55,Good
STU0856,CSE,7,Male,Day Scholar,Night,Auditory,Good,Medium,Poor,No,No,In Progress,203,0,80,0,81.8,82.3,8.46,0,34,8,2,1,4.0,0,712,68.55,81.76,Good
STU0857,CSE,6,Male,Hostel,Morning,Visual,Good,Low,Poor,Yes,Yes,In Progress,354,215,172,507,57.6,69.3,7.81,0,36,5,1,2,4.0,347,868,97.49,76.04,Good
STU0858,CSE-AIML,1,Male,Day Scholar,Night,Visual,Average,Medium,Average,No,No,Not Started,0,272,181,854,84.5,65.1,6.15,2,30,1,0,0,1.0,152,1144,67.38,67.06,Average
STU0859,CSE-AIML,7,Male,Day Scholar,Morning,Auditory,Poor,Medium,Good,No,Yes,In Progress,188,238,286,331,84.7,65.0,6.51,2,36,10,5,2,5.0,196,1113,80.18,73.68,Good
STU0860,CSE,3,Male,Hostel,Morning,Auditory,Average,High,Poor,No,Yes,Not Started,191,262,0,254,91.5,66.2,6.67,1,32,2,0,1,1.0,111,1041,58.08,75.29,Good
STU0861,IT,4,Female,Hostel,Morning,Visual,Poor,High,Good,Yes,No,Not Started,0,298,288,511,84.1,66.1,6.29,1,32,2,1,0,0.0,208,1262,49.72,67.25,Average
STU0862,CSE-AIML,3,Male,Hostel,Night,Kinesthetic,Poor,Medium,Good,No,Yes,Not Started,29,204,0,86,86.8,74.1,6.53,0,35,5,0,0,1.0,40,1193,55.24,80.74,Good
STU0863,CSE-AIML,7,Male,Hostel,Afternoon,Kinesthetic,Poor,High,Average,No,Yes,Placed,258,265,179,545,59.6,67.4,6.14,3,34,5,2,1,8.0,372,1288,77.25,67.22,Average
STU0864,CSE-AIML,7,Male,Hostel,Morning,Visual,Good,Low,Good,Yes,No,Placed,174,163,156,113,82.2,69.9,7.23,0,32,2,1,5,6.0,83,705,71.68,72.28,Good
STU0865,CSE-AIML,7,Male,Hostel,Afternoon,Visual,Average,Medium,Poor,No,No,In Progress,197,94,20,839,82.8,73.5,7.33,0,39,5,0,2,2.0,551,1121,81.11,82.95,Good
STU0866,CSE-AIML,2,Female,Day Scholar,Morning,Kinesthetic,Good,Medium,Good,No,Yes,Not Started,166,439,144,0,90.3,78.9,7.86,0,41,0,1,0,1.0,34,1142,66.12,87.15,Excellent
STU0867,CSE,6,Male,Hostel,Night,Visual,Average,Medium,Good,Yes,Yes,Not Started,292,96,59,161,93.1,87.9,8.25,0,41,4,1,2,4.0,135,1278,85.67,87.66,Excellent
STU0868,CSE,2,Female,Day Scholar,Afternoon,Kinesthetic,Good,Low,Average,No,No,Not Started,396,207,249,381,78.4,77.4,7.79,0,37,3,0,0,3.0,159,1023,87.53,85.83,Excellent
STU0869,IT,6,Female,Day Scholar,Afternoon,Kinesthetic,Average,Medium,Average,Yes,No,In Progress,280,329,0,444,100.0,86.3,8.76,0,39,4,0,1,3.0,271,1325,79.94,87.44,Excellent
STU0870,ECE,5,Male,Hostel,Night,Visual,Good,Low,Average,No,Yes,Not Started,0,208,171,201,84.9,60.5,5.78,1,27,3,0,1,1.0,101,1006,75.16,70.43,Good
STU0871,CSE,2,Male,Day Scholar,Night,Auditory,Average,Medium,Good,No,Yes,Not Started,176,308,206,552,85.4,71.0,7.13,0,37,2,1,0,1.0,116,893,78.14,81.28,Good
STU0872,CSE,3,Male,Hostel,Night,Auditory,Good,Low,Good,No,Yes,Not Started,307,369,0,87,81.9,72.5,7.07,2,37,2,0,0,1.0,151,1079,77.48,75.66,Good
STU0873,CSE-DS,6,Male,Hostel,Night,Auditory,Average,Medium,Good,No,Yes,Not Started,141,248,9,80,72.1,73.8,7.45,0,33,4,2,0,6.0,75,991,71.23,74.29,Good
STU0874,CSE-AIML,2,Female,Day Scholar,Night,Auditory,Average,Medium,Good,No,Yes,Not Started,307,295,42,37,79.5,81.3,8.78,0,37,1,0,0,3.0,73,951,67.57,82.06,Good
STU0875,CSE,4,Female,Hostel,Morning,Auditory,Average,Medium,Good,No,No,Not Started,149,306,0,342,87.0,71.9,6.81,0,38,4,3,1,1.0,69,1220,69.47,77.53,Good
STU0876,CSE,7,Male,Hostel,Night,Auditory,Average,Medium,Good,No,No,In Progress,67,139,216,271,89.0,67.2,7.8,1,34,9,4,0,4.0,289,944,76.1,79.73,Good
STU0877,CSE-DS,6,Male,Day Scholar,Night,Auditory,Good,Low,Good,No,No,Not Started,244,73,161,57,82.2,73.8,9.01,0,33,8,1,2,8.0,0,952,84.67,83.73,Good
STU0878,CSE-DS,6,Male,Day Scholar,Night,Visual,Average,Low,Average,Yes,Yes,Not Started,221,481,183,333,69.1,66.4,6.97,0,36,6,4,1,3.0,117,958,85.55,72.64,Good
STU0879,CSE,2,Female,Day Scholar,Night,Visual,Average,Medium,Good,Yes,Yes,Not Started,125,292,197,68,71.6,73.4,7.87,0,36,0,0,0,3.0,108,968,60.82,73.31,Good
STU0880,CSE,5,Male,Day Scholar,Night,Auditory,Poor,High,Poor,No,Yes,Not Started,297,136,142,356,100.0,83.7,8.14,0,44,3,0,2,3.0,220,975,58.54,86.34,Excellent
STU0881,CSE,2,Male,Hostel,Morning,Visual,Good,Medium,Average,No,Yes,Not Started,13,490,0,485,83.1,62.3,6.23,0,33,2,0,0,0.0,124,870,74.13,73.89,Good
STU0882,CSE-DS,8,Male,Hostel,Morning,Kinesthetic,Average,Medium,Good,No,No,Placed,274,61,83,83,95.1,71.1,7.22,0,32,5,1,5,2.0,90,965,72.37,85.6,Excellent
STU0883,CSE,3,Female,Day Scholar,,Auditory,Poor,High,,No,No,Not Started,130,134,219,220,100.0,68.8,7.28,0,34,2,0,0,0.0,114,1136,46.0,76.43,Good
STU0884,CSE,3,Female,Hostel,Night,Kinesthetic,Poor,High,Poor,No,No,Not Started,338,183,87,606,67.3,75.8,7.57,0,35,4,1,0,3.0,233,1401,61.04,77.61,Good
STU0885,IT,6,Male,Hostel,Afternoon,Visual,Average,Medium,Average,Yes,Yes,Not Started,253,357,131,206,70.8,78.5,8.45,0,39,7,2,1,5.0,133,1280,76.34,77.37,Good
STU0886,CSE,6,Male,Hostel,Night,Auditory,Average,Medium,Good,No,No,In Progress,148,193,217,192,82.5,69.3,7.63,0,36,3,1,1,4.0,108,1111,62.04,80.81,Good
STU0887,CSE-DS,2,Female,Day Scholar,Night,Kinesthetic,Average,High,Average,Yes,No,Not Started,93,227,236,767,73.3,58.9,5.88,2,31,2,0,0,1.0,170,1007,61.36,65.92,Average
STU0888,CSE,3,Male,Hostel,Morning,Visual,Average,High,Average,Yes,No,Not Started,34,92,308,508,81.8,71.4,6.78,1,37,1,3,1,1.0,173,1150,54.32,75.13,Good
STU0889,CSE,3,Female,Day Scholar,Night,Auditory,Average,Medium,Poor,No,No,Not Started,173,219,122,220,72.7,62.4,6.85,0,32,0,1,1,0.0,118,982,46.88,71.46,Good
STU0890,CSE,5,Male,Hostel,Night,Auditory,Good,Medium,Good,No,Yes,Not Started,185,207,85,425,77.7,67.5,6.94,0,30,0,0,0,3.0,234,1236,75.48,72.0,Good
STU0891,CSE-DS,4,Female,Hostel,Morning,Kinesthetic,Average,Medium,Good,No,Yes,Not Started,274,48,114,0,82.5,72.5,7.29,0,38,3,0,0,3.0,37,856,70.44,84.28,Good
STU0892,IT,5,Male,Hostel,Night,Kinesthetic,Average,Medium,Average,Yes,No,Not Started,115,201,66,164,72.0,60.2,5.62,4,32,0,4,1,1.0,99,1198,61.61,57.52,Average
STU0893,IT,8,Female,Hostel,Morning,Kinesthetic,Average,High,Good,No,No,Placed,212,132,114,238,84.2,75.5,7.62,1,38,4,1,1,4.0,226,1133,64.23,79.57,Good
STU0894,CSE,1,Female,Day Scholar,Afternoon,Visual,Average,Medium,Good,Yes,No,Not Started,147,412,59,196,75.0,67.3,6.64,0,33,1,1,0,1.0,9,961,55.9,72.13,Good
STU0895,CSE-DS,7,Female,Hostel,Morning,Kinesthetic,Good,Low,Good,No,No,In Progress,314,272,222,144,77.4,66.8,5.86,0,32,5,3,0,2.0,141,1129,85.42,75.86,Good
STU0896,CSE,5,Female,Hostel,Night,Kinesthetic,Good,Low,Good,No,No,Not Started,168,416,46,414,88.8,72.4,7.51,2,32,6,2,2,6.0,168,1196,91.25,75.83,Good
STU0897,CSE,8,Female,Hostel,Afternoon,Kinesthetic,Poor,High,Poor,No,Yes,Placed,114,10,294,237,84.5,66.8,7.05,1,36,8,2,3,6.0,297,1287,56.24,80.62,Good
STU0898,IT,2,Male,Hostel,Afternoon,Auditory,Good,Medium,Good,No,Yes,Not Started,72,115,0,270,89.3,64.1,6.36,4,31,1,0,0,0.0,122,916,64.19,64.63,Average
STU0899,CSE,4,Female,Hostel,Night,Kinesthetic,Average,Medium,Good,Yes,Yes,Not Started,139,153,115,223,87.2,73.8,7.47,0,38,1,3,1,3.0,66,919,66.66,77.96,Good
STU0900,CSE,2,Female,Hostel,Morning,Kinesthetic,Average,Low,Good,No,Yes,Not Started,158,142,212,201,69.7,66.1,7.36,0,30,0,1,0,0.0,21,952,67.14,72.11,Good
STU0901,CSE,7,Male,Day Scholar,Night,Visual,Average,Medium,Good,Yes,Yes,In Progress,162,277,11,426,79.5,67.6,6.89,1,40,4,1,1,3.0,307,1068,79.19,79.67,Good
STU0902,CSE,8,Female,Day Scholar,Night,Visual,Average,Low,Good,No,Yes,In Progress,218,205,30,431,74.9,62.6,6.47,3,33,6,1,1,4.0,266,1144,92.46,70.14,Good
STU0903,CSE,1,Female,Hostel,Night,Kinesthetic,Good,Medium,Good,Yes,Yes,Not Started,150,118,176,451,81.5,70.5,7.14,1,34,1,1,0,0.0,24,1224,80.21,73.9,Good
STU0904,CSE-AIML,4,Male,Hostel,Night,Visual,Good,Medium,Good,No,Yes,Not Started,105,581,188,299,78.2,67.0,7.41,0,28,5,5,0,2.0,70,1120,81.33,78.0,Good
STU0905,CSE-AIML,6,Male,Hostel,Morning,Visual,Average,Medium,Average,No,Yes,Not Started,142,263,34,299,88.2,60.5,6.55,0,31,5,4,1,2.0,227,1131,76.38,77.86,Good
STU0906,IT,3,Male,Hostel,Morning,Visual,Average,High,Good,No,No,Not Started,160,0,109,234,92.5,83.0,8.99,0,41,3,2,0,0.0,65,1022,57.89,90.95,Excellent
STU0907,IT,5,Male,Day Scholar,Night,Auditory,Good,Low,Average,No,No,Not Started,129,327,261,467,75.6,73.2,7.61,0,29,5,3,0,1.0,223,1108,84.72,80.48,Good
STU0908,CSE,8,Male,Day Scholar,Night,Kinesthetic,Good,Low,Average,No,No,In Progress,35,528,139,142,76.0,63.4,6.79,0,28,13,2,2,5.0,71,1186,81.91,78.59,Good
STU0909,CSE,2,Male,Hostel,Afternoon,Kinesthetic,Average,Low,Good,No,No,Not Started,43,327,9,321,94.1,74.6,7.03,0,35,2,0,0,2.0,121,1072,59.8,78.83,Good
STU0910,CSE,1,Male,Day Scholar,Night,Kinesthetic,Average,Low,Good,Yes,No,Not Started,3,115,0,281,96.9,67.3,6.73,1,38,0,0,0,2.0,126,1004,60.67,73.95,Good
STU0911,CSE-AIML,3,Male,Hostel,Afternoon,Visual,Good,Low,Good,No,No,Not Started,195,186,159,93,87.0,70.9,7.39,1,35,3,1,0,1.0,0,895,70.05,79.48,Good
STU0912,CSE,5,Other,Hostel,Night,Visual,Poor,Medium,Good,Yes,No,Not Started,220,337,210,246,71.6,71.9,7.88,0,39,7,0,0,1.0,194,1208,70.77,77.44,Good
STU0913,CSE-DS,3,Male,Hostel,Night,Visual,Average,Medium,Average,No,No,Not Started,104,127,229,243,90.4,68.7,7.44,0,35,3,2,0,0.0,71,1170,69.16,80.81,Good
STU0914,CSE-AIML,5,Male,Hostel,Night,Auditory,Average,High,Good,No,No,Not Started,223,221,260,490,90.8,76.6,7.55,0,40,4,2,0,3.0,228,1059,73.63,82.5,Good
STU0915,CSE-AIML,8,Male,Day Scholar,Night,Visual,Good,Low,Good,No,No,Placed,145,131,143,351,96.9,67.4,6.61,0,36,5,2,0,1.0,258,1301,83.48,82.79,Good
STU0916,CSE-AIML,6,Male,Hostel,Night,Auditory,Poor,Medium,Poor,No,Yes,Not Started,166,310,122,445,77.5,61.9,6.02,1,36,3,0,0,2.0,228,1120,56.58,73.37,Good
STU0917,CSE,4,Female,Hostel,Morning,Kinesthetic,Poor,High,Poor,No,No,Not Started,62,337,151,0,100.0,72.0,6.5,5,29,4,2,1,2.0,0,821,31.59,68.27,Average
STU0918,ECE,8,Female,Day Scholar,Night,Visual,Good,Low,Good,Yes,No,Placed,292,398,178,117,67.5,63.3,6.51,0,31,5,5,3,1.0,120,1087,83.29,69.69,Average
STU0919,IT,3,Female,Day Scholar,Night,Auditory,Average,Medium,Good,No,No,Not Started,323,361,61,544,91.4,81.2,8.01,0,42,3,2,0,,200,1154,83.15,89.85,Excellent
STU0920,CSE,3,Male,Day Scholar,Night,Auditory,Good,Medium,Good,No,No,Not Started,209,410,144,129,91.6,77.3,7.58,0,42,3,0,0,0.0,110,1196,65.95,84.78,Good
STU0921,IT,3,Female,Day Scholar,Night,Visual,Average,Medium,Good,No,No,Not Started,111,435,22,329,92.5,61.8,6.86,0,31,0,0,1,1.0,205,1125,62.35,76.87,Good
STU0922,CSE-AIML,4,Male,Hostel,Morning,Auditory,Average,Medium,Good,No,No,Not Started,188,72,0,178,59.3,62.3,6.11,3,29,0,1,0,1.0,0,699,56.48,54.8,Average
STU0923,IT,1,Male,Day Scholar,Night,Visual,Poor,Medium,Good,No,No,Not Started,110,146,92,457,65.7,67.4,6.46,3,31,1,0,0,0.0,69,984,54.57,61.06,Average
STU0924,IT,5,Male,Day Scholar,Night,Auditory,Poor,Medium,Good,No,No,Not Started,59,130,190,232,89.0,63.8,6.89,0,30,2,2,0,2.0,164,1064,49.95,75.83,Good
STU0925,CSE-AIML,8,Male,Day Scholar,Morning,Kinesthetic,Average,Medium,Average,Yes,No,Placed,243,259,0,274,91.9,76.1,8.37,0,39,6,3,2,7.0,256,1180,74.09,84.79,Good
STU0926,CSE,8,Male,Day Scholar,Afternoon,Kinesthetic,Average,Low,Average,No,Yes,Placed,90,164,193,139,77.3,62.0,6.2,0,30,7,2,2,1.0,40,1120,80.23,76.48,Good
STU0927,CSE,6,Male,Hostel,Night,Kinesthetic,Average,High,Good,Yes,Yes,Not Started,103,194,176,215,79.8,62.4,6.09,1,30,3,0,0,4.0,163,1112,57.36,69.04,Average
STU0928,CSE-AIML,3,Other,Day Scholar,Afternoon,Visual,Average,Medium,Good,No,No,Not Started,0,368,41,470,79.4,64.4,6.41,0,31,2,0,2,1.0,129,1090,58.39,75.46,Good
STU0929,CSE-DS,7,Male,Hostel,Afternoon,Kinesthetic,Average,Medium,Good,No,No,In Progress,275,306,293,287,74.9,63.4,6.81,0,35,5,1,1,4.0,250,925,79.03,80.31,Good
STU0930,CSE,8,Male,Hostel,Morning,Kinesthetic,Average,High,Average,Yes,Yes,Placed,315,180,66,88,100.0,79.6,7.86,0,36,5,1,3,4.0,27,869,76.69,87.92,Excellent
STU0931,CSE,4,Male,Hostel,Night,Kinesthetic,Average,Medium,Good,No,Yes,Not Started,246,334,0,448,93.2,78.8,8.06,0,41,6,1,0,3.0,139,1058,86.04,91.0,Excellent
STU0932,IT,1,Female,Day Scholar,Night,Visual,Good,Low,Poor,No,No,Not Started,253,274,167,150,70.4,63.9,6.0,1,27,2,0,0,1.0,0,1046,66.5,69.71,Average
STU0933,ECE,8,Male,Hostel,Morning,Auditory,Good,Medium,Average,No,No,Placed,59,275,221,347,90.7,64.7,8.12,0,31,12,2,0,2.0,275,1364,85.64,79.17,Good
STU0934,CSE-AIML,5,Female,Hostel,Night,Visual,Average,Medium,Average,No,Yes,Not Started,156,320,281,231,69.0,69.7,6.83,0,33,4,1,3,2.0,108,1260,65.37,72.02,Good
STU0935,CSE,4,Female,Hostel,Night,Visual,Poor,Medium,Good,No,Yes,Not Started,245,0,126,517,80.0,62.6,6.5,2,26,5,0,1,1.0,183,1131,73.3,68.5,Average
STU0936,CSE,6,Male,Day Scholar,,Kinesthetic,Poor,High,Good,Yes,No,Not Started,92,132,214,590,71.1,69.9,7.27,0,32,7,1,1,4.0,332,1165,61.34,74.55,Good
STU0937,CSE,6,Male,Hostel,Afternoon,Auditory,Good,Low,Good,No,No,Not Started,143,117,67,313,62.3,55.4,5.97,1,34,4,2,0,5.0,165,1173,77.67,74.21,Good
STU0938,ECE,5,Male,Day Scholar,Night,Kinesthetic,Good,Low,Poor,No,No,Not Started,32,243,179,0,86.4,68.3,6.41,0,33,0,0,0,3.0,6,931,50.23,74.39,Good
STU0939,CSE,3,Female,Day Scholar,Afternoon,Kinesthetic,Average,Medium,Good,No,Yes,Not Started,152,332,293,243,81.3,68.9,7.07,0,25,4,2,0,4.0,2,711,73.45,77.41,Good
STU0940,CSE-AIML,6,Male,Hostel,Night,Visual,Average,Medium,Good,No,No,Not Started,163,178,360,201,85.9,69.6,7.15,0,34,2,0,2,3.0,188,1077,63.9,79.16,Good
STU0941,CSE,1,Male,Hostel,Afternoon,Visual,Average,Low,Average,Yes,No,Not Started,225,127,57,276,65.0,69.5,6.47,1,37,1,1,0,0.0,46,1061,68.74,70.91,Good
STU0942,CSE-AIML,4,Male,Day Scholar,Morning,Visual,Poor,High,Good,No,No,Not Started,30,0,266,468,100.0,67.4,6.69,0,35,3,1,1,0.0,219,990,49.51,81.78,Good
STU0943,CSE-DS,8,Female,Day Scholar,Night,Kinesthetic,Good,Low,Good,Yes,No,Placed,29,284,26,191,77.9,62.8,5.58,3,27,6,4,2,5.0,197,1207,77.63,62.83,Average
STU0944,IT,1,Male,Day Scholar,Morning,Auditory,Good,Low,Average,Yes,Yes,Not Started,290,98,58,276,93.5,78.5,7.43,0,31,1,0,0,1.0,97,928,84.1,79.0,Good
STU0945,CSE,3,Male,Hostel,Night,Auditory,Average,High,Average,No,Yes,Not Started,276,276,77,363,81.4,69.6,6.33,4,33,1,0,0,0.0,180,955,70.01,63.43,Average
STU0946,CSE,1,Female,Day Scholar,Morning,Kinesthetic,Average,Medium,Good,No,No,Not Started,121,133,210,395,81.6,67.5,6.77,0,33,0,0,0,1.0,0,830,64.33,71.82,Good
STU0947,CSE,1,Female,Hostel,Afternoon,Auditory,Poor,High,Poor,No,Yes,Not Started,317,306,131,368,71.1,66.1,6.77,0,28,1,2,0,1.0,117,1067,58.0,74.02,Good
STU0948,ECE,2,Female,Hostel,Afternoon,Kinesthetic,Good,Low,Average,No,No,Not Started,194,283,0,131,100.0,75.4,7.59,0,35,1,0,0,1.0,29,1028,68.04,87.15,Excellent
STU0949,IT,1,Male,Day Scholar,Morning,Auditory,Good,Low,Good,No,No,Not Started,282,26,168,508,100.0,73.8,7.88,0,32,0,0,0,0.0,84,1135,83.9,83.23,Good
STU0950,CSE-AIML,5,Female,Hostel,Afternoon,Kinesthetic,Good,Medium,Good,No,Yes,Not Started,153,344,254,341,75.9,71.1,7.55,1,42,1,1,1,3.0,196,1053,75.01,80.24,Good
STU0951,CSE-DS,4,Female,Day Scholar,Morning,Auditory,Poor,High,Good,No,Yes,Not Started,208,275,134,0,85.1,71.4,7.47,0,35,1,3,1,1.0,0,1192,49.51,79.11,Good
STU0952,CSE-DS,2,Male,Hostel,Night,Visual,Average,Medium,Good,No,Yes,Not Started,149,369,209,88,82.0,63.4,6.36,1,28,2,0,0,2.0,0,825,66.1,73.66,Good
STU0953,CSE,4,Female,Day Scholar,Night,Visual,Good,Low,Good,No,No,Not Started,330,73,43,272,97.0,72.3,7.86,0,35,5,1,1,3.0,113,1113,88.97,85.09,Excellent
STU0954,ECE,4,Male,Hostel,Morning,Visual,Good,Medium,Average,No,Yes,Not Started,165,106,216,375,100.0,75.5,7.21,0,38,3,1,0,3.0,220,1126,81.44,84.98,Good
STU0955,CSE-AIML,3,Female,Hostel,,Visual,Good,Low,Average,No,No,Not Started,172,193,49,461,65.9,66.2,6.38,1,30,2,2,0,1.0,163,1043,73.67,68.96,Average
STU0956,CSE,3,Male,Day Scholar,Morning,Kinesthetic,Good,High,Good,No,Yes,Not Started,34,221,132,638,56.3,53.9,5.27,3,27,2,1,0,1.0,196,1187,77.11,61.33,Average
STU0957,CSE-AIML,2,Female,Hostel,Morning,Auditory,Good,Low,Good,Yes,No,Not Started,169,207,33,280,76.8,70.0,7.09,1,37,1,0,0,2.0,117,1040,75.0,77.35,Good
STU0958,CSE,6,Male,Hostel,Night,Kinesthetic,Average,High,Good,No,No,Not Started,336,5,2,310,70.5,78.4,8.73,0,40,6,4,1,4.0,130,1077,78.04,87.67,Excellent
STU0959,CSE,7,Female,Day Scholar,Afternoon,Visual,Poor,Medium,Good,No,No,Placed,301,271,16,54,77.8,79.5,8.44,0,41,7,3,1,2.0,57,1069,63.11,81.6,Good
STU0960,CSE-DS,3,Male,Hostel,Afternoon,Auditory,Average,Medium,Poor,Yes,No,Not Started,163,205,77,339,89.0,80.9,7.68,0,41,0,1,0,0.0,112,991,55.46,80.68,Good
STU0961,CSE,7,Female,Day Scholar,Morning,Kinesthetic,Average,Medium,Good,No,Yes,In Progress,171,194,135,370,95.4,68.5,7.79,0,26,8,3,0,3.0,254,679,87.3,85.27,Excellent
STU0962,CSE-DS,3,Female,Hostel,Night,Visual,Poor,Low,Poor,No,Yes,Not Started,67,242,40,477,81.7,66.0,6.14,0,25,2,2,0,0.0,82,1032,50.49,70.02,Good
STU0963,CSE,3,Male,Hostel,Night,Auditory,Average,High,Average,No,Yes,Not Started,211,269,384,475,92.4,71.7,7.27,0,38,1,0,1,2.0,158,1041,71.61,80.88,Good
STU0964,CSE,4,Female,Day Scholar,Morning,Auditory,Good,Low,Good,No,No,Not Started,209,225,92,356,78.3,65.2,7.1,1,33,0,1,1,1.0,163,1153,79.25,75.13,Good
STU0965,CSE,2,Other,Day Scholar,Afternoon,Visual,Average,Medium,Good,No,Yes,Not Started,227,123,0,371,97.6,77.8,8.02,0,37,2,0,0,0.0,35,902,75.45,83.66,Good
STU0966,CSE,4,Male,Hostel,Night,Visual,Average,Medium,Average,No,No,Not Started,36,73,0,339,66.9,51.9,5.12,1,21,3,1,1,2.0,142,944,62.01,61.17,Average
STU0967,CSE-DS,8,Male,Hostel,Night,Auditory,Poor,High,Good,No,No,In Progress,284,345,307,276,83.6,83.8,8.8,0,39,10,2,2,4.0,227,910,74.61,84.89,Good
STU0968,CSE,5,Male,Day Scholar,Morning,Visual,Good,Low,Good,No,No,Not Started,159,122,166,370,59.5,57.8,6.58,0,31,4,1,0,4.0,158,1079,82.12,71.84,Good
STU0969,CSE-AIML,4,Male,Hostel,Afternoon,Kinesthetic,Average,Medium,Average,No,No,Not Started,290,90,17,206,85.6,68.0,6.98,0,33,4,0,1,4.0,21,1443,67.29,77.2,Good
STU0970,CSE-AIML,7,Male,Hostel,Morning,Visual,Average,Medium,Good,No,Yes,Placed,198,242,87,52,85.4,71.2,7.19,0,33,8,3,2,6.0,0,1056,76.06,80.87,Good
STU0971,CSE-DS,7,Male,Hostel,Night,Visual,Average,Medium,Good,No,Yes,Placed,308,297,49,143,63.9,69.9,7.51,0,35,5,1,3,4.0,115,1153,75.61,79.03,Good
STU0972,ECE,5,Male,Hostel,Night,Visual,Good,Low,Average,Yes,No,Not Started,238,392,203,334,83.4,77.3,7.28,0,39,2,1,1,1.0,154,1021,87.54,80.84,Good
STU0973,CSE-DS,1,Male,Hostel,Afternoon,Auditory,Average,Medium,Good,No,No,Not Started,104,134,324,397,87.2,71.3,6.74,0,34,0,0,0,0.0,92,1024,63.61,78.35,Good
STU0974,CSE,1,Male,Hostel,Afternoon,Auditory,Average,Low,Poor,No,No,Not Started,253,151,31,493,94.9,80.7,8.29,0,40,1,0,0,1.0,78,1172,64.67,89.39,Excellent
STU0975,CSE,5,Female,Hostel,Night,Visual,Average,Medium,Average,Yes,Yes,Not Started,271,264,193,755,98.5,84.2,8.85,0,45,3,4,1,1.0,330,1110,88.49,87.83,Excellent
STU0976,CSE,5,Female,Hostel,Night,Auditory,Average,Medium,Average,No,No,Not Started,198,316,123,377,82.4,67.1,5.81,0,33,3,1,0,2.0,238,1103,76.97,73.82,Good
STU0977,CSE-AIML,4,Male,Hostel,Night,Visual,Poor,High,,Yes,No,Not Started,154,169,70,100,86.4,79.9,8.29,0,40,0,1,1,0.0,93,868,36.46,74.03,Good
STU0978,CSE,5,Female,Day Scholar,Morning,Kinesthetic,Average,Medium,Poor,No,No,Not Started,263,318,88,203,65.8,68.8,7.06,0,34,3,2,3,7.0,127,1029,55.64,76.55,Good
STU0979,CSE-AIML,8,Female,Hostel,Night,Auditory,Average,Medium,Good,No,Yes,Placed,283,167,10,541,83.3,78.3,8.1,0,43,5,4,3,1.0,579,1248,87.34,89.63,Excellent
STU0980,CSE-AIML,2,Female,Day Scholar,Night,Visual,Average,Low,Good,No,Yes,Not Started,61,254,150,489,86.4,68.2,6.87,1,37,1,0,0,0.0,117,1193,72.43,77.91,Good
STU0981,CSE,1,Male,Day Scholar,Afternoon,Auditory,Poor,Medium,Average,Yes,Yes,Not Started,192,82,156,364,77.4,66.0,5.82,4,33,1,0,0,2.0,0,746,61.32,60.76,Average
STU0982,IT,1,Male,Hostel,Night,Kinesthetic,Good,High,Good,No,No,Not Started,162,290,181,86,83.0,70.4,7.09,0,37,0,0,0,2.0,27,1054,54.09,76.09,Good
STU0983,CSE,8,Female,Day Scholar,Night,Kinesthetic,Average,Medium,Good,No,Yes,Placed,350,301,140,446,87.0,80.2,8.88,0,42,4,3,3,2.0,388,874,84.47,92.3,Excellent
STU0984,CSE,6,Female,Hostel,Night,Visual,Average,Medium,Average,No,No,Not Started,115,263,20,294,67.8,63.9,6.85,1,31,7,2,1,3.0,205,960,71.16,73.45,Good
STU0985,CSE-DS,8,Female,Day Scholar,Night,Auditory,Average,Medium,Poor,Yes,Yes,Placed,229,14,186,351,89.1,77.1,7.34,0,38,4,3,3,2.0,172,1228,72.12,77.93,Good
STU0986,CSE-AIML,8,Female,Day Scholar,Afternoon,Kinesthetic,Average,Medium,Good,No,No,Placed,242,192,35,716,85.6,79.9,8.5,0,35,12,1,0,10.0,560,1207,100.0,87.75,Excellent
STU0987,CSE-DS,5,Male,Hostel,Morning,Auditory,Average,Medium,Poor,Yes,No,Not Started,185,283,113,236,77.9,67.9,7.39,0,29,3,1,2,3.0,142,1216,56.35,70.18,Good
STU0988,CSE-AIML,3,Male,Day Scholar,Afternoon,Visual,Good,Low,Good,No,Yes,Not Started,304,144,22,0,92.8,76.2,7.36,0,40,3,0,1,3.0,95,1079,83.81,87.15,Excellent
STU0989,CSE,3,Male,Hostel,Night,Kinesthetic,Good,Medium,Poor,No,No,Not Started,171,384,217,459,77.6,73.8,7.22,0,42,5,2,1,0.0,134,1238,71.08,84.15,Good
STU0990,IT,8,Male,Hostel,Afternoon,Kinesthetic,Good,Low,Good,No,No,Placed,69,513,49,73,100.0,76.9,6.8,1,39,9,2,2,1.0,143,1111,81.71,85.44,Excellent
STU0991,IT,5,Female,Day Scholar,Night,Auditory,Good,Medium,Good,No,Yes,Not Started,312,134,330,0,90.1,80.7,7.81,0,39,4,2,0,1.0,24,1043,71.87,81.67,Good
STU0992,CSE-DS,2,Male,Hostel,Morning,Kinesthetic,Poor,Medium,Good,No,No,Not Started,139,315,68,450,81.6,70.7,6.87,0,35,4,1,0,1.0,63,1044,57.83,79.04,Good
STU0993,CSE,3,Male,Hostel,Night,Visual,Average,High,Poor,No,No,Not Started,188,221,175,313,90.9,74.2,7.8,0,37,1,1,0,2.0,63,1122,50.77,81.62,Good
STU0994,CSE-AIML,6,Female,Hostel,Night,Visual,Good,Low,Average,No,No,Not Started,165,293,180,170,92.8,70.9,7.42,0,31,1,6,1,4.0,151,895,73.27,82.51,Good
STU0995,CSE,7,Male,Day Scholar,Night,Kinesthetic,Poor,Medium,Average,No,No,In Progress,94,226,0,370,70.9,68.3,7.16,0,36,7,1,2,1.0,314,965,67.7,78.52,Good
STU0996,CSE,5,Female,Hostel,Night,Visual,Average,Medium,Good,No,No,Not Started,97,217,0,505,79.9,70.4,6.89,0,36,6,3,1,1.0,272,1140,76.81,76.19,Good
STU0997,ECE,8,Other,Day Scholar,Night,Kinesthetic,Good,Low,Average,No,No,In Progress,41,184,18,624,75.5,69.0,7.03,0,28,7,4,1,4.0,486,1276,88.31,75.69,Good
STU0998,CSE,2,Female,Hostel,Morning,Kinesthetic,Poor,Medium,Average,No,No,Not Started,226,301,139,431,100.0,85.6,9.56,0,44,2,0,0,1.0,57,793,61.42,97.52,Excellent
STU0999,ECE,2,Male,Hostel,Morning,Kinesthetic,Good,Low,Poor,No,Yes,Not Started,244,58,24,119,62.8,63.0,7.05,0,33,1,1,0,2.0,21,1007,65.22,74.53,Good
STU1000,CSE-AIML,4,Male,Day Scholar,Morning,Kinesthetic,Good,Low,Good,Yes,Yes,Not Started,202,155,38,0,90.0,79.6,8.84,0,35,3,0,0,3.0,7,987,74.58,86.28,Excellent
STU1001,CSE,2,Male,Hostel,Night,Auditory,Average,Low,Good,No,No,Not Started,234,249,284,457,74.5,74.0,7.74,0,39,5,1,0,0.0,49,887,85.95,82.04,Good
STU1002,CSE-AIML,3,Male,Day Scholar,Afternoon,Kinesthetic,Poor,Medium,Good,No,No,Not Started,168,168,65,182,72.2,70.8,7.98,0,34,4,1,1,1.0,100,1049,56.35,82.2,Good
STU1003,IT,8,Male,Hostel,Night,Visual,Good,High,Good,No,No,Placed,198,387,210,97,86.6,77.4,8.65,0,41,7,2,1,2.0,98,1021,71.3,85.76,Excellent
STU1004,CSE-DS,7,Female,Hostel,Afternoon,Auditory,Average,Low,Average,No,No,In Progress,177,305,87,362,83.6,66.0,7.34,0,32,3,0,3,4.0,176,1147,77.39,74.28,Good
STU1005,IT,3,Male,Hostel,Night,Visual,Poor,High,Good,No,Yes,Not Started,173,111,97,233,91.4,79.2,8.49,0,44,3,1,1,3.0,157,1080,53.29,86.53,Excellent
STU1006,CSE-DS,5,Female,Day Scholar,Night,Kinesthetic,Average,Medium,Good,No,No,Not Started,82,209,73,289,85.2,63.7,5.97,0,31,5,2,0,3.0,106,758,63.57,74.61,Good
STU1007,CSE-DS,7,Male,Hostel,Night,Visual,Good,Medium,Good,No,Yes,Placed,298,334,101,264,72.7,65.3,7.21,0,33,4,4,1,2.0,111,1057,90.62,80.94,Good
STU1008,IT,5,Female,Day Scholar,Night,Auditory,Average,Medium,Average,No,No,Not Started,153,276,0,579,94.5,75.3,6.88,1,31,8,3,0,2.0,204,1106,83.55,79.35,Good
STU1009,CSE,2,Female,Hostel,Morning,Visual,Poor,High,Good,Yes,No,Not Started,138,224,30,484,82.6,77.2,7.93,0,35,3,0,0,1.0,81,1086,54.16,78.12,Good
STU1010,CSE-AIML,6,Male,Hostel,Afternoon,Auditory,Average,Medium,Poor,No,No,Not Started,129,221,45,146,71.5,70.0,7.85,0,36,2,2,0,0.0,95,1062,52.17,75.62,Good
STU1011,CSE,1,Male,Hostel,Night,Kinesthetic,Poor,High,,No,No,Not Started,145,380,184,283,72.0,71.0,7.32,0,38,0,0,0,0.0,90,884,34.37,74.31,Good
STU1012,ECE,7,Female,Day Scholar,Afternoon,Kinesthetic,Poor,Medium,Poor,No,No,Placed,146,80,272,378,77.6,72.0,6.47,0,30,1,2,0,0.0,261,1060,45.67,71.14,Good
STU1013,ECE,8,Female,Day Scholar,Night,Visual,Good,Low,Average,Yes,No,Placed,197,459,248,150,100.0,75.7,7.19,0,36,5,2,1,4.0,119,1012,78.34,80.08,Good
STU1014,CSE,4,Female,Day Scholar,Night,Visual,Poor,High,Average,No,No,Not Started,28,264,89,521,50.8,53.7,5.52,4,31,6,1,1,2.0,187,1441,60.18,56.55,Average
STU1015,CSE-DS,1,Male,Hostel,Night,Kinesthetic,Poor,High,Average,No,No,Not Started,102,445,17,53,89.9,64.2,5.76,1,31,0,0,0,0.0,0,999,31.9,68.87,Average
STU1016,ECE,2,Male,Hostel,Afternoon,Kinesthetic,Good,Low,Average,No,No,Not Started,313,236,108,442,89.0,80.4,8.48,0,38,0,0,0,1.0,43,986,79.49,91.02,Excellent
STU1017,CSE,2,Female,Hostel,Night,Visual,Poor,High,Average,No,No,Not Started,307,538,158,471,91.9,76.2,7.5,0,33,0,1,0,0.0,62,963,58.45,78.68,Good
STU1018,CSE-AIML,8,Female,Day Scholar,Afternoon,Kinesthetic,Good,Medium,Average,Yes,Yes,In Progress,156,164,116,394,81.3,75.5,8.0,0,37,13,1,3,4.0,332,1265,95.88,82.44,Good
STU1019,ECE,1,Male,Hostel,Morning,Auditory,Poor,High,Average,No,No,Not Started,404,249,196,639,78.0,78.4,8.36,0,42,0,0,0,0.0,40,878,72.12,86.19,Excellent
STU1020,CSE,4,Female,Hostel,Afternoon,Auditory,Poor,High,Average,No,Yes,Not Started,243,337,8,32,98.9,79.0,7.73,0,41,3,2,0,2.0,35,1012,53.9,82.41,Good
STU1021,CSE-DS,7,Male,Hostel,Morning,Visual,Average,High,Good,Yes,Yes,Placed,312,334,117,240,65.9,62.4,7.65,0,32,5,1,2,3.0,178,1337,80.64,73.73,Good
STU1022,CSE,7,Male,Hostel,Afternoon,Visual,Poor,High,Good,No,No,In Progress,188,136,111,0,68.8,66.2,6.42,2,37,3,3,1,6.0,0,1007,53.0,69.65,Average
STU1023,ECE,1,Male,Hostel,Afternoon,Kinesthetic,Poor,Low,Good,No,Yes,Not Started,157,66,98,366,57.9,62.5,6.33,2,33,0,0,0,2.0,18,966,63.98,64.48,Average
STU1024,ECE,5,Male,Day Scholar,Night,Kinesthetic,Good,Low,Good,No,No,Not Started,265,139,52,234,76.8,59.9,6.35,1,29,5,1,0,4.0,133,1019,87.37,71.37,Good
STU1025,ECE,3,Male,Hostel,Afternoon,Auditory,Average,Low,Good,Yes,No,Not Started,280,210,0,784,100.0,78.6,8.65,0,39,2,0,1,2.0,216,1301,89.3,89.43,Excellent
STU1026,CSE-AIML,6,Male,Day Scholar,Night,Visual,Good,Low,Average,No,Yes,Not Started,155,222,0,502,70.0,66.1,6.86,0,29,4,1,0,7.0,279,964,98.41,75.52,Good
STU1027,IT,5,Male,Day Scholar,Morning,Visual,Poor,Medium,Good,No,No,Not Started,219,252,299,425,87.3,73.0,7.22,2,34,1,1,1,4.0,369,1145,57.67,78.17,Good
STU1028,IT,7,Female,Hostel,Morning,Visual,Poor,Medium,Good,No,No,In Progress,0,326,0,542,76.0,58.6,6.59,0,23,6,1,2,8.0,416,1037,64.91,69.48,Average
STU1029,CSE,3,Female,Hostel,Night,Visual,Good,Medium,Good,No,No,Not Started,121,226,61,162,79.3,72.6,7.36,0,39,2,1,0,0.0,52,802,66.02,79.68,Good
STU1030,IT,6,Female,Hostel,Night,Auditory,Average,Medium,Average,No,Yes,Not Started,308,1,51,396,70.9,70.8,6.99,0,40,8,0,2,6.0,319,1254,90.67,79.78,Good
STU1031,CSE,6,Female,Day Scholar,Morning,Auditory,Good,High,Good,No,No,Not Started,131,356,70,0,75.9,57.9,6.02,2,34,4,2,1,1.0,0,1079,60.43,67.02,Average
STU1032,CSE-AIML,6,Male,Hostel,Morning,Visual,Average,Medium,Average,No,Yes,Not Started,175,379,334,148,71.6,61.7,6.1,3,30,1,4,1,,66,1014,63.57,64.62,Average
STU1033,CSE,2,Female,Hostel,,Auditory,Poor,Medium,Good,No,No,Not Started,168,278,164,453,100.0,85.2,8.89,0,41,3,0,0,2.0,66,1024,61.82,89.86,Excellent
STU1034,CSE,8,Female,Hostel,Afternoon,Visual,Poor,Low,Average,No,No,Placed,81,206,67,627,78.7,65.0,6.71,0,33,12,1,0,7.0,404,1365,84.64,80.58,Good
STU1035,CSE,6,Male,Hostel,Night,Auditory,Average,Low,Good,No,No,In Progress,172,270,113,683,64.5,54.4,5.52,0,29,4,1,3,2.0,468,1110,85.59,66.05,Average
STU1036,CSE-DS,4,Male,Hostel,Night,Kinesthetic,Average,Medium,Average,Yes,No,Not Started,161,379,196,247,98.0,76.0,7.82,0,32,4,2,0,3.0,8,1145,68.16,83.72,Good
STU1037,CSE,1,Male,Hostel,Morning,Auditory,Poor,Medium,Good,No,No,Not Started,97,106,238,432,62.3,56.1,5.28,1,23,1,0,0,0.0,75,1277,51.98,57.75,Average
STU1038,CSE-DS,7,Female,Day Scholar,Night,Visual,Average,Medium,Average,No,No,In Progress,167,165,162,258,90.8,79.0,8.21,0,34,3,2,0,3.0,206,1236,66.17,83.16,Good
STU1039,CSE,4,Male,Day Scholar,Morning,Kinesthetic,Average,Medium,Good,No,No,Not Started,74,164,302,177,81.3,60.2,5.32,1,28,4,1,0,2.0,19,966,58.53,72.64,Good
STU1040,CSE,1,Female,Hostel,Night,Visual,Average,Medium,Good,No,No,Not Started,175,105,40,772,96.9,68.6,6.03,1,32,0,1,0,,145,832,74.44,76.6,Good
STU1041,CSE-AIML,5,Female,Hostel,Night,Kinesthetic,Average,Low,Good,No,Yes,Not Started,173,560,91,124,70.3,72.3,7.34,0,39,6,1,1,3.0,59,797,81.34,81.85,Good
STU1042,IT,8,Female,Day Scholar,Night,Kinesthetic,Average,Medium,Average,Yes,Yes,In Progress,357,255,138,238,95.5,75.2,6.9,0,34,4,0,2,3.0,224,1033,81.54,78.07,Good
STU1043,CSE,5,Female,Hostel,Afternoon,Auditory,Average,Low,Good,No,Yes,Not Started,107,104,155,533,88.2,72.6,6.83,0,32,8,5,2,4.0,221,1071,95.57,80.15,Good
STU1044,CSE-DS,1,Female,Day Scholar,Night,Auditory,Poor,Medium,Good,No,Yes,Not Started,253,74,54,0,84.6,70.7,7.49,1,34,1,0,0,0.0,3,952,58.42,74.84,Good
STU1045,IT,4,Male,Hostel,Afternoon,Kinesthetic,Average,High,Average,No,No,Not Started,49,340,226,102,84.5,66.0,7.0,0,33,4,4,0,2.0,65,972,58.18,80.91,Good
STU1046,CSE-DS,1,Male,Day Scholar,Night,Kinesthetic,Average,Low,Good,No,Yes,Not Started,401,377,178,180,71.1,76.6,7.94,0,36,0,0,0,1.0,3,1121,80.05,79.33,Good
STU1047,CSE,6,Female,Hostel,Afternoon,Kinesthetic,Poor,Medium,Average,Yes,No,Not Started,215,354,66,231,100.0,81.2,8.41,0,41,4,1,3,1.0,156,1074,61.99,86.48,Excellent
STU1048,CSE,2,Male,Hostel,Afternoon,Visual,Average,Medium,Average,No,No,Not Started,201,465,81,440,82.9,79.4,8.25,0,35,1,1,0,0.0,76,1195,72.09,82.29,Good
STU1049,IT,7,Male,Day Scholar,Night,Auditory,Average,Medium,Good,Yes,No,Placed,235,187,221,305,79.8,66.7,7.25,0,27,3,3,1,4.0,178,1222,75.91,77.09,Good
STU1050,CSE,5,Male,Hostel,Morning,Visual,Good,Low,Good,No,No,Not Started,185,85,62,232,77.7,65.6,6.6,1,34,10,1,1,3.0,42,1149,86.1,73.6,Good
STU1051,IT,7,Female,Hostel,Night,Auditory,Poor,High,Good,No,No,In Progress,142,548,26,152,86.0,71.2,6.71,0,34,8,1,2,3.0,72,972,60.97,75.15,Good
STU1052,CSE-AIML,2,Male,Hostel,Night,Visual,Good,Low,,No,No,Not Started,95,158,0,231,86.6,70.7,6.83,0,30,2,1,0,1.0,131,1086,71.58,77.12,Good
STU1053,ECE,6,Female,Day Scholar,Night,Auditory,Average,Medium,Good,No,Yes,Not Started,198,316,0,175,89.8,67.4,6.77,2,29,5,1,3,6.0,85,1230,74.77,74.11,Good
STU1054,IT,6,Male,Hostel,Afternoon,Kinesthetic,Good,Medium,Good,No,Yes,Not Started,292,139,77,523,79.2,70.2,7.21,0,31,5,3,3,4.0,332,1163,93.77,80.04,Good
STU1055,ECE,5,Male,Day Scholar,Afternoon,Kinesthetic,Average,Low,Average,No,No,Not Started,11,368,0,377,90.0,62.5,6.33,3,31,4,0,0,1.0,164,1277,70.25,71.2,Good
STU1056,CSE,5,Female,Hostel,Night,Auditory,Average,Medium,Good,No,No,Not Started,379,86,47,515,93.7,78.2,6.88,0,40,4,0,0,1.0,215,1360,83.59,83.46,Good
STU1057,IT,6,Male,Hostel,Morning,Kinesthetic,Average,Low,Good,No,Yes,Not Started,102,547,350,0,100.0,74.5,6.62,0,34,7,0,1,2.0,0,1080,70.12,82.17,Good
STU1058,CSE-AIML,3,Female,Day Scholar,Night,Kinesthetic,Average,Medium,Good,No,No,Not Started,207,286,41,635,85.6,74.9,7.99,0,39,6,1,0,1.0,192,992,84.28,88.85,Excellent
STU1059,CSE-AIML,7,Female,Hostel,Night,Visual,Good,Low,Good,Yes,No,In Progress,114,78,194,340,93.6,78.1,7.42,1,34,6,0,2,3.0,285,1112,88.42,83.01,Good
STU1060,CSE-DS,8,Female,Hostel,Night,Auditory,Poor,High,Good,No,No,Placed,174,0,140,229,70.2,69.0,6.36,1,32,5,2,1,5.0,206,1058,58.35,68.51,Average
STU1061,IT,2,Male,Hostel,Night,Kinesthetic,Good,Low,Good,No,No,Not Started,209,231,262,82,78.9,63.7,6.81,0,31,1,2,0,1.0,22,1042,70.33,76.55,Good
STU1062,ECE,7,Female,Hostel,Night,Auditory,Poor,High,Good,Yes,No,In Progress,163,372,46,185,66.4,65.7,6.9,0,35,2,1,1,2.0,223,940,48.15,65.52,Average
STU1063,IT,2,Female,Day Scholar,Morning,Visual,Poor,High,Average,No,No,Not Started,196,184,124,549,67.7,67.2,5.97,3,33,1,1,0,1.0,93,881,65.57,64.49,Average
STU1064,CSE-AIML,3,Female,Hostel,Afternoon,Auditory,Average,Medium,Good,Yes,No,Not Started,189,395,93,281,83.0,65.2,7.08,0,35,3,0,0,0.0,137,1134,65.28,75.5,Good
STU1065,CSE-AIML,8,Male,Hostel,Morning,Visual,Average,Medium,Average,No,No,Placed,230,118,127,308,89.3,71.5,6.83,0,41,4,3,1,2.0,317,1101,75.98,87.36,Excellent
STU1066,CSE-DS,4,Male,Hostel,Night,Visual,Poor,Medium,Average,No,No,Not Started,224,331,7,82,88.3,77.2,6.98,0,41,0,2,0,0.0,0,964,47.4,79.41,Good
STU1067,CSE,2,Female,Hostel,Night,Visual,Poor,High,Good,No,No,Not Started,0,206,55,446,73.7,57.0,6.73,0,29,2,1,0,0.0,106,841,49.66,70.72,Good
STU1068,CSE,7,Female,Hostel,,Kinesthetic,Average,Medium,Average,No,Yes,In Progress,149,327,0,0,91.6,76.6,7.0,0,35,3,0,1,3.0,0,761,66.41,81.07,Good
STU1069,CSE,1,Male,Day Scholar,Night,Visual,Poor,High,Good,No,No,Not Started,300,141,4,310,68.7,67.2,6.2,1,36,1,0,0,0.0,24,1172,55.46,68.6,Average
STU1070,CSE,8,Male,Day Scholar,Night,Auditory,Poor,Medium,Good,No,No,Placed,256,170,132,161,74.6,70.4,7.8,0,33,2,4,0,2.0,132,1095,61.84,77.03,Good
STU1071,CSE,6,Male,Hostel,Morning,Auditory,Average,High,Good,No,No,Not Started,79,74,311,514,81.1,60.5,5.97,3,33,8,0,2,4.0,362,1095,77.82,68.5,Average
STU1072,CSE,6,Male,Hostel,Afternoon,Kinesthetic,Average,Medium,Average,No,Yes,Not Started,146,380,224,328,72.2,66.6,6.15,0,32,5,0,0,0.0,186,1013,75.82,75.46,Good
STU1073,CSE,3,Male,Day Scholar,Morning,Kinesthetic,Good,High,Average,No,No,Not Started,159,181,145,407,73.3,67.6,6.49,2,29,3,1,0,2.0,116,1119,67.97,69.1,Average
STU1074,CSE,2,Male,Hostel,Night,Visual,Good,Low,Good,Yes,Yes,Not Started,157,181,64,197,85.7,66.7,6.59,0,30,3,1,0,1.0,78,1237,76.97,75.01,Good
STU1075,ECE,4,Female,Hostel,Morning,Visual,Average,Medium,Average,No,No,Not Started,165,178,0,360,77.1,66.8,6.49,2,24,4,4,0,0.0,60,966,69.6,64.23,Average
STU1076,CSE-AIML,2,Male,Day Scholar,Night,Visual,Poor,Medium,Average,No,No,Not Started,134,305,0,336,80.4,69.4,6.27,2,35,0,0,0,0.0,76,980,53.93,67.4,Average
STU1077,CSE,6,Female,Hostel,Night,Kinesthetic,Average,Medium,Good,No,No,Not Started,92,0,117,328,100.0,76.6,8.56,0,35,1,4,2,4.0,160,907,58.47,87.05,Excellent
STU1078,CSE-DS,5,Male,Hostel,Afternoon,Kinesthetic,Average,Medium,Average,Yes,No,Not Started,371,86,315,344,91.4,80.2,9.1,0,33,1,3,0,3.0,167,1207,76.21,83.65,Good
STU1079,CSE,1,Male,Day Scholar,Morning,Auditory,Average,Medium,Good,No,No,Not Started,196,402,187,270,82.1,82.7,7.94,0,41,1,0,0,1.0,0,901,60.98,81.74,Good
STU1080,ECE,8,Male,Day Scholar,Afternoon,Visual,Average,Low,Average,No,Yes,Placed,160,267,141,352,74.9,70.3,6.67,0,35,4,0,0,5.0,231,1249,84.39,77.64,Good
STU1081,IT,3,Male,Hostel,Afternoon,Visual,Average,Medium,Poor,No,No,Not Started,247,167,346,203,94.8,81.9,7.71,0,38,1,1,1,1.0,29,1080,56.42,80.63,Good
STU1082,CSE,5,Female,Hostel,Night,Auditory,Average,Medium,Poor,No,No,Not Started,39,345,131,148,69.7,54.4,6.08,5,25,1,6,0,1.0,138,1275,46.12,56.39,Average
STU1083,CSE-AIML,7,Female,Hostel,Morning,Auditory,Average,Medium,Good,No,Yes,In Progress,229,264,173,202,77.6,69.3,6.83,0,38,1,2,0,5.0,135,888,69.37,78.54,Good
STU1084,IT,4,Male,Day Scholar,Night,Auditory,Average,Medium,Good,No,Yes,Not Started,48,402,336,476,82.1,70.0,6.33,2,35,2,1,1,,205,1073,63.26,71.31,Good
STU1085,ECE,5,Male,Hostel,Night,Auditory,Poor,Low,Good,No,No,Not Started,212,166,217,208,80.9,73.2,6.61,0,30,5,3,0,3.0,88,956,67.42,75.68,Good
STU1086,CSE-AIML,7,Male,Hostel,Morning,Visual,Good,Low,Good,No,No,Placed,102,144,167,527,61.2,69.1,6.89,0,33,8,1,1,1.0,310,1089,94.05,76.28,Good
STU1087,CSE-DS,5,Female,Day Scholar,Night,Kinesthetic,Average,Medium,Good,No,No,Not Started,243,73,0,389,84.2,70.1,7.83,0,34,3,2,0,2.0,147,1030,72.23,81.07,Good
STU1088,CSE,4,Female,Hostel,,Visual,Poor,High,Average,No,No,Not Started,419,370,265,376,93.7,74.8,7.37,1,32,1,4,0,2.0,111,1181,63.51,76.36,Good
STU1089,ECE,8,Male,Hostel,Night,Auditory,Good,Medium,Good,No,No,Placed,193,368,0,118,86.0,69.8,6.75,1,33,9,0,4,5.0,148,1200,81.18,76.5,Good
STU1090,CSE,5,Female,Hostel,Morning,Kinesthetic,Average,High,Good,No,No,Not Started,45,323,0,464,93.4,58.7,5.34,4,23,3,0,0,4.0,253,1102,60.68,62.67,Average
STU1091,ECE,3,Female,Hostel,,Visual,Average,Medium,Good,No,No,Not Started,121,121,148,228,81.0,73.5,7.27,2,31,3,2,0,2.0,27,904,61.73,77.1,Good
STU1092,CSE-DS,6,Male,Hostel,Morning,Auditory,Poor,Medium,,No,No,Not Started,210,68,178,0,92.1,64.5,6.33,1,25,3,2,1,5.0,43,1183,56.62,71.16,Good
STU1093,CSE-DS,2,Male,Day Scholar,Afternoon,Kinesthetic,Average,Medium,Good,No,No,Not Started,294,347,14,453,66.0,73.4,7.54,0,33,2,2,0,0.0,41,1105,73.49,77.3,Good
STU1094,CSE-AIML,5,Female,Day Scholar,Night,Kinesthetic,Poor,High,Good,No,Yes,Not Started,79,269,0,460,100.0,73.7,7.34,2,41,4,2,0,3.0,177,1131,59.18,81.51,Good
STU1095,CSE,3,Female,Hostel,Night,Kinesthetic,Average,Medium,Poor,No,Yes,Not Started,348,129,0,204,99.5,89.7,9.17,0,46,2,0,0,1.0,0,949,65.17,96.58,Excellent
STU1096,CSE,2,Male,Hostel,Night,Visual,Average,Medium,Good,No,No,Not Started,236,315,67,425,90.8,77.6,7.85,2,40,2,0,0,1.0,37,988,74.32,79.01,Good
STU1097,CSE,8,Male,Hostel,Morning,Auditory,Good,Low,Average,No,Yes,In Progress,179,464,88,4,88.4,85.7,7.66,0,41,4,3,1,2.0,0,1079,77.54,85.41,Excellent
STU1098,CSE,7,Male,Hostel,Morning,Visual,Poor,High,Poor,No,No,Placed,257,198,0,280,57.4,55.4,5.59,0,26,6,2,2,8.0,190,1353,56.25,66.59,Average
STU1099,IT,2,Male,Hostel,Night,Visual,Poor,Medium,Good,No,Yes,Not Started,66,229,320,687,69.5,66.2,6.78,0,35,1,2,0,1.0,189,704,64.46,71.48,Good
STU1100,CSE,7,Female,Day Scholar,Morning,Visual,Poor,High,Average,No,Yes,In Progress,97,353,48,130,86.2,81.7,8.72,0,41,3,0,1,5.0,115,1079,54.25,85.03,Excellent
STU1101,CSE,5,Male,Hostel,Afternoon,Kinesthetic,Good,Low,Average,Yes,Yes,Not Started,56,388,61,0,72.9,56.0,5.64,1,31,2,3,1,3.0,6,966,65.83,70.11,Good
STU1102,ECE,3,Female,Hostel,Night,Auditory,Good,Low,Average,No,Yes,Not Started,381,246,217,289,91.7,86.1,8.17,0,39,5,1,1,0.0,108,1051,91.68,85.48,Excellent
STU1103,IT,6,Female,Hostel,Morning,Visual,Poor,Medium,Average,No,Yes,Not Started,181,28,27,583,79.9,67.6,5.72,2,36,7,1,1,4.0,262,1021,82.18,73.52,Good
STU1104,ECE,5,Male,Hostel,Night,Auditory,Average,Medium,Average,No,Yes,Not Started,196,367,320,0,74.8,71.1,7.49,0,41,3,1,2,2.0,0,884,68.78,82.25,Good
STU1105,ECE,7,Male,Hostel,Afternoon,Kinesthetic,Poor,High,Average,No,No,Placed,281,161,218,265,83.3,78.2,7.33,0,37,2,2,2,3.0,123,1085,60.24,80.23,Good
STU1106,CSE,4,Male,Hostel,Night,Visual,Average,Medium,Poor,No,Yes,Not Started,51,290,85,480,61.0,53.3,5.28,0,25,1,2,0,0.0,215,983,59.38,62.91,Average
STU1107,CSE,2,Female,Hostel,Night,Auditory,Poor,Low,Good,No,Yes,Not Started,106,376,264,466,62.4,64.8,6.66,0,34,1,0,0,1.0,70,1055,61.77,74.05,Good
STU1108,IT,5,Male,Day Scholar,Morning,Kinesthetic,Good,Medium,Good,No,No,Not Started,211,322,265,330,77.3,66.1,6.61,0,36,10,1,2,4.0,152,1132,95.68,79.28,Good
STU1109,CSE-DS,7,Female,Hostel,Night,Visual,Average,Medium,Good,No,No,Placed,331,252,76,225,77.3,77.2,7.85,0,37,4,1,1,2.0,169,1073,77.44,80.24,Good
STU1110,CSE,8,Female,Hostel,Night,Visual,Good,Medium,Average,No,Yes,Placed,259,235,22,380,78.6,74.4,7.51,0,31,7,1,3,3.0,424,1373,95.7,81.64,Good
STU1111,IT,2,Male,Hostel,Night,Auditory,Poor,High,Good,No,Yes,Not Started,212,150,76,540,78.9,85.2,8.13,0,40,2,1,0,1.0,73,1128,67.33,82.12,Good
STU1112,CSE,8,Female,Day Scholar,Morning,Auditory,Good,Low,Good,No,Yes,Placed,203,271,171,184,47.7,57.8,5.05,2,25,8,1,2,7.0,122,1051,96.86,59.44,Average
STU1113,CSE,7,Other,Hostel,Night,Visual,Good,Medium,Poor,No,No,In Progress,281,112,67,478,85.1,75.3,8.17,0,29,8,2,2,7.0,281,1204,84.44,82.18,Good
STU1114,CSE-AIML,3,Male,Hostel,Afternoon,Visual,Good,Medium,Good,No,No,Not Started,93,341,88,454,97.2,64.8,6.88,1,34,4,1,0,3.0,85,873,72.17,77.95,Good
STU1115,CSE-AIML,1,Male,Hostel,Night,Kinesthetic,Good,Low,Good,No,Yes,Not Started,206,351,68,271,71.7,75.2,7.01,1,34,1,0,0,0.0,9,973,81.13,71.44,Good
STU1116,CSE-AIML,8,Female,Day Scholar,Night,Kinesthetic,Poor,Medium,Good,No,No,Placed,222,232,53,55,84.2,73.4,6.68,2,37,3,1,1,3.0,86,1036,59.52,71.03,Good
STU1117,CSE,5,Female,Hostel,Afternoon,Visual,Average,Medium,Average,Yes,No,Not Started,156,156,150,141,95.7,79.0,8.1,0,44,2,4,1,3.0,41,790,60.06,84.03,Good
STU1118,IT,6,Male,Hostel,,Auditory,Poor,Medium,Good,No,Yes,Not Started,168,30,67,629,75.1,73.5,6.95,0,30,3,1,0,2.0,323,1355,67.25,76.21,Good
STU1119,CSE,5,Male,Hostel,Afternoon,Auditory,Average,Medium,Average,No,Yes,Not Started,35,141,270,606,60.2,59.5,5.49,1,29,7,2,1,6.0,284,1112,85.96,63.72,Average
STU1120,CSE,2,Male,Hostel,Morning,Visual,Average,Low,Average,Yes,Yes,Not Started,130,155,115,376,96.7,71.0,6.91,0,36,2,0,0,1.0,98,1214,77.07,78.35,Good
STU1121,IT,3,Other,Hostel,Night,Kinesthetic,Average,High,Good,No,No,Not Started,0,248,13,791,70.2,60.9,6.16,3,28,2,0,1,2.0,229,1219,63.27,64.81,Average
STU1122,ECE,7,Male,Hostel,Night,Visual,Average,Medium,Average,No,No,Placed,240,133,126,316,79.9,78.3,8.06,0,38,4,2,3,3.0,250,1340,70.49,81.53,Good
STU1123,IT,4,Male,Day Scholar,Afternoon,Auditory,Average,Medium,Average,No,Yes,Not Started,191,346,190,54,69.4,69.2,7.73,2,34,1,0,0,4.0,0,828,62.97,76.08,Good
STU1124,IT,6,Female,Day Scholar,Afternoon,Visual,Average,Medium,Poor,No,No,Not Started,167,411,108,15,70.2,68.7,7.46,1,29,3,1,1,3.0,62,1117,52.59,69.32,Average
STU1125,CSE-DS,3,Male,Hostel,Night,Visual,Poor,Low,Good,No,No,Not Started,203,254,42,51,72.0,81.0,7.56,0,43,3,2,0,4.0,48,1087,52.52,81.43,Good
STU1126,CSE-AIML,8,Female,Hostel,Night,Kinesthetic,Good,Medium,Good,Yes,No,Placed,207,77,17,387,88.0,78.8,7.51,0,40,8,0,0,4.0,317,1134,95.6,87.26,Excellent
STU1127,CSE,8,Male,Hostel,Morning,Auditory,Poor,High,Good,No,No,Placed,148,0,150,203,91.6,70.4,7.38,0,33,11,2,1,3.0,119,1021,72.29,83.22,Good
STU1128,CSE-AIML,5,Female,Hostel,Morning,Auditory,Poor,High,Average,No,No,Not Started,54,246,159,180,93.9,66.2,6.65,0,30,2,4,1,0.0,52,1104,38.07,77.8,Good
STU1129,CSE,4,Male,Day Scholar,Night,Visual,Average,Medium,Good,No,Yes,Not Started,224,192,224,298,87.2,69.3,7.42,0,30,1,0,0,2.0,39,1016,74.09,77.04,Good
STU1130,CSE,3,Female,Day Scholar,Night,Auditory,Good,Low,Good,No,No,Not Started,90,116,17,664,70.8,69.5,6.45,3,35,0,0,0,1.0,249,949,76.89,71.67,Good
STU1131,CSE-DS,1,Female,Hostel,Night,Auditory,Good,Medium,Good,No,No,Not Started,211,205,128,677,73.4,63.0,6.32,1,32,0,0,0,1.0,107,1257,80.7,70.23,Good
STU1132,CSE-AIML,6,Male,Hostel,Afternoon,Auditory,Average,Medium,Good,No,Yes,Not Started,297,533,35,368,78.3,73.5,7.57,0,38,6,2,1,2.0,127,1024,91.96,86.28,Excellent
STU1133,CSE,2,Male,Hostel,Night,Auditory,Poor,High,Average,No,Yes,Not Started,339,457,135,484,96.9,85.5,9.37,0,47,1,0,0,0.0,70,581,72.16,97.86,Excellent
STU1134,CSE,3,Male,Day Scholar,Night,Kinesthetic,Good,Low,Average,No,Yes,Not Started,214,451,0,471,88.3,69.1,6.77,0,34,3,0,1,2.0,115,1080,91.69,81.09,Good
STU1135,CSE-DS,3,Male,Day Scholar,Morning,Kinesthetic,Good,Low,Good,No,No,Not Started,152,186,243,390,82.7,77.6,8.27,0,38,3,0,1,1.0,134,1096,81.35,86.29,Excellent
STU1136,CSE,1,Female,Day Scholar,Night,Kinesthetic,Average,Medium,Average,No,No,Not Started,137,204,0,81,88.4,61.1,5.89,0,27,1,0,0,0.0,38,921,54.16,73.02,Good
STU1137,IT,5,Female,Day Scholar,Night,Kinesthetic,Poor,Low,Good,No,No,Not Started,210,357,19,422,66.0,69.8,7.06,0,39,5,1,1,1.0,209,870,73.99,78.43,Good
STU1138,CSE-AIML,7,Male,Hostel,Afternoon,Kinesthetic,Average,High,Average,No,No,Placed,5,246,136,197,100.0,69.2,6.55,0,40,5,1,0,4.0,163,1320,59.41,84.47,Good
STU1139,CSE-AIML,7,Female,Day Scholar,Night,Auditory,Average,Medium,Good,No,Yes,Placed,107,310,27,169,72.3,66.6,6.66,0,27,4,3,0,2.0,129,810,69.53,70.73,Good
STU1140,CSE-AIML,6,Female,Day Scholar,Night,Visual,Poor,High,Poor,No,No,Not Started,111,88,30,406,76.8,68.8,6.55,0,32,4,2,2,3.0,181,904,42.88,76.06,Good
STU1141,IT,6,Female,Hostel,Night,Visual,Average,Low,Average,Yes,No,Not Started,216,292,186,646,69.6,67.6,6.9,2,41,8,2,2,5.0,429,976,95.04,70.8,Good
STU1142,CSE,2,Male,Hostel,Night,Kinesthetic,Good,Medium,Good,No,No,Not Started,174,60,0,378,67.1,66.5,6.16,5,26,0,1,0,1.0,93,961,70.78,57.52,Average
STU1143,CSE-DS,3,Male,Day Scholar,Afternoon,Auditory,Poor,Medium,Good,No,No,Not Started,193,0,0,247,74.8,66.2,6.12,1,30,0,0,1,1.0,31,1395,51.76,68.19,Average
STU1144,CSE-AIML,4,Male,Hostel,Afternoon,Kinesthetic,Average,Medium,Average,No,No,Not Started,168,193,4,251,86.6,71.0,6.37,2,37,1,2,0,1.0,78,781,57.88,75.51,Good
STU1145,CSE,3,Male,Day Scholar,Night,Visual,Average,Medium,Good,No,No,Not Started,160,354,3,441,83.4,70.1,7.73,0,40,3,2,0,1.0,73,1183,71.15,84.61,Good
STU1146,IT,7,Male,Day Scholar,Afternoon,Auditory,Average,Medium,Average,No,No,Placed,207,285,199,258,68.1,57.5,6.66,0,33,7,2,1,4.0,246,1146,77.75,73.27,Good
STU1147,IT,2,Male,Day Scholar,Morning,Auditory,Good,High,Good,No,No,Not Started,242,218,164,261,63.4,66.2,7.26,2,34,2,2,0,1.0,59,847,71.05,70.36,Good
STU1148,CSE-DS,3,Male,Day Scholar,Night,Auditory,Average,Low,Good,No,Yes,Not Started,276,0,132,182,62.7,65.5,7.17,0,32,6,0,0,0.0,77,992,87.38,75.19,Good
STU1149,IT,1,Female,Hostel,Morning,Visual,Average,High,Good,No,No,Not Started,177,45,243,188,94.0,76.7,7.01,0,40,1,1,0,0.0,0,941,57.02,83.61,Good
STU1150,IT,7,Male,Day Scholar,Night,Visual,Good,High,Good,No,Yes,In Progress,274,205,0,518,97.6,81.6,7.73,0,43,5,2,2,4.0,409,1294,92.26,88.86,Excellent
STU1151,CSE-DS,3,Male,Hostel,Afternoon,Kinesthetic,Average,Medium,Good,No,Yes,Not Started,323,198,125,331,83.2,83.3,8.79,0,40,2,1,1,1.0,74,1304,80.29,93.7,Excellent
STU1152,IT,3,Male,Hostel,Morning,Kinesthetic,Poor,Medium,Average,No,Yes,Not Started,125,233,296,195,84.4,78.0,7.5,0,41,2,0,1,2.0,5,1085,50.69,82.98,Good
STU1153,CSE-DS,7,Male,Hostel,Night,Visual,Good,Low,Average,No,No,Placed,251,455,152,318,67.9,62.7,6.24,3,30,5,5,4,2.0,264,1288,91.76,68.49,Average
STU1154,CSE-DS,4,Female,Hostel,Night,Kinesthetic,Good,Medium,Good,Yes,No,Not Started,128,257,16,406,86.6,77.9,7.15,1,34,2,2,1,1.0,165,901,66.93,73.87,Good
STU1155,CSE-DS,7,Male,Hostel,Night,Visual,Good,Medium,Good,No,No,In Progress,290,401,183,113,77.0,60.3,6.18,4,33,7,1,2,6.0,0,913,80.04,66.25,Average
STU1156,IT,1,Male,Day Scholar,Night,Auditory,Good,Medium,Good,Yes,No,Not Started,196,153,121,385,40.3,58.7,7.03,0,35,2,0,0,0.0,0,1028,76.37,68.81,Average
STU1157,CSE,1,Male,Hostel,Night,Kinesthetic,Average,Medium,Good,Yes,No,Not Started,144,0,128,423,65.7,65.3,7.14,0,30,1,1,0,2.0,0,784,70.65,73.39,Good
STU1158,IT,3,Male,Hostel,Night,Visual,Average,High,Good,No,No,Not Started,98,368,30,650,98.9,76.4,7.74,0,35,2,0,0,1.0,210,941,67.99,84.83,Good
STU1159,IT,6,Male,Hostel,Night,Visual,Average,Medium,Good,No,No,In Progress,128,399,269,385,93.8,70.6,6.47,1,25,2,2,0,3.0,112,837,67.65,78.81,Good
STU1160,CSE,4,Female,Hostel,Night,Visual,Poor,High,Good,No,Yes,Not Started,165,415,266,18,80.7,71.0,6.45,1,37,3,2,1,3.0,7,963,49.78,73.68,Good
STU1161,IT,3,Male,Day Scholar,Morning,Kinesthetic,Average,Medium,Poor,No,No,Not Started,281,126,102,432,85.4,74.0,7.65,1,40,2,1,1,2.0,150,975,72.18,81.55,Good
STU1162,CSE,7,Male,Hostel,Night,Kinesthetic,Average,Medium,Good,No,No,Placed,153,169,75,357,76.3,75.8,7.24,0,36,4,4,3,2.0,269,1061,67.59,81.39,Good
STU1163,CSE,3,Male,Day Scholar,Afternoon,Auditory,Average,Medium,Good,No,Yes,Not Started,139,173,206,329,77.1,68.1,6.86,1,36,3,0,0,1.0,165,954,70.65,69.47,Average
STU1164,CSE-DS,2,Male,Day Scholar,Night,Kinesthetic,Good,Medium,Poor,Yes,Yes,Not Started,339,300,5,543,79.5,81.6,7.43,0,37,1,0,0,4.0,214,1079,78.97,77.76,Good
STU1165,CSE,2,Female,Hostel,Morning,Kinesthetic,Average,Low,Average,No,No,Not Started,143,126,36,393,68.3,60.8,5.88,2,27,2,1,0,1.0,124,815,74.41,68.66,Average
STU1166,IT,6,Female,Day Scholar,Night,Kinesthetic,Average,Low,Good,No,No,Not Started,75,279,187,446,88.8,75.4,7.33,0,30,2,2,2,1.0,373,1029,74.75,81.05,Good
STU1167,IT,4,Female,Hostel,Night,Auditory,Average,Medium,Poor,Yes,No,Not Started,56,349,114,161,94.3,65.6,6.4,5,32,3,2,1,3.0,82,1107,47.18,60.31,Average
STU1168,CSE-AIML,5,Male,Hostel,Night,Auditory,Poor,High,Good,No,No,Not Started,113,324,250,395,88.8,75.1,8.34,0,37,1,1,0,3.0,173,1002,49.25,83.16,Good
STU1169,CSE,8,Male,Day Scholar,Night,Auditory,Average,Medium,Good,No,No,In Progress,179,119,30,210,92.7,74.4,7.11,0,36,4,6,0,10.0,242,1038,70.64,80.49,Good
STU1170,CSE,2,Female,Day Scholar,Night,Kinesthetic,Good,Low,Average,No,Yes,Not Started,182,355,14,210,81.8,72.2,7.05,0,38,4,0,0,2.0,43,1147,80.32,81.74,Good
STU1171,CSE-DS,5,Female,Hostel,Afternoon,Visual,Average,Medium,Average,No,No,Not Started,124,248,185,222,65.8,76.0,7.61,0,42,2,2,0,3.0,34,1092,59.09,79.19,Good
STU1172,ECE,1,Male,Hostel,Night,Kinesthetic,Average,Medium,Good,Yes,No,Not Started,40,170,0,26,83.5,63.9,6.36,1,30,0,0,0,1.0,95,1081,46.18,67.64,Average
STU1173,CSE-DS,2,Male,Hostel,Afternoon,Auditory,Average,Medium,Poor,No,No,Not Started,100,363,191,240,94.0,76.7,8.97,0,44,3,0,0,1.0,93,1071,56.76,85.4,Excellent
STU1174,CSE,2,Male,Hostel,Night,Kinesthetic,Average,High,Good,No,No,Not Started,61,247,124,275,96.2,72.6,7.33,0,35,2,0,0,3.0,168,1276,55.71,80.56,Good
STU1175,CSE-DS,4,Male,Day Scholar,Morning,Kinesthetic,Average,Medium,Average,No,Yes,Not Started,0,409,27,165,92.3,77.5,7.91,0,37,8,2,1,4.0,146,1075,74.95,86.21,Excellent
STU1176,CSE-AIML,6,Male,Hostel,Night,Visual,Average,Medium,Good,No,No,Not Started,0,366,4,610,85.8,74.7,6.88,0,36,2,2,1,3.0,355,1129,71.07,81.77,Good
STU1177,IT,5,Male,Hostel,Night,Visual,Average,Medium,Average,No,Yes,Not Started,206,322,62,308,100.0,84.0,8.46,0,47,4,3,0,0.0,142,1026,81.88,94.03,Excellent
STU1178,CSE,7,Female,Day Scholar,Night,Kinesthetic,Average,Medium,Good,No,No,In Progress,152,235,0,228,85.1,72.9,7.36,0,34,8,0,3,0.0,220,1404,73.87,82.93,Good
STU1179,IT,2,Male,Hostel,Night,Auditory,Average,Medium,Good,No,Yes,Not Started,232,68,327,167,66.3,60.2,6.42,0,32,1,1,0,1.0,26,1027,70.05,69.94,Average
STU1180,CSE-AIML,2,Male,Hostel,Night,Kinesthetic,Average,Medium,Good,No,No,Not Started,119,62,114,567,75.6,66.4,6.72,0,33,3,1,0,1.0,145,1188,69.68,74.04,Good
STU1181,ECE,4,Male,Day Scholar,Morning,Kinesthetic,Poor,Medium,Good,No,Yes,Not Started,125,550,144,179,83.5,60.0,5.62,1,31,2,1,1,3.0,17,1252,57.52,72.29,Good
STU1182,CSE,4,Female,Day Scholar,Night,Kinesthetic,Good,Medium,,No,No,Not Started,102,304,0,319,57.6,54.6,5.91,4,24,4,0,0,1.0,116,886,73.08,58.38,Average
STU1183,CSE-DS,6,Male,Day Scholar,Night,Auditory,Poor,Low,Good,No,No,In Progress,99,398,28,446,78.2,64.2,6.32,0,28,2,3,0,3.0,199,1426,64.62,70.79,Good
STU1184,ECE,5,Female,Hostel,Morning,Auditory,Poor,Low,Good,Yes,No,Not Started,111,258,200,64,95.2,75.9,7.97,0,41,3,2,1,2.0,36,1274,53.01,81.84,Good
STU1185,CSE,1,Male,Day Scholar,Morning,Auditory,Good,Low,Average,Yes,No,Not Started,335,227,5,240,97.9,74.6,7.23,1,37,2,0,0,0.0,43,1129,84.33,81.76,Good
STU1186,ECE,7,Female,Hostel,Morning,Auditory,Average,High,Good,No,No,In Progress,170,251,61,345,84.9,65.3,5.88,3,30,5,1,2,4.0,278,1203,70.18,69.9,Average
STU1187,CSE-DS,6,Male,Hostel,Night,Auditory,Poor,Low,Average,No,No,Not Started,108,267,149,281,79.5,53.2,5.87,2,21,5,1,0,2.0,168,1009,65.88,64.41,Average
STU1188,CSE,8,Male,Day Scholar,Morning,Kinesthetic,Average,Medium,Poor,Yes,No,Placed,266,245,75,382,89.1,83.5,8.67,0,40,5,5,3,5.0,337,1128,72.99,82.43,Good
STU1189,CSE,1,Male,Hostel,Afternoon,Auditory,Poor,Medium,Good,No,No,Not Started,177,435,53,314,85.8,71.6,7.95,1,34,1,0,0,0.0,76,1044,51.73,74.62,Good
STU1190,CSE-DS,3,Male,Day Scholar,Afternoon,Kinesthetic,Good,Medium,Good,No,No,Not Started,277,343,0,458,67.1,74.4,7.69,0,41,3,2,0,1.0,4,1102,85.67,84.34,Good
STU1191,CSE,2,Male,Hostel,Night,Kinesthetic,Average,Medium,Good,No,No,Not Started,224,287,203,85,78.7,73.9,6.48,0,32,3,0,0,2.0,0,1075,60.87,74.9,Good
STU1192,CSE-AIML,5,Female,Hostel,Night,Kinesthetic,Poor,Medium,Average,No,No,Not Started,192,343,253,395,87.1,68.9,6.81,0,36,3,0,2,1.0,236,1130,63.36,82.15,Good
STU1193,CSE,6,Male,Day Scholar,Night,Visual,Poor,Medium,Average,No,No,Not Started,206,356,322,296,36.7,59.3,6.36,1,33,4,2,2,2.0,153,1320,58.82,61.45,Average
STU1194,CSE-DS,2,Male,Hostel,Night,Auditory,Good,Low,Average,No,Yes,Not Started,214,282,92,315,80.2,76.1,7.88,0,35,5,2,0,1.0,50,1067,90.69,86.21,Excellent
STU1195,CSE,5,Male,Day Scholar,Afternoon,Auditory,Average,Medium,Good,No,No,Not Started,65,313,156,371,81.1,62.8,5.92,0,25,3,0,0,4.0,191,1040,69.86,70.62,Good
STU1196,IT,5,Female,Hostel,Afternoon,Kinesthetic,Average,High,Average,No,No,Not Started,190,329,225,73,91.3,77.3,6.83,0,42,3,3,1,3.0,79,628,60.48,83.66,Good
STU1197,ECE,5,Female,Day Scholar,Night,Visual,Good,High,Average,Yes,Yes,Not Started,205,323,130,243,68.5,66.1,6.16,2,40,3,1,1,3.0,125,1346,68.62,68.05,Average
STU1198,ECE,2,Female,Hostel,Afternoon,Auditory,Average,Medium,Good,Yes,No,Not Started,216,238,221,501,83.4,76.1,7.4,0,35,2,1,0,0.0,32,995,70.27,76.46,Good
STU1199,CSE-DS,6,Male,Hostel,Morning,Kinesthetic,Average,High,Average,No,No,In Progress,136,337,168,130,57.5,61.1,6.14,1,28,5,2,0,3.0,36,1153,59.41,64.35,Average
STU1200,CSE,7,Female,Hostel,Night,Visual,Poor,High,Average,No,No,In Progress,288,113,188,333,75.5,80.0,8.79,0,37,5,3,2,4.0,295,1315,67.66,83.02,Good
STU1201,IT,4,Female,Day Scholar,Afternoon,Kinesthetic,Average,Medium,Good,Yes,Yes,Not Started,200,259,33,332,82.6,80.8,7.85,0,38,2,2,0,4.0,207,1133,73.95,81.17,Good
STU1202,CSE,2,Female,Day Scholar,Night,Visual,Average,Medium,Good,No,Yes,Not Started,142,240,0,348,63.6,69.1,6.41,2,33,2,0,0,1.0,0,1098,71.24,70.14,Good
STU1203,CSE,8,Male,Day Scholar,Afternoon,Kinesthetic,Poor,Medium,Good,No,No,Placed,216,330,190,0,74.4,80.2,7.67,0,40,6,3,2,7.0,0,894,58.25,80.28,Good
STU1204,CSE,5,Male,Hostel,Night,Auditory,Poor,High,Good,Yes,No,Not Started,273,157,114,601,88.4,80.1,8.71,0,35,4,0,0,3.0,305,1186,61.04,78.95,Good
STU1205,CSE-AIML,6,Male,Hostel,Morning,Kinesthetic,Good,Medium,Good,Yes,Yes,Not Started,114,175,116,113,90.8,64.9,7.15,0,33,4,1,1,3.0,54,1086,66.59,74.15,Good
STU1206,IT,7,Male,Hostel,Afternoon,Kinesthetic,Poor,High,Average,No,No,Placed,102,140,0,578,90.1,66.8,7.44,0,29,5,1,1,3.0,482,1244,65.27,78.7,Good
STU1207,CSE-DS,3,Female,Hostel,Afternoon,Visual,Good,Low,Poor,No,Yes,Not Started,253,317,254,110,63.8,78.3,7.66,0,43,1,0,0,1.0,64,1055,64.58,75.58,Good
STU1208,CSE-AIML,8,Male,Hostel,Night,Visual,Poor,Low,Average,No,No,In Progress,266,36,79,384,68.0,64.5,5.88,3,37,11,3,2,4.0,286,1365,90.96,68.63,Average
STU1209,CSE,1,Male,Day Scholar,Night,Auditory,Average,Medium,Good,No,No,Not Started,170,130,0,213,80.6,69.8,6.69,0,37,0,0,0,1.0,47,1237,55.81,73.86,Good
STU1210,ECE,8,Female,Day Scholar,Afternoon,Kinesthetic,Average,Low,Good,Yes,No,Placed,163,0,318,137,76.5,58.4,6.68,0,24,9,2,3,5.0,156,956,84.96,72.83,Good
STU1211,CSE-AIML,5,Female,Hostel,Night,Visual,Poor,High,Good,No,No,Not Started,260,157,105,828,79.4,70.9,6.2,0,36,4,1,2,2.0,460,1304,74.9,77.15,Good
STU1212,CSE-AIML,3,Male,Hostel,Night,Auditory,Good,Low,Average,No,No,Not Started,108,244,173,251,72.9,71.9,7.8,1,34,0,0,1,3.0,17,1246,69.26,77.41,Good
STU1213,CSE,4,Female,Day Scholar,Night,Auditory,Average,Medium,Average,No,No,Not Started,0,384,412,14,100.0,73.8,6.44,5,36,3,3,1,,60,1034,55.31,72.51,Good
STU1214,IT,7,Male,Hostel,Night,Visual,Good,Low,Good,No,Yes,Placed,190,400,66,586,68.4,67.5,6.06,0,28,5,2,0,1.0,459,1325,99.94,73.6,Good
STU1215,CSE-DS,7,Female,Hostel,Morning,Visual,Good,Low,Poor,No,Yes,In Progress,190,72,123,467,91.3,66.3,6.53,1,33,5,4,1,4.0,256,1130,82.46,79.15,Good
STU1216,CSE,5,Female,Hostel,Night,Kinesthetic,Good,Low,Good,No,No,Not Started,263,194,53,611,97.4,82.9,8.28,0,43,5,1,3,0.0,393,1026,95.67,96.22,Excellent
STU1217,CSE,8,Male,Hostel,Night,Auditory,Poor,High,Good,Yes,Yes,In Progress,252,290,241,32,71.2,75.2,7.0,0,40,8,2,0,2.0,68,949,68.39,73.26,Good
STU1218,CSE-DS,8,Female,Day Scholar,Morning,Visual,Average,Medium,Average,No,Yes,Placed,329,201,0,119,99.1,81.8,8.2,0,43,10,4,3,6.0,36,1107,96.94,90.86,Excellent
STU1219,CSE-DS,7,Female,Hostel,Morning,Auditory,Average,Medium,Good,No,Yes,Placed,203,140,255,374,100.0,78.3,6.76,0,36,4,1,2,5.0,204,1048,79.31,82.54,Good
STU1220,CSE,3,Male,Hostel,Night,Kinesthetic,Poor,High,Good,No,No,Not Started,379,29,212,227,77.7,74.3,7.4,0,36,1,2,0,0.0,163,1036,57.23,75.53,Good
STU1221,ECE,5,Male,Hostel,Night,Visual,Good,High,Average,No,No,Not Started,285,106,32,182,87.5,75.1,7.09,0,36,5,2,0,3.0,61,1164,74.47,81.8,Good
STU1222,CSE,2,Female,Day Scholar,Night,Auditory,Good,Medium,Poor,Yes,No,Not Started,190,393,97,439,72.9,62.1,5.82,1,30,3,1,0,1.0,103,1190,64.09,71.69,Good
STU1223,CSE-AIML,6,Male,Hostel,Night,Visual,Average,Medium,Average,No,Yes,Not Started,276,376,296,55,98.8,85.4,8.29,0,42,7,2,2,1.0,0,1047,79.59,86.91,Excellent
STU1224,ECE,3,Male,Hostel,Night,Kinesthetic,Average,Medium,Good,No,Yes,Not Started,99,563,0,60,60.1,65.3,6.59,0,32,5,1,1,1.0,14,1080,64.99,74.63,Good
STU1225,CSE-AIML,6,Female,Day Scholar,Morning,Kinesthetic,Good,Low,Poor,Yes,Yes,Not Started,154,346,124,358,70.4,66.7,7.32,0,33,4,2,1,4.0,257,1004,70.0,74.03,Good
STU1226,CSE-DS,2,Female,Day Scholar,Morning,Kinesthetic,Good,Low,Good,No,No,Not Started,166,122,77,104,92.2,70.8,6.96,0,34,2,1,0,1.0,22,810,69.13,82.75,Good
STU1227,CSE,2,Male,Day Scholar,Morning,Kinesthetic,Poor,Medium,Good,No,No,Not Started,162,296,67,207,90.2,79.5,8.33,0,40,0,0,0,2.0,0,1032,44.44,85.0,Excellent
STU1228,CSE,6,Male,Day Scholar,,Visual,Good,Low,Poor,No,Yes,Not Started,256,306,0,342,83.6,77.6,6.99,2,33,3,2,1,3.0,223,1358,79.09,71.06,Good
STU1229,ECE,3,Male,Hostel,Morning,Visual,Poor,High,Average,No,Yes,Not Started,279,319,112,164,93.2,81.7,8.05,0,38,4,1,0,0.0,14,1034,64.03,81.6,Good
STU1230,CSE-AIML,6,Male,Hostel,Night,Auditory,Poor,High,Good,No,No,Not Started,250,220,0,128,58.8,70.7,7.69,0,38,7,1,2,3.0,21,794,60.9,76.59,Good
STU1231,IT,6,Male,Hostel,Night,Auditory,Good,Low,Good,No,No,Not Started,123,206,145,556,92.4,74.4,7.43,0,36,7,4,0,2.0,304,1168,88.97,84.54,Good
STU1232,CSE,1,Female,Hostel,Night,Visual,Average,High,Average,No,Yes,Not Started,241,298,153,257,85.3,72.2,6.79,0,36,1,0,0,0.0,89,1198,66.12,76.44,Good
STU1233,CSE,3,Male,Day Scholar,Night,Visual,Average,Medium,Good,No,No,Not Started,289,138,272,430,91.1,65.6,6.56,0,30,3,1,0,3.0,95,1135,78.52,76.83,Good
STU1234,CSE,8,Male,Day Scholar,Night,Auditory,Average,Medium,Good,No,No,Placed,245,371,259,183,77.4,66.1,6.21,1,37,8,3,0,3.0,138,889,83.11,75.13,Good
STU1235,CSE-DS,8,Male,Day Scholar,Night,Visual,Average,Medium,Average,No,Yes,Placed,53,110,115,268,96.4,61.1,6.78,0,29,7,2,2,2.0,263,1102,81.5,77.57,Good
STU1236,CSE,1,Other,Hostel,Night,Kinesthetic,Good,Low,Poor,Yes,No,Not Started,92,98,216,341,93.5,73.1,7.3,0,28,1,0,0,0.0,0,1010,63.39,75.73,Good
STU1237,IT,5,Male,Day Scholar,Afternoon,Kinesthetic,Good,Low,Good,No,Yes,Not Started,230,192,232,301,79.7,76.4,7.18,0,35,5,2,0,1.0,145,1079,91.22,82.44,Good
STU1238,CSE-AIML,7,Male,Day Scholar,Morning,Kinesthetic,Poor,Medium,Average,No,Yes,Placed,284,306,132,346,75.2,73.3,7.38,1,39,5,2,0,4.0,238,1084,75.73,81.43,Good
STU1239,ECE,8,Male,Hostel,Night,Auditory,Good,Medium,Poor,No,Yes,Placed,91,361,79,727,83.9,61.7,7.02,0,31,9,1,2,5.0,542,1225,86.85,78.69,Good
STU1240,CSE,6,Female,Day Scholar,Afternoon,Visual,Average,Low,Good,No,No,In Progress,179,294,274,490,70.0,64.6,6.3,3,26,6,0,1,1.0,227,1089,84.81,68.64,Average
STU1241,IT,5,Female,Hostel,Night,Auditory,Poor,Medium,Average,Yes,No,Not Started,183,166,137,412,78.3,72.0,7.19,0,34,5,1,0,2.0,154,1184,68.58,74.61,Good
STU1242,IT,8,Male,Hostel,Afternoon,Auditory,Average,High,Good,No,No,In Progress,89,221,0,522,95.9,67.6,6.28,2,28,8,2,1,2.0,432,954,80.09,70.7,Good
STU1243,IT,3,Male,Day Scholar,Night,Visual,Average,Medium,Average,No,No,Not Started,205,186,155,215,73.3,69.3,7.32,0,31,0,1,0,1.0,63,1036,59.8,75.43,Good
STU1244,IT,6,Male,Day Scholar,Night,Auditory,Average,Medium,Good,No,Yes,Not Started,215,367,44,629,69.7,69.4,6.94,0,32,7,3,2,2.0,373,1269,97.86,79.43,Good
STU1245,IT,7,Male,Hostel,Morning,Kinesthetic,Good,Medium,Average,Yes,No,In Progress,195,265,356,2,99.8,78.9,7.53,0,44,7,2,2,2.0,0,965,76.87,87.73,Excellent
STU1246,CSE-DS,5,Male,Hostel,Night,Visual,Average,Medium,Average,No,Yes,Not Started,269,407,31,405,86.9,69.3,7.32,2,31,5,0,0,1.0,244,1134,81.23,76.65,Good
STU1247,CSE,8,Male,Day Scholar,Morning,Kinesthetic,Poor,Low,Good,No,Yes,Placed,176,332,78,572,86.3,78.9,7.74,2,36,9,2,1,4.0,427,1423,82.41,81.97,Good
STU1248,CSE,8,Male,Day Scholar,Afternoon,Kinesthetic,Poor,High,Good,No,No,Placed,243,207,219,16,83.9,75.3,8.19,0,32,3,4,3,2.0,23,833,48.16,79.5,Good
STU1249,ECE,4,Male,Day Scholar,Morning,Visual,Poor,High,Average,No,No,Not Started,218,224,415,318,72.2,67.5,5.59,1,27,5,1,1,1.0,82,1095,56.69,65.62,Average
STU1250,CSE-DS,8,Male,Hostel,Night,Kinesthetic,Good,Low,,No,No,In Progress,239,249,104,194,100.0,77.7,7.76,0,36,5,7,1,5.0,205,1403,90.04,86.33,Excellent
STU1251,IT,2,Female,Hostel,Morning,Kinesthetic,Average,Medium,,No,No,Not Started,137,232,22,33,78.3,77.2,7.54,2,37,2,0,0,4.0,0,1079,45.21,73.65,Good
STU1252,CSE-AIML,6,Male,Hostel,Night,Kinesthetic,Good,Medium,Good,No,No,Not Started,228,331,24,343,57.0,61.8,5.87,1,30,1,2,1,4.0,176,1077,72.33,72.48,Good
STU1253,CSE,7,Male,Hostel,Morning,Visual,Good,Low,Good,No,No,In Progress,284,290,0,231,76.5,69.1,7.67,0,40,5,3,1,7.0,143,899,86.0,83.75,Good
STU1254,CSE,2,Male,Hostel,Morning,Visual,Good,Low,Good,No,No,Not Started,264,174,138,523,99.5,79.0,8.02,0,41,2,0,0,1.0,149,1062,85.08,88.49,Excellent
STU1255,CSE-DS,1,Female,Hostel,Night,Visual,Average,Low,Good,No,Yes,Not Started,290,485,156,288,80.6,66.7,6.68,0,28,0,0,0,0.0,16,1304,77.69,78.4,Good
STU1256,CSE-AIML,5,Female,Hostel,Morning,Auditory,Poor,High,Poor,No,No,Not Started,197,265,0,86,97.8,85.5,9.35,0,46,2,1,1,4.0,111,979,40.11,89.02,Excellent
STU1257,CSE,8,Male,Hostel,Morning,Kinesthetic,Good,Low,Poor,No,Yes,Placed,324,124,89,269,84.0,70.4,7.1,2,35,4,1,4,2.0,232,1227,82.01,76.26,Good
STU1258,CSE-AIML,1,Male,Day Scholar,Morning,Auditory,Poor,Medium,Average,Yes,No,Not Started,154,314,85,203,75.2,71.1,6.93,0,33,1,0,0,0.0,77,823,52.32,66.23,Average
STU1259,CSE,7,Male,Hostel,Night,Auditory,Good,Low,Average,No,Yes,Placed,157,113,49,592,73.7,68.2,7.04,2,35,7,2,2,4.0,462,1181,98.14,73.51,Good
STU1260,CSE-AIML,6,Male,Hostel,Night,Kinesthetic,Average,Medium,Good,Yes,Yes,Not Started,337,277,182,373,94.7,79.4,6.33,2,38,5,1,1,2.0,219,1098,84.38,74.67,Good
STU1261,CSE,2,Male,Hostel,Morning,Visual,Good,High,Good,No,No,Not Started,222,233,63,301,89.4,76.6,7.94,0,37,2,1,0,0.0,43,978,67.8,81.51,Good
STU1262,IT,2,Female,Hostel,Morning,Auditory,Average,Medium,Poor,No,Yes,Not Started,262,247,267,691,67.2,65.6,6.33,3,33,0,0,0,0.0,167,1067,73.01,68.66,Average
STU1263,CSE,5,Male,Hostel,Afternoon,Visual,Good,Low,Good,Yes,Yes,Not Started,25,138,0,361,90.6,71.3,6.39,3,38,8,3,2,6.0,313,1290,88.7,74.2,Good
STU1264,CSE-AIML,6,Female,Day Scholar,Afternoon,Visual,Average,Medium,Good,Yes,Yes,Not Started,212,225,105,215,78.9,66.3,6.64,0,31,2,2,0,9.0,150,1124,73.25,73.69,Good
STU1265,CSE,8,Male,Day Scholar,Night,Kinesthetic,Average,Medium,Good,No,No,Placed,205,227,0,236,79.3,66.4,6.77,0,36,4,1,2,5.0,197,1017,65.63,78.57,Good
STU1266,CSE,4,Female,Hostel,Night,Auditory,Average,Medium,Good,No,Yes,Not Started,232,238,177,407,100.0,71.7,8.04,0,34,7,0,0,3.0,185,871,87.14,88.73,Excellent
STU1267,CSE,4,Female,Hostel,Night,Auditory,Good,Medium,Poor,No,Yes,Not Started,230,462,94,150,100.0,76.1,7.13,0,40,4,0,1,1.0,0,989,66.71,81.95,Good
STU1268,CSE-AIML,5,Male,Hostel,Afternoon,Visual,Good,Low,Average,No,No,Not Started,149,173,97,915,73.0,67.3,6.81,0,32,2,3,1,2.0,469,1375,95.12,77.32,Good
STU1269,CSE-DS,6,Male,Day Scholar,Night,Kinesthetic,Good,Low,Average,No,No,Not Started,400,266,63,359,56.2,73.2,7.52,0,35,6,2,1,2.0,181,720,97.43,78.08,Good
STU1270,CSE,5,Male,Hostel,Night,Auditory,Average,Low,Good,Yes,No,Not Started,109,82,228,332,84.0,66.7,6.78,0,35,2,5,0,1.0,117,1102,67.99,72.74,Good
STU1271,CSE-DS,6,Male,Hostel,Night,Visual,Poor,High,Good,No,No,Not Started,158,0,226,0,94.7,74.8,7.56,0,32,1,3,0,4.0,0,1037,41.89,78.88,Good
STU1272,IT,7,Male,Day Scholar,Night,Visual,Average,Medium,Good,No,Yes,In Progress,264,201,158,0,79.1,72.1,7.32,0,35,4,1,0,1.0,0,1221,71.09,77.92,Good
STU1273,IT,7,Female,Day Scholar,Night,Visual,Average,Medium,Average,No,No,In Progress,89,410,77,174,74.7,67.6,6.12,1,29,5,4,1,0.0,148,1069,61.71,67.35,Average
STU1274,CSE,1,Male,Day Scholar,Night,Kinesthetic,Poor,High,Good,No,No,Not Started,175,88,139,192,69.9,63.3,6.75,0,31,0,0,0,0.0,49,851,44.88,71.93,Good
STU1275,CSE-AIML,8,Female,Day Scholar,Afternoon,Kinesthetic,Average,High,Average,No,No,Placed,250,326,148,157,82.7,75.6,8.07,0,42,10,5,3,3.0,111,973,79.57,87.43,Excellent
STU1276,CSE,5,Male,Day Scholar,Night,Visual,Average,Low,Good,No,Yes,Not Started,139,382,96,267,65.0,61.0,5.86,0,31,5,3,0,2.0,99,1079,85.02,73.86,Good
STU1277,CSE,8,Female,Hostel,Morning,Visual,Poor,Low,Average,No,No,In Progress,119,411,361,0,78.0,69.5,6.83,0,36,14,1,2,6.0,110,890,72.6,77.6,Good
STU1278,ECE,6,Male,Hostel,Night,Kinesthetic,Poor,High,,No,No,Not Started,220,320,49,422,77.9,69.0,6.57,0,30,3,1,3,2.0,259,1193,62.49,76.46,Good
STU1279,CSE,4,Female,Day Scholar,Night,Visual,Poor,High,Poor,No,No,Not Started,195,144,118,289,88.2,77.4,6.8,2,36,1,2,0,3.0,88,1219,38.23,72.13,Good
STU1280,CSE-AIML,8,Male,Day Scholar,Night,Visual,Average,Medium,Good,No,Yes,Placed,125,93,75,391,92.2,73.3,7.56,0,36,8,5,2,2.0,260,1337,86.31,82.75,Good
STU1281,CSE-DS,6,Male,Day Scholar,Afternoon,Kinesthetic,Poor,High,Good,No,Yes,Not Started,194,13,300,354,76.7,75.4,7.44,0,35,6,3,2,2.0,223,1132,68.16,81.97,Good
STU1282,CSE-DS,7,Female,Hostel,Morning,Visual,Average,Low,Good,No,No,Placed,179,464,53,142,67.5,68.7,7.15,0,34,2,3,2,2.0,135,873,63.2,76.0,Good
STU1283,CSE-AIML,6,Male,Hostel,Morning,Visual,Good,Low,Average,Yes,Yes,Not Started,270,344,213,375,66.5,68.5,6.96,0,36,1,3,3,2.0,219,1302,85.88,74.12,Good
STU1284,CSE,5,Female,Hostel,Night,Visual,Average,Medium,Good,No,No,Not Started,94,316,33,571,93.1,76.5,7.13,0,37,2,2,2,0.0,309,1297,70.6,83.31,Good
STU1285,CSE,1,Female,Hostel,Night,Kinesthetic,Poor,High,Good,No,Yes,Not Started,106,0,131,153,99.8,66.0,6.39,1,31,0,0,0,1.0,0,1025,46.19,73.24,Good
STU1286,CSE-AIML,1,Male,Hostel,Night,Kinesthetic,Good,Medium,Good,No,Yes,Not Started,159,315,326,500,67.3,65.4,6.65,0,37,0,0,0,0.0,31,1051,78.93,76.83,Good
STU1287,CSE,1,Male,Day Scholar,Morning,Kinesthetic,Poor,Medium,Poor,No,No,Not Started,157,264,0,558,100.0,74.9,6.75,2,33,2,0,0,0.0,104,1414,50.74,78.81,Good
STU1288,CSE,1,Female,Hostel,Night,Auditory,Average,Low,Good,Yes,No,Not Started,266,279,27,324,100.0,80.4,8.74,0,35,1,0,0,,39,1213,79.36,81.67,Good
STU1289,CSE,7,Male,Day Scholar,Night,Auditory,Average,Medium,Good,Yes,No,In Progress,194,189,362,269,71.9,63.6,6.52,0,30,5,2,2,4.0,216,729,71.92,70.32,Good
STU1290,CSE,3,Female,Day Scholar,Afternoon,Auditory,Poor,High,Average,Yes,Yes,Not Started,240,259,230,246,80.1,76.2,7.17,0,35,1,2,0,3.0,12,920,55.74,75.1,Good
STU1291,CSE,8,Female,Hostel,Night,Auditory,Average,Low,Good,No,No,Placed,309,114,0,322,90.8,85.0,8.12,0,45,6,3,0,4.0,215,811,87.87,88.95,Excellent
STU1292,CSE,5,Male,Hostel,Night,Kinesthetic,Poor,Medium,Good,No,Yes,Not Started,108,249,64,767,81.5,67.8,6.51,0,34,5,2,1,3.0,326,1015,77.11,79.73,Good
STU1293,CSE-AIML,2,Male,Day Scholar,Night,Visual,Average,Medium,Average,No,No,Not Started,310,87,83,171,77.5,71.7,7.07,0,39,2,0,0,2.0,76,786,66.71,79.42,Good
STU1294,CSE-DS,5,Female,Day Scholar,,Kinesthetic,Poor,Medium,Good,No,Yes,Not Started,183,362,192,407,95.2,76.8,7.27,0,42,9,1,2,3.0,249,1132,77.46,88.48,Excellent
STU1295,IT,3,Male,Day Scholar,Morning,Auditory,Poor,High,Good,No,No,Not Started,0,341,185,371,90.8,62.8,6.41,1,33,3,0,0,1.0,115,922,51.07,73.62,Good
STU1296,CSE,1,Male,Day Scholar,Night,Kinesthetic,Average,Medium,Good,Yes,No,Not Started,201,327,148,510,71.4,65.6,6.59,1,36,0,0,0,0.0,60,955,66.91,71.41,Good
STU1297,CSE,3,Male,Day Scholar,Night,Visual,Average,Medium,Good,Yes,No,Not Started,55,59,0,291,88.7,66.4,7.19,1,32,3,1,0,2.0,106,1087,60.75,71.98,Good
STU1298,CSE,4,Male,Hostel,Night,Auditory,Poor,Low,Good,No,No,Not Started,61,250,261,368,85.9,65.3,5.74,1,32,3,1,0,3.0,122,1009,61.53,71.11,Good
STU1299,CSE-DS,4,Male,Day Scholar,Night,Visual,Average,Medium,Average,Yes,No,Not Started,90,326,198,143,80.2,65.8,7.02,0,34,4,3,1,2.0,44,1131,56.62,72.13,Good
STU1300,CSE-DS,8,Male,Day Scholar,Night,Visual,Good,Medium,Poor,No,Yes,In Progress,173,331,74,185,76.6,72.4,7.74,0,42,8,0,0,2.0,178,1126,74.81,80.03,Good
STU1301,CSE,7,Female,Day Scholar,Night,Visual,Good,Low,Good,No,Yes,In Progress,67,452,377,286,70.4,61.8,7.26,1,31,6,4,0,4.0,223,1082,86.03,74.12,Good
STU1302,ECE,5,Male,Hostel,Night,Auditory,Average,High,Average,No,Yes,Not Started,294,124,92,0,78.9,73.5,8.17,0,35,7,0,1,4.0,80,1013,71.9,77.25,Good
STU1303,CSE,5,Male,Day Scholar,Afternoon,Kinesthetic,Average,Medium,Poor,No,No,Not Started,280,203,203,224,76.1,68.0,6.5,1,33,2,1,2,2.0,167,1094,61.66,76.18,Good
STU1304,CSE-AIML,2,Other,Hostel,Afternoon,Auditory,Good,Low,Average,No,Yes,Not Started,414,292,357,391,88.4,85.3,8.5,0,37,4,1,0,3.0,68,1068,98.1,89.05,Excellent
STU1305,CSE-DS,7,Female,Day Scholar,Morning,Auditory,Average,Low,Poor,No,Yes,In Progress,173,260,120,539,97.7,70.4,8.9,0,31,4,1,0,3.0,258,1054,74.67,83.5,Good
STU1306,IT,2,Female,Hostel,Night,Kinesthetic,Average,Low,Good,No,No,Not Started,136,342,61,193,77.4,70.9,6.39,1,31,1,0,0,2.0,0,737,68.42,72.29,Good
STU1307,CSE-DS,4,Male,Hostel,Night,Kinesthetic,Average,Medium,Good,No,Yes,Not Started,199,17,196,284,85.3,73.9,8.06,0,37,5,1,1,5.0,75,1180,76.61,88.79,Excellent
STU1308,IT,1,Female,Hostel,Morning,Kinesthetic,Poor,High,Good,No,No,Not Started,258,200,131,305,71.3,58.3,6.06,3,29,2,0,0,2.0,34,1133,54.87,66.91,Average
STU1309,CSE,3,Male,Hostel,Morning,Kinesthetic,Good,Medium,Average,Yes,No,Not Started,296,201,252,190,81.1,68.9,7.03,0,34,2,0,1,2.0,139,1146,80.13,78.95,Good
STU1310,IT,2,Male,Hostel,Night,Visual,Good,Low,Average,No,Yes,Not Started,125,333,201,226,90.3,73.3,7.55,0,40,0,2,0,0.0,99,1071,77.03,84.39,Good
STU1311,CSE,6,Male,Day Scholar,Night,Auditory,Average,Low,Good,No,No,Not Started,270,384,221,452,80.3,71.9,6.81,0,35,8,2,3,0.0,323,1285,91.49,81.31,Good
STU1312,IT,2,Male,Hostel,Night,Auditory,Average,Medium,Good,No,No,Not Started,270,278,34,741,78.0,72.2,7.39,0,38,1,0,0,0.0,175,826,83.06,83.96,Good
STU1313,CSE-AIML,1,Female,Hostel,Morning,Auditory,Average,Medium,Good,No,No,Not Started,446,479,215,353,77.6,76.2,7.14,1,41,1,0,0,0.0,0,998,79.72,81.6,Good
STU1314,IT,1,Male,Hostel,Morning,Kinesthetic,Good,Low,Good,No,No,Not Started,307,232,1,511,86.1,71.9,7.41,1,33,0,0,0,1.0,0,1072,80.93,81.16,Good
STU1315,CSE-AIML,5,Female,Hostel,Afternoon,Auditory,Good,Low,Good,No,Yes,Not Started,349,166,185,30,81.0,88.0,8.46,0,40,1,0,0,3.0,60,984,80.03,87.94,Excellent
STU1316,CSE-DS,3,Female,Hostel,Morning,Visual,Average,Low,Good,No,Yes,Not Started,359,435,185,370,71.9,76.3,7.88,0,37,2,1,0,1.0,65,1075,92.68,78.82,Good
STU1317,CSE-AIML,1,Female,Hostel,Morning,Auditory,Average,Medium,Good,No,No,Not Started,120,219,0,605,94.9,77.4,7.49,0,39,1,0,0,0.0,88,1139,75.79,85.76,Excellent
STU1318,CSE-DS,7,Male,Hostel,Morning,Auditory,Average,Medium,Good,No,No,In Progress,111,150,236,518,74.7,60.0,6.11,2,25,7,6,1,5.0,313,1306,81.99,68.39,Average
STU1319,CSE,2,Female,Day Scholar,Morning,Visual,Poor,High,Average,No,Yes,Not Started,270,361,109,261,97.0,77.6,7.26,0,29,2,0,0,0.0,0,1071,59.11,77.93,Good
STU1320,CSE,2,Male,Hostel,Morning,Visual,Average,Medium,Average,No,No,Not Started,148,153,61,497,67.6,67.3,5.99,3,35,2,0,0,3.0,50,858,72.4,65.32,Average
STU1321,CSE,4,Male,Hostel,Night,Auditory,Good,Medium,Good,No,No,Not Started,250,306,111,364,100.0,73.6,6.79,2,32,3,1,1,2.0,221,1160,79.19,74.47,Good
STU1322,CSE,1,Other,Hostel,Morning,Kinesthetic,Good,Low,Good,Yes,No,Not Started,173,404,0,25,97.4,75.3,6.97,1,34,0,2,0,0.0,0,716,64.52,76.2,Good
STU1323,IT,6,Male,Day Scholar,Afternoon,Kinesthetic,Good,Low,Average,No,Yes,In Progress,217,240,286,137,68.5,72.4,7.89,0,37,3,2,2,2.0,131,944,80.76,81.79,Good
STU1324,CSE,5,Male,Hostel,Night,Auditory,Poor,Medium,Good,No,Yes,Not Started,210,396,198,442,82.4,72.0,7.27,0,33,2,5,1,6.0,256,1179,69.34,79.37,Good
STU1325,ECE,3,Female,Hostel,Night,Auditory,Good,Low,Good,Yes,No,Not Started,245,290,329,255,82.9,74.1,7.11,0,30,2,2,0,1.0,147,894,77.17,72.7,Good
STU1326,CSE,6,Male,Hostel,Night,Auditory,Average,Medium,Average,No,No,In Progress,73,56,102,0,73.5,69.5,6.47,3,34,3,2,1,3.0,20,1087,53.57,65.09,Average
STU1327,CSE,5,Female,Hostel,Night,Auditory,Average,Low,Good,No,No,Not Started,64,353,86,343,97.7,69.6,6.52,0,36,5,1,1,1.0,212,1034,70.26,81.79,Good
STU1328,IT,2,Male,Hostel,Night,Kinesthetic,Good,Low,Good,No,No,Not Started,171,426,217,178,92.4,78.3,8.66,0,42,3,0,0,3.0,45,1193,77.71,89.94,Excellent
STU1329,CSE-DS,6,Male,Hostel,Night,Auditory,Average,Low,Average,No,No,Not Started,190,302,228,0,93.5,72.7,8.02,0,38,1,0,5,5.0,0,1231,67.55,87.92,Excellent
STU1330,CSE-AIML,5,Male,Hostel,Night,Visual,Poor,High,Good,No,No,Not Started,331,201,248,277,92.6,72.3,7.17,0,39,6,0,2,6.0,151,1206,64.68,81.36,Good
STU1331,CSE-AIML,2,Male,Hostel,Night,Kinesthetic,Poor,Medium,Average,Yes,Yes,Not Started,218,277,231,0,74.7,72.7,7.82,0,32,0,2,0,2.0,51,1109,49.91,69.62,Average
STU1332,CSE-DS,2,Male,Hostel,Night,Kinesthetic,Average,Low,Good,Yes,No,Not Started,201,178,302,284,86.4,77.1,8.6,0,43,0,2,0,0.0,34,1258,68.94,81.12,Good
STU1333,CSE,2,Female,Day Scholar,Morning,Visual,Good,Low,Good,Yes,No,Not Started,157,411,201,277,88.5,64.0,5.73,1,29,1,1,0,2.0,0,1225,73.6,71.54,Good
STU1334,ECE,2,Male,Day Scholar,Night,Auditory,Good,Medium,Good,No,No,Not Started,226,273,177,769,69.3,62.6,6.44,0,29,3,0,0,0.0,135,945,90.78,72.92,Good
STU1335,ECE,7,Female,Hostel,Night,Auditory,Average,Medium,Good,No,Yes,In Progress,159,285,281,417,76.7,63.1,6.15,1,31,6,1,2,3.0,256,1127,81.93,77.04,Good
STU1336,CSE-DS,2,Male,Day Scholar,Night,Auditory,Good,Low,Average,No,No,Not Started,73,225,7,362,86.8,61.9,5.82,0,31,2,0,0,1.0,71,1092,71.05,72.8,Good
STU1337,CSE,4,Male,Day Scholar,Morning,Auditory,Average,Medium,Average,Yes,No,Not Started,276,373,202,555,66.3,71.6,7.44,0,32,6,1,2,1.0,246,1349,87.53,74.27,Good
STU1338,CSE-DS,6,Female,Day Scholar,Afternoon,Auditory,Average,Medium,Good,No,No,Not Started,135,134,39,217,84.5,71.9,7.4,0,37,4,2,2,5.0,214,1021,64.0,84.96,Good
STU1339,CSE,5,Female,Hostel,Night,Visual,Poor,Medium,Good,No,No,Not Started,141,529,152,217,80.9,66.7,6.43,1,34,6,2,0,1.0,161,1238,59.18,73.76,Good
STU1340,CSE,4,Male,Day Scholar,Morning,Auditory,Average,Medium,Good,No,Yes,Not Started,52,249,166,152,64.4,54.2,5.63,1,26,3,0,0,0.0,0,976,59.79,61.48,Average
STU1341,CSE,7,Female,Hostel,Night,Visual,Average,Medium,,No,No,In Progress,214,271,8,530,91.3,72.5,7.15,1,37,4,1,1,3.0,354,1233,63.83,78.06,Good
STU1342,CSE-AIML,8,Female,Hostel,Night,Visual,Average,Medium,Good,Yes,No,Placed,333,131,117,337,100.0,85.1,8.87,0,40,8,0,3,6.0,306,1200,86.8,89.84,Excellent
STU1343,IT,8,Male,Hostel,Night,Visual,Poor,Low,Good,Yes,No,Placed,26,444,140,167,78.8,70.5,7.25,1,36,10,1,3,5.0,119,1075,67.89,74.27,Good
STU1344,CSE-DS,4,Female,Hostel,Night,Auditory,Average,Medium,Poor,No,No,Not Started,35,299,143,457,75.9,53.2,5.86,3,26,3,0,1,2.0,279,1243,55.9,63.09,Average
STU1345,CSE-DS,1,Male,Hostel,Night,Auditory,Good,Low,Good,No,Yes,Not Started,216,338,200,59,84.0,65.5,7.55,1,30,2,0,0,1.0,0,979,73.32,76.67,Good
STU1346,CSE-AIML,1,Female,Hostel,Night,Kinesthetic,Poor,High,Average,No,Yes,Not Started,203,177,165,129,89.0,78.4,7.22,0,39,2,0,0,1.0,0,1215,51.91,81.51,Good
STU1347,CSE,1,Female,Day Scholar,Night,Kinesthetic,Good,Low,Good,No,Yes,Not Started,137,406,145,239,68.4,73.3,7.94,1,35,1,0,0,0.0,0,1195,74.34,76.64,Good
STU1348,CSE,3,Female,Hostel,Night,Visual,Average,Medium,Poor,No,No,Not Started,130,170,121,320,89.4,73.9,7.11,1,34,4,2,0,1.0,59,1104,61.07,78.7,Good
STU1349,ECE,1,Male,Hostel,Night,Kinesthetic,Good,Low,Average,No,No,Not Started,206,353,88,366,82.8,65.6,6.19,4,34,0,0,0,0.0,90,1052,73.51,72.03,Good
STU1350,CSE,5,Male,Hostel,Night,Visual,Good,Low,Average,No,Yes,Not Started,9,197,151,256,62.0,54.2,6.17,1,26,5,2,1,3.0,146,1009,79.42,66.34,Average
STU1351,IT,4,Female,Hostel,Night,Kinesthetic,Average,Medium,Poor,No,Yes,Not Started,62,100,2,347,75.8,64.8,6.28,5,34,5,0,1,0.0,165,1033,58.27,65.4,Average
STU1352,CSE-AIML,5,Male,Hostel,Morning,Auditory,Average,Medium,Good,No,Yes,Not Started,89,184,85,453,81.9,65.4,5.11,4,32,3,2,0,4.0,207,1447,72.86,64.13,Average
STU1353,CSE-AIML,6,Male,Day Scholar,Morning,Auditory,Average,Medium,Good,No,No,Not Started,144,105,120,609,77.0,67.5,5.83,1,33,5,4,1,3.0,418,1377,76.98,72.09,Good
STU1354,CSE-DS,1,Female,Hostel,Afternoon,Visual,Average,Low,Good,No,Yes,Not Started,147,235,0,307,85.0,70.1,7.22,0,35,1,0,0,1.0,94,925,72.18,83.45,Good
STU1355,CSE-AIML,7,Male,Hostel,Afternoon,Visual,Poor,Medium,Average,Yes,Yes,Placed,0,431,192,636,82.1,68.0,6.61,0,34,3,1,2,2.0,483,1231,70.44,71.07,Good
STU1356,IT,3,Male,Day Scholar,Night,Auditory,Good,Low,Average,No,No,Not Started,62,457,95,324,73.9,60.5,5.91,1,28,2,1,1,0.0,82,1107,71.02,67.36,Average
STU1357,ECE,6,Male,Hostel,Morning,Auditory,Poor,Medium,Average,No,No,In Progress,231,539,109,246,100.0,79.3,7.88,2,35,4,2,1,2.0,157,872,65.19,77.9,Good
STU1358,CSE-AIML,7,Male,Day Scholar,Night,Auditory,Average,Medium,Good,No,No,Placed,225,213,137,198,62.9,61.7,5.6,1,24,6,3,5,5.0,168,1361,76.21,63.84,Average
STU1359,CSE,3,Female,Hostel,,Kinesthetic,Average,Medium,Good,No,No,Not Started,257,231,6,42,73.5,68.8,7.5,0,36,0,1,0,2.0,0,1323,57.5,77.55,Good
STU1360,CSE-AIML,8,Female,Hostel,Afternoon,Kinesthetic,Average,Low,Good,Yes,No,Placed,227,274,129,207,93.4,74.7,8.08,0,37,8,1,2,5.0,112,1149,81.94,82.09,Good
STU1361,ECE,6,Male,Hostel,Morning,Kinesthetic,Average,Medium,Average,No,Yes,Not Started,170,44,69,448,89.4,72.6,8.36,0,33,7,1,1,3.0,301,1160,90.65,85.0,Excellent
STU1362,CSE,8,Female,Hostel,Night,Kinesthetic,Average,Medium,Good,No,No,Placed,92,173,205,146,81.5,60.3,5.63,0,32,6,3,3,3.0,177,1197,69.97,71.81,Good
STU1363,CSE-DS,4,Female,Hostel,Morning,Visual,Average,Low,Good,No,No,Not Started,91,169,192,145,100.0,67.2,6.51,0,29,4,0,0,5.0,39,799,70.33,80.96,Good
STU1364,CSE-DS,5,Female,Day Scholar,Morning,Visual,Average,Medium,Poor,No,No,Not Started,103,135,35,200,72.4,63.2,5.98,1,32,6,1,0,7.0,79,1003,57.29,66.41,Average
STU1365,CSE-DS,2,Male,Day Scholar,Night,Kinesthetic,Good,Low,Good,No,Yes,Not Started,254,200,111,422,91.2,81.6,8.08,0,39,2,0,0,0.0,60,1021,86.57,88.95,Excellent
STU1366,CSE,5,Female,Day Scholar,Morning,Visual,Good,Medium,Average,No,Yes,Not Started,227,70,0,171,64.9,64.6,6.98,0,31,4,0,1,2.0,66,932,83.29,77.08,Good
STU1367,CSE-DS,1,Male,Day Scholar,Morning,Kinesthetic,Average,Medium,Good,No,No,Not Started,93,252,41,0,80.0,55.2,5.12,5,26,2,0,0,0.0,0,936,49.68,59.5,Average
STU1368,ECE,8,Female,Hostel,Night,Kinesthetic,Average,High,Good,No,Yes,Placed,214,50,136,0,86.4,76.0,7.43,2,41,8,3,2,5.0,0,983,69.0,80.31,Good
STU1369,CSE,7,Female,Day Scholar,Morning,Auditory,Poor,Medium,Average,No,No,Placed,236,169,201,123,88.6,75.4,7.93,0,40,5,3,0,6.0,64,1365,59.67,83.11,Good
STU1370,CSE,2,Male,Hostel,Afternoon,Kinesthetic,Good,Low,Poor,Yes,Yes,Not Started,226,38,94,310,75.8,67.2,6.22,0,28,1,1,0,2.0,16,1111,70.41,68.49,Average
STU1371,ECE,3,Female,Day Scholar,Morning,Visual,Poor,Low,Good,No,No,Not Started,260,377,82,246,67.7,69.5,7.12,2,35,4,0,2,3.0,54,980,63.05,68.81,Average
STU1372,CSE,8,Male,Hostel,Afternoon,Kinesthetic,Average,Medium,Average,No,No,In Progress,184,480,194,275,100.0,82.8,8.21,0,41,6,4,0,7.0,234,1360,77.83,90.79,Excellent
STU1373,IT,4,Female,Day Scholar,Night,Auditory,Average,Medium,Good,No,No,Not Started,156,175,163,571,81.8,69.0,7.81,1,33,4,1,1,3.0,270,1172,78.71,75.06,Good
STU1374,CSE-AIML,4,Male,Day Scholar,Morning,Visual,Average,Low,Good,No,No,Not Started,186,137,0,646,70.0,64.5,7.73,1,31,5,1,0,5.0,268,1220,91.32,78.06,Good
STU1375,CSE,8,Female,Hostel,Night,Auditory,Average,Medium,Good,No,No,Placed,271,319,100,84,75.7,68.6,7.14,0,32,7,1,1,2.0,51,834,77.44,75.04,Good
STU1376,IT,8,Male,Hostel,Night,Kinesthetic,Good,Low,Good,No,Yes,Placed,248,165,89,43,93.1,74.0,7.68,0,37,8,4,1,,59,1290,89.69,83.13,Good
STU1377,CSE-AIML,8,Male,Hostel,Morning,Kinesthetic,Poor,Medium,Good,No,Yes,Placed,188,95,74,509,96.5,71.5,7.29,0,31,6,4,2,6.0,401,775,70.51,80.84,Good
STU1378,CSE-AIML,3,Male,Hostel,Night,Kinesthetic,Good,Low,Good,Yes,Yes,Not Started,283,32,67,314,74.7,71.8,7.24,0,41,0,1,0,1.0,129,1116,82.95,79.29,Good
STU1379,CSE,1,Male,Day Scholar,Morning,Kinesthetic,Good,Medium,Good,No,No,Not Started,347,90,175,304,100.0,89.4,9.38,0,42,0,0,0,0.0,89,1034,69.52,91.77,Excellent
STU1380,CSE-AIML,3,Male,Day Scholar,Morning,Visual,Poor,Low,Good,No,No,Not Started,410,381,0,101,75.8,74.1,7.5,0,38,1,3,0,0.0,0,1118,60.46,79.93,Good
STU1381,CSE,6,Female,Hostel,Morning,Kinesthetic,Good,Low,Good,No,Yes,Not Started,409,387,233,37,74.9,70.3,7.82,0,33,5,0,2,1.0,0,1107,91.95,83.46,Good
STU1382,CSE,7,Male,Hostel,Afternoon,Auditory,Poor,Medium,Poor,No,No,Placed,469,179,116,0,73.1,70.9,7.0,0,33,3,0,2,4.0,8,1208,50.36,73.93,Good
STU1383,ECE,8,Male,Day Scholar,Night,Visual,Average,High,,Yes,No,Placed,301,295,119,318,72.0,62.8,6.56,1,33,5,2,1,5.0,249,1063,76.67,71.05,Good
STU1384,CSE,7,Male,Hostel,Afternoon,Visual,Good,Medium,Good,No,Yes,In Progress,0,395,293,474,85.5,62.4,6.02,1,30,4,3,2,2.0,364,1195,78.67,75.32,Good
STU1385,CSE-DS,1,Female,Hostel,Night,Visual,Good,Low,Average,No,Yes,Not Started,199,84,208,409,75.6,65.5,7.21,1,32,0,0,0,0.0,0,1072,78.59,73.07,Good
STU1386,CSE,2,Female,Day Scholar,Night,Auditory,Average,Medium,Good,Yes,Yes,Not Started,47,268,68,351,70.6,63.3,5.9,0,35,3,0,0,0.0,100,1265,67.93,68.36,Average
STU1387,IT,3,Female,Day Scholar,Afternoon,Auditory,Good,Low,Good,No,No,Not Started,330,28,143,102,76.7,82.7,8.42,0,42,3,0,0,0.0,73,885,79.1,87.59,Excellent
STU1388,CSE,1,Female,Hostel,Night,Auditory,Poor,Medium,Good,No,No,Not Started,151,214,65,23,93.1,75.3,7.47,0,34,0,2,0,0.0,0,1126,43.2,78.45,Good
STU1389,ECE,7,Male,Hostel,Night,Auditory,Average,Medium,Good,No,Yes,Placed,220,333,128,433,58.1,68.4,6.9,0,31,6,3,0,5.0,322,1260,87.62,70.85,Good
STU1390,CSE-AIML,2,Male,Day Scholar,Morning,Kinesthetic,Average,Medium,Good,No,No,Not Started,166,408,19,60,89.2,80.3,7.34,0,41,1,1,0,1.0,0,943,64.05,82.11,Good
STU1391,CSE,3,Male,Day Scholar,Afternoon,Kinesthetic,Average,Low,Good,Yes,No,Not Started,341,317,97,133,70.6,64.7,6.85,0,33,1,0,0,2.0,0,1035,67.35,72.49,Good
STU1392,CSE,4,Female,Day Scholar,Afternoon,Auditory,Average,High,Good,No,No,Not Started,73,0,154,145,98.7,77.4,6.58,0,39,4,1,0,1.0,31,1018,55.11,80.38,Good
STU1393,CSE,3,Other,Hostel,Afternoon,Auditory,Poor,Medium,Average,No,Yes,Not Started,243,107,97,297,100.0,83.8,8.39,0,41,1,1,1,2.0,122,1092,69.08,88.24,Excellent
STU1394,CSE-AIML,5,Male,Day Scholar,Night,Kinesthetic,Good,High,Good,No,No,Not Started,86,210,59,308,78.7,62.5,5.46,1,30,3,0,1,2.0,96,939,63.35,72.04,Good
STU1395,CSE,3,Male,Hostel,Afternoon,Kinesthetic,Average,Medium,Poor,No,Yes,Not Started,0,271,297,462,100.0,73.0,7.12,0,35,0,0,0,0.0,86,906,49.2,80.98,Good
STU1396,IT,5,Male,Day Scholar,Night,Auditory,Average,High,Good,Yes,No,Not Started,196,262,102,307,72.9,60.7,5.82,2,36,1,0,3,3.0,108,1067,61.35,64.91,Average
STU1397,CSE-AIML,2,Male,Hostel,Night,Visual,Good,Medium,Average,No,No,Not Started,69,155,35,279,66.5,58.7,5.69,2,29,0,0,0,2.0,65,957,59.6,61.37,Average
STU1398,CSE,3,Female,Hostel,Night,Visual,Good,Low,Good,No,Yes,Not Started,45,360,101,528,62.0,68.4,7.85,1,37,3,1,2,0.0,182,1165,83.27,78.73,Good
STU1399,CSE-DS,2,Male,Day Scholar,Morning,Auditory,Poor,Medium,Good,No,No,Not Started,38,248,121,173,63.6,58.7,6.25,0,28,1,0,0,1.0,0,1003,42.57,65.9,Average
STU1400,CSE-DS,2,Female,Hostel,Afternoon,Visual,Average,Medium,Good,No,No,Not Started,144,104,180,304,82.3,66.5,6.65,0,36,1,1,0,1.0,99,821,59.72,75.71,Good
STU1401,CSE,7,Male,Hostel,Afternoon,Kinesthetic,Poor,High,Good,No,No,In Progress,263,169,138,93,68.1,64.1,6.54,2,30,6,5,1,4.0,105,1179,57.81,68.32,Average
STU1402,CSE,1,Female,Day Scholar,Afternoon,Visual,Poor,Medium,Average,No,No,Not Started,48,566,115,330,100.0,71.8,6.45,3,32,2,0,0,0.0,74,1074,51.42,71.66,Good
STU1403,CSE,2,Female,Day Scholar,Night,Auditory,Average,Medium,Good,No,No,Not Started,277,396,143,461,75.8,66.4,5.39,4,29,2,1,0,1.0,173,1126,69.04,57.66,Average
STU1404,CSE-DS,2,Female,Day Scholar,Afternoon,Visual,Average,High,Average,No,No,Not Started,131,351,340,174,72.9,62.0,6.92,0,28,1,0,0,2.0,45,1006,50.51,72.6,Good
STU1405,CSE-DS,7,Female,Hostel,Morning,Visual,Poor,High,Average,No,Yes,In Progress,84,278,40,631,75.4,72.2,7.34,0,34,7,0,2,2.0,434,1129,67.36,76.1,Good
STU1406,CSE-AIML,7,Female,Hostel,Afternoon,Visual,Good,Low,Good,No,No,In Progress,289,121,36,306,87.3,70.5,7.67,0,31,7,4,0,4.0,232,1421,94.38,80.22,Good
STU1407,IT,3,Female,Day Scholar,,Kinesthetic,Average,Medium,,No,No,Not Started,266,230,250,411,88.5,63.9,6.53,0,31,4,0,0,5.0,255,1228,79.32,77.98,Good
STU1408,IT,7,Female,Hostel,Night,Kinesthetic,Poor,Medium,Good,No,No,In Progress,253,161,48,0,94.0,74.4,7.57,0,38,4,2,0,3.0,139,869,57.87,87.65,Excellent
STU1409,CSE-AIML,3,Female,Day Scholar,Night,Kinesthetic,Good,Low,Average,No,Yes,Not Started,200,226,70,580,85.4,77.0,7.65,0,37,2,0,0,3.0,197,923,91.95,86.48,Excellent
STU1410,IT,4,Other,Hostel,Morning,Auditory,Average,High,Average,No,No,Not Started,83,129,170,518,98.1,66.6,7.46,0,31,0,2,0,0.0,212,1082,53.39,80.2,Good
STU1411,CSE,7,Female,Day Scholar,Afternoon,Visual,Good,Medium,Good,No,No,Placed,291,306,66,0,82.5,71.5,6.88,0,32,3,2,0,4.0,31,949,72.73,79.7,Good
STU1412,CSE,1,Female,Hostel,Night,Kinesthetic,Average,Medium,Good,No,No,Not Started,182,148,221,24,84.8,81.1,8.43,0,38,0,0,0,1.0,33,755,53.47,85.88,Excellent
STU1413,CSE,2,Female,Hostel,Night,Kinesthetic,Poor,High,Good,No,No,Not Started,192,159,63,459,87.0,76.8,7.79,0,40,1,2,0,1.0,41,958,51.36,80.72,Good
STU1414,CSE,1,Male,Day Scholar,Night,Visual,Good,Low,Good,No,Yes,Not Started,215,293,64,489,80.9,68.4,7.49,0,36,0,0,0,2.0,62,1121,80.67,80.13,Good
STU1415,CSE-AIML,5,Male,Hostel,Night,Auditory,Good,High,Average,No,Yes,Not Started,269,478,275,0,82.3,74.4,8.47,0,37,6,1,2,6.0,0,1235,75.33,85.71,Excellent
STU1416,ECE,8,Male,Day Scholar,Afternoon,Visual,Average,Medium,Good,No,No,Placed,33,114,98,446,72.4,63.6,5.55,1,35,6,2,5,2.0,280,1151,69.74,69.77,Average
STU1417,CSE,7,Male,Day Scholar,Afternoon,Auditory,Poor,High,Good,No,Yes,Placed,176,157,0,166,64.7,58.0,5.31,3,33,2,1,2,4.0,132,1011,50.9,59.37,Average
STU1418,CSE,2,Female,Day Scholar,Night,Visual,Average,Medium,Average,No,No,Not Started,139,246,362,279,96.8,70.5,7.53,0,35,1,0,0,0.0,0,951,64.27,86.22,Excellent
STU1419,CSE-AIML,1,Male,Day Scholar,Afternoon,Kinesthetic,Poor,Low,Poor,No,No,Not Started,313,182,124,256,79.8,76.9,7.76,0,42,2,0,0,0.0,44,1073,52.2,84.49,Good
STU1420,ECE,7,Female,Hostel,Night,Kinesthetic,Poor,Medium,Good,No,No,Placed,336,0,86,146,72.1,67.1,6.96,0,30,6,2,4,6.0,35,1236,70.52,75.05,Good
STU1421,CSE,7,Male,Hostel,Afternoon,Kinesthetic,Average,Medium,Good,No,No,Placed,206,433,53,250,85.6,71.7,6.83,0,39,4,2,2,2.0,144,963,72.11,80.91,Good
STU1422,CSE-AIML,8,Male,Hostel,Morning,Auditory,Average,Medium,Poor,Yes,No,In Progress,61,113,148,114,97.7,61.0,6.11,5,28,6,2,0,4.0,97,994,51.96,63.02,Average
STU1423,CSE,4,Female,Hostel,Night,Visual,Average,Medium,Average,No,Yes,Not Started,126,278,144,177,91.7,78.1,6.92,0,40,4,1,2,1.0,78,863,71.08,79.82,Good
STU1424,CSE,4,Female,Hostel,Morning,Auditory,Average,Medium,Good,No,Yes,Not Started,0,330,313,66,93.5,79.9,7.52,0,43,5,0,1,3.0,2,1081,65.74,86.66,Excellent
STU1425,ECE,2,Male,Hostel,Morning,Kinesthetic,Average,Medium,Average,No,No,Not Started,271,108,98,548,70.1,71.3,7.87,0,32,5,0,0,0.0,98,987,85.54,81.22,Good
STU1426,ECE,5,Female,Hostel,Afternoon,Auditory,Average,Medium,Good,Yes,No,Not Started,128,273,215,197,71.7,62.9,5.9,2,30,5,0,0,2.0,70,1057,65.21,65.6,Average
STU1427,CSE,4,Female,Hostel,Night,Auditory,Good,Medium,Good,No,No,Not Started,289,318,415,492,75.6,60.2,6.62,0,32,1,1,0,1.0,239,1068,82.77,76.84,Good
STU1428,ECE,8,Male,Hostel,Afternoon,Auditory,Good,Medium,Good,No,No,Placed,129,0,167,413,87.7,73.4,7.06,0,34,3,1,1,6.0,265,1220,80.45,77.78,Good
STU1429,CSE-DS,4,Male,Day Scholar,Morning,Visual,Poor,High,Good,Yes,No,Not Started,162,218,145,518,88.8,75.9,7.6,0,40,3,2,1,1.0,239,1436,57.83,81.22,Good
STU1430,IT,5,Other,Hostel,Night,Auditory,Good,Low,Average,No,No,Not Started,146,288,151,209,83.0,71.4,7.26,0,30,3,2,3,2.0,83,1088,76.6,79.82,Good
STU1431,CSE-AIML,1,Male,Hostel,Afternoon,Auditory,Good,High,Average,No,Yes,Not Started,36,355,153,259,98.7,76.7,7.23,0,35,1,0,0,0.0,88,1078,61.16,81.28,Good
STU1432,CSE-AIML,4,Male,Day Scholar,Night,Auditory,Average,Medium,Good,No,No,Not Started,33,30,90,320,83.4,68.2,7.19,0,37,0,1,0,3.0,139,1226,60.93,80.2,Good
STU1433,CSE-AIML,8,Male,Hostel,Afternoon,Kinesthetic,Average,Medium,Poor,No,Yes,Placed,357,252,0,56,93.1,77.1,8.6,0,35,6,2,0,2.0,68,1108,71.58,87.99,Excellent
STU1434,CSE-DS,3,Female,Day Scholar,Night,Kinesthetic,Average,Medium,Average,No,No,Not Started,111,351,198,314,59.6,52.8,5.65,1,27,1,4,0,1.0,131,1218,60.8,59.88,Average
STU1435,CSE,8,Female,Day Scholar,Morning,Visual,Average,Medium,Average,No,No,In Progress,247,278,92,238,88.7,76.2,7.02,0,42,6,4,1,4.0,92,1202,75.89,83.11,Good
STU1436,CSE,6,Female,Hostel,Night,Kinesthetic,Average,Low,Average,No,Yes,In Progress,416,328,94,537,100.0,77.7,7.92,0,42,1,3,1,4.0,327,928,95.93,92.43,Excellent
STU1437,CSE,6,Male,Day Scholar,Night,Visual,Average,Low,Average,No,No,Not Started,142,326,186,585,85.4,73.0,7.95,0,30,3,3,3,3.0,342,1363,81.7,78.27,Good
STU1438,CSE-DS,4,Female,Day Scholar,Night,Kinesthetic,Good,Low,Average,No,No,Not Started,221,132,89,661,81.5,79.7,7.66,1,35,3,2,2,3.0,274,1100,91.26,83.44,Good
STU1439,CSE,1,Male,Hostel,Morning,Visual,Good,Medium,,No,No,Not Started,206,351,253,0,84.9,81.0,8.21,0,33,1,0,0,0.0,33,880,55.4,82.34,Good
STU1440,CSE-DS,7,Male,Day Scholar,Afternoon,Visual,Good,Low,Good,No,Yes,In Progress,210,330,0,438,83.2,62.9,5.87,4,28,11,3,4,3.0,247,1150,100.0,65.27,Average
STU1441,ECE,1,Male,Hostel,Night,Visual,Average,Low,Good,No,No,Not Started,224,181,128,233,69.0,73.8,7.06,0,38,0,0,0,1.0,11,1013,64.41,75.48,Good
STU1442,CSE,8,Male,Hostel,Morning,Kinesthetic,Good,Low,Average,Yes,No,In Progress,72,231,20,163,86.0,70.9,6.94,1,32,6,1,2,2.0,171,1110,78.16,76.55,Good
STU1443,CSE-DS,2,Female,Hostel,Afternoon,Auditory,Poor,Low,Average,No,Yes,Not Started,49,338,22,604,76.6,65.4,6.64,2,31,3,2,0,2.0,221,1167,67.76,71.62,Good
STU1444,CSE-AIML,3,Female,Hostel,Night,Kinesthetic,Good,High,Good,No,Yes,Not Started,176,394,74,97,80.1,68.4,7.48,0,37,0,0,0,1.0,66,948,64.34,81.1,Good
STU1445,IT,1,Male,Hostel,Afternoon,Auditory,Poor,Medium,Good,No,No,Not Started,306,218,174,341,73.8,64.4,6.29,1,31,1,1,0,0.0,48,1052,56.64,69.34,Average
STU1446,CSE,5,Female,Day Scholar,Night,Kinesthetic,Poor,High,Good,No,Yes,Not Started,262,286,171,111,90.5,74.8,7.35,0,37,5,1,0,2.0,7,1178,59.02,82.31,Good
STU1447,CSE-DS,8,Female,Hostel,Morning,Auditory,Poor,Medium,Average,No,No,In Progress,52,403,224,0,65.8,65.0,7.1,0,36,2,1,3,4.0,89,920,39.37,75.35,Good
STU1448,IT,3,Female,Hostel,Night,Kinesthetic,Average,High,Good,No,No,Not Started,231,178,0,0,77.6,73.0,7.17,0,33,6,0,2,1.0,0,795,64.07,75.98,Good
STU1449,ECE,6,Male,Hostel,Night,Visual,Average,Medium,Good,No,Yes,In Progress,202,425,69,0,95.3,73.1,7.69,0,37,6,3,0,2.0,0,978,70.03,82.53,Good
STU1450,CSE-DS,8,Female,Day Scholar,Night,Visual,Average,Medium,Good,No,No,In Progress,192,135,108,212,94.5,77.2,7.24,2,37,11,3,3,3.0,124,1000,82.65,78.98,Good
STU1451,CSE-AIML,3,Male,Day Scholar,Night,Visual,Average,Medium,Good,Yes,No,Not Started,191,219,301,42,79.7,78.5,7.84,0,40,1,1,1,1.0,0,1108,57.76,78.47,Good
STU1452,CSE-DS,5,Female,Day Scholar,Morning,Auditory,Average,Medium,Good,No,Yes,Not Started,207,331,0,531,60.3,70.2,7.77,1,35,6,1,2,2.0,280,1213,87.06,75.46,Good
STU1453,IT,4,Male,Day Scholar,Night,Auditory,Average,Medium,Good,No,No,Not Started,177,382,143,415,99.9,75.1,6.73,1,40,2,0,0,3.0,224,1446,68.14,81.69,Good
STU1454,CSE-AIML,5,Female,Day Scholar,Night,Visual,Poor,High,Good,No,Yes,Not Started,126,265,109,115,78.9,66.0,6.56,0,29,2,0,0,3.0,116,773,49.24,71.37,Good
STU1455,CSE,5,Male,Day Scholar,Morning,Auditory,Average,Medium,Average,Yes,Yes,Not Started,159,18,0,93,76.1,67.2,6.11,3,30,4,0,1,4.0,106,1173,64.62,63.45,Average
STU1456,ECE,4,Male,Day Scholar,Night,Visual,Average,Medium,Average,No,Yes,Not Started,13,216,212,184,84.4,61.2,6.38,1,29,2,0,1,3.0,0,828,63.42,73.39,Good
STU1457,CSE-DS,4,Female,Hostel,Afternoon,Kinesthetic,Poor,High,Poor,No,Yes,Not Started,227,212,35,224,84.7,77.2,8.03,0,40,3,1,1,1.0,91,945,52.33,83.13,Good
STU1458,CSE-DS,4,Female,Hostel,Night,Auditory,Poor,High,Good,No,No,Not Started,224,224,244,544,79.2,74.3,6.67,0,40,2,3,0,3.0,262,1490,57.66,77.46,Good
STU1459,CSE,4,Female,Day Scholar,Afternoon,Auditory,Average,Medium,Average,No,No,Not Started,329,386,36,194,83.2,72.0,7.06,1,33,2,1,0,1.0,123,1047,68.38,78.07,Good
STU1460,CSE-DS,4,Female,Hostel,Night,Kinesthetic,Poor,High,Poor,No,Yes,Not Started,235,105,72,319,86.0,78.2,6.94,2,40,2,1,0,2.0,127,968,49.2,76.25,Good
STU1461,CSE,5,Male,Hostel,Night,Auditory,Good,Low,Good,No,Yes,Not Started,162,229,242,189,67.1,69.8,7.04,0,30,3,0,0,3.0,43,1246,75.21,75.78,Good
STU1462,CSE-DS,2,Male,Hostel,Morning,Auditory,Good,Low,Good,No,No,Not Started,223,219,53,413,74.8,74.0,7.68,0,40,3,0,0,3.0,76,1201,87.96,85.46,Excellent
STU1463,CSE,2,Male,Day Scholar,Night,Auditory,Average,Low,Good,No,Yes,Not Started,151,212,177,444,91.0,74.9,7.91,0,39,0,0,0,0.0,115,915,72.48,82.7,Good
STU1464,CSE-DS,8,Male,Hostel,Morning,Kinesthetic,Average,Medium,Good,No,Yes,Placed,119,129,0,537,97.9,65.2,7.03,0,28,8,2,1,10.0,466,1231,88.2,83.28,Good
STU1465,ECE,1,Female,Day Scholar,Afternoon,Visual,Good,Low,Average,No,No,Not Started,0,267,143,485,93.6,73.9,7.67,0,36,1,0,0,0.0,118,1185,69.62,82.96,Good
STU1466,CSE,2,Female,Day Scholar,Morning,Visual,Good,Low,Average,No,No,Not Started,214,193,169,0,74.6,59.9,5.51,1,26,2,2,0,1.0,0,984,70.65,65.64,Average
STU1467,ECE,6,Female,Day Scholar,Morning,Kinesthetic,Good,Low,Good,Yes,No,Not Started,224,160,227,0,91.7,70.4,7.27,0,38,6,1,1,2.0,0,636,75.44,83.71,Good
STU1468,CSE-AIML,2,Female,Day Scholar,Morning,Kinesthetic,Average,Medium,Poor,No,Yes,Not Started,296,181,138,341,73.5,76.1,7.94,0,38,2,1,0,0.0,50,1001,69.53,83.38,Good
STU1469,IT,5,Female,Day Scholar,Night,Kinesthetic,Average,Medium,Good,Yes,No,Not Started,310,170,14,347,76.4,76.7,7.89,1,39,3,2,2,5.0,146,1167,74.85,80.38,Good
STU1470,IT,4,Male,Hostel,Afternoon,Visual,Good,Low,Good,No,No,Not Started,211,124,60,243,69.8,67.1,6.28,2,28,3,0,1,1.0,94,879,74.54,67.39,Average
STU1471,CSE-AIML,8,Male,Hostel,Night,Kinesthetic,Average,Medium,Average,No,No,Placed,67,146,0,492,79.0,63.0,6.62,0,32,4,2,2,3.0,347,1024,75.16,79.36,Good
STU1472,CSE-DS,4,Female,Hostel,Morning,Visual,Good,Low,Good,No,Yes,Not Started,71,61,60,600,75.9,70.5,8.15,0,31,7,1,1,3.0,185,1359,98.49,82.39,Good
STU1473,IT,7,Male,Day Scholar,Night,Kinesthetic,Good,Low,Good,No,No,In Progress,199,450,111,162,95.7,79.4,8.95,0,45,2,2,1,5.0,143,1290,72.22,93.39,Excellent
STU1474,CSE-AIML,7,Male,Day Scholar,Night,Auditory,Poor,High,,No,Yes,In Progress,260,263,151,0,67.3,67.6,7.36,0,33,9,1,0,3.0,17,1418,59.95,72.41,Good
STU1475,CSE,7,Male,Day Scholar,Afternoon,Visual,Average,High,Good,No,No,In Progress,266,227,0,387,89.9,63.9,6.12,2,33,5,1,2,2.0,247,1199,79.36,72.17,Good
STU1476,CSE-DS,5,Female,Hostel,Night,Visual,Average,Medium,Average,No,Yes,Not Started,140,361,206,178,100.0,70.9,6.58,0,34,4,2,0,5.0,89,821,73.71,80.1,Good
STU1477,IT,6,Male,Hostel,Night,Kinesthetic,Average,Medium,Good,No,No,Not Started,0,272,108,0,78.7,63.4,5.98,2,34,7,2,2,4.0,0,721,53.91,71.26,Good
STU1478,IT,2,Female,Hostel,Night,Auditory,Average,High,Good,No,Yes,Not Started,71,313,208,357,100.0,81.0,8.2,0,40,0,1,0,1.0,128,1204,58.76,85.37,Excellent
STU1479,IT,5,Female,Hostel,Morning,Visual,Good,Medium,Good,No,No,Not Started,6,260,293,388,64.5,64.6,6.96,0,33,4,3,0,3.0,202,1256,74.46,75.73,Good
STU1480,CSE-AIML,1,Male,Hostel,Morning,Kinesthetic,Poor,Medium,Good,No,Yes,Not Started,210,450,57,158,97.9,73.0,7.73,0,38,1,1,0,0.0,0,983,60.12,85.45,Excellent
STU1481,IT,8,Female,Hostel,Night,Auditory,Average,Medium,Average,No,No,Placed,156,549,130,267,68.2,69.3,6.71,1,30,6,1,2,3.0,241,1350,74.11,72.52,Good
STU1482,CSE,4,Female,Day Scholar,Night,Visual,Good,Low,Good,No,No,Not Started,153,464,31,363,82.8,73.6,6.99,0,38,3,2,1,1.0,117,1132,73.83,85.35,Excellent
STU1483,CSE-AIML,7,Female,Hostel,Morning,Kinesthetic,Average,Medium,Good,No,No,Placed,222,0,65,593,66.7,65.3,6.17,0,34,5,1,0,6.0,401,1237,88.87,74.19,Good
STU1484,CSE,3,Female,Hostel,Afternoon,Auditory,Average,Medium,Poor,No,Yes,Not Started,147,167,75,423,87.7,78.3,7.5,0,37,2,0,0,2.0,136,1150,63.38,79.68,Good
STU1485,CSE,1,Male,Day Scholar,Night,Visual,Average,Medium,Good,No,No,Not Started,353,174,91,0,100.0,76.6,8.32,0,44,0,0,0,0.0,59,1158,63.79,89.11,Excellent
STU1486,CSE,7,Female,Hostel,Night,Visual,Good,Low,Poor,No,Yes,Placed,162,400,110,596,76.3,70.0,6.65,1,34,4,1,2,4.0,401,1252,87.32,70.93,Good
STU1487,CSE,6,Male,Hostel,Night,Auditory,Poor,High,Good,No,No,In Progress,24,191,230,640,64.6,56.7,6.11,2,30,5,2,2,2.0,398,843,60.61,65.89,Average
STU1488,CSE-DS,1,Female,Hostel,Morning,Kinesthetic,Good,Low,Good,No,No,Not Started,0,201,16,384,77.5,57.8,4.59,3,26,2,1,0,0.0,124,1166,69.74,59.09,Average
STU1489,CSE,5,Female,Hostel,Afternoon,Kinesthetic,Poor,Medium,Average,No,No,Not Started,228,182,112,525,92.8,68.7,7.01,0,33,2,2,0,3.0,271,840,66.2,78.04,Good
STU1490,CSE-AIML,2,Female,Hostel,Morning,Auditory,Average,Medium,Good,No,Yes,Not Started,237,201,187,57,87.1,74.3,6.96,0,40,6,1,0,1.0,0,1015,72.36,81.99,Good
STU1491,CSE,4,Male,Hostel,Afternoon,Visual,Good,Medium,Good,No,Yes,Not Started,235,237,242,307,100.0,79.3,6.47,3,38,3,0,0,3.0,119,1092,82.67,76.72,Good
STU1492,CSE,8,Male,Hostel,Morning,Auditory,Average,Low,Average,Yes,No,In Progress,61,308,0,470,82.2,71.3,6.36,1,33,8,1,3,7.0,383,1170,86.29,70.75,Good
STU1493,CSE,6,Male,Hostel,Night,Auditory,Poor,Medium,Average,No,Yes,Not Started,100,228,186,351,98.5,71.2,7.04,1,37,3,1,0,4.0,255,1139,63.72,79.28,Good
STU1494,CSE,6,Male,Hostel,Night,Auditory,Poor,Low,Good,No,No,Not Started,330,223,47,151,60.3,69.2,7.29,0,39,6,1,0,5.0,100,1014,70.39,76.51,Good
STU1495,CSE-DS,3,Male,Day Scholar,Night,Visual,Average,Medium,Average,No,No,Not Started,163,182,154,98,100.0,79.6,8.32,0,40,3,3,0,5.0,0,977,63.13,85.67,Excellent
STU1496,CSE-DS,1,Male,Hostel,Morning,Auditory,Average,Medium,Good,No,No,Not Started,124,268,113,357,81.6,69.2,7.67,0,35,1,1,0,0.0,55,1035,60.26,82.08,Good
STU1497,CSE-DS,3,Male,Day Scholar,Morning,Auditory,Poor,High,Poor,No,No,Not Started,304,15,139,451,81.0,70.9,6.73,0,39,2,1,0,0.0,118,1112,51.79,76.64,Good
STU1498,CSE-AIML,2,Female,Hostel,Morning,Visual,Poor,High,Average,No,No,Not Started,87,32,170,70,62.6,58.2,5.93,1,25,1,0,0,1.0,0,897,39.19,62.3,Average
STU1499,CSE,7,Male,Hostel,Afternoon,Visual,Average,Medium,Good,Yes,Yes,Placed,142,119,34,192,74.6,72.9,7.88,1,37,6,2,1,6.0,213,1214,74.79,75.26,Good
STU1500,IT,2,Female,Day Scholar,Night,Auditory,Average,High,Good,No,No,Not Started,291,314,153,769,78.6,77.7,8.46,0,36,3,1,0,0.0,92,875,78.45,82.04,Good
STU1501,CSE-AIML,7,Female,Hostel,Afternoon,Kinesthetic,Good,Low,Average,Yes,Yes,In Progress,299,39,189,428,88.1,79.3,8.35,0,43,4,1,3,2.0,252,904,91.8,87.95,Excellent
STU1502,CSE-AIML,3,Male,Hostel,Morning,Auditory,Poor,High,Good,No,Yes,Not Started,301,354,77,250,80.5,80.1,8.59,0,39,4,2,0,2.0,93,1134,60.98,84.34,Good
STU1503,CSE,4,Female,Day Scholar,Morning,Visual,Good,Low,Average,No,Yes,Not Started,246,253,15,496,100.0,81.0,8.17,0,41,6,2,0,0.0,199,873,96.54,90.45,Excellent
STU1504,CSE,2,Male,Hostel,Morning,Visual,Poor,Medium,Good,No,Yes,Not Started,361,108,0,447,59.2,83.4,8.29,0,40,0,1,0,1.0,58,1236,72.28,79.17,Good
STU1505,CSE,3,Female,Day Scholar,Night,Visual,Average,Low,Good,No,No,Not Started,264,301,94,345,88.2,67.3,6.22,4,29,1,0,1,0.0,25,1241,77.4,68.39,Average
STU1506,CSE,1,Male,Day Scholar,Afternoon,Kinesthetic,Poor,High,Average,No,No,Not Started,209,127,237,350,51.2,62.7,5.82,0,38,0,0,0,0.0,0,965,54.73,68.27,Average
STU1507,CSE-AIML,3,Male,Hostel,Night,Visual,Average,Medium,Good,No,Yes,Not Started,181,241,80,167,81.2,67.4,6.87,0,29,1,1,0,3.0,53,1025,69.47,78.9,Good
STU1508,CSE-AIML,3,Female,Hostel,Night,Kinesthetic,Poor,Medium,Good,No,No,Not Started,152,177,137,488,87.5,71.1,6.36,1,39,4,0,0,0.0,182,848,63.76,76.7,Good
STU1509,CSE-DS,5,Male,Hostel,Morning,Visual,Poor,High,Good,No,Yes,Not Started,68,358,145,140,78.7,60.3,6.62,2,30,2,2,4,1.0,79,1062,46.09,69.2,Average
STU1510,IT,2,Female,Day Scholar,Morning,Visual,Good,Medium,Good,No,Yes,Not Started,0,338,263,474,99.1,62.3,6.28,3,34,0,0,0,3.0,107,1178,68.2,75.25,Good
STU1511,IT,8,Male,Day Scholar,Night,Auditory,Poor,Medium,Average,No,Yes,In Progress,265,360,0,488,90.6,74.2,8.14,0,33,7,1,2,3.0,515,1219,88.72,84.07,Good
STU1512,CSE-DS,4,Male,Day Scholar,Night,Kinesthetic,Good,Low,Good,Yes,No,Not Started,170,389,214,187,87.0,76.0,7.44,0,38,0,2,0,2.0,118,1044,64.7,79.87,Good
STU1513,ECE,4,Male,Hostel,Afternoon,Auditory,Average,High,Good,No,No,Not Started,102,328,122,0,86.2,68.5,6.73,0,30,5,0,1,2.0,44,886,55.71,75.51,Good
STU1514,CSE,5,Male,Day Scholar,Morning,Kinesthetic,Poor,High,Good,No,No,Not Started,362,275,212,443,74.1,79.4,7.61,0,43,3,2,1,3.0,140,958,64.5,87.34,Excellent
STU1515,CSE,7,Male,Hostel,Morning,Visual,Poor,High,Good,No,No,Placed,287,18,194,456,78.9,70.6,6.62,0,39,4,3,2,2.0,305,937,65.96,78.98,Good
STU1516,CSE,6,Male,Hostel,Morning,Visual,Average,Low,Average,No,No,Not Started,165,243,64,387,100.0,71.4,7.09,0,32,2,1,1,3.0,190,1336,73.13,78.4,Good
STU1517,CSE-DS,7,Male,Day Scholar,Morning,Kinesthetic,Poor,Low,Good,No,No,Placed,231,0,266,8,78.9,70.2,7.34,0,36,8,1,3,2.0,181,1062,70.93,82.48,Good
STU1518,IT,4,Female,Hostel,Morning,Auditory,Poor,Medium,Poor,No,No,Not Started,177,87,293,359,69.1,67.8,6.61,0,35,4,2,0,2.0,72,1137,47.84,73.14,Good
STU1519,CSE,3,Male,Day Scholar,Afternoon,Kinesthetic,Average,Medium,Good,No,No,Not Started,147,332,238,652,100.0,82.2,8.43,0,43,3,2,0,2.0,249,1216,77.03,94.48,Excellent
STU1520,ECE,5,Female,Hostel,Morning,Kinesthetic,Poor,Medium,Average,No,No,Not Started,292,97,321,628,94.3,81.8,7.7,0,41,5,1,0,2.0,363,1090,75.35,90.13,Excellent
STU1521,CSE,1,Male,Day Scholar,Morning,Kinesthetic,Poor,Medium,Good,No,Yes,Not Started,204,296,100,550,80.2,75.8,6.8,0,38,0,2,0,2.0,77,1007,62.07,77.4,Good
STU1522,ECE,2,Female,Hostel,Night,Visual,Poor,High,Good,No,Yes,Not Started,67,216,32,416,70.0,60.2,6.48,3,31,3,1,0,0.0,94,913,57.16,64.24,Average
STU1523,CSE,2,Male,Hostel,Night,Kinesthetic,Poor,High,Good,No,No,Not Started,212,217,191,401,98.8,71.1,7.88,0,33,0,0,0,0.0,156,1147,49.19,86.15,Excellent
STU1524,CSE,8,Male,Hostel,Night,Visual,Good,Low,Good,No,Yes,Placed,237,197,150,200,77.6,66.6,6.95,0,35,6,1,1,7.0,188,991,93.68,80.8,Good
STU1525,CSE-AIML,2,Male,Hostel,Afternoon,Auditory,Average,Low,Average,No,No,Not Started,332,299,177,633,90.3,78.9,7.14,0,39,1,0,0,2.0,138,1076,83.36,85.08,Excellent
STU1526,CSE,3,Male,Hostel,Night,Visual,Good,Low,Average,No,No,Not Started,206,201,63,339,94.0,71.4,7.03,0,41,4,1,0,,74,885,82.78,84.24,Good
STU1527,CSE,1,Female,Day Scholar,Morning,Auditory,Good,Medium,Good,No,No,Not Started,185,187,304,532,81.0,80.8,7.73,1,43,0,1,0,0.0,56,1082,74.5,82.8,Good
STU1528,CSE,5,Male,Hostel,Night,Auditory,Poor,Medium,Average,No,Yes,Not Started,226,286,138,242,93.2,77.6,7.79,0,35,3,0,2,5.0,43,1158,64.09,81.38,Good
STU1529,IT,5,Other,Hostel,Morning,Auditory,Average,Medium,Good,No,No,Not Started,85,230,4,422,78.6,59.2,5.33,5,30,3,0,0,3.0,148,1251,67.4,59.04,Average
STU1530,CSE-AIML,2,Male,Hostel,Morning,Visual,Poor,High,Good,No,No,Not Started,425,102,137,278,73.9,75.6,8.13,0,40,2,0,0,2.0,95,993,64.76,81.61,Good
STU1531,CSE,1,Male,Hostel,Night,Kinesthetic,Good,Medium,Good,No,No,Not Started,356,228,177,0,63.0,70.8,6.92,0,38,4,1,0,0.0,104,893,78.33,77.04,Good
STU1532,CSE-DS,1,Female,Day Scholar,Night,Visual,Average,Medium,Good,No,No,Not Started,267,84,30,148,93.9,72.3,7.57,2,37,0,0,0,1.0,0,1163,61.96,77.45,Good
STU1533,CSE-DS,1,Male,Day Scholar,Night,Auditory,Average,Medium,Good,No,No,Not Started,208,239,175,220,76.8,73.7,7.7,0,39,0,0,0,0.0,36,886,62.75,80.57,Good
STU1534,CSE,4,Female,Hostel,Afternoon,Kinesthetic,Average,Medium,Good,No,No,Not Started,56,386,133,605,83.5,67.2,6.61,0,35,5,2,0,1.0,249,1157,68.78,78.55,Good
STU1535,CSE-AIML,4,Male,Hostel,Afternoon,Visual,Average,Medium,Average,No,Yes,Not Started,182,127,12,78,85.1,75.4,6.81,0,37,1,1,1,2.0,11,1254,64.29,82.14,Good
STU1536,CSE,2,Female,Day Scholar,Afternoon,Auditory,Poor,High,Average,No,Yes,Not Started,224,341,53,102,84.4,72.7,8.01,0,37,1,0,0,1.0,21,969,52.25,81.01,Good
STU1537,CSE,1,Male,Hostel,Night,Auditory,Average,Medium,Good,Yes,No,Not Started,87,313,134,154,77.2,61.1,7.05,1,33,1,0,0,1.0,0,970,55.21,71.91,Good
STU1538,CSE-DS,6,Female,Hostel,Night,Kinesthetic,Average,High,Poor,No,Yes,Not Started,130,55,124,543,76.5,69.2,6.62,0,39,6,0,0,4.0,317,1022,68.23,78.14,Good
STU1539,CSE,1,Female,Hostel,Night,Visual,Poor,Medium,Good,No,No,Not Started,136,252,0,271,83.0,66.5,6.02,1,35,0,0,0,0.0,64,1303,48.58,72.21,Good
STU1540,CSE-AIML,5,Male,Hostel,Morning,Kinesthetic,Good,Low,Good,No,No,Not Started,123,380,166,276,53.2,54.4,6.14,1,25,4,2,0,2.0,205,1240,78.43,65.07,Average
STU1541,CSE-DS,5,Male,Hostel,Night,Kinesthetic,Poor,High,Average,No,Yes,Not Started,331,168,140,462,54.5,67.0,6.6,2,34,3,0,0,5.0,302,1205,71.36,67.44,Average
STU1542,CSE,2,Male,Hostel,Afternoon,Kinesthetic,Average,Medium,Average,No,Yes,Not Started,165,163,197,632,90.3,83.5,7.86,0,41,3,1,0,1.0,229,1262,81.35,86.76,Excellent
STU1543,CSE-AIML,6,Female,Day Scholar,Morning,Kinesthetic,Average,Medium,Good,No,No,Not Started,301,139,171,693,100.0,84.4,7.84,1,41,7,1,4,4.0,377,1033,94.57,86.45,Excellent
STU1544,CSE,1,Male,Hostel,Night,Visual,Good,Medium,Good,No,Yes,Not Started,136,269,90,610,88.8,74.8,7.91,0,38,0,0,0,0.0,73,945,76.24,87.31,Excellent
STU1545,ECE,7,Male,Hostel,Night,Kinesthetic,Average,Medium,Good,No,No,Placed,148,45,125,263,100.0,69.8,6.82,0,37,10,1,2,2.0,210,1128,77.92,85.28,Excellent
STU1546,CSE-AIML,6,Male,Hostel,Morning,Auditory,Average,Medium,Poor,No,No,In Progress,184,96,362,224,90.4,76.2,8.01,0,40,2,2,1,5.0,201,1044,62.46,87.39,Excellent
STU1547,IT,8,Male,Hostel,Morning,Auditory,Good,High,Poor,No,No,In Progress,198,135,41,268,87.3,79.5,7.77,1,36,4,5,1,5.0,180,981,58.48,77.08,Good
STU1548,CSE-AIML,2,Female,Hostel,Afternoon,Auditory,Poor,High,Average,No,Yes,Not Started,85,12,85,0,66.7,70.5,6.37,1,36,3,0,0,1.0,0,1027,44.82,70.02,Good
STU1549,CSE,5,Female,Day Scholar,Afternoon,Kinesthetic,Poor,Medium,Average,No,Yes,Not Started,211,40,42,18,85.8,66.3,6.49,3,38,1,2,1,3.0,0,1065,54.09,73.08,Good
STU1550,CSE-DS,7,Male,Hostel,Afternoon,Auditory,Average,Medium,Average,No,No,In Progress,79,132,3,424,72.9,66.8,5.9,5,26,2,1,4,2.0,226,1183,68.0,59.97,Average
STU1551,ECE,5,Female,Day Scholar,Morning,Visual,Poor,High,Good,No,No,Not Started,346,198,80,0,65.7,72.4,7.18,0,40,1,1,2,4.0,86,958,46.13,73.37,Good
STU1552,CSE-DS,4,Male,Hostel,Morning,Kinesthetic,Average,Medium,Poor,No,No,Not Started,132,393,100,90,89.6,81.8,7.76,0,36,4,1,0,,58,1365,56.25,80.73,Good
STU1553,IT,2,Male,Day Scholar,Night,Kinesthetic,Average,Medium,Poor,No,No,Not Started,257,364,40,338,84.7,72.8,6.83,0,34,3,0,0,1.0,130,928,66.55,78.81,Good
STU1554,IT,2,Male,Hostel,Night,Kinesthetic,Good,Low,Poor,No,Yes,Not Started,129,294,375,88,85.3,68.9,7.38,0,32,2,0,0,0.0,82,1177,61.47,78.43,Good
STU1555,CSE,1,Female,Hostel,Afternoon,Visual,Average,Medium,Good,No,No,Not Started,293,495,111,187,78.6,77.9,7.73,0,41,0,0,0,0.0,0,839,63.17,84.09,Good
STU1556,CSE,1,Female,Day Scholar,Night,Kinesthetic,Good,Low,Good,No,No,Not Started,137,231,23,190,100.0,77.4,6.66,0,30,0,0,0,0.0,0,1088,64.88,77.76,Good
STU1557,CSE-DS,4,Female,Hostel,Night,Kinesthetic,Good,Low,Average,No,Yes,Not Started,175,337,208,0,90.5,79.9,7.88,0,43,1,0,0,3.0,0,990,69.72,85.43,Excellent
STU1558,CSE-AIML,7,Male,Day Scholar,Morning,Auditory,Average,High,Good,No,Yes,In Progress,158,190,25,288,73.8,60.0,6.59,0,32,9,0,2,2.0,224,799,79.81,75.44,Good
STU1559,IT,8,Male,Hostel,Morning,Auditory,Good,Medium,Good,No,No,Placed,153,317,103,225,81.2,72.6,7.93,0,35,5,3,1,9.0,244,893,72.86,81.73,Good
STU1560,ECE,3,Male,Day Scholar,Night,Kinesthetic,Poor,High,Poor,No,Yes,Not Started,47,162,0,254,64.1,65.0,6.72,0,35,2,0,0,4.0,60,1093,39.4,72.84,Good
STU1561,CSE,6,Female,Day Scholar,Night,Visual,Average,Medium,Good,No,No,Not Started,114,14,187,22,67.2,66.1,6.21,4,36,4,1,2,1.0,0,1132,58.93,62.61,Average
STU1562,CSE,3,Female,Day Scholar,Night,Auditory,Average,Medium,Average,No,Yes,Not Started,211,206,184,128,76.0,78.2,7.88,0,39,3,0,1,2.0,30,1186,72.81,83.15,Good
STU1563,IT,3,Female,Hostel,Night,Kinesthetic,Good,Low,Average,No,No,Not Started,229,396,175,212,84.2,69.5,7.18,0,31,1,0,0,4.0,65,749,76.07,79.94,Good
STU1564,CSE,2,Male,Hostel,Afternoon,Auditory,Average,High,Good,Yes,No,Not Started,77,27,193,81,82.5,65.6,7.46,1,32,0,0,0,0.0,0,956,42.85,70.2,Good
STU1565,IT,6,Male,Day Scholar,Morning,Auditory,Average,Low,Average,No,Yes,In Progress,121,117,91,196,81.2,68.6,6.39,1,38,2,0,1,4.0,136,872,70.81,76.32,Good
STU1566,CSE-AIML,2,Male,Day Scholar,Morning,Visual,Good,Medium,,No,No,Not Started,172,268,195,794,40.1,63.1,6.04,3,30,3,1,0,0.0,116,1130,73.69,57.57,Average
STU1567,CSE-DS,8,Male,Day Scholar,Morning,Kinesthetic,Good,Low,Good,Yes,Yes,In Progress,187,309,336,366,66.5,71.0,7.09,0,30,3,2,1,4.0,280,1152,85.82,77.96,Good
STU1568,CSE,6,Male,Hostel,Morning,Auditory,Good,Low,Good,Yes,Yes,Not Started,214,354,158,210,74.7,66.6,6.24,2,32,6,2,0,2.0,218,1324,92.07,70.63,Good
STU1569,CSE-DS,5,Male,Day Scholar,Afternoon,Kinesthetic,Average,Low,Average,No,No,Not Started,273,362,121,279,89.8,75.1,7.36,1,37,3,3,1,4.0,209,1127,81.72,84.53,Good
STU1570,CSE-AIML,2,Male,Hostel,Morning,Visual,Good,Medium,Good,No,No,Not Started,210,239,0,543,77.5,71.8,6.91,2,36,0,0,0,4.0,129,804,76.67,74.73,Good
STU1571,CSE-AIML,2,Female,Hostel,Morning,Visual,Average,High,Poor,No,No,Not Started,89,90,148,174,82.9,70.7,7.71,0,28,0,1,0,0.0,83,805,40.97,74.64,Good
STU1572,CSE,2,Female,Hostel,Afternoon,Auditory,Average,Medium,Average,No,No,Not Started,242,356,25,352,78.0,74.2,7.5,0,37,2,1,0,1.0,105,1211,74.01,78.4,Good
STU1573,CSE-DS,7,Male,Hostel,Afternoon,Visual,Good,Medium,Average,No,No,Placed,268,136,120,567,100.0,69.6,7.06,0,40,4,2,4,3.0,405,1008,95.39,85.88,Excellent
STU1574,IT,4,Male,Day Scholar,,Auditory,Average,High,Good,No,Yes,Not Started,37,124,26,290,85.2,76.1,7.55,0,34,4,2,1,2.0,241,1045,59.45,78.3,Good
STU1575,CSE,2,Male,Hostel,Afternoon,Kinesthetic,Average,Medium,Average,No,Yes,Not Started,222,433,20,254,78.2,67.2,6.31,1,30,1,1,0,,110,1039,70.13,70.29,Good
STU1576,CSE,8,Female,Day Scholar,,Auditory,Poor,High,Good,No,No,Placed,298,201,110,600,99.4,75.9,8.19,0,37,5,5,4,0.0,542,1232,69.5,87.54,Excellent
STU1577,CSE,1,Female,Hostel,Night,Auditory,Good,Medium,Poor,No,Yes,Not Started,121,270,307,504,75.5,60.9,6.32,5,24,0,0,0,0.0,131,937,62.99,59.8,Average
STU1578,CSE-DS,1,Female,Hostel,Morning,Visual,Average,High,Good,Yes,No,Not Started,242,351,56,406,78.6,71.6,7.31,0,36,0,0,0,1.0,0,897,61.16,75.41,Good
STU1579,CSE-DS,6,Female,Hostel,Morning,Kinesthetic,Good,Medium,Average,No,No,Not Started,116,251,18,279,64.2,63.2,6.85,0,28,3,1,0,2.0,165,1009,71.36,72.55,Good
STU1580,CSE-AIML,5,Male,Hostel,Night,Kinesthetic,Average,Low,Average,No,No,Not Started,153,251,349,67,90.8,70.0,6.78,0,36,5,1,2,4.0,4,1003,71.95,81.17,Good
STU1581,CSE,4,Male,Hostel,Night,Auditory,Average,Low,Good,No,No,Not Started,100,432,66,706,81.9,67.1,7.52,2,29,4,2,3,4.0,253,1228,82.66,74.85,Good
STU1582,CSE,7,Male,Day Scholar,Night,Kinesthetic,Poor,Low,Good,No,No,In Progress,236,123,103,521,88.5,65.8,6.4,0,39,7,2,3,4.0,278,1111,81.46,82.07,Good
STU1583,CSE-AIML,6,Male,Day Scholar,Morning,Kinesthetic,Average,Medium,,No,No,Not Started,248,258,108,283,98.9,68.7,7.39,0,32,5,4,3,4.0,123,991,72.32,88.69,Excellent
STU1584,CSE-AIML,1,Female,Hostel,Night,Auditory,Poor,High,Poor,No,No,Not Started,217,286,171,539,100.0,80.1,7.45,1,43,0,0,0,1.0,27,1050,41.49,82.02,Good
STU1585,ECE,4,Male,Hostel,Night,Auditory,Average,Medium,Good,No,No,Not Started,233,0,18,501,78.0,71.1,7.08,0,38,0,0,1,1.0,110,913,69.81,79.87,Good
STU1586,CSE,4,Male,Hostel,Night,Kinesthetic,Average,High,Average,No,Yes,Not Started,245,154,97,178,84.5,78.8,8.41,0,30,3,1,1,1.0,18,1002,65.3,82.94,Good
STU1587,CSE-DS,5,Male,Day Scholar,Morning,Auditory,Average,Medium,Good,No,No,Not Started,302,87,159,244,84.5,76.0,7.75,0,41,5,0,3,6.0,23,934,78.08,83.3,Good
STU1588,CSE-AIML,8,Female,Hostel,Night,Visual,Good,Medium,Good,No,No,Placed,128,347,122,455,85.4,67.2,7.46,0,31,5,1,4,1.0,400,1208,80.57,75.9,Good
STU1589,CSE-AIML,4,Male,Hostel,Night,Kinesthetic,Good,Low,Average,No,No,Not Started,0,251,36,124,81.4,71.5,6.93,0,37,3,0,1,3.0,79,959,65.6,76.35,Good
STU1590,CSE-DS,2,Female,Hostel,Night,Auditory,Good,Medium,Average,Yes,Yes,Not Started,143,220,9,437,96.3,71.3,7.42,0,41,4,0,0,0.0,26,1216,81.4,85.56,Excellent
STU1591,CSE-DS,4,Male,Day Scholar,Morning,Kinesthetic,Poor,Medium,Good,No,No,Not Started,143,212,171,254,77.2,74.5,6.89,0,41,3,3,1,1.0,85,1220,56.33,80.79,Good
STU1592,ECE,5,Male,Hostel,Night,Kinesthetic,Poor,High,Average,No,No,Not Started,253,373,82,149,100.0,86.6,8.97,0,45,2,3,0,3.0,110,739,55.17,91.86,Excellent
STU1593,CSE,6,Male,Hostel,Morning,Visual,Average,Medium,Good,No,No,Not Started,0,226,251,113,77.2,61.2,6.08,1,26,3,1,1,3.0,1,877,54.92,74.0,Good
STU1594,CSE,5,Female,Day Scholar,Morning,Visual,Average,Medium,Average,Yes,Yes,Not Started,204,276,109,254,73.1,72.6,6.66,0,37,2,2,0,1.0,81,907,71.36,76.73,Good
STU1595,CSE-DS,7,Male,Day Scholar,Night,Kinesthetic,Average,Low,Good,No,No,Placed,300,142,165,361,72.6,75.3,7.59,1,34,7,3,2,3.0,326,1216,91.89,77.43,Good
STU1596,CSE-AIML,5,Female,Day Scholar,Morning,Visual,Average,Medium,Poor,No,Yes,Not Started,181,345,183,182,75.8,68.9,7.63,0,33,2,2,2,2.0,0,924,56.83,77.03,Good
STU1597,CSE,1,Male,Hostel,Night,Auditory,Good,High,Average,No,No,Not Started,231,365,163,228,81.9,75.3,7.5,0,36,1,0,0,0.0,7,1173,65.81,78.61,Good
STU1598,CSE,2,Male,Day Scholar,Night,Kinesthetic,Poor,Medium,Average,No,Yes,Not Started,116,44,40,336,62.5,59.6,6.14,1,31,1,2,0,2.0,133,950,59.58,69.75,Average
STU1599,CSE,8,Female,Day Scholar,Morning,Visual,Good,Low,Poor,No,No,In Progress,244,177,205,878,60.4,69.9,7.06,0,33,7,6,2,4.0,743,1563,98.52,77.51,Good
STU1600,IT,1,Male,Day Scholar,Night,Kinesthetic,Average,Medium,Average,No,Yes,Not Started,171,121,197,365,72.2,66.2,6.63,0,33,0,0,0,0.0,0,1285,71.44,75.61,Good
STU1601,CSE,6,Female,Day Scholar,Night,Kinesthetic,Poor,Medium,Good,No,No,Not Started,128,263,58,382,83.6,67.3,6.29,4,35,2,4,2,1.0,349,1209,59.66,70.84,Good
STU1602,CSE,3,Female,Day Scholar,Morning,Auditory,Average,Medium,Average,No,No,Not Started,185,255,74,299,84.3,64.5,6.68,1,31,3,1,1,0.0,120,1081,72.49,74.16,Good
STU1603,CSE,6,Male,Hostel,Night,Auditory,Average,Medium,Average,No,No,Not Started,255,313,142,722,78.8,77.0,7.27,1,32,4,1,0,2.0,529,1418,88.18,74.57,Good
STU1604,CSE,2,Female,Hostel,Afternoon,Auditory,Poor,High,Poor,Yes,No,Not Started,170,158,178,0,83.4,66.2,7.54,0,36,0,0,0,1.0,87,1034,29.58,75.31,Good
STU1605,CSE,4,Male,Day Scholar,Afternoon,Visual,Average,Medium,Average,No,Yes,Not Started,165,229,79,82,77.9,68.1,6.32,2,34,2,3,0,0.0,26,1144,63.29,71.77,Good
STU1606,CSE-AIML,5,Male,Hostel,Morning,Visual,Good,Low,Good,No,Yes,Not Started,175,189,144,132,74.9,68.6,7.53,0,33,3,1,2,2.0,68,1079,80.43,78.97,Good
STU1607,CSE,3,Male,Hostel,Afternoon,Visual,Average,Medium,Good,No,Yes,Not Started,204,73,53,476,90.4,80.2,7.27,0,40,3,0,0,1.0,153,1371,81.38,82.91,Good
STU1608,IT,2,Female,Hostel,Morning,Auditory,Average,Medium,Good,No,No,Not Started,198,101,106,209,84.3,69.4,6.93,0,37,2,0,0,0.0,0,1308,59.46,78.34,Good
STU1609,CSE,1,Male,Day Scholar,Night,Kinesthetic,Average,High,Average,No,No,Not Started,197,5,105,460,86.5,66.6,6.41,4,32,0,0,0,0.0,36,1177,56.41,63.2,Average
STU1610,CSE-AIML,5,Female,Hostel,Night,Auditory,Poor,Medium,Average,No,No,Not Started,70,391,334,0,81.9,63.2,5.9,1,27,7,1,1,3.0,0,1162,55.9,69.1,Average
STU1611,IT,6,Female,Day Scholar,Night,Visual,Good,Low,Average,No,No,Not Started,166,89,210,364,84.1,75.5,7.89,0,35,5,2,2,1.0,131,896,89.35,84.99,Good
STU1612,CSE-DS,1,Male,Day Scholar,Afternoon,Visual,Average,Low,Poor,Yes,No,Not Started,293,193,109,53,88.8,82.9,8.61,0,42,1,0,0,,37,797,59.29,82.89,Good
STU1613,CSE-AIML,2,Male,Hostel,Night,Visual,Average,Low,Good,No,Yes,Not Started,231,425,132,475,100.0,83.5,7.68,0,42,1,0,0,0.0,13,822,81.1,85.68,Excellent
STU1614,CSE,2,Male,Hostel,Afternoon,Auditory,Average,High,Good,No,Yes,Not Started,288,174,70,83,76.6,72.4,7.33,0,31,2,0,0,0.0,0,1114,66.04,77.29,Good
STU1615,CSE,6,Male,Hostel,Afternoon,Visual,Poor,Medium,Good,No,Yes,Not Started,217,342,94,142,74.7,61.7,6.33,0,35,4,0,1,2.0,122,1171,67.27,74.25,Good
STU1616,CSE-DS,3,Male,Hostel,Afternoon,Auditory,Average,High,Average,No,Yes,Not Started,199,189,127,24,99.0,69.4,7.07,0,43,2,0,1,1.0,31,992,60.33,83.1,Good
STU1617,ECE,6,Female,Hostel,Morning,Kinesthetic,Good,Medium,Good,No,No,Not Started,309,273,69,77,74.5,73.9,7.29,1,41,9,0,1,3.0,137,1219,90.26,82.35,Good
STU1618,CSE-DS,4,Other,Hostel,Morning,Auditory,Average,Medium,Good,Yes,No,Not Started,140,207,161,292,81.9,67.7,6.33,4,35,3,3,1,1.0,92,1189,64.49,65.04,Average
STU1619,CSE-AIML,1,Female,Day Scholar,Night,Visual,Poor,High,Good,No,Yes,Not Started,135,90,163,226,74.9,67.9,7.47,1,32,1,0,0,0.0,7,768,49.04,74.31,Good
STU1620,CSE-DS,3,Female,Hostel,Night,Kinesthetic,Average,Medium,Good,No,No,Not Started,336,467,358,153,94.1,77.5,7.86,0,41,1,1,0,1.0,34,1107,64.0,84.84,Good
STU1621,CSE-AIML,5,Female,Day Scholar,Morning,Visual,Good,Low,Good,No,No,Not Started,261,358,0,0,78.2,67.3,6.14,0,34,4,1,2,4.0,34,1188,75.01,74.9,Good
STU1622,CSE,7,Male,Hostel,Morning,Kinesthetic,Poor,Medium,Poor,No,Yes,Placed,154,213,91,151,71.9,72.4,8.13,0,35,6,3,0,5.0,102,1051,53.99,82.46,Good
STU1623,CSE-AIML,4,Female,Day Scholar,Morning,Visual,Average,Low,Average,Yes,No,Not Started,122,127,45,512,75.6,61.6,4.95,4,29,0,0,0,1.0,193,1100,66.81,56.73,Average
STU1624,ECE,3,Female,Hostel,Night,Auditory,Average,High,Poor,No,Yes,Not Started,87,135,0,328,90.5,74.2,6.8,0,33,0,1,0,2.0,139,1081,50.12,76.35,Good
STU1625,CSE,7,Male,Day Scholar,Night,Visual,Poor,High,Good,Yes,No,In Progress,151,201,156,375,82.3,74.6,7.61,0,38,6,5,3,4.0,335,1125,63.78,76.75,Good
STU1626,CSE-DS,7,Female,Day Scholar,Night,Auditory,Poor,High,Average,No,Yes,Placed,263,124,102,576,82.0,70.4,6.84,0,37,2,0,2,5.0,422,1041,68.23,79.62,Good
STU1627,CSE,1,Male,Day Scholar,Night,Auditory,Good,High,Good,No,No,Not Started,0,236,191,480,87.5,70.5,7.14,0,34,0,0,0,0.0,51,1127,56.7,80.02,Good
STU1628,CSE-AIML,2,Female,Hostel,Afternoon,Kinesthetic,Average,Medium,Good,No,No,Not Started,278,390,199,549,67.8,73.3,7.12,0,35,1,0,0,1.0,201,709,75.93,75.76,Good
STU1629,CSE,5,Female,Day Scholar,Night,Auditory,Average,Medium,Good,Yes,No,Not Started,243,176,29,336,87.4,71.2,6.99,0,37,2,1,2,3.0,140,1093,73.81,76.96,Good
STU1630,CSE-AIML,6,Female,Hostel,Morning,Auditory,Average,Low,Good,Yes,No,Not Started,87,400,78,181,98.4,70.9,6.52,0,31,6,2,2,2.0,135,1368,67.04,76.82,Good
STU1631,IT,1,Male,Hostel,Morning,Auditory,Good,Medium,Good,No,No,Not Started,185,107,251,319,93.4,87.4,8.86,0,41,0,0,0,0.0,5,1046,67.7,87.56,Excellent
STU1632,CSE,4,Female,Hostel,Night,Kinesthetic,Average,Low,Average,No,Yes,Not Started,134,363,0,321,75.1,76.1,7.12,0,35,1,2,0,1.0,97,1127,76.34,79.47,Good
STU1633,CSE-DS,8,Male,Hostel,Afternoon,Visual,Poor,High,Good,Yes,Yes,In Progress,98,373,76,0,78.2,61.7,6.28,0,34,5,1,2,4.0,19,871,46.14,70.77,Good
STU1634,IT,7,Male,Hostel,Night,Visual,Poor,High,Good,No,Yes,In Progress,206,366,119,230,65.6,57.6,6.17,2,31,7,2,2,6.0,184,1377,65.96,69.64,Average
STU1635,ECE,4,Female,Day Scholar,Afternoon,Auditory,Good,Low,Good,No,Yes,Not Started,228,292,56,514,81.5,73.5,7.66,0,27,5,1,0,4.0,94,1140,90.11,83.31,Good
STU1636,CSE,7,Female,Hostel,Night,Auditory,Average,Low,Average,No,No,Placed,249,230,87,0,60.3,63.1,6.23,5,29,5,1,1,,0,980,71.24,56.89,Average
STU1637,CSE,2,Female,Hostel,Morning,Visual,Poor,Medium,Good,No,Yes,Not Started,19,351,253,0,67.9,65.3,6.01,1,36,2,1,0,2.0,0,911,41.98,71.63,Good
STU1638,CSE,8,Male,Hostel,Morning,Auditory,Average,Medium,Average,Yes,No,Placed,140,258,222,90,77.1,64.1,5.98,0,28,11,4,3,5.0,134,1058,76.46,68.39,Average
STU1639,ECE,2,Male,Day Scholar,Night,Visual,Average,Medium,,No,Yes,Not Started,235,252,0,174,73.1,72.1,6.94,0,28,3,0,0,2.0,0,943,76.18,74.14,Good
STU1640,ECE,5,Female,Hostel,Night,Kinesthetic,Average,Medium,Good,No,Yes,Not Started,267,123,206,259,88.6,82.6,8.92,0,43,6,3,0,2.0,23,1041,80.29,92.29,Excellent
STU1641,CSE-AIML,6,Male,Hostel,Night,Auditory,Average,High,Good,No,No,Not Started,202,128,136,669,98.5,69.3,6.79,0,35,7,2,1,1.0,442,982,86.62,83.43,Good
STU1642,IT,5,Male,Day Scholar,Night,Auditory,Average,Low,Good,No,Yes,Not Started,277,300,196,442,84.5,73.1,6.43,4,33,4,1,0,2.0,261,1296,85.08,68.17,Average
STU1643,CSE-AIML,2,Female,Hostel,Night,Visual,Average,Medium,Good,No,Yes,Not Started,197,197,243,350,94.1,76.1,7.17,0,35,3,0,0,2.0,72,1076,72.26,81.32,Good
STU1644,CSE-DS,2,Male,Hostel,Night,Visual,Poor,Medium,Good,No,Yes,Not Started,227,328,157,263,81.5,72.8,7.76,1,35,3,0,0,0.0,1,1063,63.63,79.39,Good
STU1645,CSE,4,Female,Hostel,Morning,Kinesthetic,Good,Low,Average,No,Yes,Not Started,104,354,294,281,87.3,69.9,7.2,1,33,4,0,0,1.0,12,979,81.89,84.03,Good
STU1646,IT,2,Male,Day Scholar,Morning,Auditory,Average,Medium,Poor,No,No,Not Started,245,76,261,478,81.2,77.2,8.24,0,38,1,1,0,1.0,0,1052,55.15,81.53,Good
STU1647,CSE,8,Male,Day Scholar,,Visual,Poor,High,Good,Yes,No,Placed,62,153,270,539,91.8,66.5,6.2,2,39,9,3,2,2.0,528,1262,72.98,73.14,Good
STU1648,IT,8,Male,Hostel,Night,Kinesthetic,Poor,High,Average,No,No,Placed,87,145,102,152,100.0,69.9,6.97,1,34,9,2,2,1.0,135,1142,58.03,81.41,Good
STU1649,IT,3,Male,Hostel,Morning,Visual,Poor,Medium,Average,No,No,Not Started,110,422,143,383,92.0,80.2,7.27,0,37,2,0,0,1.0,119,862,51.49,77.95,Good
STU1650,CSE-DS,7,Male,Hostel,Night,Visual,Average,High,Average,No,No,In Progress,330,223,112,332,63.5,69.9,6.76,0,36,9,3,2,4.0,215,1129,87.24,78.89,Good
STU1651,CSE,1,Male,Day Scholar,Night,Kinesthetic,Good,Low,Average,No,Yes,Not Started,147,281,50,515,68.9,57.5,6.83,1,29,0,0,0,1.0,91,1004,78.62,71.35,Good
STU1652,CSE,2,Male,Day Scholar,Night,Kinesthetic,Poor,High,Good,Yes,Yes,Not Started,220,145,226,589,85.5,64.9,6.55,0,35,1,0,0,1.0,67,908,62.56,76.8,Good
STU1653,CSE,5,Male,Hostel,Morning,Kinesthetic,Average,Low,Average,No,Yes,Not Started,230,246,183,371,83.1,75.3,8.02,0,36,6,3,1,1.0,216,1333,92.28,83.03,Good
STU1654,CSE,6,Male,Hostel,Morning,Kinesthetic,Good,Medium,Good,No,Yes,Not Started,227,171,62,266,94.4,72.2,6.93,0,37,6,2,0,6.0,238,1230,83.5,86.45,Excellent
STU1655,CSE,7,Male,Day Scholar,Night,Kinesthetic,Good,Low,Average,No,No,Placed,88,23,155,0,79.5,69.8,6.8,0,31,5,2,1,3.0,8,870,72.44,73.67,Good
STU1656,ECE,7,Male,Day Scholar,Morning,Kinesthetic,Poor,High,Average,Yes,Yes,Placed,213,168,0,74,72.6,70.9,7.35,0,37,10,3,2,3.0,64,1092,68.26,76.01,Good
STU1657,CSE-AIML,6,Female,Day Scholar,Morning,Auditory,Good,Low,Average,No,Yes,Not Started,92,267,0,343,75.3,53.2,6.3,0,25,5,1,1,4.0,222,1021,85.95,71.69,Good
STU1658,CSE,6,Female,Day Scholar,Morning,Kinesthetic,Average,Low,Average,Yes,No,In Progress,32,648,147,538,76.2,66.6,6.4,3,32,6,3,0,4.0,351,1105,79.17,66.87,Average
STU1659,CSE,7,Female,Day Scholar,Morning,Auditory,Average,Medium,Good,No,No,In Progress,332,84,292,638,83.8,77.1,8.47,0,39,3,2,0,3.0,503,1224,87.91,86.17,Excellent
STU1660,CSE-AIML,3,Male,Hostel,Morning,Visual,Good,Low,Poor,No,No,Not Started,157,227,56,0,86.6,71.1,8.0,0,36,3,0,0,3.0,0,958,56.2,81.38,Good
STU1661,CSE-DS,5,Female,Hostel,Night,Visual,Poor,Low,Good,Yes,Yes,Not Started,162,270,97,211,94.7,71.1,6.81,0,33,4,1,0,3.0,134,1014,68.15,77.27,Good
STU1662,CSE-AIML,3,Female,Hostel,Afternoon,Kinesthetic,Average,Medium,Average,No,No,Not Started,276,339,34,346,67.9,60.7,5.83,0,28,3,0,0,0.0,0,1041,65.9,69.16,Average
STU1663,ECE,2,Female,Day Scholar,Night,Visual,Good,Low,Average,No,Yes,Not Started,255,195,115,474,74.7,67.5,6.71,0,33,1,1,0,1.0,127,1046,83.93,78.07,Good
STU1664,CSE-AIML,1,Male,Hostel,Morning,Kinesthetic,Good,Low,Good,No,No,Not Started,128,172,81,219,94.1,59.7,5.72,3,34,0,1,0,1.0,0,867,66.94,70.26,Good
STU1665,ECE,6,Female,Hostel,Night,Kinesthetic,Average,Low,Good,No,Yes,Not Started,212,329,115,239,89.8,70.4,7.26,0,38,6,2,1,2.0,60,1199,79.87,85.87,Excellent
STU1666,IT,8,Female,Hostel,Night,Auditory,Good,Low,Average,No,No,Placed,233,325,16,332,92.8,71.1,6.19,2,32,7,2,3,3.0,266,1113,90.16,77.0,Good
STU1667,CSE,5,Female,Hostel,Morning,Visual,Average,Medium,,No,No,Not Started,69,344,96,0,90.4,77.1,6.93,0,42,4,4,0,2.0,0,1045,61.06,85.21,Excellent
STU1668,ECE,6,Male,Day Scholar,Afternoon,Kinesthetic,Average,Medium,Good,No,Yes,Not Started,119,321,35,221,70.2,63.9,6.77,0,29,3,3,1,4.0,79,798,71.44,75.36,Good
STU1669,CSE,3,Male,Hostel,Morning,Visual,Average,Medium,Good,Yes,No,Not Started,158,49,0,212,100.0,71.5,8.22,0,36,4,2,0,1.0,74,1136,65.53,84.01,Good
STU1670,IT,4,Male,Hostel,Night,Auditory,Good,Low,Good,No,Yes,Not Started,190,328,192,372,71.1,70.6,7.58,0,31,1,0,0,5.0,135,1274,78.43,79.28,Good
STU1671,CSE,2,Male,Day Scholar,Night,Visual,Poor,Medium,Poor,No,Yes,Not Started,306,258,146,387,85.6,85.1,7.74,0,43,1,0,0,2.0,0,1082,58.05,83.34,Good
STU1672,IT,1,Female,Hostel,Night,Auditory,Good,Medium,Good,No,Yes,Not Started,126,0,124,171,100.0,87.3,8.24,0,44,1,1,0,1.0,0,587,65.17,89.6,Excellent
STU1673,IT,2,Male,Day Scholar,Morning,Auditory,Average,Medium,Good,No,No,Not Started,321,312,159,296,63.6,60.8,5.84,1,31,1,1,0,1.0,0,1255,69.46,67.09,Average
STU1674,IT,4,Male,Day Scholar,Afternoon,Auditory,Good,Medium,Average,No,Yes,Not Started,231,187,0,313,83.5,76.2,6.84,0,34,4,2,1,3.0,134,1048,81.07,82.26,Good
STU1675,IT,1,Male,Day Scholar,,Kinesthetic,Average,Low,Good,No,Yes,Not Started,44,362,257,242,67.7,56.9,4.46,1,27,1,0,0,,18,1141,65.43,62.32,Average
STU1676,CSE,4,Male,Day Scholar,Afternoon,Kinesthetic,Average,Low,Average,No,No,Not Started,218,212,107,504,94.2,80.4,8.31,0,34,3,2,0,0.0,194,948,81.37,88.83,Excellent
STU1677,CSE,2,Male,Hostel,Night,Visual,Average,Medium,Good,No,No,Not Started,319,309,225,263,68.8,66.1,5.82,1,36,3,0,0,1.0,91,889,77.53,72.21,Good
STU1678,CSE-AIML,3,Female,Hostel,Morning,Kinesthetic,Good,Low,Average,Yes,No,Not Started,171,298,0,728,71.2,64.2,6.2,1,33,1,2,1,2.0,205,1313,85.36,68.39,Average
STU1679,CSE,7,Female,Hostel,Night,Kinesthetic,Average,Medium,Average,No,No,Placed,122,111,85,138,87.0,77.3,7.1,0,42,6,2,4,5.0,155,1129,71.08,81.75,Good
STU1680,CSE-DS,2,Male,Hostel,Night,Visual,Average,Medium,Good,No,Yes,Not Started,137,399,295,450,90.1,68.6,7.28,0,34,1,0,0,0.0,80,1104,75.82,80.83,Good
STU1681,CSE,2,Male,Hostel,Night,Auditory,Poor,High,Average,No,No,Not Started,233,141,195,518,84.3,75.1,7.35,0,35,4,1,0,1.0,147,1013,67.93,78.12,Good
STU1682,ECE,2,Male,Hostel,Morning,Auditory,Average,Medium,Good,No,No,Not Started,64,129,0,75,89.6,76.6,7.3,0,40,0,1,0,0.0,0,771,52.02,80.29,Good
STU1683,CSE-DS,5,Male,Day Scholar,Night,Visual,Average,Medium,Average,No,Yes,Not Started,347,360,175,400,91.9,80.2,8.9,0,36,2,3,1,3.0,178,1472,83.6,90.25,Excellent
STU1684,IT,4,Female,Hostel,Night,Kinesthetic,Poor,Medium,Good,No,Yes,Not Started,289,261,56,576,85.6,74.3,7.38,1,35,1,0,0,2.0,210,1254,67.86,79.7,Good
STU1685,CSE,8,Female,Hostel,Night,Visual,Good,Low,Average,No,No,In Progress,252,501,4,419,78.3,72.0,6.93,0,35,12,0,2,4.0,401,1387,100.0,81.22,Good
STU1686,IT,4,Female,Hostel,Night,Visual,Average,Medium,Good,No,Yes,Not Started,85,105,56,0,65.2,66.1,6.6,2,35,2,3,2,1.0,0,1167,58.1,68.33,Average
STU1687,ECE,6,Female,Hostel,Night,Kinesthetic,Average,Medium,Good,No,No,In Progress,322,320,134,466,69.5,67.3,7.22,0,32,4,0,2,4.0,182,987,81.92,77.49,Good
STU1688,CSE-AIML,4,Male,Day Scholar,Night,Visual,Poor,Medium,Poor,No,No,Not Started,305,293,131,395,93.0,80.5,8.42,0,33,5,1,0,4.0,163,1144,60.42,80.45,Good
STU1689,CSE-DS,6,Female,Hostel,Morning,Kinesthetic,Poor,High,Good,No,No,In Progress,322,392,33,402,85.8,82.3,8.38,0,41,4,3,0,6.0,125,1112,62.18,87.1,Excellent
STU1690,IT,5,Female,Day Scholar,Night,Kinesthetic,Good,Low,Good,No,Yes,Not Started,221,414,103,246,79.4,77.9,7.52,0,42,1,0,1,2.0,110,994,78.45,83.8,Good
STU1691,CSE,3,Female,Hostel,Night,Visual,Average,Low,Good,No,No,Not Started,195,329,18,105,75.8,70.4,6.48,0,36,7,1,0,4.0,25,1048,76.18,75.91,Good
STU1692,CSE-AIML,6,Male,Hostel,Night,Auditory,Poor,Medium,Poor,No,Yes,Not Started,218,303,107,630,64.8,65.2,7.32,0,33,4,0,1,1.0,342,1192,65.95,73.44,Good
STU1693,CSE,2,Female,Hostel,Night,Kinesthetic,Poor,Medium,Good,No,Yes,Not Started,237,240,158,549,92.9,66.3,6.96,0,32,1,0,0,2.0,48,1085,69.16,83.15,Good
STU1694,CSE,3,Female,Day Scholar,Morning,Auditory,Average,Low,Average,No,No,Not Started,310,242,0,550,75.4,72.3,7.69,1,35,2,1,0,1.0,156,801,82.13,80.66,Good
STU1695,CSE,7,Female,Hostel,Night,Kinesthetic,Average,Medium,Good,Yes,Yes,In Progress,72,347,0,253,79.3,62.5,7.01,0,30,4,1,2,2.0,175,1233,75.34,75.55,Good
STU1696,CSE,5,Male,Hostel,Night,Auditory,Good,Medium,Good,No,No,Not Started,215,310,55,350,92.0,73.3,7.53,0,36,6,3,1,3.0,168,996,81.71,83.26,Good
STU1697,CSE,4,Female,Hostel,Morning,Visual,Average,Medium,Good,No,No,Not Started,240,310,172,426,73.1,64.3,7.44,0,34,1,1,0,3.0,178,1177,73.14,75.86,Good
STU1698,CSE,6,Female,Day Scholar,Afternoon,Kinesthetic,Good,Low,Good,No,No,Not Started,288,231,3,348,84.1,74.1,6.82,1,37,5,1,2,5.0,250,1200,92.24,78.67,Good
STU1699,ECE,8,Female,Day Scholar,Night,Visual,Poor,Medium,Average,No,No,Placed,167,75,196,325,79.5,72.5,7.22,0,35,8,1,2,3.0,136,1095,64.41,80.71,Good
STU1700,CSE-AIML,2,Female,Hostel,Morning,Visual,Good,Medium,Good,No,No,Not Started,202,164,1,463,81.8,73.8,7.1,1,39,4,1,0,0.0,102,1141,82.21,83.54,Good
STU1701,ECE,1,Female,Hostel,Morning,Visual,Poor,High,Good,No,No,Not Started,184,172,21,156,70.2,68.2,7.21,1,36,1,1,0,1.0,35,892,47.49,72.95,Good
STU1702,CSE-AIML,7,Male,Day Scholar,Afternoon,Kinesthetic,Poor,High,Poor,No,No,Placed,222,268,76,603,88.2,73.5,6.18,2,39,2,1,3,6.0,479,1258,50.66,72.21,Good
STU1703,CSE,1,Female,Day Scholar,Night,Visual,Poor,Medium,Good,No,No,Not Started,144,372,62,310,85.7,68.0,6.08,0,39,0,0,0,0.0,6,1268,53.35,78.66,Good
STU1704,CSE-AIML,3,Male,Day Scholar,Morning,Visual,Average,Medium,Good,No,No,Not Started,253,230,38,143,92.7,76.4,6.96,2,40,1,0,0,4.0,57,1046,70.81,81.05,Good
STU1705,CSE-AIML,4,Female,Day Scholar,,Kinesthetic,Good,Medium,Good,No,No,Not Started,230,135,0,127,82.6,78.5,7.18,0,38,6,1,1,1.0,0,809,73.24,83.01,Good
STU1706,CSE,8,Male,Day Scholar,Night,Visual,Average,Low,Good,No,Yes,Placed,64,24,0,0,66.6,58.6,5.55,2,30,8,2,4,6.0,35,841,76.1,64.69,Average
STU1707,CSE-DS,1,Male,Hostel,Night,Kinesthetic,Good,Low,Average,No,Yes,Not Started,90,187,198,409,79.5,65.1,6.74,0,30,1,1,0,0.0,39,793,77.48,73.09,Good
STU1708,CSE,3,Female,Day Scholar,Night,Visual,Good,Low,Average,No,No,Not Started,178,123,119,148,65.5,64.2,6.1,3,29,2,2,0,,0,803,72.99,61.6,Average
STU1709,CSE-DS,5,Female,Day Scholar,Afternoon,Auditory,Poor,Medium,Good,No,Yes,Not Started,473,339,285,321,100.0,78.1,7.57,0,37,5,0,0,3.0,189,953,89.63,84.15,Good
STU1710,CSE-DS,3,Female,Hostel,Night,Visual,Average,Medium,Average,No,Yes,Not Started,169,323,115,348,77.8,73.3,7.46,0,43,3,0,0,2.0,156,1147,69.37,79.92,Good
STU1711,CSE,7,Female,Hostel,Morning,Auditory,Good,Low,Good,No,No,Placed,103,147,159,0,82.7,60.5,7.16,0,28,4,2,2,4.0,9,1167,71.02,75.98,Good
STU1712,CSE,8,Female,Day Scholar,Night,Kinesthetic,Poor,Medium,Average,No,Yes,In Progress,131,281,258,248,84.7,74.6,7.44,0,43,3,4,0,6.0,308,914,62.0,83.56,Good
STU1713,IT,8,Male,Hostel,Night,Auditory,Average,Medium,Average,No,Yes,In Progress,240,251,176,705,77.5,69.2,6.76,0,32,4,2,0,2.0,588,1279,97.41,80.81,Good
STU1714,CSE-AIML,3,Male,Day Scholar,,Kinesthetic,Good,Medium,Poor,No,No,Not Started,338,117,84,436,96.8,87.6,9.03,0,44,1,0,0,0.0,116,1064,73.59,94.0,Excellent
STU1715,CSE,7,Male,Hostel,Night,Visual,Average,Medium,Good,No,No,In Progress,136,285,65,357,82.3,71.1,7.54,2,41,4,0,2,2.0,255,1136,70.94,76.58,Good
STU1716,ECE,3,Male,Hostel,Morning,Auditory,Good,Low,Average,No,Yes,Not Started,212,249,154,225,72.5,63.9,6.03,2,29,1,1,0,1.0,0,1208,83.64,67.1,Average
STU1717,CSE,8,Male,Hostel,Night,Visual,Good,Low,Average,No,No,Placed,145,339,168,0,79.4,64.3,5.76,0,29,6,1,5,4.0,0,1031,77.04,72.32,Good
STU1718,CSE-DS,8,Female,Hostel,Afternoon,Auditory,Average,High,Good,No,No,Placed,251,228,161,320,86.1,80.6,7.86,0,36,7,1,3,3.0,249,1046,81.17,81.17,Good
STU1719,ECE,2,Female,Hostel,Night,Kinesthetic,Good,Low,Good,Yes,Yes,Not Started,145,413,102,343,76.1,63.7,7.33,1,28,3,0,0,2.0,48,907,83.23,76.64,Good
STU1720,CSE,3,Male,Hostel,Morning,Kinesthetic,Poor,Medium,Good,No,Yes,Not Started,263,170,76,103,78.5,78.5,7.34,0,39,1,2,0,2.0,49,1084,54.24,77.85,Good
STU1721,CSE,6,Male,Day Scholar,Morning,Kinesthetic,Average,Medium,Good,No,No,Not Started,0,72,167,122,87.2,68.0,7.15,0,31,7,0,1,2.0,60,1163,61.82,79.74,Good
STU1722,CSE,3,Female,Day Scholar,Night,Kinesthetic,Good,High,Good,No,No,Not Started,250,265,107,193,79.5,72.1,7.83,0,36,5,2,1,0.0,89,1036,72.99,83.78,Good
STU1723,CSE,8,Male,Hostel,Night,Visual,Average,Medium,Good,No,Yes,In Progress,169,384,0,343,84.8,82.1,8.66,0,37,7,1,2,3.0,274,891,83.69,85.58,Excellent
STU1724,CSE,2,Male,Hostel,Night,Visual,Average,Medium,Good,No,Yes,Not Started,238,107,47,0,84.3,84.1,8.37,0,41,2,0,0,0.0,1,1003,66.69,84.72,Good
STU1725,CSE-DS,2,Female,Hostel,,Visual,Average,Medium,Good,No,Yes,Not Started,181,209,12,0,74.2,67.2,5.9,1,30,0,0,0,0.0,0,1034,59.96,70.11,Good
STU1726,CSE,5,Female,Hostel,Morning,Visual,Average,High,Poor,No,Yes,Not Started,74,310,157,443,75.9,64.3,6.39,1,33,4,3,1,2.0,243,1253,63.55,67.44,Average
STU1727,CSE-AIML,7,Male,Hostel,Night,Visual,Poor,Medium,Good,No,No,In Progress,199,0,47,193,62.0,70.0,6.15,2,35,9,0,2,2.0,130,1227,67.52,67.86,Average
STU1728,ECE,4,Female,Hostel,Afternoon,Kinesthetic,Good,Low,Average,Yes,No,Not Started,253,503,339,551,96.5,85.2,8.24,0,44,3,0,0,2.0,257,764,90.24,91.09,Excellent
STU1729,IT,1,Male,Hostel,Morning,Visual,Good,Medium,Good,Yes,No,Not Started,203,273,174,88,85.5,76.2,7.56,1,37,1,0,0,0.0,0,1023,62.25,71.38,Good
STU1730,CSE-DS,1,Female,Hostel,Night,Visual,Poor,Medium,Good,Yes,Yes,Not Started,50,190,280,264,77.7,63.5,6.31,3,30,2,0,0,0.0,89,1321,48.41,65.74,Average
STU1731,CSE,3,Male,Hostel,Afternoon,Visual,Good,Low,Good,Yes,Yes,Not Started,200,341,283,525,73.2,62.2,6.03,4,32,5,1,0,1.0,228,1190,92.84,63.69,Average
STU1732,CSE-DS,5,Male,Day Scholar,,Kinesthetic,Good,Medium,,No,No,Not Started,226,244,85,542,57.9,65.7,5.84,1,29,8,1,2,,237,973,95.23,68.86,Average
STU1733,CSE-AIML,3,Female,Hostel,Afternoon,Kinesthetic,Good,Medium,Good,No,No,Not Started,143,178,230,312,64.6,68.8,6.75,1,32,3,0,1,1.0,14,1017,73.46,76.53,Good
STU1734,CSE-AIML,1,Male,Day Scholar,Night,Kinesthetic,Average,Medium,Good,Yes,No,Not Started,0,333,129,65,100.0,68.6,6.77,0,37,0,0,0,0.0,5,1110,49.92,75.56,Good
STU1735,CSE,7,Female,Day Scholar,Night,Kinesthetic,Average,Medium,Good,No,Yes,In Progress,136,285,239,0,68.0,64.2,6.64,0,34,3,3,1,2.0,0,1211,63.12,75.92,Good
STU1736,IT,8,Male,Day Scholar,Afternoon,Visual,Average,Medium,Average,Yes,No,Placed,66,9,0,280,77.0,67.6,6.63,0,34,8,3,1,3.0,190,1428,69.99,73.93,Good
STU1737,CSE-AIML,7,Male,Day Scholar,Night,Visual,Average,Medium,Poor,No,No,Placed,171,196,154,480,93.2,69.6,6.56,1,30,2,1,4,2.0,355,1157,55.93,74.6,Good
STU1738,CSE,7,Male,Hostel,Morning,Auditory,Poor,Medium,Good,No,No,In Progress,67,175,157,141,67.7,60.0,6.38,0,27,2,3,0,2.0,103,854,43.8,70.98,Good
STU1739,CSE,2,Male,Hostel,Night,Visual,Good,Medium,Good,No,Yes,Not Started,63,198,259,450,84.9,68.0,7.32,0,37,2,0,0,2.0,80,917,69.16,80.33,Good
STU1740,CSE-AIML,8,Female,Hostel,Night,Kinesthetic,Good,Low,Average,No,No,Placed,249,278,8,0,75.0,69.7,7.13,2,35,4,2,1,6.0,0,1114,74.42,71.85,Good
STU1741,IT,4,Male,Day Scholar,Night,Kinesthetic,Average,Low,Good,No,No,Not Started,194,0,94,305,74.7,71.1,6.94,1,34,1,1,0,5.0,61,924,71.05,73.83,Good
STU1742,CSE-DS,8,Female,Day Scholar,Morning,Visual,Poor,High,Poor,No,No,Placed,224,356,143,467,82.4,72.0,7.53,0,39,5,3,2,3.0,376,1217,57.23,78.03,Good
STU1743,IT,5,Female,Day Scholar,Night,Auditory,Average,High,Good,No,Yes,Not Started,128,173,162,492,64.9,56.3,5.9,0,33,3,0,0,3.0,247,915,71.79,69.11,Average
STU1744,CSE,2,Female,Hostel,Night,Kinesthetic,Good,Low,Average,No,No,Not Started,136,332,308,353,76.3,55.6,5.31,2,30,0,0,0,0.0,67,1166,76.27,69.65,Average
STU1745,CSE-AIML,4,Male,Day Scholar,Night,Auditory,Average,Medium,Poor,No,No,Not Started,122,172,149,211,81.4,73.6,7.49,0,39,5,1,0,2.0,167,965,59.44,82.24,Good
STU1746,CSE-AIML,5,Female,Hostel,Night,Kinesthetic,Poor,High,Good,No,Yes,Not Started,134,201,168,163,59.6,60.9,5.67,0,29,5,3,0,0.0,159,1264,54.58,67.41,Average
STU1747,CSE,5,Male,Hostel,Night,Kinesthetic,Good,Low,Good,No,Yes,Not Started,138,466,212,0,100.0,75.7,7.74,0,40,2,1,0,4.0,66,1034,67.91,87.58,Excellent
STU1748,CSE,1,Male,Day Scholar,Morning,Visual,Average,Medium,Good,No,No,Not Started,90,115,139,196,98.3,71.9,6.75,2,40,0,2,0,0.0,21,1128,49.09,76.94,Good
STU1749,IT,2,Male,Hostel,Night,Kinesthetic,Average,Low,Good,No,No,Not Started,115,177,52,595,64.7,67.3,6.41,3,33,3,3,0,0.0,141,1301,82.04,69.47,Average
STU1750,CSE,5,Male,Day Scholar,Night,Auditory,Average,Medium,Good,Yes,No,Not Started,197,161,43,259,73.1,64.0,6.48,2,30,3,1,0,0.0,221,981,68.54,65.21,Average
STU1751,CSE-AIML,6,Male,Hostel,Night,Auditory,Poor,High,Good,No,No,In Progress,89,433,198,314,98.7,77.8,8.09,0,38,7,1,2,3.0,192,1094,54.15,82.37,Good
STU1752,CSE,7,Female,Day Scholar,Afternoon,Visual,Poor,High,Good,No,No,In Progress,209,81,103,353,85.7,81.6,8.06,0,41,13,3,4,2.0,208,1133,79.9,85.03,Excellent
STU1753,CSE,5,Male,Hostel,Afternoon,Kinesthetic,Good,Medium,Average,No,No,Not Started,38,344,12,227,84.5,79.1,7.99,0,35,5,2,1,2.0,124,901,71.2,81.97,Good
STU1754,CSE,4,Male,Day Scholar,Afternoon,Auditory,Average,Medium,Good,No,Yes,Not Started,207,45,19,472,92.7,67.8,6.0,3,36,3,0,0,1.0,221,902,81.04,73.8,Good
STU1755,ECE,1,Female,Day Scholar,Morning,Visual,Good,Medium,Average,No,No,Not Started,173,87,126,332,88.3,77.2,8.08,0,39,0,0,0,2.0,50,1070,64.31,86.92,Excellent
STU1756,IT,3,Male,Day Scholar,Afternoon,Auditory,Good,Low,Good,No,Yes,Not Started,208,144,177,264,82.4,78.8,7.75,0,35,2,1,0,2.0,103,1058,80.08,82.83,Good
STU1757,ECE,7,Male,Hostel,Night,Visual,Good,Low,Good,Yes,No,In Progress,209,199,203,153,73.6,64.3,5.05,0,32,8,2,2,2.0,172,913,91.34,66.57,Average
STU1758,CSE-AIML,1,Male,Day Scholar,Morning,Auditory,Poor,High,Good,No,Yes,Not Started,87,362,143,451,81.9,62.8,6.85,0,28,0,1,0,0.0,164,701,52.24,71.73,Good
STU1759,CSE,3,Female,Hostel,Morning,Kinesthetic,Good,Low,Good,No,Yes,Not Started,185,211,0,338,100.0,71.3,7.28,0,33,3,1,0,1.0,233,1137,85.98,84.45,Good
STU1760,CSE-AIML,2,Male,Hostel,Morning,Auditory,Good,Medium,Average,No,No,Not Started,78,301,54,303,99.0,74.4,7.84,0,43,2,0,0,3.0,50,876,64.82,85.24,Excellent
STU1761,CSE-AIML,2,Male,Hostel,Afternoon,Auditory,Average,Medium,Good,No,No,Not Started,142,161,0,290,78.0,75.2,7.42,0,38,1,0,0,4.0,60,1135,62.31,79.31,Good
STU1762,IT,5,Male,Day Scholar,Night,Visual,Poor,High,,No,Yes,Not Started,264,247,270,391,62.4,54.3,5.62,3,25,7,1,3,1.0,324,1392,60.82,58.75,Average
STU1763,CSE,6,Female,Hostel,Morning,Visual,Average,Medium,Good,Yes,Yes,Not Started,91,364,0,102,79.2,61.9,6.43,5,25,5,2,3,4.0,65,1095,67.63,57.3,Average
STU1764,CSE-AIML,2,Female,Day Scholar,Morning,Visual,Poor,Medium,Good,No,No,Not Started,174,315,152,92,49.8,58.7,5.52,4,30,1,0,0,0.0,23,820,50.74,57.59,Average
STU1765,CSE,8,Female,Day Scholar,Night,Auditory,Average,Medium,Poor,No,No,Placed,107,307,204,370,88.5,70.8,6.33,3,35,5,0,2,2.0,240,1189,61.43,74.62,Good
STU1766,CSE,5,Male,Hostel,Night,Visual,Poor,Medium,Good,No,No,Not Started,207,17,194,458,75.7,69.7,6.39,0,33,7,2,0,2.0,298,1063,81.82,78.69,Good
STU1767,CSE-DS,7,Male,Day Scholar,Morning,Kinesthetic,Poor,Medium,Good,No,No,In Progress,263,165,315,0,70.2,70.5,6.51,1,33,5,2,0,2.0,0,1158,56.51,72.77,Good
STU1768,CSE-AIML,1,Male,Hostel,Night,Visual,Poor,High,Good,No,Yes,Not Started,137,255,35,430,67.6,58.6,5.95,2,33,1,1,0,1.0,132,1195,57.47,63.81,Average
STU1769,CSE,2,Male,Day Scholar,Night,Visual,Good,Medium,Poor,No,Yes,Not Started,199,214,73,558,75.2,65.2,6.46,2,35,1,3,0,3.0,87,1077,70.15,71.56,Good
STU1770,CSE,8,Male,Hostel,Night,Kinesthetic,Good,Medium,Good,No,No,In Progress,159,177,0,0,68.0,65.6,5.67,1,34,3,3,4,2.0,49,1263,66.14,69.21,Average
STU1771,CSE-AIML,1,Male,Hostel,Afternoon,Visual,Good,High,Good,No,No,Not Started,92,136,133,167,88.3,73.7,8.53,0,31,2,0,0,0.0,0,1084,55.45,79.17,Good
STU1772,IT,1,Male,Hostel,Night,Visual,Average,Medium,Average,No,No,Not Started,211,358,32,306,54.8,58.3,5.5,2,28,2,0,0,0.0,0,1145,67.9,60.17,Average
STU1773,IT,6,Female,Hostel,Morning,Auditory,Good,Low,Poor,No,Yes,Not Started,223,280,196,786,88.2,74.9,7.02,0,41,5,1,1,0.0,524,1182,94.98,84.19,Good
STU1774,ECE,2,Male,Hostel,Morning,Auditory,Good,Low,Good,No,No,Not Started,91,344,47,241,91.2,67.4,5.98,1,32,0,0,0,0.0,50,1382,69.63,76.77,Good
STU1775,IT,1,Female,Hostel,Afternoon,Visual,Average,High,Poor,No,No,Not Started,257,524,153,220,89.9,69.0,6.99,1,32,0,0,0,2.0,0,1013,47.03,74.91,Good
STU1776,CSE,6,Male,Hostel,Afternoon,Kinesthetic,Poor,Medium,Good,No,No,Not Started,294,16,289,361,71.0,70.1,6.74,1,32,7,2,2,2.0,239,1002,77.71,72.04,Good
STU1777,CSE-DS,6,Male,Hostel,Night,Visual,Average,Medium,Good,No,No,Not Started,99,271,43,127,79.3,68.6,6.56,0,38,4,2,2,4.0,10,755,59.92,74.45,Good
STU1778,CSE-AIML,2,Male,Hostel,Night,Visual,Good,Medium,Average,No,Yes,Not Started,304,211,254,299,78.7,70.5,7.05,0,30,0,1,0,3.0,68,1104,79.09,77.5,Good
STU1779,CSE,6,Male,Day Scholar,Morning,Visual,Poor,Medium,Good,No,Yes,In Progress,180,381,0,269,62.4,65.2,5.66,3,32,10,6,0,6.0,179,1062,77.26,62.16,Average
STU1780,IT,2,Male,Hostel,Afternoon,Auditory,Average,Medium,Good,No,No,Not Started,173,358,161,566,68.6,59.8,6.0,4,25,1,1,0,3.0,101,1120,71.15,62.68,Average
STU1781,CSE,8,Male,Day Scholar,Afternoon,Kinesthetic,Average,Medium,Good,No,Yes,Placed,329,222,161,295,89.1,88.0,8.55,0,45,6,3,5,4.0,296,876,92.92,92.14,Excellent
STU1782,ECE,2,Female,Day Scholar,Night,Kinesthetic,Good,Medium,Good,No,Yes,Not Started,255,256,87,777,68.6,68.7,7.16,0,41,3,0,0,2.0,189,1139,95.27,82.42,Good
STU1783,CSE-AIML,3,Female,Day Scholar,Night,Kinesthetic,Average,Low,Good,Yes,Yes,Not Started,123,362,193,34,99.4,78.0,7.82,0,39,2,0,0,1.0,0,971,65.88,81.6,Good
STU1784,CSE-DS,1,Male,Day Scholar,Night,Auditory,Average,High,Average,No,No,Not Started,134,326,150,267,87.3,70.0,6.58,0,34,0,0,0,1.0,21,897,53.03,71.63,Good
STU1785,CSE-DS,8,Female,Hostel,Night,Auditory,Poor,High,Good,No,Yes,Placed,209,459,155,308,69.2,69.3,6.97,2,33,8,4,0,6.0,271,1390,73.93,66.55,Average
STU1786,IT,4,Female,Day Scholar,Night,Visual,Average,Medium,Average,No,Yes,Not Started,208,272,59,316,93.4,76.7,7.18,0,37,3,2,0,2.0,107,821,72.83,78.13,Good
STU1787,CSE-DS,2,Female,Hostel,Night,Auditory,Average,Medium,Good,No,No,Not Started,176,200,82,22,81.1,72.4,7.43,0,36,0,0,0,,0,966,53.87,76.57,Good
STU1788,CSE-DS,1,Female,Day Scholar,Morning,Visual,Poor,Medium,Good,No,Yes,Not Started,116,135,215,362,96.8,73.0,7.82,0,38,0,0,0,3.0,43,993,55.57,84.45,Good
STU1789,CSE,7,Male,Day Scholar,Night,Auditory,Good,High,Good,No,No,Placed,130,264,23,0,83.2,69.5,6.94,1,33,6,4,1,4.0,22,1093,62.06,71.84,Good
STU1790,CSE-AIML,6,Male,Hostel,Night,Visual,Good,Medium,Good,No,No,Not Started,177,127,63,87,90.7,73.3,7.5,0,38,5,5,0,6.0,141,1130,72.93,81.07,Good
STU1791,CSE,5,Male,Day Scholar,Night,Auditory,Poor,High,Good,Yes,No,Not Started,37,254,0,154,89.0,63.6,5.68,0,31,5,0,2,2.0,0,711,43.23,67.09,Average
STU1792,CSE-DS,2,Male,Hostel,Night,Kinesthetic,Poor,Medium,Average,No,Yes,Not Started,224,447,112,421,78.3,73.7,6.74,0,39,1,0,0,1.0,102,1335,67.41,75.52,Good
STU1793,CSE-AIML,6,Male,Hostel,Night,Visual,Average,Medium,Average,No,No,Not Started,203,356,325,436,78.7,69.8,6.03,0,37,2,0,1,2.0,252,935,73.11,76.36,Good
STU1794,CSE-DS,6,Female,Hostel,Night,Auditory,Good,Medium,Average,No,No,In Progress,95,75,168,356,87.1,71.8,6.5,0,34,6,1,5,4.0,204,1087,84.45,80.07,Good
STU1795,CSE,6,Female,Day Scholar,Night,Auditory,Poor,Medium,Average,No,Yes,Not Started,223,20,0,207,86.4,65.8,6.66,0,35,3,0,2,2.0,126,918,61.86,81.84,Good
STU1796,CSE,6,Female,Day Scholar,Morning,Visual,Average,Medium,Average,No,Yes,Not Started,25,35,261,494,96.9,72.2,8.0,1,37,5,1,1,2.0,350,1130,81.37,84.86,Good
STU1797,CSE-DS,6,Female,Day Scholar,Afternoon,Auditory,Average,Medium,Good,No,No,Not Started,213,168,15,221,91.6,76.4,7.51,0,41,9,0,0,2.0,91,1288,77.2,85.24,Excellent
STU1798,CSE,2,Female,Hostel,Night,Kinesthetic,Poor,Medium,Good,No,No,Not Started,260,200,210,99,87.4,78.3,7.39,1,41,4,0,0,0.0,131,1125,56.34,82.96,Good
STU1799,CSE,7,Female,Hostel,Afternoon,Visual,Average,Medium,Good,No,Yes,In Progress,215,374,113,463,62.7,69.6,6.57,0,33,5,1,4,4.0,297,1432,82.89,74.15,Good
STU1800,CSE,4,Male,Day Scholar,Night,Visual,Good,Low,Good,No,Yes,Not Started,234,336,168,0,92.6,76.9,7.0,0,45,4,1,2,1.0,0,1128,75.44,85.33,Excellent
STU1801,ECE,3,Male,Hostel,Night,Visual,Average,Medium,,No,No,Not Started,239,308,232,302,84.0,70.1,7.12,0,35,1,1,2,1.0,105,1238,69.53,77.93,Good
STU1802,CSE-DS,6,Male,Day Scholar,Night,Visual,Good,Low,Average,No,No,In Progress,215,167,0,177,76.4,68.5,7.48,1,32,4,3,1,3.0,117,1092,78.36,77.7,Good
STU1803,CSE,6,Female,Hostel,Night,Visual,Good,High,Good,No,No,Not Started,175,172,87,420,81.0,65.5,6.63,1,35,5,4,2,3.0,311,1226,77.18,75.68,Good
STU1804,CSE,3,Male,Hostel,Morning,Kinesthetic,Average,Medium,Poor,No,No,Not Started,151,159,204,328,51.2,57.5,7.14,1,30,2,0,0,3.0,139,1124,53.75,68.67,Average
STU1805,CSE,7,Female,Hostel,Night,Visual,Average,Medium,Good,No,No,In Progress,283,408,100,280,100.0,81.6,8.5,0,38,0,2,1,2.0,181,1157,71.21,86.83,Excellent
STU1806,IT,8,Male,Day Scholar,Night,Kinesthetic,Average,Medium,Average,No,No,Placed,234,165,61,38,86.3,65.8,5.98,5,33,10,3,1,6.0,16,890,75.42,66.53,Average
STU1807,CSE-DS,7,Male,Hostel,Afternoon,Kinesthetic,Good,Low,Average,No,No,Placed,286,63,106,313,100.0,81.4,8.23,0,47,12,3,3,5.0,162,1054,100.0,97.18,Excellent
STU1808,CSE,8,Female,Hostel,Morning,Kinesthetic,Poor,Medium,Good,No,Yes,Placed,269,219,65,364,100.0,78.8,7.46,0,36,7,1,1,5.0,405,1053,77.93,86.91,Excellent
STU1809,CSE,2,Male,Hostel,Night,Visual,Poor,High,Good,No,Yes,Not Started,74,426,79,223,50.0,51.8,4.85,0,23,0,0,0,0.0,115,1013,43.67,56.33,Average
STU1810,CSE,1,Male,Hostel,Night,Kinesthetic,Good,Low,Good,No,No,Not Started,120,231,260,289,73.7,64.8,6.43,3,38,0,0,0,1.0,0,1105,65.35,71.37,Good
STU1811,CSE-DS,5,Male,Hostel,Night,Visual,Average,Medium,Good,No,No,Not Started,14,232,81,446,78.9,62.2,7.2,0,27,3,0,1,3.0,174,1055,64.03,72.88,Good
STU1812,IT,5,Male,Hostel,Night,Kinesthetic,Average,Medium,Good,Yes,No,Not Started,39,80,256,181,82.8,69.3,6.21,2,31,2,1,1,6.0,74,897,52.03,66.45,Average
STU1813,CSE,1,Female,Day Scholar,Morning,Visual,Good,Low,Good,No,No,Not Started,17,304,227,9,70.7,63.3,6.22,2,31,1,0,0,1.0,4,1200,57.54,65.84,Average
STU1814,CSE,2,Male,Hostel,Afternoon,Auditory,Poor,High,Average,No,No,Not Started,0,359,168,462,95.6,64.9,6.25,5,32,4,0,0,0.0,120,1205,50.57,62.27,Average
STU1815,CSE,5,Female,Day Scholar,Afternoon,Auditory,Average,Medium,Good,No,No,Not Started,158,218,63,397,98.6,72.1,7.51,0,41,8,1,2,4.0,181,1100,79.22,86.43,Excellent
STU1816,ECE,7,Male,Day Scholar,Night,Kinesthetic,Good,Medium,Average,Yes,No,In Progress,285,329,145,442,63.5,69.6,7.03,0,40,6,5,3,2.0,324,1264,85.81,78.62,Good
STU1817,CSE,3,Female,Hostel,Morning,Auditory,Average,Low,Average,No,Yes,Not Started,211,0,128,178,91.2,81.3,8.14,0,46,2,0,1,1.0,92,1058,76.52,88.36,Excellent
STU1818,IT,1,Male,Hostel,Night,Kinesthetic,Good,Low,Poor,No,Yes,Not Started,242,432,64,300,67.4,67.2,6.98,0,37,2,0,0,2.0,0,1002,72.59,79.63,Good
STU1819,CSE-DS,7,Female,Day Scholar,Night,Kinesthetic,Poor,Low,Good,No,Yes,Placed,184,253,131,354,86.2,72.2,7.27,2,33,12,3,5,3.0,371,1149,89.98,77.31,Good
STU1820,CSE,4,Female,Hostel,Night,Kinesthetic,Good,Medium,Good,No,No,Not Started,192,156,72,431,71.5,61.5,6.11,3,27,1,1,0,4.0,171,930,67.64,64.94,Average
STU1821,CSE,2,Male,Hostel,Afternoon,Auditory,Average,Medium,Average,No,No,Not Started,249,191,305,381,93.8,75.3,6.94,0,38,0,2,0,2.0,149,1080,67.81,81.95,Good
STU1822,CSE,1,Female,Hostel,Night,Kinesthetic,Good,Low,Average,Yes,Yes,Not Started,165,500,8,184,94.8,69.2,6.98,0,32,0,1,0,1.0,138,1040,78.42,73.37,Good
STU1823,CSE-DS,5,Female,Day Scholar,Afternoon,Auditory,Poor,High,Good,No,No,Not Started,191,266,189,310,83.1,77.9,7.03,1,36,0,2,2,3.0,119,1157,51.22,74.07,Good
STU1824,IT,2,Male,Hostel,Morning,Auditory,Average,Medium,Good,Yes,No,Not Started,143,285,123,57,100.0,67.9,6.23,4,32,2,0,0,1.0,63,1072,59.01,65.83,Average
STU1825,CSE-DS,3,Male,Day Scholar,Morning,Visual,Good,Low,Good,No,Yes,Not Started,70,246,195,331,77.5,58.6,5.48,0,30,1,1,0,2.0,107,1057,77.01,70.12,Good
STU1826,CSE-AIML,2,Female,Day Scholar,Night,Auditory,Good,Low,Average,No,Yes,Not Started,168,174,204,653,88.2,75.6,7.43,0,41,1,0,0,1.0,138,718,89.84,82.72,Good
STU1827,CSE,2,Female,Hostel,Morning,Visual,Good,Low,Poor,No,Yes,Not Started,74,65,234,0,87.7,70.0,7.86,2,31,2,1,0,0.0,0,999,57.5,76.73,Good
STU1828,ECE,3,Male,Hostel,Night,Kinesthetic,Good,Low,Average,No,No,Not Started,259,330,82,254,80.6,75.0,6.22,3,38,2,0,0,1.0,115,1382,77.79,73.97,Good
STU1829,IT,6,Male,Hostel,Morning,Kinesthetic,Average,Medium,Good,Yes,Yes,In Progress,223,197,0,253,90.2,75.3,7.77,0,43,4,0,2,4.0,127,1141,76.56,86.51,Excellent
STU1830,CSE,3,Female,Hostel,Morning,Visual,Poor,High,Good,No,No,Not Started,314,228,384,330,91.8,80.9,8.67,0,34,4,2,0,2.0,139,1305,63.26,84.18,Good
STU1831,ECE,7,Female,Hostel,Morning,Kinesthetic,Average,High,Good,Yes,No,In Progress,109,368,89,230,74.7,67.6,7.5,0,37,3,3,2,4.0,115,951,57.09,74.1,Good
STU1832,CSE-DS,2,Female,Hostel,Night,Visual,Good,High,Good,No,No,Not Started,56,330,0,57,86.0,69.8,6.85,0,27,1,1,0,1.0,0,1013,49.24,71.28,Good
STU1833,CSE-AIML,8,Male,Hostel,Night,Visual,Average,Medium,Good,No,Yes,Placed,42,187,152,366,81.1,69.8,6.98,0,33,6,2,2,7.0,276,1203,75.34,80.38,Good
STU1834,CSE-DS,3,Female,Hostel,Night,Kinesthetic,Average,Medium,Good,No,Yes,Not Started,321,300,106,430,83.9,71.7,7.58,1,32,3,0,1,2.0,45,1201,77.56,78.25,Good
STU1835,IT,6,Male,Hostel,Night,Visual,Good,High,Poor,No,No,Not Started,144,328,200,562,100.0,69.1,6.6,0,34,4,0,0,4.0,385,1141,68.06,81.02,Good
STU1836,CSE-DS,7,Male,Day Scholar,Night,Visual,Poor,Medium,Poor,No,No,Placed,45,150,115,383,69.6,64.3,5.66,4,34,7,1,0,4.0,284,1513,55.25,63.89,Average
STU1837,CSE,8,Female,Hostel,Night,Visual,Poor,Medium,Good,No,No,Placed,222,190,251,494,96.8,75.2,8.45,0,40,8,1,1,4.0,389,1486,76.17,87.42,Excellent
STU1838,CSE,8,Female,Day Scholar,Night,Kinesthetic,Average,Medium,Good,No,No,Placed,149,276,95,124,76.8,64.2,5.71,3,29,7,1,0,5.0,107,821,73.47,69.29,Average
STU1839,ECE,1,Male,Hostel,Night,Kinesthetic,Average,Medium,Average,No,No,Not Started,94,331,0,170,76.9,73.1,8.26,0,34,2,0,0,1.0,85,1018,61.2,80.57,Good
STU1840,CSE,3,Male,Hostel,Afternoon,Kinesthetic,Average,Medium,Good,Yes,Yes,Not Started,313,288,183,0,77.1,84.1,7.71,0,40,2,2,0,4.0,32,948,69.22,80.77,Good
STU1841,CSE,3,Female,Hostel,Night,Kinesthetic,Average,High,Average,No,No,Not Started,167,287,4,471,80.9,57.2,5.67,2,25,5,1,1,3.0,108,869,70.01,67.75,Average
STU1842,CSE-AIML,2,Male,Hostel,Night,Kinesthetic,Poor,Low,Good,No,No,Not Started,231,189,133,265,83.0,61.4,5.96,1,27,0,1,0,1.0,119,1082,60.44,69.99,Average
STU1843,CSE-AIML,7,Female,Hostel,Night,Auditory,Good,Low,Good,Yes,Yes,In Progress,218,130,230,360,73.7,71.5,6.78,0,40,9,3,1,2.0,282,1199,100.0,79.6,Good
STU1844,CSE-DS,1,Female,Day Scholar,Night,Auditory,Average,Medium,Average,No,Yes,Not Started,424,300,56,460,55.0,57.9,5.95,2,27,0,0,0,2.0,16,1239,79.05,61.09,Average
STU1845,ECE,4,Male,Day Scholar,Morning,Visual,Average,Low,Average,No,Yes,Not Started,161,157,182,495,87.2,77.4,8.09,0,37,5,3,0,0.0,215,1163,86.99,85.18,Excellent
STU1846,CSE,4,Other,Hostel,Night,Auditory,Average,Medium,Good,Yes,No,Not Started,90,185,149,193,78.4,72.7,6.84,0,44,2,1,1,0.0,116,1034,58.93,75.06,Good
STU1847,CSE,5,Female,Hostel,Morning,Kinesthetic,Good,Medium,Good,No,Yes,Not Started,118,22,65,163,68.9,64.4,5.82,1,37,5,1,1,2.0,38,1122,75.68,76.26,Good
STU1848,CSE,3,Female,Hostel,Night,Kinesthetic,Poor,Medium,Poor,No,No,Not Started,269,169,264,212,79.8,73.7,8.02,0,34,0,2,0,3.0,123,1308,44.65,75.85,Good
STU1849,IT,3,Female,Hostel,Night,Kinesthetic,Poor,Medium,Good,No,Yes,Not Started,202,189,182,87,80.7,69.0,6.52,0,33,7,0,0,3.0,0,691,70.17,79.56,Good
STU1850,CSE-DS,1,Female,Hostel,Night,Visual,Good,Medium,Poor,No,Yes,Not Started,137,122,251,329,100.0,71.0,6.49,5,29,0,1,0,1.0,0,1218,60.77,63.35,Average
STU1851,CSE,6,Male,Hostel,Morning,Visual,Good,Medium,Average,No,No,In Progress,210,132,46,506,89.1,69.9,6.81,0,37,4,1,0,1.0,267,1309,81.85,79.62,Good
STU1852,IT,4,Male,Hostel,Morning,Visual,Average,Medium,Good,No,No,Not Started,299,250,134,0,93.8,82.1,8.32,0,44,3,0,0,3.0,0,1213,70.8,86.81,Excellent
STU1853,IT,5,Female,Hostel,Morning,Visual,Poor,Low,Good,No,No,Not Started,329,304,229,220,84.2,78.7,8.26,0,39,2,0,0,5.0,195,690,69.65,82.63,Good
STU1854,IT,1,Male,Hostel,,Visual,Average,Medium,Good,No,Yes,Not Started,213,306,131,30,83.8,74.8,6.71,0,37,1,0,0,1.0,0,1220,66.6,78.37,Good
STU1855,ECE,3,Male,Hostel,Night,Visual,Average,Medium,Poor,No,Yes,Not Started,282,315,296,130,85.9,83.9,8.3,0,44,4,0,1,2.0,60,1026,65.16,88.17,Excellent
STU1856,CSE,4,Female,Hostel,Night,Auditory,Good,Medium,Good,No,Yes,Not Started,51,360,65,205,67.0,60.6,6.6,0,34,2,1,0,1.0,47,1183,68.83,75.86,Good
STU1857,IT,7,Female,Day Scholar,Night,Kinesthetic,Average,Low,Good,No,No,In Progress,235,389,127,550,76.2,73.9,6.62,0,40,7,6,0,2.0,299,1094,89.07,81.65,Good
STU1858,CSE-AIML,5,Male,Hostel,Night,Auditory,Poor,Medium,Good,No,No,Not Started,163,219,211,635,74.4,72.0,6.59,0,36,1,3,1,4.0,318,1070,67.62,74.61,Good
STU1859,IT,2,Female,Day Scholar,Afternoon,Visual,Average,Medium,Good,No,Yes,Not Started,76,185,166,447,74.1,60.2,6.06,1,32,1,0,0,0.0,18,1230,69.55,74.01,Good
STU1860,CSE-DS,4,Female,Day Scholar,Morning,Kinesthetic,Good,Low,Good,No,Yes,Not Started,96,330,154,320,67.4,60.8,5.79,0,29,4,1,0,2.0,147,937,82.01,72.55,Good
STU1861,IT,5,Male,Day Scholar,Morning,Kinesthetic,Average,Medium,Good,Yes,No,Not Started,106,67,160,325,74.0,65.1,6.73,0,36,2,0,2,2.0,184,966,60.58,75.43,Good
STU1862,CSE-DS,1,Female,Day Scholar,Night,Kinesthetic,Average,High,Good,No,No,Not Started,206,228,0,450,94.5,70.8,7.26,0,29,0,0,0,0.0,14,1041,62.9,79.58,Good
STU1863,CSE,2,Male,Day Scholar,Night,Auditory,Average,Medium,Good,No,Yes,Not Started,80,138,104,459,62.2,61.9,5.21,4,23,0,0,0,1.0,186,996,65.15,54.17,Average
STU1864,CSE-AIML,5,Male,Day Scholar,Night,Kinesthetic,Average,Low,Good,No,No,Not Started,243,145,150,424,89.1,74.1,6.98,2,38,5,1,1,3.0,176,1172,81.13,82.8,Good
STU1865,ECE,5,Male,Hostel,Afternoon,Visual,Good,Low,Poor,No,No,Not Started,266,175,161,501,100.0,72.5,7.3,0,35,5,2,0,3.0,274,941,82.29,85.18,Excellent
STU1866,ECE,8,Male,Hostel,Afternoon,Visual,Average,Low,Good,No,Yes,Placed,169,324,33,169,100.0,76.7,7.12,0,33,9,1,3,2.0,128,1120,85.3,84.61,Good
STU1867,CSE,8,Male,Day Scholar,Night,Auditory,Good,Low,Poor,No,No,Placed,161,497,150,264,81.3,70.8,7.3,0,34,8,0,1,2.0,183,865,76.6,77.92,Good
STU1868,CSE,8,Female,Day Scholar,Morning,Auditory,Good,Medium,Average,Yes,No,Placed,194,332,167,447,84.3,70.5,6.59,1,32,7,3,1,3.0,309,1268,88.27,69.79,Average
STU1869,CSE,3,Female,Day Scholar,Night,Visual,Good,Low,,No,No,Not Started,135,17,147,205,100.0,76.7,7.35,0,36,2,2,2,2.0,105,837,75.99,82.06,Good
STU1870,CSE-DS,6,Female,Day Scholar,Afternoon,Auditory,Poor,Medium,Good,No,No,Not Started,311,213,121,749,71.9,74.8,7.83,0,37,4,1,1,3.0,417,979,85.0,80.41,Good
STU1871,IT,4,Female,Day Scholar,Morning,Kinesthetic,Good,Low,Average,No,No,Not Started,0,162,34,434,100.0,63.6,6.75,0,33,3,2,0,2.0,215,1252,71.91,84.58,Good
STU1872,CSE,3,Male,Day Scholar,Night,Auditory,Average,Low,Poor,No,No,Not Started,145,116,48,219,81.5,65.4,7.19,2,37,4,1,0,2.0,96,1209,66.03,77.23,Good
STU1873,CSE-AIML,7,Male,Day Scholar,Afternoon,Kinesthetic,Average,Low,Good,No,No,Placed,39,218,153,640,100.0,59.6,5.55,5,30,10,3,3,4.0,441,1237,89.92,67.99,Average
STU1874,IT,2,Female,Hostel,Night,Kinesthetic,Good,Low,Average,Yes,No,Not Started,231,153,0,456,72.5,80.7,7.76,0,35,3,0,0,1.0,57,940,87.99,77.58,Good
STU1875,CSE-DS,6,Male,Day Scholar,Night,Kinesthetic,Good,Low,Good,No,No,Not Started,199,142,233,152,89.9,65.2,6.39,4,31,4,1,1,2.0,119,864,82.41,69.5,Average
STU1876,CSE-AIML,5,Male,Day Scholar,Night,Kinesthetic,Average,Medium,Good,No,Yes,Not Started,247,322,80,341,96.9,85.9,8.75,0,31,4,3,1,0.0,152,1101,81.44,85.52,Excellent
STU1877,CSE-AIML,3,Female,Day Scholar,Night,Kinesthetic,Average,Medium,Average,No,Yes,Not Started,194,262,160,139,82.9,73.0,7.18,0,39,2,1,0,0.0,40,1083,63.16,81.51,Good
STU1878,CSE-AIML,8,Male,Day Scholar,Night,Visual,Average,Low,Average,No,No,In Progress,215,435,239,385,64.8,59.6,5.69,2,28,4,0,2,2.0,297,960,80.47,65.01,Average
STU1879,CSE,6,Female,Hostel,Morning,Visual,Poor,Medium,Good,No,No,Not Started,101,93,0,87,93.5,75.8,7.67,0,39,4,3,1,4.0,18,1075,50.3,84.02,Good
STU1880,CSE-AIML,7,Male,Hostel,Night,Visual,Average,Low,Average,No,No,Placed,193,66,163,326,90.2,73.9,7.82,0,38,8,1,2,4.0,176,1350,81.85,87.58,Excellent
STU1881,CSE-DS,4,Male,Day Scholar,Night,Kinesthetic,Good,Low,Poor,No,Yes,Not Started,109,201,96,286,73.2,72.0,6.74,0,36,4,1,1,1.0,74,1014,69.24,74.75,Good
STU1882,IT,7,Male,Hostel,Morning,Auditory,Average,High,Good,No,No,In Progress,235,180,0,390,86.0,76.8,8.04,0,40,8,4,2,3.0,262,1186,75.66,84.16,Good
STU1883,CSE-DS,2,Female,Hostel,Night,Auditory,Good,High,Average,No,Yes,Not Started,94,318,274,421,82.2,74.1,8.15,0,36,3,0,0,2.0,135,1027,74.71,81.03,Good
STU1884,IT,1,Male,Hostel,Night,Kinesthetic,Average,High,Good,No,No,Not Started,133,290,25,419,72.3,64.7,6.45,1,35,2,1,0,1.0,65,848,60.28,75.45,Good
STU1885,CSE,3,Male,Day Scholar,Night,Auditory,Good,Low,Poor,No,No,Not Started,172,310,245,335,70.3,67.6,7.47,0,30,1,1,0,0.0,141,1079,60.16,74.27,Good
STU1886,CSE-AIML,8,Female,Day Scholar,Night,Kinesthetic,Poor,High,Good,No,No,In Progress,317,53,7,97,62.9,76.1,7.18,0,41,5,3,0,9.0,173,1140,67.88,82.09,Good
STU1887,CSE,2,Female,Day Scholar,Afternoon,Auditory,Poor,Medium,Average,No,No,Not Started,182,208,0,340,91.6,70.2,6.13,0,36,2,0,0,2.0,0,956,52.77,76.89,Good
STU1888,CSE,1,Male,Day Scholar,Night,Kinesthetic,Average,Medium,,No,Yes,Not Started,361,12,0,238,75.1,76.5,8.1,0,36,1,1,0,1.0,58,924,71.06,79.84,Good
STU1889,CSE-DS,8,Male,Hostel,Afternoon,Auditory,Poor,High,Good,Yes,No,In Progress,304,367,13,618,88.7,73.0,8.08,0,36,8,3,0,3.0,516,1305,83.15,80.4,Good
STU1890,ECE,8,Male,Hostel,Afternoon,Auditory,Average,High,Good,Yes,Yes,In Progress,152,139,27,440,94.1,76.5,7.37,0,33,6,0,3,1.0,375,1339,80.36,79.07,Good
STU1891,CSE,8,Female,Hostel,Night,Visual,Average,Medium,Good,No,Yes,Placed,216,236,198,0,72.0,68.3,7.06,0,27,6,1,3,4.0,46,1301,74.89,74.53,Good
STU1892,CSE-AIML,3,Other,Day Scholar,Night,Auditory,Good,High,Average,No,No,Not Started,229,62,332,348,80.9,72.8,7.43,1,36,0,2,0,0.0,79,1072,68.95,76.96,Good
STU1893,IT,2,Male,Hostel,Morning,Auditory,Average,Medium,Good,No,Yes,Not Started,0,142,262,788,67.6,67.0,5.54,3,33,2,0,0,2.0,175,1215,75.46,62.93,Average
STU1894,CSE,8,Female,Day Scholar,Night,Kinesthetic,Average,Medium,Good,No,No,Placed,25,202,124,117,92.3,67.7,7.57,1,36,8,0,0,7.0,200,958,71.76,79.69,Good
STU1895,CSE-AIML,7,Male,Hostel,Night,Auditory,Good,Low,Good,No,No,In Progress,220,226,95,414,64.2,68.0,6.53,1,35,3,2,1,5.0,318,1408,82.76,70.37,Good
STU1896,CSE-DS,2,Male,Hostel,Night,Auditory,Poor,High,Good,No,Yes,Not Started,226,250,93,215,85.2,78.2,8.48,0,40,0,0,0,1.0,69,1035,49.3,84.15,Good
STU1897,CSE-DS,6,Male,Day Scholar,Night,Auditory,Good,Medium,Good,No,No,In Progress,193,324,0,623,78.0,68.2,7.54,1,38,6,2,0,7.0,353,1466,90.82,81.98,Good
STU1898,CSE,7,Male,Hostel,Night,Auditory,Poor,High,Good,No,No,In Progress,79,364,139,166,92.1,68.7,7.13,0,37,7,3,2,1.0,193,1123,54.74,81.37,Good
STU1899,CSE,3,Male,Day Scholar,Afternoon,Auditory,Average,Medium,Average,No,Yes,Not Started,397,319,173,276,81.2,70.7,6.65,0,35,1,0,0,3.0,72,1163,80.29,77.53,Good
STU1900,IT,8,Male,Hostel,Afternoon,Visual,Poor,Medium,Good,Yes,Yes,In Progress,231,254,28,424,100.0,76.8,8.28,0,38,4,4,0,8.0,364,1131,74.94,84.61,Good
STU1901,CSE-AIML,2,Female,Hostel,Night,Auditory,Poor,Medium,Good,No,No,Not Started,271,164,0,33,80.8,79.0,8.07,0,44,1,1,0,1.0,25,1203,50.8,82.56,Good
STU1902,CSE,5,Male,Hostel,Afternoon,Kinesthetic,Average,Medium,Good,No,Yes,Not Started,263,206,118,267,83.9,71.0,6.75,0,36,3,2,2,3.0,119,1000,77.31,81.99,Good
STU1903,IT,3,Female,Hostel,Night,Kinesthetic,Average,Medium,Good,No,No,Not Started,193,234,210,407,92.0,72.4,6.8,0,37,2,2,1,1.0,78,1015,66.32,80.85,Good
STU1904,CSE,2,Male,Day Scholar,Night,Auditory,Average,Low,Average,No,No,Not Started,187,281,24,0,87.9,69.4,6.37,1,35,3,0,0,1.0,2,710,63.59,78.01,Good
STU1905,CSE-DS,6,Male,Hostel,Night,Auditory,Good,Medium,Good,No,Yes,Not Started,261,138,13,470,72.6,63.6,5.74,5,34,4,0,0,2.0,289,1366,90.41,64.46,Average
STU1906,CSE,8,Male,Hostel,Morning,Auditory,Good,Medium,Average,No,No,Placed,132,223,57,74,85.7,67.5,6.55,0,31,6,3,5,5.0,0,954,70.06,78.77,Good
STU1907,ECE,1,Male,Hostel,Morning,Visual,Average,Medium,Good,Yes,No,Not Started,267,344,165,62,75.3,70.1,6.81,0,35,0,0,0,0.0,58,1169,61.37,71.51,Good
STU1908,CSE,8,Male,Day Scholar,Morning,Kinesthetic,Average,Medium,Good,No,No,In Progress,195,355,46,554,100.0,85.7,8.01,0,39,6,2,2,2.0,434,1440,82.78,89.62,Excellent
STU1909,CSE,1,Male,Day Scholar,Night,Visual,Good,Low,Good,No,No,Not Started,233,190,273,180,56.2,63.9,6.13,4,29,2,0,0,0.0,118,914,75.38,62.68,Average
STU1910,CSE,5,Male,Hostel,Afternoon,Visual,Good,Low,Good,No,No,Not Started,196,173,74,0,97.1,77.8,7.71,0,36,4,4,0,1.0,123,1067,69.83,80.22,Good
STU1911,CSE,3,Male,Hostel,,Auditory,Good,High,Good,No,No,Not Started,100,254,64,344,81.3,68.3,7.42,1,30,2,0,0,3.0,123,913,66.63,75.7,Good
STU1912,IT,6,Female,Day Scholar,Morning,Auditory,Poor,High,Average,No,No,In Progress,164,231,126,505,66.5,69.2,6.56,0,31,3,2,0,6.0,224,1151,62.18,67.74,Average
STU1913,ECE,2,Female,Day Scholar,Night,Kinesthetic,Average,Medium,Poor,No,Yes,Not Started,289,21,219,132,66.1,61.6,6.46,2,32,0,2,0,1.0,56,1074,56.61,68.24,Average
STU1914,CSE,2,Male,Hostel,Afternoon,Auditory,Average,Low,Average,No,No,Not Started,237,448,179,360,83.6,74.1,7.52,0,36,3,1,0,0.0,17,867,77.67,79.71,Good
STU1915,CSE-AIML,1,Male,Day Scholar,Night,Kinesthetic,Average,Medium,Average,Yes,No,Not Started,279,159,0,301,67.8,68.9,7.24,0,31,0,0,0,1.0,0,913,66.53,69.62,Average
STU1916,CSE-DS,6,Male,Day Scholar,Afternoon,Visual,Poor,Medium,Average,No,Yes,Not Started,264,183,170,89,87.7,76.8,7.49,0,37,8,0,0,7.0,6,1044,71.74,84.61,Good
STU1917,IT,7,Female,Day Scholar,Morning,Kinesthetic,Average,Medium,Poor,Yes,Yes,Placed,128,89,220,125,77.3,71.0,7.14,0,36,5,0,1,5.0,190,960,61.61,77.64,Good
STU1918,CSE-AIML,5,Male,Day Scholar,Night,Kinesthetic,Average,Medium,Good,No,No,Not Started,39,361,229,425,86.1,67.5,6.71,1,33,8,0,2,6.0,186,1087,80.43,80.43,Good
STU1919,CSE,1,Male,Day Scholar,Morning,Kinesthetic,Average,Low,Average,No,No,Not Started,256,156,269,466,64.2,65.5,7.17,0,34,0,0,0,1.0,34,1049,77.39,72.05,Good
STU1920,CSE-AIML,1,Male,Hostel,Night,Visual,Good,Medium,Average,No,No,Not Started,164,289,344,319,52.8,65.5,6.41,3,27,1,1,0,0.0,65,932,72.34,63.83,Average
STU1921,CSE-DS,5,Female,Day Scholar,Night,Visual,Average,Medium,Good,No,Yes,Not Started,242,315,129,0,65.6,70.7,6.31,4,39,6,2,0,2.0,0,870,70.6,67.4,Average
STU1922,CSE,3,Male,Hostel,Night,Auditory,Poor,High,Good,No,No,Not Started,306,163,86,686,100.0,85.2,8.83,0,43,0,1,0,0.0,205,1237,64.56,89.03,Excellent
STU1923,CSE-DS,2,Female,Day Scholar,Night,Auditory,Good,Medium,Average,No,Yes,Not Started,148,148,38,640,96.3,73.8,7.62,1,34,1,0,0,0.0,204,1153,80.19,81.27,Good
STU1924,CSE,3,Male,Hostel,Morning,Kinesthetic,Good,Medium,Average,No,Yes,Not Started,111,270,0,450,90.4,68.2,7.05,1,31,3,3,0,2.0,117,665,79.03,84.1,Good
STU1925,IT,6,Female,Hostel,Afternoon,Kinesthetic,Average,Medium,Good,No,Yes,In Progress,88,0,74,91,92.4,79.8,7.97,0,43,0,1,0,5.0,33,1065,53.77,79.24,Good
STU1926,CSE,7,Female,Day Scholar,Afternoon,Visual,Average,Medium,Good,No,Yes,In Progress,178,320,68,50,87.2,67.6,7.66,0,28,2,2,2,3.0,84,1176,64.41,79.16,Good
STU1927,CSE-AIML,8,Male,Day Scholar,Morning,Visual,Average,Low,Good,No,No,Placed,52,209,14,289,100.0,77.0,7.78,0,39,8,7,0,2.0,235,1056,73.79,87.31,Excellent
STU1928,CSE-AIML,4,Female,Hostel,Afternoon,Visual,Poor,Medium,Good,No,Yes,Not Started,211,152,142,176,77.8,75.6,7.94,0,28,5,2,1,1.0,78,1121,67.99,79.12,Good
STU1929,CSE-DS,4,Male,Hostel,Afternoon,Kinesthetic,Good,Low,Good,Yes,Yes,Not Started,216,173,115,530,90.5,77.6,7.92,1,33,5,2,0,1.0,252,1422,98.56,81.25,Good
STU1930,CSE,4,Female,Hostel,Night,Kinesthetic,Poor,Low,Average,Yes,Yes,Not Started,215,212,127,500,77.4,70.1,6.39,2,30,6,0,0,2.0,200,1136,86.13,71.72,Good
STU1931,CSE-AIML,5,Female,Day Scholar,Night,Visual,Good,Low,Poor,No,No,Not Started,27,190,21,2,87.5,68.2,7.76,0,29,10,1,0,3.0,0,910,65.8,78.68,Good
STU1932,CSE-AIML,1,Male,Day Scholar,Morning,Kinesthetic,Average,Low,Average,No,No,Not Started,287,406,163,535,99.1,76.4,8.15,0,37,1,0,0,0.0,18,935,80.46,87.89,Excellent
STU1933,CSE-AIML,7,Female,Hostel,Afternoon,Visual,Good,Low,Good,No,No,Placed,191,101,53,253,75.1,61.3,6.28,1,30,11,5,2,2.0,66,880,89.61,72.37,Good
STU1934,CSE-DS,3,Male,Day Scholar,Afternoon,Auditory,Average,Medium,Average,No,No,Not Started,139,125,267,164,60.3,61.0,5.78,4,27,3,0,0,0.0,119,1131,66.74,55.31,Average
STU1935,CSE-DS,8,Male,Day Scholar,Afternoon,Visual,Average,Low,Good,Yes,No,Placed,238,242,0,287,75.7,70.1,7.84,0,31,10,4,1,4.0,162,895,89.83,76.61,Good
STU1936,IT,2,Male,Hostel,Night,Kinesthetic,Average,Medium,Good,No,No,Not Started,237,374,63,59,61.9,60.9,5.36,1,34,5,0,0,1.0,66,1147,66.81,69.02,Average
STU1937,CSE,4,Female,Day Scholar,Afternoon,Kinesthetic,Average,Medium,Average,No,Yes,Not Started,76,194,169,546,84.3,62.8,6.16,0,31,2,2,0,2.0,219,1368,71.24,78.23,Good
STU1938,IT,3,Male,Hostel,Morning,Kinesthetic,Good,Low,Average,No,No,Not Started,175,126,0,266,80.4,66.4,6.94,0,30,2,0,0,1.0,80,738,73.1,80.81,Good
STU1939,CSE-AIML,4,Male,Day Scholar,Night,Kinesthetic,Average,High,Poor,No,No,Not Started,126,249,251,517,63.3,63.5,7.11,0,27,4,0,1,2.0,308,934,60.44,72.67,Good
STU1940,CSE,7,Female,Hostel,Night,Visual,Average,Medium,Good,Yes,Yes,In Progress,142,320,221,514,48.7,63.1,6.46,1,31,4,3,1,3.0,370,1069,80.24,64.96,Average
STU1941,CSE,4,Male,Hostel,Night,Visual,Good,High,Good,No,No,Not Started,227,313,289,189,82.3,72.8,7.12,0,39,3,3,1,3.0,65,843,64.22,79.75,Good
STU1942,CSE,2,Male,Hostel,Night,Auditory,Average,Medium,Good,No,No,Not Started,101,79,248,322,100.0,84.3,8.0,0,40,0,0,0,1.0,111,1216,60.09,85.6,Excellent
STU1943,IT,8,Male,Hostel,Morning,Visual,Poor,Medium,Average,No,No,Placed,229,313,192,151,78.9,70.2,7.06,0,36,12,6,2,6.0,69,941,79.89,79.93,Good
STU1944,CSE-DS,6,Male,Day Scholar,Morning,Auditory,Poor,High,,No,No,Not Started,96,186,133,560,74.8,65.7,6.52,0,38,4,2,1,3.0,336,914,61.9,78.34,Good
STU1945,IT,6,Male,Hostel,Morning,Visual,Poor,Medium,Good,No,No,Not Started,288,66,0,200,64.8,75.6,7.2,0,34,4,2,2,6.0,120,1076,65.37,76.48,Good
STU1946,CSE-AIML,7,Male,Hostel,Afternoon,Visual,Average,Medium,Average,No,No,In Progress,121,352,254,432,90.6,69.3,7.47,0,41,6,3,1,6.0,339,1155,78.91,87.39,Excellent
STU1947,CSE-AIML,6,Female,Day Scholar,Night,Kinesthetic,Average,Medium,Poor,No,Yes,Not Started,386,46,54,499,70.9,73.2,7.28,0,35,4,4,0,5.0,340,1213,82.12,77.92,Good
STU1948,CSE,5,Female,Hostel,Night,Auditory,Poor,High,Good,No,No,Not Started,253,75,97,627,67.0,68.1,6.61,0,33,3,4,0,3.0,297,1067,65.23,74.55,Good
STU1949,CSE,1,Male,Hostel,Morning,Kinesthetic,Good,Low,Average,No,No,Not Started,162,362,80,514,96.5,78.5,7.52,1,44,1,1,0,0.0,25,1071,79.47,87.53,Excellent
STU1950,CSE-AIML,5,Male,Day Scholar,Morning,Kinesthetic,Poor,Medium,Good,No,Yes,Not Started,94,65,65,244,74.3,66.6,6.3,2,35,7,1,1,0.0,152,828,71.42,75.06,Good
STU1951,CSE,3,Male,Day Scholar,Afternoon,Visual,Good,Low,Good,No,No,Not Started,226,162,235,590,83.6,72.1,7.77,0,40,1,1,1,2.0,179,834,87.52,86.49,Excellent
STU1952,CSE,5,Female,Hostel,Night,Visual,Poor,High,Good,Yes,No,Not Started,271,128,210,512,89.8,78.1,8.32,0,41,3,3,2,2.0,296,1212,63.08,81.47,Good
STU1953,CSE-AIML,3,Male,Hostel,Afternoon,Auditory,Good,Medium,Good,No,No,Not Started,235,213,171,15,63.4,62.9,6.73,2,28,2,1,1,0.0,99,936,67.88,68.55,Average
STU1954,CSE-DS,3,Male,Day Scholar,,Auditory,Poor,High,Good,No,No,Not Started,127,152,120,519,72.2,69.2,7.2,0,31,1,2,0,2.0,10,1118,49.89,71.62,Good
STU1955,ECE,1,Female,Hostel,Night,Visual,Poor,High,Good,Yes,No,Not Started,308,117,0,389,100.0,86.2,8.89,0,39,0,0,0,1.0,44,1013,56.13,84.39,Good
STU1956,ECE,2,Male,Hostel,Morning,Auditory,Poor,Medium,Good,No,No,Not Started,206,292,112,273,72.9,74.8,8.09,0,36,1,1,0,3.0,22,1131,57.93,79.02,Good
STU1957,CSE-DS,8,Male,Hostel,Morning,Visual,Average,Medium,Poor,No,No,Placed,121,316,253,276,75.1,64.4,6.11,1,29,8,2,2,4.0,229,1151,60.13,70.28,Good
STU1958,CSE-AIML,7,Female,Hostel,Morning,Visual,Average,Medium,Average,Yes,Yes,In Progress,379,135,70,294,77.3,67.1,6.1,0,37,4,1,0,2.0,170,1099,87.52,76.84,Good
STU1959,CSE-DS,1,Female,Day Scholar,Morning,Visual,Average,Medium,Average,No,No,Not Started,238,283,63,227,95.2,85.4,9.36,0,43,0,0,0,0.0,5,1163,62.76,89.71,Excellent
STU1960,IT,7,Male,Day Scholar,Morning,Auditory,Average,Medium,Good,No,No,Placed,216,543,205,383,100.0,72.3,6.88,2,35,9,3,1,2.0,283,1290,86.89,76.52,Good
STU1961,CSE,6,Female,Day Scholar,Afternoon,Kinesthetic,Average,Low,Good,No,No,In Progress,136,237,117,515,84.8,70.2,7.86,0,40,3,2,0,3.0,261,1190,79.52,86.08,Excellent
STU1962,CSE-AIML,6,Male,Day Scholar,Night,Auditory,Average,Medium,Average,No,No,Not Started,176,239,243,88,82.7,72.6,7.39,0,31,4,3,4,1.0,109,1008,61.56,78.15,Good
STU1963,IT,5,Female,Hostel,Night,Kinesthetic,Average,High,Poor,No,Yes,Not Started,106,229,32,0,77.0,56.6,5.43,4,31,4,0,1,2.0,17,1133,51.53,61.21,Average
STU1964,CSE,3,Male,Hostel,Night,Auditory,Good,Low,Average,No,No,Not Started,196,244,140,309,92.1,76.9,7.39,0,40,7,1,0,5.0,55,1223,87.83,89.15,Excellent
STU1965,CSE-AIML,4,Female,Day Scholar,Night,Kinesthetic,Good,Medium,Good,No,No,Not Started,229,233,152,502,76.4,75.0,7.56,0,39,5,0,0,2.0,237,935,87.08,85.92,Excellent
STU1966,CSE-AIML,4,Female,Hostel,Morning,Kinesthetic,Average,Low,Good,No,Yes,Not Started,6,23,111,441,80.2,66.5,6.33,2,33,2,1,1,3.0,184,944,70.27,75.32,Good
STU1967,CSE,7,Female,Hostel,Night,Auditory,Average,Medium,Good,No,Yes,In Progress,63,275,254,206,100.0,70.9,7.11,0,44,2,1,1,6.0,209,1133,69.31,86.8,Excellent
STU1968,CSE,3,Female,Day Scholar,Afternoon,Auditory,Good,Low,Average,No,No,Not Started,98,160,124,251,84.1,66.7,6.93,0,28,0,0,0,4.0,34,1106,67.47,74.9,Good
STU1969,CSE,7,Male,Hostel,Afternoon,Kinesthetic,Average,Medium,Average,No,Yes,Placed,44,109,188,0,88.7,64.2,6.69,1,29,3,1,0,2.0,0,987,55.74,72.84,Good
STU1970,CSE,1,Male,Hostel,Afternoon,Visual,Average,Low,Poor,No,No,Not Started,105,70,112,572,76.8,67.4,6.09,2,32,0,2,0,0.0,74,907,63.87,66.1,Average
STU1971,CSE,2,Male,Day Scholar,Morning,Kinesthetic,Poor,Medium,Good,No,Yes,Not Started,312,102,118,209,77.6,72.2,7.6,2,31,2,0,0,0.0,103,1021,63.23,76.38,Good
STU1972,IT,8,Female,Day Scholar,Night,Kinesthetic,Poor,Medium,Average,No,No,Placed,282,440,155,327,62.1,57.3,6.62,0,31,5,1,4,6.0,279,1291,73.87,72.05,Good
STU1973,CSE,1,Female,Hostel,Morning,Visual,Average,Medium,Good,Yes,Yes,Not Started,124,166,26,242,93.9,72.9,7.84,0,38,1,0,0,1.0,0,1174,64.94,83.09,Good
STU1974,CSE-AIML,3,Male,Day Scholar,Afternoon,Kinesthetic,Average,Medium,Good,No,Yes,Not Started,229,177,61,129,77.6,77.9,7.58,0,43,3,2,0,0.0,89,1137,68.92,82.87,Good
STU1975,CSE,3,Female,Hostel,Afternoon,Visual,Poor,High,Average,No,Yes,Not Started,76,352,107,182,79.2,61.2,6.27,4,31,2,0,0,0.0,17,1209,46.58,64.41,Average
STU1976,ECE,2,Female,Hostel,Morning,Visual,Average,Medium,Good,No,No,Not Started,356,340,124,205,97.4,79.3,7.93,0,34,5,1,0,2.0,13,1112,78.13,86.27,Excellent
STU1977,CSE,7,Female,Day Scholar,Morning,Auditory,Good,Low,Good,No,No,In Progress,162,167,118,170,96.4,74.8,7.09,0,42,6,3,4,3.0,139,979,76.98,87.48,Excellent
STU1978,CSE-AIML,5,Female,Day Scholar,Morning,Kinesthetic,Average,Low,Good,No,No,Not Started,0,118,0,441,74.8,55.3,5.17,1,25,2,2,0,2.0,160,1211,65.18,67.33,Average
STU1979,IT,5,Male,Hostel,Morning,Kinesthetic,Good,Low,Average,No,No,Not Started,380,418,220,447,77.3,73.8,7.29,2,36,3,1,1,2.0,135,929,94.02,77.43,Good
STU1980,IT,2,Male,Hostel,Night,Visual,Average,Medium,Good,No,No,Not Started,153,299,114,250,58.6,69.0,6.54,0,37,1,2,0,0.0,111,885,59.21,73.67,Good
STU1981,CSE,5,Male,Hostel,Afternoon,Kinesthetic,Average,Medium,Good,Yes,No,Not Started,363,166,0,325,88.6,75.8,7.92,0,36,6,1,2,2.0,136,1067,81.7,82.94,Good
STU1982,IT,4,Male,Hostel,Morning,Visual,Poor,High,Average,No,Yes,Not Started,262,414,80,597,88.9,68.8,6.62,0,31,3,2,0,1.0,229,1002,67.74,76.85,Good
STU1983,CSE-AIML,5,Female,Hostel,Night,Kinesthetic,Average,Medium,Good,No,No,Not Started,206,190,278,0,73.7,69.2,6.56,0,32,4,3,0,4.0,0,837,54.97,76.89,Good
STU1984,CSE-AIML,5,Female,Hostel,Night,Kinesthetic,Average,Medium,Average,No,Yes,Not Started,14,153,54,607,86.2,62.9,6.31,0,32,4,1,1,5.0,316,1281,74.53,79.56,Good
STU1985,CSE,5,Female,Hostel,Morning,Visual,Average,Low,Good,No,Yes,Not Started,189,109,317,621,91.7,77.7,8.46,0,40,6,1,0,0.0,270,938,95.33,85.32,Excellent
STU1986,CSE,4,Female,Hostel,Morning,Visual,Good,Low,Good,Yes,Yes,Not Started,39,80,78,457,70.3,67.4,6.24,2,34,1,3,0,4.0,227,1194,81.24,65.05,Average
STU1987,CSE-DS,7,Male,Hostel,Night,Kinesthetic,Poor,High,Good,No,Yes,In Progress,150,258,276,387,79.6,61.4,5.04,1,30,6,2,2,3.0,175,1010,65.46,69.32,Average
STU1988,CSE-AIML,5,Male,Day Scholar,Morning,Kinesthetic,Good,Low,Average,No,No,Not Started,194,0,249,388,84.6,81.8,8.08,0,43,2,5,0,4.0,227,1130,82.36,88.53,Excellent
STU1989,CSE-AIML,6,Male,Hostel,Night,Visual,Poor,High,Good,No,No,In Progress,299,89,134,6,88.2,72.0,7.42,0,35,3,3,1,3.0,6,1005,52.62,78.77,Good
STU1990,CSE-DS,4,Male,Hostel,Morning,Auditory,Average,Low,Average,Yes,No,Not Started,125,232,0,417,89.0,67.7,6.3,1,37,4,1,0,3.0,149,1002,79.05,78.67,Good
STU1991,IT,2,Male,Day Scholar,Night,Auditory,Poor,High,Average,Yes,No,Not Started,373,379,34,520,78.4,74.4,7.54,1,33,1,0,0,1.0,132,946,67.44,75.79,Good
STU1992,CSE,1,Male,Day Scholar,Night,Kinesthetic,Average,Medium,Good,No,No,Not Started,41,311,93,50,72.9,67.5,6.66,0,38,1,1,0,1.0,30,989,54.44,74.29,Good
STU1993,CSE-DS,2,Male,Hostel,Night,Kinesthetic,Poor,Medium,Poor,Yes,Yes,Not Started,106,387,154,99,61.9,70.9,7.1,0,29,1,3,0,0.0,0,1065,43.38,66.4,Average
STU1994,CSE,1,Male,Hostel,Afternoon,Kinesthetic,Poor,High,Good,No,No,Not Started,196,223,31,592,78.5,67.9,6.92,0,32,1,0,0,0.0,0,779,60.02,73.68,Good
STU1995,IT,8,Female,Day Scholar,Afternoon,Visual,Good,Medium,Average,Yes,Yes,Placed,0,484,0,252,89.5,69.6,7.14,0,32,5,0,4,6.0,174,1288,70.63,77.92,Good
STU1996,CSE-DS,2,Male,Hostel,Morning,Kinesthetic,Average,Low,Good,No,No,Not Started,73,40,116,482,100.0,78.7,7.51,1,36,1,1,0,3.0,98,1249,66.37,80.94,Good
STU1997,ECE,6,Male,Day Scholar,Night,Kinesthetic,Good,Low,Poor,No,No,Not Started,221,148,26,104,92.9,71.8,7.84,0,32,4,4,2,3.0,48,930,62.0,81.84,Good
STU1998,CSE,1,Male,Hostel,Night,Kinesthetic,Good,Low,Good,No,Yes,Not Started,263,337,46,433,83.7,73.2,7.51,1,34,2,1,0,1.0,87,1109,87.29,82.06,Good
STU1999,CSE,1,Female,Hostel,Afternoon,Auditory,Poor,Medium,Good,No,Yes,Not Started,92,257,52,429,82.0,73.0,7.54,0,38,1,0,0,0.0,113,1024,55.43,78.19,Good
STU2000,CSE,3,Male,Hostel,Night,Kinesthetic,Good,High,Average,No,No,Not Started,132,135,126,0,75.1,68.7,8.01,0,28,2,2,0,0.0,57,1162,55.13,80.5,Good
STU2001,CSE,1,Male,Day Scholar,Morning,Kinesthetic,Poor,Low,Good,No,No,Not Started,225,273,184,454,67.3,67.0,7.55,0,39,0,0,0,1.0,0,1216,62.79,79.24,Good
STU2002,CSE,1,Female,Day Scholar,Afternoon,Visual,Poor,High,Good,No,No,Not Started,24,165,265,191,92.7,66.6,6.75,0,32,0,0,0,2.0,35,806,32.12,71.54,Good
STU2003,ECE,3,Female,Hostel,Night,Auditory,Poor,High,Good,Yes,No,Not Started,163,183,0,367,96.7,75.7,7.49,1,38,2,1,1,2.0,90,1225,54.6,79.31,Good
STU2004,CSE,5,Female,Hostel,Afternoon,Visual,Average,Medium,Average,No,No,Not Started,158,466,66,250,67.9,57.5,5.86,5,24,3,2,0,3.0,157,937,65.18,58.1,Average
STU2005,CSE,5,Male,Hostel,Afternoon,Kinesthetic,Good,High,,Yes,No,Not Started,338,360,180,496,97.1,79.4,7.21,0,34,4,2,1,,206,1155,88.78,82.88,Good
STU2006,IT,3,Male,Hostel,Morning,Kinesthetic,Good,Medium,Good,No,Yes,Not Started,228,314,124,524,85.1,73.9,7.89,0,30,2,2,1,1.0,84,994,82.36,79.72,Good
STU2007,CSE-AIML,4,Male,Day Scholar,Night,Kinesthetic,Average,Medium,Good,No,No,Not Started,181,306,17,584,92.0,74.9,7.08,1,39,3,5,1,1.0,210,1287,72.62,78.57,Good
STU2008,IT,8,Female,Hostel,Night,Kinesthetic,Poor,Medium,Good,No,Yes,Placed,249,105,217,555,100.0,80.2,8.08,0,44,6,0,2,4.0,608,1232,84.92,96.22,Excellent
STU2009,CSE,1,Male,Day Scholar,Night,Kinesthetic,Good,Medium,Average,No,No,Not Started,199,124,122,512,67.0,64.5,6.95,0,27,2,0,0,0.0,131,903,78.9,75.0,Good
STU2010,CSE-AIML,1,Male,Day Scholar,Night,Visual,Good,Low,Average,No,No,Not Started,96,312,289,273,69.9,65.2,6.63,0,31,1,1,0,0.0,57,1027,72.84,72.92,Good
STU2011,CSE,3,Male,Day Scholar,Night,Kinesthetic,Average,Low,Average,Yes,No,Not Started,244,353,133,266,79.5,68.2,6.38,4,30,5,0,0,1.0,73,1071,81.92,64.77,Average
STU2012,CSE,3,Male,Day Scholar,Morning,Kinesthetic,Good,Medium,Poor,Yes,Yes,Not Started,257,356,69,204,71.8,72.5,6.67,0,36,2,2,1,6.0,22,952,72.53,74.35,Good
STU2013,ECE,4,Male,Hostel,Night,Auditory,Good,Low,Average,No,No,Not Started,151,183,71,150,73.8,65.1,6.3,2,29,3,2,0,1.0,0,945,77.01,70.85,Good
STU2014,CSE,6,Female,Hostel,Night,Auditory,Average,High,Good,No,Yes,Not Started,197,133,0,0,93.0,82.7,8.11,0,40,4,1,1,5.0,0,1052,64.0,87.2,Excellent
STU2015,CSE-AIML,5,Female,Hostel,Night,Kinesthetic,Poor,Medium,Good,No,No,Not Started,355,290,262,420,84.5,78.2,7.93,0,42,2,1,3,2.0,197,1204,73.08,88.41,Excellent
STU2016,CSE-AIML,2,Male,Hostel,Night,Kinesthetic,Good,Medium,Average,No,No,Not Started,198,65,109,294,85.2,66.8,6.41,2,29,0,0,0,1.0,125,1129,70.44,68.25,Average
STU2017,CSE,6,Male,Hostel,Night,Kinesthetic,Poor,Low,Good,No,No,In Progress,161,183,0,336,83.4,67.2,6.44,1,31,6,3,2,4.0,212,1192,73.49,76.36,Good
STU2018,IT,7,Female,Hostel,Morning,Kinesthetic,Average,Medium,Average,No,Yes,Placed,89,375,210,439,75.2,70.6,6.03,4,37,8,1,2,6.0,279,1004,86.78,67.47,Average
STU2019,CSE,5,Male,Day Scholar,Morning,Kinesthetic,Poor,Medium,Good,No,No,Not Started,99,171,11,308,85.1,64.3,7.0,0,28,1,4,2,0.0,141,1061,51.74,73.65,Good
STU2020,CSE-DS,1,Male,Hostel,Night,Kinesthetic,Good,Low,Good,No,Yes,Not Started,188,326,175,226,80.6,60.4,5.62,2,32,0,0,0,1.0,75,1154,79.04,68.64,Average
STU2021,ECE,7,Male,Day Scholar,Night,Visual,Poor,High,Good,No,Yes,In Progress,123,0,71,261,93.3,75.4,8.1,0,40,6,3,5,0.0,191,1036,59.11,81.35,Good
STU2022,CSE-AIML,6,Female,Day Scholar,Night,Visual,Good,Low,Average,No,No,Not Started,233,213,172,181,90.5,80.2,8.64,0,39,9,1,1,2.0,104,1140,87.96,90.87,Excellent
STU2023,ECE,3,Female,Day Scholar,Afternoon,Visual,Poor,Medium,Good,No,Yes,Not Started,142,103,0,503,87.8,60.0,6.23,0,33,2,0,0,1.0,196,1119,61.49,73.37,Good
STU2024,CSE,4,Female,Hostel,Afternoon,Auditory,Good,Low,Good,No,Yes,Not Started,438,3,147,30,82.8,88.2,9.55,0,48,2,1,1,3.0,46,979,85.1,96.88,Excellent
STU2025,CSE-AIML,5,Male,Hostel,Night,Kinesthetic,Good,High,Good,No,Yes,Not Started,200,156,40,388,77.4,68.3,6.75,0,32,6,2,1,1.0,171,1194,86.95,73.81,Good
STU2026,CSE,4,Male,Hostel,Night,Auditory,Good,Medium,Good,Yes,No,Not Started,37,225,0,322,68.3,53.5,4.91,2,25,2,0,0,1.0,138,1207,65.1,61.98,Average
STU2027,CSE-DS,7,Female,Hostel,Night,Auditory,Poor,Medium,Average,No,No,In Progress,197,196,179,28,100.0,75.2,6.96,0,39,5,0,2,2.0,23,1050,54.58,79.62,Good
STU2028,ECE,5,Male,Hostel,Morning,Auditory,Average,Medium,Good,No,Yes,Not Started,146,256,101,262,82.0,76.9,7.04,0,35,6,2,0,2.0,127,1041,69.07,79.82,Good
STU2029,CSE,8,Other,Day Scholar,Night,Visual,Average,Medium,Average,No,Yes,In Progress,244,300,58,426,90.8,64.9,6.26,3,30,2,1,0,2.0,277,1212,81.69,71.41,Good
STU2030,CSE-DS,8,Female,Hostel,Night,Kinesthetic,Good,Low,Good,No,No,In Progress,180,283,66,261,92.7,75.4,7.34,0,42,5,1,3,3.0,270,982,84.05,90.8,Excellent
STU2031,CSE,6,Male,Hostel,Night,Kinesthetic,Good,Medium,Average,No,No,In Progress,217,232,185,146,82.6,80.1,8.25,0,36,7,0,1,4.0,123,1239,77.97,83.67,Good
STU2032,CSE-AIML,1,Female,Day Scholar,Morning,Auditory,Good,Low,Good,No,Yes,Not Started,424,278,122,310,80.8,77.9,7.77,0,35,0,0,0,1.0,28,794,90.68,85.52,Excellent
STU2033,CSE-AIML,8,Male,Hostel,Afternoon,Visual,Average,Medium,Good,No,No,Placed,160,65,178,12,75.4,67.9,6.74,0,33,6,2,4,1.0,0,792,66.73,72.8,Good
STU2034,ECE,8,Female,Hostel,Night,Auditory,Average,Medium,Good,No,No,In Progress,246,86,120,187,63.3,71.3,7.28,0,32,7,1,4,1.0,211,1048,79.08,77.89,Good
STU2035,CSE-DS,2,Male,Day Scholar,Morning,Auditory,Average,High,Good,No,No,Not Started,279,106,218,71,100.0,81.4,7.5,0,37,0,0,0,1.0,0,955,53.5,81.84,Good
STU2036,CSE,4,Male,Hostel,Night,Kinesthetic,Average,Low,,No,Yes,Not Started,208,241,0,349,76.3,67.2,7.14,0,27,3,0,3,1.0,119,969,79.46,76.92,Good
STU2037,CSE,4,Female,Day Scholar,Afternoon,Visual,Average,Low,Good,No,No,Not Started,34,339,0,515,69.8,65.9,5.95,0,30,3,0,2,,192,1433,73.14,70.21,Good
STU2038,CSE,8,Female,Hostel,Night,Kinesthetic,Poor,High,Good,No,Yes,Placed,250,438,172,386,100.0,84.0,8.48,0,42,6,5,1,7.0,303,933,67.92,89.79,Excellent
STU2039,CSE,2,Male,Day Scholar,Morning,Auditory,Poor,High,Good,Yes,Yes,Not Started,0,289,219,641,79.6,55.1,4.77,2,28,2,1,0,2.0,99,1200,51.96,61.44,Average
STU2040,CSE,4,Female,Hostel,Morning,Kinesthetic,Poor,High,Average,No,Yes,Not Started,333,43,168,510,84.0,80.4,9.41,0,37,2,1,1,1.0,205,840,70.23,90.46,Excellent
STU2041,IT,4,Male,Hostel,Night,Auditory,Good,Medium,Poor,No,No,Not Started,62,277,232,124,77.0,58.9,6.1,2,26,3,2,0,3.0,101,1144,57.75,66.33,Average
STU2042,CSE-AIML,5,Male,Hostel,Night,Visual,Average,Low,Average,No,No,Not Started,356,333,212,260,64.3,70.6,7.29,0,36,7,4,1,2.0,115,1014,87.42,77.56,Good
STU2043,CSE-AIML,5,Male,Hostel,Morning,Kinesthetic,Average,High,Good,No,No,Not Started,187,176,149,380,82.7,67.4,6.47,1,38,2,1,0,1.0,198,949,66.66,80.39,Good
STU2044,CSE,2,Male,Hostel,Morning,Kinesthetic,Good,Low,Average,No,No,Not Started,258,201,0,154,81.9,69.0,6.83,0,31,0,1,0,1.0,41,1070,75.86,76.0,Good
STU2045,IT,7,Male,Hostel,Night,Kinesthetic,Good,Low,Average,Yes,No,Placed,226,349,107,394,77.6,77.2,7.65,0,41,7,2,4,3.0,306,1152,92.48,84.62,Good
STU2046,CSE-DS,1,Male,Hostel,Morning,Kinesthetic,Average,Low,Poor,No,No,Not Started,267,221,79,382,94.9,80.6,7.68,0,41,0,0,0,0.0,56,793,64.37,83.06,Good
STU2047,CSE,6,Male,Hostel,Night,Kinesthetic,Poor,Medium,Average,Yes,Yes,In Progress,2,251,173,358,90.9,73.8,8.78,0,35,7,2,1,5.0,226,1256,69.41,82.51,Good
STU2048,CSE-DS,8,Male,Hostel,Afternoon,Visual,Average,Low,Average,Yes,Yes,Placed,122,195,177,282,99.3,69.7,6.27,0,32,7,3,3,0.0,191,1339,82.97,76.43,Good
STU2049,CSE-AIML,8,Male,Hostel,Night,Visual,Average,Medium,Average,Yes,Yes,In Progress,216,372,0,100,70.4,73.0,7.14,0,34,7,1,1,5.0,68,1373,79.93,71.97,Good
STU2050,CSE,6,Female,Day Scholar,Night,Kinesthetic,Good,Low,Good,No,Yes,Not Started,184,58,0,381,89.4,79.7,8.24,0,42,3,2,2,4.0,223,1154,88.24,92.99,Excellent
STU2051,CSE-AIML,8,Male,Hostel,Night,Auditory,Good,Low,Average,No,No,In Progress,143,208,0,315,100.0,74.9,7.38,1,34,3,4,1,2.0,271,1387,79.85,80.14,Good
STU2052,CSE-AIML,8,Female,Hostel,Morning,Auditory,Average,Medium,Poor,No,No,Placed,197,182,286,151,90.0,70.0,7.52,1,35,3,4,4,1.0,96,959,57.97,80.25,Good
STU2053,CSE,7,Female,Day Scholar,Night,Kinesthetic,Average,Medium,Good,No,No,In Progress,160,170,174,311,89.9,71.5,7.11,0,34,5,3,2,7.0,150,1010,71.59,82.59,Good
STU2054,ECE,4,Female,Day Scholar,Afternoon,Kinesthetic,Poor,High,Good,No,No,Not Started,378,100,76,228,82.9,72.4,7.99,0,34,2,1,0,5.0,137,1278,60.99,84.5,Good
STU2055,IT,1,Female,Hostel,Night,Visual,Poor,High,Poor,No,No,Not Started,300,398,141,399,91.3,75.9,6.85,0,35,0,0,0,0.0,15,1160,49.54,76.21,Good
STU2056,CSE-DS,8,Female,Hostel,,Visual,Average,Low,Poor,No,No,Placed,313,196,156,400,71.7,70.5,6.53,0,38,5,2,1,4.0,329,1295,84.28,77.82,Good
STU2057,CSE-AIML,2,Male,Hostel,Night,Kinesthetic,Average,High,Average,No,Yes,Not Started,342,153,192,194,74.7,65.4,6.17,2,36,2,0,0,3.0,89,1164,68.25,68.62,Average
STU2058,CSE-AIML,7,Male,Hostel,Morning,Kinesthetic,Average,Medium,Good,No,Yes,Placed,224,335,0,290,71.9,71.8,8.04,0,30,3,1,0,3.0,279,1229,75.69,80.51,Good
STU2059,CSE-DS,8,Female,Day Scholar,Night,Auditory,Good,Medium,Poor,No,Yes,Placed,95,239,36,204,77.1,62.5,5.74,3,31,6,4,1,3.0,162,1175,68.59,66.76,Average
STU2060,CSE-AIML,2,Female,Hostel,Afternoon,Visual,Average,Medium,Good,No,No,Not Started,154,32,142,588,81.6,73.7,8.27,0,41,1,0,0,1.0,100,1160,71.52,90.01,Excellent
STU2061,CSE,5,Female,Day Scholar,Afternoon,Kinesthetic,Poor,High,Good,No,No,Not Started,211,8,123,233,100.0,81.9,7.45,0,43,5,3,0,,46,1189,56.67,86.79,Excellent
STU2062,CSE-AIML,4,Male,Hostel,Morning,Visual,Good,Low,Average,No,No,Not Started,193,223,176,358,96.0,66.6,6.1,3,34,5,0,0,2.0,121,917,84.31,74.22,Good
STU2063,IT,3,Female,Hostel,Morning,Kinesthetic,Average,Low,Good,Yes,No,Not Started,60,303,0,661,69.8,66.3,6.68,0,30,2,0,0,2.0,289,1190,76.24,73.53,Good
STU2064,CSE-AIML,8,Male,Day Scholar,Morning,Kinesthetic,Good,Medium,Good,Yes,No,Placed,212,228,90,0,71.1,71.5,7.22,0,35,6,5,0,0.0,0,1107,73.3,76.95,Good
STU2065,CSE,2,Male,Hostel,Afternoon,Kinesthetic,Good,Low,Good,No,Yes,Not Started,79,68,112,428,75.2,70.5,7.7,0,35,0,0,0,3.0,103,769,79.45,79.53,Good
STU2066,IT,7,Male,Hostel,Night,Kinesthetic,Average,Medium,Good,No,No,Placed,354,351,181,402,74.7,76.4,8.25,0,39,7,2,4,4.0,315,1179,86.63,85.75,Excellent
STU2067,CSE,4,Female,Day Scholar,Afternoon,Auditory,Good,Medium,Good,No,No,Not Started,250,144,147,177,95.8,66.1,6.5,0,39,4,0,2,1.0,24,867,71.57,79.45,Good
STU2068,CSE,1,Female,Day Scholar,Night,Kinesthetic,Poor,High,Average,No,Yes,Not Started,162,495,28,24,100.0,69.6,6.8,1,31,2,0,0,0.0,0,770,55.8,75.26,Good
STU2069,CSE,7,Male,Day Scholar,Morning,Auditory,Average,Medium,Good,No,Yes,In Progress,185,220,230,210,67.5,63.8,6.35,1,24,5,0,2,4.0,100,960,69.18,66.97,Average
STU2070,CSE,5,Female,Hostel,Night,Auditory,Good,Low,Good,No,No,Not Started,335,299,66,245,85.3,73.0,7.19,0,39,3,1,1,2.0,146,1232,89.84,82.33,Good
STU2071,IT,6,Male,Hostel,Afternoon,Kinesthetic,Average,Medium,Good,No,Yes,Not Started,45,373,24,366,78.7,60.7,6.5,1,31,4,1,2,4.0,210,1081,74.38,75.39,Good
STU2072,CSE-AIML,8,Male,Day Scholar,Night,Visual,Poor,Medium,Good,No,No,In Progress,136,272,131,25,57.8,60.9,5.85,2,29,10,10,3,5.0,4,1024,61.71,65.32,Average
STU2073,CSE,1,Male,Hostel,Night,Visual,Poor,High,Good,Yes,No,Not Started,228,232,37,106,73.8,72.7,7.82,0,41,0,0,0,1.0,5,1070,47.25,74.83,Good
STU2074,IT,2,Male,Day Scholar,Afternoon,Kinesthetic,Poor,High,Good,No,Yes,Not Started,0,327,226,205,80.5,71.2,7.43,0,37,1,1,0,0.0,85,853,45.99,76.61,Good
STU2075,IT,8,Male,Hostel,Night,Kinesthetic,Average,High,Good,No,No,Placed,167,203,259,704,68.6,72.0,7.31,0,34,8,3,0,4.0,504,1212,80.68,77.04,Good
STU2076,IT,2,Male,Hostel,Morning,Kinesthetic,Poor,Medium,Good,No,No,Not Started,140,263,73,224,75.9,70.5,6.48,0,33,0,0,0,2.0,127,929,53.28,73.51,Good
STU2077,CSE,1,Female,Day Scholar,Night,Visual,Average,Medium,Average,No,Yes,Not Started,402,217,27,139,90.7,83.3,6.96,0,42,0,0,0,1.0,13,923,79.12,82.84,Good
STU2078,CSE-AIML,2,Female,Hostel,Morning,Visual,Poor,Low,Average,No,No,Not Started,167,244,180,458,83.5,70.7,6.88,0,39,1,0,0,1.0,167,804,65.88,77.13,Good
STU2079,ECE,7,Male,Hostel,Afternoon,Kinesthetic,Average,Medium,Good,No,No,Placed,87,340,126,0,92.5,70.8,7.07,0,32,6,1,0,8.0,0,1150,59.95,78.15,Good
STU2080,IT,4,Male,Hostel,Morning,Visual,Average,High,Poor,No,No,Not Started,100,94,51,125,68.7,61.1,6.2,4,30,3,0,0,3.0,40,979,44.2,61.31,Average
STU2081,CSE,2,Male,Hostel,Night,Auditory,Good,Low,Good,No,No,Not Started,0,184,87,0,66.1,53.1,5.43,1,31,4,0,0,1.0,67,751,66.72,67.6,Average
STU2082,CSE,5,Male,Hostel,Afternoon,Visual,Good,Low,Good,No,Yes,Not Started,331,179,111,281,88.1,74.9,7.64,0,35,1,0,2,0.0,119,1066,83.13,80.9,Good
STU2083,CSE-AIML,4,Male,Hostel,Night,Visual,Poor,High,,No,No,Not Started,189,357,0,184,91.2,72.1,7.47,0,30,5,1,0,3.0,114,1243,52.05,79.98,Good
STU2084,ECE,7,Male,Hostel,Night,Kinesthetic,Average,Low,Good,No,Yes,In Progress,164,224,209,565,56.4,66.5,6.42,5,34,5,4,0,6.0,426,1251,88.03,62.63,Average
STU2085,CSE-AIML,8,Female,Day Scholar,Morning,Auditory,Poor,Low,Average,No,Yes,Placed,264,128,28,340,75.9,76.9,7.16,0,39,9,2,3,4.0,329,1362,89.15,81.67,Good
STU2086,CSE-AIML,3,Female,Hostel,Night,Kinesthetic,Average,High,Average,No,No,Not Started,229,3,71,287,97.3,70.9,6.77,0,37,2,1,0,2.0,130,1117,62.42,86.48,Excellent
STU2087,CSE,8,Male,Day Scholar,Night,Visual,Poor,Low,Average,No,Yes,Placed,181,376,128,99,82.0,70.0,7.2,0,31,6,4,2,2.0,3,1084,68.17,77.95,Good
STU2088,CSE-DS,2,Male,Hostel,Night,Auditory,Average,Low,,No,Yes,Not Started,89,238,220,247,68.1,60.3,5.88,2,26,2,1,0,2.0,82,699,73.25,64.29,Average
STU2089,IT,2,Male,Hostel,Night,Kinesthetic,Average,Medium,Good,No,No,Not Started,131,216,305,484,63.4,62.2,5.97,3,30,2,0,0,1.0,147,872,71.03,67.06,Average
STU2090,CSE,5,Female,Hostel,Night,Visual,Average,Medium,Poor,No,No,Not Started,191,229,92,108,88.4,59.5,6.54,0,26,4,2,1,3.0,94,1147,57.72,72.14,Good
STU2091,IT,7,Male,Day Scholar,Night,Auditory,Average,Medium,Good,No,Yes,In Progress,240,373,216,473,86.2,57.6,6.04,0,28,3,1,1,3.0,302,1118,85.82,76.44,Good
STU2092,ECE,5,Male,Day Scholar,Morning,Kinesthetic,Average,Medium,Average,No,No,Not Started,60,292,66,71,100.0,71.7,7.31,0,33,3,1,0,5.0,0,910,60.74,81.77,Good
STU2093,CSE,6,Female,Day Scholar,Morning,Auditory,Poor,Medium,Good,No,Yes,Not Started,172,13,175,256,65.1,68.7,7.9,0,35,8,2,0,3.0,209,877,73.77,77.1,Good
STU2094,CSE-AIML,7,Male,Hostel,Morning,Visual,Poor,Medium,Good,Yes,No,In Progress,296,310,64,444,71.3,74.9,7.78,2,35,5,0,0,4.0,209,1062,70.08,70.04,Good
STU2095,CSE,1,Male,Hostel,Afternoon,Kinesthetic,Good,Low,Good,No,No,Not Started,68,26,0,423,93.0,66.2,7.38,0,36,1,0,0,1.0,85,878,68.94,83.3,Good
STU2096,IT,1,Male,Day Scholar,Afternoon,Visual,Average,Low,Good,No,No,Not Started,246,325,215,125,73.8,76.1,6.59,0,39,0,0,0,0.0,106,1015,65.76,76.81,Good
STU2097,CSE-AIML,1,Male,Day Scholar,Night,Auditory,Poor,Medium,Average,Yes,No,Not Started,62,184,49,182,60.1,60.7,5.09,3,31,0,1,0,1.0,0,1020,45.34,55.36,Average
STU2098,CSE-DS,5,Male,Day Scholar,Afternoon,Visual,Average,Medium,Good,No,Yes,Not Started,132,328,142,283,81.8,72.7,7.1,1,38,8,1,1,3.0,96,1032,76.67,77.96,Good
STU2099,IT,1,Male,Hostel,Night,Auditory,Average,Medium,Good,Yes,Yes,Not Started,1,336,0,649,71.6,63.6,6.35,1,31,2,0,0,2.0,28,1084,69.26,67.1,Average
STU2100,CSE,7,Male,Day Scholar,Night,Kinesthetic,Average,Medium,Good,No,No,In Progress,207,164,0,641,92.9,79.3,8.28,0,36,2,3,0,6.0,519,1123,83.81,89.46,Excellent
STU2101,ECE,1,Male,Hostel,Morning,Visual,Poor,Medium,Good,No,No,Not Started,110,238,0,528,75.9,62.8,6.18,0,35,0,0,0,0.0,39,970,46.33,75.48,Good
STU2102,CSE-AIML,3,Female,Hostel,Morning,Kinesthetic,Good,Low,Average,No,No,Not Started,0,267,153,476,87.7,63.4,6.45,1,29,2,1,2,1.0,119,882,75.4,78.49,Good
STU2103,CSE,1,Male,Hostel,Night,Kinesthetic,Poor,High,Good,No,No,Not Started,192,153,22,28,91.9,68.9,6.91,2,36,2,0,0,0.0,22,782,43.42,75.25,Good
STU2104,CSE-DS,2,Male,Hostel,Night,Kinesthetic,Poor,High,Good,No,Yes,Not Started,275,152,262,544,84.8,69.1,6.64,1,33,1,3,0,1.0,159,1224,66.35,76.4,Good
STU2105,IT,6,Female,Day Scholar,Night,Kinesthetic,Average,Medium,Average,No,No,Not Started,216,294,0,84,100.0,73.4,8.49,0,33,4,1,0,,95,977,62.34,85.5,Excellent
STU2106,CSE,5,Female,Day Scholar,Afternoon,Visual,Average,Low,Average,No,No,Not Started,212,393,138,104,85.1,69.6,7.38,0,29,5,1,1,3.0,87,1191,75.77,75.08,Good
STU2107,IT,4,Female,Day Scholar,Night,Visual,Poor,Medium,Good,No,Yes,Not Started,250,100,0,367,100.0,88.8,8.82,0,50,1,2,0,1.0,214,1155,69.63,93.53,Excellent
STU2108,ECE,6,Male,Day Scholar,Afternoon,Kinesthetic,Average,Medium,Good,No,No,Not Started,115,301,333,301,70.8,73.3,7.2,0,31,5,4,2,1.0,194,1213,67.99,76.56,Good
STU2109,CSE,3,Male,Hostel,Night,Kinesthetic,Good,Low,Good,No,No,Not Started,189,211,0,296,82.4,74.2,9.26,0,36,3,0,1,0.0,143,979,76.56,86.01,Excellent
STU2110,ECE,5,Female,Day Scholar,Night,Auditory,Good,Medium,Average,No,No,Not Started,377,321,182,48,95.7,78.5,7.48,0,40,3,1,1,0.0,0,910,76.18,84.87,Good
STU2111,CSE,7,Female,Hostel,Morning,Kinesthetic,Good,Medium,Average,No,No,In Progress,193,295,64,224,81.0,70.8,6.93,1,28,6,0,1,1.0,84,724,81.18,74.75,Good
STU2112,CSE,8,Male,Day Scholar,Morning,Auditory,Poor,High,Good,No,No,Placed,104,277,190,42,86.9,77.6,7.99,0,38,4,2,1,10.0,48,1118,46.12,84.22,Good
STU2113,CSE,5,Female,Day Scholar,Morning,Auditory,Good,Low,Average,No,No,Not Started,211,67,13,527,97.4,74.7,6.8,0,41,4,1,3,6.0,247,934,86.71,83.49,Good
STU2114,IT,2,Male,Day Scholar,Afternoon,Kinesthetic,Good,Low,Average,No,Yes,Not Started,145,464,132,0,85.9,63.9,6.81,0,34,0,0,0,1.0,13,1048,59.62,71.79,Good
STU2115,CSE-DS,7,Other,Hostel,Night,Visual,Average,Medium,Average,No,No,Placed,176,228,58,417,64.4,78.4,7.84,1,41,2,2,4,1.0,301,991,69.13,79.2,Good
STU2116,CSE,6,Female,Day Scholar,Morning,Auditory,Poor,High,Average,No,No,Not Started,246,206,387,221,83.6,74.2,7.74,0,37,9,3,1,6.0,35,1092,64.46,84.33,Good
STU2117,CSE-AIML,6,Female,Hostel,Night,Visual,Average,Medium,Good,No,No,In Progress,131,322,23,27,90.4,82.7,8.08,0,37,6,3,0,4.0,92,1242,62.21,85.63,Excellent
STU2118,CSE-DS,1,Female,Hostel,Morning,Kinesthetic,Good,Medium,Average,No,Yes,Not Started,0,18,9,411,85.8,66.4,7.22,1,30,2,1,0,0.0,56,1208,69.15,79.11,Good
STU2119,CSE,7,Female,Day Scholar,Night,Kinesthetic,Good,Low,Good,No,No,Placed,164,333,275,445,75.7,69.2,6.73,0,31,3,7,1,6.0,321,1248,82.65,80.69,Good
STU2120,IT,8,Male,Hostel,Night,Kinesthetic,Average,Medium,Good,No,No,In Progress,224,357,191,242,69.1,73.9,7.34,0,38,5,1,0,3.0,167,1015,70.44,77.43,Good
STU2121,IT,2,Male,Day Scholar,Night,Kinesthetic,Good,High,Good,No,No,Not Started,337,92,37,581,73.7,74.1,8.47,0,31,2,0,0,1.0,30,853,77.59,80.71,Good
STU2122,CSE-AIML,1,Male,Hostel,Night,Auditory,Average,Medium,Good,No,Yes,Not Started,276,289,129,159,90.8,77.4,7.44,0,41,1,1,0,2.0,38,1100,74.19,81.27,Good
STU2123,ECE,1,Male,Hostel,Morning,Auditory,Poor,High,Good,No,No,Not Started,150,231,132,556,83.6,75.9,7.48,0,36,0,1,0,2.0,52,997,57.86,80.36,Good
STU2124,CSE-AIML,8,Female,Day Scholar,Night,Visual,Good,Medium,Good,No,No,Placed,223,286,145,535,82.0,81.2,7.99,1,38,6,0,2,4.0,536,967,91.09,83.55,Good
STU2125,ECE,5,Male,Hostel,Morning,Visual,Average,High,Average,No,No,Not Started,157,60,194,0,86.6,76.2,7.59,0,39,5,3,0,6.0,0,1280,60.64,84.07,Good
STU2126,CSE-DS,6,Male,Hostel,Morning,Auditory,Good,Low,Poor,No,Yes,Not Started,259,389,5,768,79.8,71.7,7.62,0,32,8,3,0,2.0,488,1255,100.0,80.1,Good
STU2127,CSE-DS,1,Female,Hostel,Morning,Kinesthetic,Good,Low,Good,No,No,Not Started,165,324,144,342,94.2,72.2,7.02,0,39,1,0,0,0.0,0,1229,68.48,84.65,Good
STU2128,CSE,3,Female,Hostel,Night,Visual,Good,Low,Average,No,No,Not Started,247,114,86,399,68.9,68.6,6.67,1,35,2,2,0,4.0,44,1175,90.16,75.51,Good
STU2129,IT,3,Male,Day Scholar,Night,Auditory,Average,Medium,Poor,No,Yes,Not Started,330,180,0,38,90.8,79.5,8.84,0,39,4,0,0,1.0,0,831,64.06,87.17,Excellent
STU2130,CSE-AIML,6,Male,Hostel,Night,Visual,Good,Medium,Good,Yes,Yes,Not Started,409,362,66,666,97.0,81.0,8.27,0,36,7,2,1,5.0,370,1202,100.0,85.12,Excellent
STU2131,CSE,3,Male,Day Scholar,Afternoon,Auditory,Good,Medium,Good,No,No,Not Started,45,283,66,285,100.0,72.4,7.15,0,33,2,1,0,0.0,57,974,65.54,82.78,Good
STU2132,CSE,8,Female,Day Scholar,Morning,Kinesthetic,Poor,High,Good,No,No,Placed,18,161,203,182,88.0,72.8,7.67,0,37,5,1,1,2.0,169,1396,46.32,82.2,Good
STU2133,CSE-AIML,5,Male,Hostel,Night,Auditory,Average,Medium,Good,No,Yes,Not Started,95,265,244,339,65.2,60.5,6.29,0,32,4,0,2,3.0,117,1290,71.57,70.23,Good
STU2134,CSE-AIML,2,Female,Day Scholar,Night,Visual,Average,Low,Average,No,No,Not Started,174,192,181,249,100.0,79.3,7.84,0,41,3,0,0,1.0,19,894,68.14,87.98,Excellent
STU2135,CSE-DS,4,Male,Day Scholar,Afternoon,Auditory,Average,High,Good,No,No,Not Started,132,94,0,406,100.0,70.1,7.62,0,35,3,1,0,3.0,216,1298,65.65,85.03,Excellent
STU2136,IT,1,Male,Hostel,Night,Visual,Average,Medium,Good,No,No,Not Started,292,212,328,87,100.0,77.4,6.36,0,41,0,1,0,0.0,0,927,58.44,82.21,Good
STU2137,CSE,4,Female,Hostel,Morning,Visual,Good,Medium,Average,No,No,Not Started,108,297,229,544,76.9,72.0,7.96,0,32,5,1,1,1.0,72,956,78.9,79.71,Good
STU2138,CSE-DS,2,Male,Hostel,Morning,Visual,Poor,High,Good,No,No,Not Started,79,160,111,579,84.8,74.6,7.32,0,39,5,0,0,1.0,70,1071,61.58,79.87,Good
STU2139,CSE,2,Male,Day Scholar,Afternoon,Kinesthetic,Average,High,Good,No,No,Not Started,300,302,135,372,82.2,68.2,7.03,0,30,0,0,0,1.0,65,1148,59.08,79.2,Good
STU2140,IT,8,Male,Day Scholar,Morning,Kinesthetic,Good,Medium,Poor,No,No,In Progress,228,350,168,422,78.3,80.0,7.95,0,39,4,0,2,4.0,308,1300,73.4,86.57,Excellent
STU2141,IT,5,Male,Hostel,Morning,Auditory,Poor,High,Average,No,No,Not Started,206,329,130,58,71.0,70.4,6.9,0,34,5,1,1,1.0,104,1058,54.4,75.13,Good
STU2142,CSE-AIML,3,Male,Day Scholar,Night,Auditory,Average,Medium,Good,No,No,Not Started,79,296,204,75,93.6,59.4,5.0,4,28,5,0,0,0.0,139,1066,63.49,65.18,Average
STU2143,CSE-DS,3,Male,Day Scholar,Night,Visual,Average,Medium,Good,No,No,Not Started,276,94,263,289,98.7,73.4,8.01,0,43,0,0,0,0.0,51,1086,67.44,87.34,Excellent
STU2144,CSE,8,Male,Day Scholar,Afternoon,Kinesthetic,Average,Medium,Good,Yes,No,In Progress,159,208,0,108,96.9,78.9,7.72,0,37,7,5,3,5.0,100,776,70.09,84.62,Good
STU2145,CSE-AIML,2,Male,Day Scholar,Night,Auditory,Average,Medium,Average,No,No,Not Started,192,263,83,0,74.1,72.4,7.82,0,39,1,2,0,0.0,0,856,55.56,75.87,Good
STU2146,IT,5,Female,Hostel,,Auditory,Good,Medium,Good,No,Yes,Not Started,210,233,158,396,74.3,73.0,7.98,0,36,2,2,0,1.0,183,1189,80.18,81.06,Good
STU2147,CSE-AIML,5,Female,Day Scholar,Morning,Kinesthetic,Average,Medium,Average,No,Yes,Not Started,304,334,0,625,92.0,64.4,7.52,0,34,4,0,0,1.0,401,1267,94.77,87.73,Excellent
STU2148,CSE,6,Male,Day Scholar,Night,Visual,Average,Low,Good,No,No,Not Started,219,228,332,405,94.0,75.6,7.4,0,36,4,4,1,4.0,273,1049,79.45,79.54,Good
STU2149,CSE-AIML,7,Female,Day Scholar,Night,Auditory,Good,Medium,Good,No,Yes,Placed,118,365,0,296,86.8,68.1,7.23,0,30,1,1,0,2.0,108,968,79.36,79.63,Good
STU2150,IT,1,Male,Hostel,Morning,Visual,Average,Medium,Good,No,Yes,Not Started,179,346,50,531,76.6,69.0,7.11,2,33,1,0,0,0.0,0,1082,72.44,73.06,Good
STU2151,CSE,8,Male,Hostel,Morning,Kinesthetic,Poor,High,Good,No,No,Placed,241,181,187,374,96.4,73.2,7.77,0,36,1,3,1,3.0,360,1156,62.52,86.89,Excellent
STU2152,CSE,7,Male,Hostel,Afternoon,Kinesthetic,Average,Medium,Good,No,No,In Progress,332,100,344,138,98.4,69.8,6.67,0,38,6,2,3,2.0,86,1399,75.2,80.47,Good
STU2153,CSE-DS,8,Male,Hostel,Night,Auditory,Poor,High,Average,No,No,Placed,143,341,150,103,91.2,56.6,5.48,0,27,10,0,1,5.0,113,1475,67.63,73.02,Good
STU2154,IT,3,Male,Day Scholar,Morning,Auditory,Average,High,Good,No,No,Not Started,135,392,180,89,75.6,70.2,7.02,0,34,2,0,0,2.0,38,932,50.36,76.86,Good
STU2155,CSE,2,Male,Hostel,Night,Kinesthetic,Average,Medium,Good,Yes,No,Not Started,248,199,63,220,73.5,66.7,6.79,0,33,1,1,0,2.0,45,1044,65.94,72.02,Good
STU2156,CSE,8,Female,Day Scholar,Night,Visual,Average,Medium,Good,No,No,In Progress,100,291,319,452,98.9,69.1,6.79,0,32,5,3,0,2.0,370,1071,78.84,81.85,Good
STU2157,CSE,8,Female,Day Scholar,Afternoon,Visual,Average,Medium,Good,No,No,In Progress,123,352,290,378,78.1,69.7,6.51,1,35,8,2,2,1.0,258,773,75.24,71.76,Good
STU2158,CSE,6,Male,Day Scholar,Night,Kinesthetic,Poor,High,Good,No,Yes,In Progress,182,67,203,583,78.6,70.0,6.48,3,34,3,3,1,3.0,383,1080,65.54,68.92,Average
STU2159,CSE-AIML,4,Female,Hostel,Night,Auditory,Average,Medium,Good,No,No,Not Started,219,422,0,264,87.6,73.6,7.8,0,31,2,0,1,4.0,102,890,67.05,80.45,Good
STU2160,CSE-DS,3,Female,Day Scholar,Afternoon,Kinesthetic,Good,Medium,Good,No,No,Not Started,271,197,132,150,77.4,79.6,8.52,0,40,3,0,1,0.0,57,865,74.13,83.91,Good
STU2161,CSE-DS,1,Female,Day Scholar,Night,Auditory,Average,Medium,Poor,No,Yes,Not Started,194,429,56,508,93.6,83.4,9.19,0,42,1,1,0,0.0,52,959,69.5,90.0,Excellent
STU2162,CSE-DS,5,Male,Day Scholar,Morning,Visual,Poor,Medium,Average,No,No,Not Started,187,331,120,197,83.4,80.1,7.83,0,40,2,0,0,1.0,189,773,53.87,81.7,Good
STU2163,CSE,2,Male,Hostel,Morning,Auditory,Good,Low,Good,No,No,Not Started,231,281,72,373,76.0,65.4,5.94,5,33,0,2,0,5.0,67,1240,79.78,60.27,Average
STU2164,IT,3,Male,Hostel,Afternoon,Visual,Average,Medium,Average,No,Yes,Not Started,42,443,161,417,83.7,72.8,7.49,0,37,5,1,0,0.0,98,1243,73.07,81.67,Good
STU2165,CSE-AIML,4,Male,Hostel,Night,Kinesthetic,Average,Low,Good,Yes,Yes,Not Started,187,280,57,725,72.5,62.2,6.09,3,30,3,2,0,3.0,232,939,90.67,66.88,Average
STU2166,ECE,8,Female,Hostel,Night,Auditory,Poor,Medium,Average,No,No,In Progress,325,392,94,205,75.5,77.6,7.69,1,38,9,0,3,5.0,123,919,76.63,76.73,Good
STU2167,CSE-DS,1,Male,Hostel,Afternoon,Visual,Good,Medium,Average,Yes,Yes,Not Started,250,332,78,534,77.0,67.7,6.55,0,35,0,1,0,0.0,140,1031,80.51,74.82,Good
STU2168,CSE,8,Male,Hostel,Morning,Auditory,Poor,High,Good,No,No,Placed,177,185,159,266,94.5,74.8,7.56,0,38,5,1,2,5.0,207,996,55.08,79.72,Good
STU2169,CSE-DS,1,Female,Day Scholar,Morning,Visual,Poor,Medium,Good,No,Yes,Not Started,246,115,0,547,89.9,77.1,7.82,0,38,1,0,0,2.0,0,695,65.73,82.28,Good
STU2170,CSE,6,Female,Hostel,Night,Visual,Average,Medium,Good,No,No,In Progress,68,405,0,229,67.3,63.4,7.18,0,33,4,3,0,1.0,150,1251,63.99,71.38,Good
STU2171,CSE-DS,8,Male,Hostel,Night,Kinesthetic,Average,High,Good,No,Yes,Placed,219,255,202,426,79.3,75.1,8.54,0,38,5,3,2,4.0,360,1342,82.36,85.87,Excellent
STU2172,CSE,3,Female,Day Scholar,Night,Kinesthetic,Average,Medium,Good,No,Yes,Not Started,176,319,78,811,70.0,67.5,6.1,3,26,1,1,1,2.0,260,1165,87.57,66.68,Average
STU2173,CSE,4,Male,Hostel,Night,Auditory,Poor,High,Average,No,Yes,Not Started,189,295,194,41,74.1,65.2,7.16,2,31,5,1,0,2.0,22,1249,53.66,71.54,Good
STU2174,IT,1,Male,Day Scholar,Night,Visual,Average,Low,Good,No,Yes,Not Started,146,301,203,494,77.5,65.9,7.5,1,36,1,0,0,1.0,4,1226,79.25,80.95,Good
STU2175,CSE,2,Male,Hostel,Morning,Kinesthetic,Poor,High,Good,Yes,No,Not Started,306,330,55,548,86.8,73.7,7.81,0,39,1,0,0,1.0,71,944,59.76,78.24,Good
STU2176,IT,1,Female,Hostel,Afternoon,Auditory,Good,Low,Poor,Yes,Yes,Not Started,135,234,62,212,86.6,70.4,7.74,0,39,1,1,0,2.0,0,1003,63.62,83.96,Good
STU2177,CSE,4,Female,Hostel,Night,Kinesthetic,Poor,High,Good,No,No,Not Started,84,419,57,611,66.5,63.6,7.0,0,32,4,2,0,4.0,230,965,60.84,76.09,Good
STU2178,CSE-DS,5,Male,Day Scholar,Night,Auditory,Average,Medium,Average,No,Yes,Not Started,46,386,0,64,67.3,58.1,5.78,2,33,6,3,1,5.0,81,1084,67.37,71.62,Good
STU2179,CSE-DS,5,Male,Hostel,Morning,Kinesthetic,Good,Low,Poor,No,No,Not Started,0,187,0,468,77.2,59.4,5.98,0,28,0,2,0,0.0,228,842,57.53,72.17,Good
STU2180,CSE-AIML,6,Male,Day Scholar,Night,Kinesthetic,Good,Low,Good,No,No,Not Started,199,186,105,374,86.4,74.7,7.63,0,34,3,2,0,2.0,210,1176,79.99,81.73,Good
STU2181,CSE,3,Male,Hostel,Night,Visual,Good,Low,Good,No,Yes,Not Started,109,110,0,480,82.4,73.7,7.41,0,37,2,0,0,2.0,134,1105,82.14,83.14,Good
STU2182,CSE,4,Male,Hostel,Morning,Visual,Average,Medium,Average,No,No,Not Started,62,463,102,274,59.4,57.1,6.63,0,27,1,0,0,1.0,62,1325,56.24,70.44,Good
STU2183,CSE,6,Male,Day Scholar,Night,Kinesthetic,Average,Medium,Good,No,No,Not Started,156,204,28,498,89.1,72.9,7.81,0,40,4,7,0,3.0,278,1110,77.67,84.41,Good
STU2184,CSE,7,Female,Hostel,Night,Visual,Average,High,Average,Yes,No,In Progress,241,303,31,515,63.1,66.2,6.48,4,36,1,5,2,1.0,363,1308,64.18,62.63,Average
STU2185,CSE-DS,1,Female,Day Scholar,Morning,Kinesthetic,Average,Medium,Good,No,No,Not Started,171,188,88,0,89.1,82.6,8.56,0,41,1,1,0,1.0,0,1069,52.55,86.59,Excellent
STU2186,ECE,7,Male,Hostel,Night,Auditory,Average,Low,,No,No,Placed,192,289,292,216,91.6,80.6,7.57,1,39,4,4,0,1.0,152,1145,73.59,85.17,Excellent
STU2187,IT,1,Male,Hostel,Afternoon,Kinesthetic,Average,Medium,Good,Yes,Yes,Not Started,285,338,276,314,100.0,75.8,7.77,0,38,0,0,0,0.0,0,867,74.55,89.71,Excellent
STU2188,IT,5,Male,Day Scholar,Afternoon,Kinesthetic,Good,Low,Good,No,No,Not Started,254,386,226,251,89.1,73.9,7.13,0,38,2,0,0,1.0,155,1394,79.7,84.84,Good
STU2189,IT,6,Male,Day Scholar,Night,Auditory,Poor,High,Good,No,No,Not Started,190,361,128,406,100.0,75.8,7.86,0,39,6,5,2,1.0,307,1185,60.95,84.66,Good
STU2190,CSE-DS,5,Female,Hostel,Afternoon,Auditory,Good,Medium,Good,No,Yes,Not Started,91,67,0,0,100.0,69.4,6.25,3,38,6,0,0,2.0,94,1121,70.78,72.3,Good
STU2191,CSE,2,Female,Day Scholar,Morning,Visual,Average,Medium,Good,No,Yes,Not Started,130,329,235,242,81.6,64.7,6.75,2,36,1,1,0,3.0,85,1244,67.29,72.71,Good
STU2192,ECE,7,Male,Hostel,Morning,Auditory,Good,Low,Poor,No,No,In Progress,182,467,51,346,80.5,75.1,7.69,0,32,10,2,2,2.0,243,1214,86.67,83.91,Good
STU2193,CSE-DS,7,Male,Day Scholar,,Visual,Good,Low,Good,No,No,In Progress,244,203,277,342,100.0,66.9,6.51,0,34,2,1,0,4.0,236,1206,81.74,80.24,Good
STU2194,CSE-AIML,5,Female,Day Scholar,Afternoon,Kinesthetic,Poor,Medium,Good,No,No,Not Started,210,393,45,84,97.6,76.1,7.76,0,36,4,1,0,0.0,20,1145,52.01,85.36,Excellent
STU2195,CSE,2,Male,Hostel,Night,Auditory,Average,Medium,Good,No,No,Not Started,124,124,251,708,100.0,78.1,8.14,0,41,3,0,0,1.0,256,1228,81.83,85.3,Excellent
STU2196,CSE-AIML,1,Female,Hostel,Morning,Kinesthetic,Good,High,Good,Yes,No,Not Started,216,307,196,119,82.9,79.7,7.7,0,42,0,0,0,1.0,35,1096,61.52,83.73,Good
STU2197,CSE-AIML,6,Male,Hostel,Night,Visual,Average,Medium,Good,No,No,In Progress,333,242,0,340,70.2,77.1,7.72,0,34,6,2,2,4.0,149,1162,78.25,78.42,Good
STU2198,IT,2,Female,Hostel,Night,Auditory,Average,High,Good,No,No,Not Started,206,12,214,202,77.7,63.0,6.12,2,33,0,1,0,0.0,76,962,52.97,70.02,Good
STU2199,CSE-AIML,6,Male,Hostel,Morning,Visual,Poor,High,Average,No,No,In Progress,235,175,128,483,82.8,75.8,7.37,1,38,6,2,1,3.0,299,962,69.02,78.65,Good
STU2200,CSE,7,Female,Day Scholar,Night,Visual,Average,Low,Good,No,Yes,Placed,148,364,0,588,76.4,77.8,8.01,0,42,6,1,2,7.0,482,1226,93.5,84.55,Good
STU2201,ECE,6,Female,Day Scholar,Night,Auditory,Poor,High,Good,Yes,Yes,In Progress,162,307,78,372,62.8,59.8,5.84,2,31,3,2,1,3.0,178,977,53.93,59.8,Average
STU2202,CSE,7,Male,Hostel,Afternoon,Auditory,Good,Low,Good,No,No,Placed,28,231,358,408,81.8,62.3,6.07,4,28,9,7,1,5.0,399,1229,88.08,71.1,Good
STU2203,CSE-AIML,2,Female,Hostel,Afternoon,Visual,Average,Medium,Good,No,No,Not Started,192,336,0,201,87.0,72.4,7.11,0,33,1,0,0,0.0,28,1204,61.64,79.62,Good
STU2204,CSE,7,Female,Hostel,Night,Auditory,Average,Medium,Good,Yes,No,In Progress,0,62,126,166,65.0,62.5,6.15,2,28,6,1,1,6.0,140,1310,61.02,61.63,Average
STU2205,CSE-DS,8,Male,Day Scholar,Night,Visual,Good,Medium,Good,No,Yes,Placed,42,216,58,0,87.8,73.7,7.1,1,37,5,1,0,5.0,10,765,67.73,76.63,Good
STU2206,ECE,3,Male,Hostel,Afternoon,Kinesthetic,Average,Low,Good,No,No,Not Started,210,135,179,138,78.2,69.7,6.81,0,33,2,1,0,1.0,63,1087,66.03,80.93,Good
STU2207,CSE,7,Male,Hostel,Afternoon,Kinesthetic,Average,Medium,Good,No,No,Placed,91,28,226,126,88.0,75.5,7.54,0,33,7,3,0,2.0,111,1265,62.8,81.81,Good
STU2208,IT,5,Male,Hostel,Afternoon,Auditory,Poor,High,Good,No,Yes,Not Started,1,346,145,377,100.0,67.7,6.7,0,34,4,1,0,2.0,245,1042,51.42,75.99,Good
STU2209,CSE,2,Male,Hostel,Morning,Auditory,Good,High,Good,No,No,Not Started,186,295,216,47,68.1,59.6,5.55,4,27,2,0,0,0.0,61,1100,63.39,57.88,Average
STU2210,ECE,8,Female,Hostel,Night,Kinesthetic,Average,Medium,Good,No,No,Placed,41,205,20,157,60.0,61.0,6.64,0,29,6,1,0,2.0,86,914,65.44,71.24,Good
STU2211,IT,1,Male,Hostel,Afternoon,Visual,Good,Low,Good,No,Yes,Not Started,274,180,107,507,86.1,74.8,6.91,0,36,0,0,0,1.0,146,1069,91.89,81.14,Good
STU2212,IT,6,Female,Hostel,Morning,Visual,Average,High,Average,No,No,Not Started,222,70,290,96,78.1,70.8,6.73,1,32,1,2,1,1.0,41,1010,54.75,70.67,Good
STU2213,CSE,8,Male,Hostel,Afternoon,Visual,Poor,High,Good,Yes,No,Placed,344,221,54,77,88.7,81.6,8.91,0,45,6,2,3,7.0,106,1050,64.06,86.4,Excellent
STU2214,ECE,4,Male,Hostel,Morning,Auditory,Poor,Medium,Poor,No,No,Not Started,215,313,32,655,73.8,68.8,7.08,0,33,2,2,0,2.0,278,1412,58.72,74.13,Good
STU2215,CSE-DS,8,Male,Hostel,Afternoon,Visual,Average,Low,Good,No,No,Placed,349,169,64,683,91.4,84.6,9.07,0,39,5,3,0,5.0,573,1463,96.6,89.7,Excellent
STU2216,CSE,2,Male,Hostel,Morning,Auditory,Poor,High,Average,No,No,Not Started,93,381,174,272,72.4,74.2,7.43,0,39,2,1,0,3.0,73,1067,47.82,73.8,Good
STU2217,IT,8,Male,Day Scholar,Morning,Auditory,Poor,High,Average,No,No,Placed,125,62,120,465,81.2,71.8,6.79,0,34,3,3,2,4.0,330,1265,55.1,75.68,Good
STU2218,CSE,8,Male,Day Scholar,,Auditory,Average,Low,Good,No,No,In Progress,206,0,190,425,88.1,78.1,7.78,0,37,3,3,0,2.0,326,1287,79.56,80.92,Good
STU2219,IT,5,Male,Hostel,Night,Kinesthetic,Average,High,Good,No,Yes,Not Started,168,248,42,430,81.6,58.5,6.62,0,33,6,0,0,3.0,240,1025,77.02,81.85,Good
STU2220,CSE,7,Female,Hostel,Morning,Visual,Poor,Medium,Good,No,No,In Progress,193,317,0,213,94.8,77.9,8.16,0,44,6,1,1,2.0,221,995,64.92,86.83,Excellent
STU2221,CSE-DS,6,Female,Day Scholar,Night,Auditory,Poor,High,Average,Yes,Yes,Not Started,177,301,52,350,97.0,75.5,7.58,0,36,5,2,3,1.0,243,1082,68.6,82.81,Good
STU2222,CSE-AIML,3,Male,Hostel,Morning,Visual,Average,Medium,Good,No,No,Not Started,161,82,0,347,90.8,70.6,6.53,1,33,2,0,0,2.0,87,1137,63.58,74.56,Good
STU2223,CSE,1,Female,Hostel,Afternoon,Kinesthetic,Poor,Medium,Good,No,Yes,Not Started,95,213,138,396,90.7,61.9,6.52,0,30,0,0,0,3.0,46,862,53.04,73.62,Good
STU2224,CSE,3,Female,Hostel,Afternoon,Visual,Average,Low,Good,No,No,Not Started,114,276,99,326,82.7,71.3,6.61,0,33,1,2,0,0.0,142,940,68.07,78.52,Good
STU2225,CSE,8,Male,Day Scholar,Morning,Kinesthetic,Good,High,Good,No,No,Placed,99,338,129,362,68.7,59.7,5.6,2,31,9,3,2,1.0,321,1089,78.8,68.8,Average
STU2226,CSE-AIML,4,Female,Day Scholar,Night,Auditory,Poor,Medium,Average,No,No,Not Started,91,16,146,198,96.7,65.3,5.67,2,31,0,2,2,3.0,32,818,42.55,66.82,Average
STU2227,CSE,2,Female,Hostel,,Auditory,Poor,High,Good,No,Yes,Not Started,185,237,61,171,56.0,71.0,7.04,0,38,1,1,0,2.0,61,950,55.14,75.1,Good
STU2228,CSE-AIML,6,Male,Hostel,Morning,Kinesthetic,Poor,Low,Good,No,No,Not Started,115,276,186,481,54.4,57.9,5.27,0,25,4,1,0,4.0,260,1028,66.49,62.97,Average
STU2229,CSE,2,Male,Day Scholar,Night,Auditory,Good,Medium,Good,No,No,Not Started,132,114,137,283,82.5,63.2,5.61,2,31,4,0,0,1.0,98,920,68.75,70.86,Good
STU2230,CSE,5,Male,Day Scholar,Night,Visual,Average,Medium,Average,No,Yes,Not Started,306,269,61,180,74.9,72.9,8.08,0,38,3,2,2,4.0,45,1079,76.36,82.64,Good
STU2231,CSE-DS,2,Male,Day Scholar,Afternoon,Visual,Poor,Low,Good,Yes,Yes,Not Started,223,147,161,773,82.3,71.9,7.19,0,39,2,1,0,1.0,167,1525,79.45,81.26,Good
STU2232,CSE,1,Female,Hostel,Afternoon,Kinesthetic,Good,Low,Average,No,Yes,Not Started,252,324,159,738,73.0,75.2,7.27,0,35,1,0,0,1.0,88,1055,94.44,81.02,Good
STU2233,ECE,4,Male,Hostel,Afternoon,Visual,Average,Low,Poor,No,Yes,Not Started,280,385,346,59,88.6,77.1,7.87,0,38,3,3,0,0.0,43,903,71.84,82.73,Good
STU2234,IT,3,Female,Day Scholar,,Auditory,Average,Medium,Poor,No,No,Not Started,327,120,180,251,76.4,78.0,7.77,0,40,1,0,0,2.0,47,1096,60.98,78.38,Good
STU2235,CSE-DS,8,Female,Hostel,Afternoon,Auditory,Average,Medium,Good,No,No,In Progress,178,121,228,592,79.8,60.5,6.15,1,29,9,2,2,4.0,457,1181,95.28,70.56,Good
STU2236,CSE-AIML,8,Female,Hostel,Afternoon,Auditory,Average,Low,Average,No,Yes,Placed,204,379,76,130,77.3,73.9,7.77,0,36,6,3,4,1.0,140,1107,80.35,80.68,Good
STU2237,IT,4,Female,Hostel,Night,Visual,Good,Low,Good,No,No,Not Started,133,285,27,138,100.0,80.5,9.34,0,44,3,0,0,1.0,69,845,69.95,91.17,Excellent
STU2238,CSE,6,Male,Day Scholar,Night,Auditory,Average,Medium,Good,No,Yes,Not Started,104,294,178,332,63.8,59.8,5.53,2,32,6,5,2,2.0,198,1272,73.87,64.02,Average
STU2239,CSE,2,Male,Day Scholar,Night,Visual,Good,Low,Good,No,Yes,Not Started,45,100,45,433,99.7,75.0,6.45,0,36,1,0,0,,139,1011,77.79,78.25,Good
STU2240,CSE,6,Female,Hostel,Afternoon,Kinesthetic,Good,Medium,Good,No,No,In Progress,88,290,72,100,69.5,56.5,5.41,2,25,4,0,2,3.0,47,1034,61.44,64.8,Average
STU2241,IT,3,Male,Day Scholar,Afternoon,Auditory,Average,Medium,Average,No,Yes,Not Started,132,247,0,471,66.0,69.3,7.26,0,36,1,2,0,0.0,127,1229,75.52,74.79,Good
STU2242,CSE,6,Male,Hostel,Afternoon,Kinesthetic,Good,Medium,Good,No,Yes,Not Started,197,349,122,612,74.2,63.6,6.45,2,32,2,3,1,2.0,410,1193,81.2,68.43,Average
STU2243,CSE-AIML,5,Female,Day Scholar,Night,Visual,Average,Medium,Good,No,Yes,Not Started,77,318,92,134,76.2,70.0,6.46,2,34,2,1,3,5.0,146,908,63.78,68.76,Average
STU2244,ECE,4,Female,Hostel,Afternoon,Visual,Good,Medium,Average,No,No,Not Started,92,217,92,198,87.9,66.0,6.84,1,29,1,2,0,1.0,0,994,58.86,74.52,Good
STU2245,IT,3,Male,Hostel,Night,Kinesthetic,Good,Low,,No,Yes,Not Started,0,159,200,433,67.8,58.9,5.24,3,22,3,4,0,1.0,158,1186,82.77,59.8,Average
STU2246,CSE-AIML,3,Female,Hostel,Night,Auditory,Average,High,Average,Yes,Yes,Not Started,118,332,59,182,73.1,61.6,6.11,2,27,2,2,0,1.0,126,1133,60.4,69.12,Average
STU2247,CSE,7,Female,Hostel,Night,Auditory,Average,High,Poor,No,No,Placed,185,294,128,0,96.7,79.0,7.73,1,43,7,0,1,3.0,0,874,53.39,82.14,Good
STU2248,IT,3,Male,Hostel,Night,Auditory,Good,Medium,Average,No,No,Not Started,184,48,66,266,80.3,69.8,6.59,0,32,2,0,0,1.0,73,907,68.1,76.43,Good
STU2249,CSE-AIML,7,Male,Hostel,Night,Kinesthetic,Poor,Medium,Good,Yes,No,Placed,150,137,0,240,69.0,58.2,5.57,4,33,9,3,1,3.0,167,1095,68.57,63.77,Average
STU2250,CSE,1,Female,Day Scholar,Night,Visual,Poor,Medium,Good,No,Yes,Not Started,157,343,142,98,98.6,75.2,7.87,0,38,1,1,0,0.0,37,997,52.24,81.03,Good
STU2251,CSE,8,Male,Hostel,Night,Kinesthetic,Good,High,Good,No,Yes,Placed,180,21,164,490,75.1,69.4,7.01,0,35,3,1,3,6.0,332,1328,78.7,79.04,Good
STU2252,ECE,7,Male,Hostel,Morning,Visual,Average,Medium,Average,No,Yes,In Progress,292,128,198,259,67.7,64.1,5.98,2,30,7,6,2,3.0,165,1441,86.04,66.37,Average
STU2253,CSE-DS,4,Male,Hostel,Morning,Auditory,Good,High,Average,Yes,No,Not Started,147,368,166,519,64.9,65.4,6.13,2,36,3,1,0,1.0,135,1059,69.23,67.23,Average
STU2254,IT,6,Female,Hostel,Night,Auditory,Average,Medium,Good,No,No,In Progress,167,129,73,0,83.0,73.1,6.89,2,38,6,1,3,1.0,0,1059,70.68,77.76,Good
STU2255,IT,7,Male,Hostel,Night,Visual,Good,Medium,Good,No,No,Placed,63,39,306,0,92.2,60.4,5.38,4,29,4,5,1,,85,1260,63.37,64.25,Average
STU2256,CSE-AIML,3,Male,Day Scholar,Afternoon,Auditory,Average,Medium,Poor,No,No,Not Started,222,150,118,453,66.2,60.9,7.24,1,30,3,0,1,1.0,91,874,64.37,71.0,Good
STU2257,CSE-AIML,4,Male,Hostel,Morning,Kinesthetic,Average,Medium,Average,Yes,Yes,Not Started,174,154,125,0,77.9,70.3,6.02,2,35,2,0,1,0.0,0,816,63.68,67.78,Average
STU2258,CSE-AIML,7,Other,Day Scholar,Night,Visual,Average,Medium,Average,No,No,In Progress,132,173,5,56,100.0,76.0,7.64,0,39,5,2,2,4.0,21,948,63.03,84.86,Good
STU2259,CSE,7,Male,Day Scholar,Night,Auditory,Good,Medium,Good,No,No,In Progress,73,199,54,85,79.1,65.4,5.87,2,31,8,4,4,6.0,94,1221,78.83,68.93,Average
STU2260,CSE-AIML,3,Female,Hostel,Afternoon,Auditory,Average,High,Good,No,Yes,Not Started,211,288,238,664,87.3,78.7,7.61,0,45,3,0,1,2.0,208,875,83.71,84.44,Good
STU2261,IT,5,Female,Hostel,Night,Auditory,Poor,High,Good,No,No,Not Started,81,401,169,437,80.9,63.1,6.8,0,35,7,2,1,3.0,200,1164,58.28,74.74,Good
STU2262,CSE-DS,5,Male,Day Scholar,Night,Auditory,Good,Low,Average,No,Yes,Not Started,227,98,7,0,97.2,79.3,8.28,0,38,3,0,1,5.0,0,769,78.38,85.45,Excellent
STU2263,IT,7,Female,Hostel,Night,Visual,Average,Medium,Poor,No,Yes,Placed,341,116,3,226,91.3,75.3,7.33,0,37,5,1,5,2.0,151,1447,78.3,85.57,Excellent
STU2264,CSE-AIML,5,Female,Hostel,Morning,Visual,Good,High,Average,No,No,Not Started,283,346,176,280,88.1,87.7,8.64,0,46,2,0,0,1.0,164,725,67.62,86.3,Excellent
STU2265,CSE-DS,2,Female,Day Scholar,Afternoon,Auditory,Average,Low,Good,No,No,Not Started,182,429,64,37,72.6,70.7,7.18,0,33,4,1,0,0.0,0,1050,68.71,78.02,Good
STU2266,CSE-DS,3,Male,Hostel,Afternoon,Kinesthetic,Poor,Medium,Good,Yes,No,Not Started,236,69,275,228,100.0,70.3,6.1,3,34,3,0,1,0.0,80,866,59.04,69.12,Average
STU2267,CSE-AIML,2,Female,Hostel,Afternoon,Kinesthetic,Good,Low,Average,No,Yes,Not Started,117,258,442,111,66.6,73.4,6.81,0,37,1,1,0,4.0,0,1293,70.71,76.21,Good
STU2268,CSE-DS,4,Female,Day Scholar,Morning,Kinesthetic,Average,Low,Poor,No,No,Not Started,61,302,137,602,86.1,58.6,5.68,1,29,3,0,0,2.0,210,1135,63.82,72.37,Good
STU2269,CSE,2,Other,Hostel,Night,Kinesthetic,Good,High,Good,No,Yes,Not Started,191,225,189,266,85.3,77.1,7.71,0,34,2,2,0,0.0,93,1029,72.32,82.35,Good
STU2270,CSE-AIML,4,Male,Hostel,Afternoon,Visual,Poor,Medium,Good,No,Yes,Not Started,125,39,186,0,83.3,64.4,6.22,1,28,0,2,2,0.0,0,1041,42.43,71.89,Good
STU2271,CSE,7,Female,Day Scholar,Night,Visual,Good,Medium,Average,No,Yes,Placed,56,429,76,331,97.7,77.6,7.89,1,39,6,2,3,5.0,186,1180,78.41,83.5,Good
STU2272,CSE,4,Male,Day Scholar,Night,Kinesthetic,Good,Low,Good,No,No,Not Started,26,0,41,385,72.4,61.1,6.61,0,30,5,2,1,2.0,134,933,76.94,74.79,Good
STU2273,CSE-AIML,4,Male,Hostel,Morning,Visual,Poor,Low,Good,Yes,No,Not Started,153,0,0,150,85.0,63.5,6.53,0,30,5,1,0,2.0,77,881,61.5,70.71,Good
STU2274,CSE-DS,6,Male,Hostel,,Kinesthetic,Average,High,Good,No,No,Not Started,269,277,198,403,75.0,74.4,7.69,0,33,7,0,0,1.0,188,883,78.12,81.7,Good
STU2275,ECE,2,Female,Day Scholar,Night,Auditory,Average,Medium,Good,No,No,Not Started,165,195,94,309,89.1,65.9,6.1,0,32,0,0,0,1.0,119,1086,61.74,76.13,Good
STU2276,CSE-DS,6,Male,Day Scholar,Night,Auditory,Good,Low,Average,No,Yes,Not Started,161,337,17,186,78.5,64.2,5.53,4,31,6,1,3,7.0,32,1075,84.89,63.39,Average
STU2277,CSE-DS,7,Male,Hostel,Afternoon,Kinesthetic,Poor,High,Good,No,No,Placed,175,36,71,241,76.0,63.3,6.54,0,35,6,4,0,4.0,224,1096,54.05,74.52,Good
STU2278,CSE-AIML,3,Other,Hostel,Night,Visual,Good,Medium,Good,No,No,Not Started,94,265,81,278,74.9,63.3,6.7,0,30,2,0,0,4.0,42,1309,69.25,74.15,Good
STU2279,CSE-DS,2,Male,Hostel,Afternoon,Kinesthetic,Average,Medium,Poor,No,No,Not Started,140,460,11,0,57.1,58.6,6.18,0,29,1,0,0,0.0,11,979,50.08,67.45,Average
STU2280,CSE,3,Female,Day Scholar,Night,Visual,Good,Medium,Good,No,Yes,Not Started,292,160,13,266,80.8,73.8,7.42,0,36,1,1,1,1.0,0,935,78.54,81.19,Good
STU2281,CSE,3,Male,Day Scholar,Morning,Auditory,Good,Low,Good,No,No,Not Started,317,326,138,486,69.9,67.0,7.25,0,31,3,2,0,4.0,217,1018,90.71,81.15,Good
STU2282,CSE,4,Male,Day Scholar,Night,Visual,Average,Medium,Good,No,No,Not Started,273,312,33,228,59.4,57.5,5.08,0,28,2,2,0,2.0,104,920,68.05,61.89,Average
STU2283,CSE-AIML,8,Female,Day Scholar,Morning,Kinesthetic,Poor,Medium,Average,No,Yes,Placed,249,211,27,498,83.8,76.1,7.49,0,37,5,1,1,3.0,405,1087,78.66,79.01,Good
STU2284,CSE,2,Female,Hostel,Morning,Auditory,Average,Low,Good,No,Yes,Not Started,319,444,67,36,65.4,72.2,7.56,0,36,1,0,0,2.0,13,819,67.37,76.41,Good
STU2285,CSE,3,Male,Hostel,Night,Auditory,Average,Medium,Good,No,Yes,Not Started,82,243,0,0,100.0,72.4,6.22,3,40,2,2,0,1.0,0,1405,60.05,74.27,Good
STU2286,CSE,8,Female,Day Scholar,Night,Visual,Good,Medium,Average,No,No,Placed,425,173,0,4,69.9,75.3,7.5,0,37,3,3,1,5.0,81,1297,83.03,82.48,Good
STU2287,ECE,5,Male,Day Scholar,Afternoon,Auditory,Poor,Medium,Good,No,Yes,Not Started,0,248,17,337,93.7,72.7,6.91,0,35,5,1,0,2.0,165,857,60.25,79.06,Good
STU2288,CSE,3,Male,Hostel,Morning,Auditory,Good,Low,Good,No,No,Not Started,150,0,279,381,99.4,76.9,7.89,0,40,2,0,0,4.0,182,1337,75.75,83.87,Good
STU2289,CSE-AIML,5,Male,Hostel,Night,Visual,Average,High,Good,No,No,Not Started,0,11,209,41,89.0,70.4,7.43,0,35,7,1,1,2.0,3,1112,56.79,85.25,Excellent
STU2290,CSE,2,Male,Day Scholar,Night,Auditory,Poor,High,Good,No,No,Not Started,247,231,122,330,66.3,68.4,7.19,0,37,2,2,0,2.0,37,954,55.53,75.37,Good
STU2291,CSE-DS,7,Male,Hostel,Morning,Kinesthetic,Average,Low,Good,No,No,In Progress,74,305,205,240,100.0,78.0,7.72,1,38,6,0,0,5.0,110,954,72.88,87.56,Excellent
STU2292,CSE,6,Male,Hostel,Night,Visual,Good,High,Average,No,No,Not Started,84,106,206,230,92.9,74.7,7.14,0,33,4,0,3,4.0,136,880,59.25,83.12,Good
STU2293,CSE,2,Male,Day Scholar,Afternoon,Visual,Poor,Medium,,No,No,Not Started,303,19,0,191,91.4,68.7,6.58,0,36,1,0,0,1.0,164,1249,61.62,78.0,Good
STU2294,CSE-AIML,6,Male,Day Scholar,Morning,Visual,Average,Medium,Average,No,No,Not Started,158,162,0,331,72.3,61.2,6.26,2,27,7,2,2,5.0,246,1370,82.73,68.86,Average
STU2295,CSE,6,Male,Hostel,Night,Visual,Poor,High,,No,No,Not Started,237,216,52,0,78.2,66.3,6.92,0,37,3,0,1,6.0,0,1237,53.38,77.66,Good
STU2296,CSE,2,Female,Day Scholar,Night,Kinesthetic,Good,Low,Good,No,No,Not Started,138,471,100,0,64.3,65.5,7.14,0,30,0,1,0,0.0,25,1425,59.34,73.78,Good
STU2297,CSE,3,Female,Hostel,Night,Visual,Good,Low,Poor,No,Yes,Not Started,94,294,0,256,66.2,69.2,6.47,3,32,2,2,0,0.0,101,961,59.78,63.68,Average
STU2298,CSE,1,Female,Hostel,Morning,Kinesthetic,Average,Low,Poor,No,Yes,Not Started,260,314,175,439,99.0,79.2,7.88,0,43,2,0,0,0.0,98,1104,74.5,90.42,Excellent
STU2299,CSE,3,Male,Hostel,Night,Visual,Average,Medium,Poor,No,No,Not Started,195,437,146,348,90.8,77.0,7.67,1,41,0,0,0,3.0,162,1361,56.97,80.34,Good
STU2300,CSE,3,Female,Day Scholar,Afternoon,Visual,Average,Medium,Good,No,No,Not Started,199,477,223,468,74.1,55.6,5.52,2,29,3,1,0,1.0,167,986,72.44,65.52,Average
STU2301,IT,7,Female,Day Scholar,Night,Auditory,Poor,Medium,Good,No,No,In Progress,126,342,50,414,80.8,71.0,7.23,0,38,5,3,2,1.0,420,1309,66.96,79.35,Good
STU2302,CSE-AIML,4,Male,Day Scholar,Morning,Auditory,Good,Low,Good,No,No,Not Started,165,344,20,0,98.4,71.4,7.24,0,33,8,1,0,2.0,0,1035,83.04,89.04,Excellent
STU2303,CSE-AIML,4,Male,Day Scholar,Afternoon,Kinesthetic,Average,Medium,Average,No,Yes,Not Started,126,152,336,105,94.8,81.3,7.72,0,43,2,0,3,3.0,0,1039,53.11,82.88,Good
STU2304,CSE,3,Female,Hostel,Night,Auditory,Good,Low,Average,No,Yes,Not Started,248,203,46,698,69.7,79.5,7.42,0,38,1,1,0,1.0,287,1088,98.55,82.28,Good
STU2305,ECE,5,Female,Hostel,Morning,Visual,Average,Medium,Average,No,No,Not Started,182,153,48,203,73.9,68.5,7.11,0,32,1,1,1,3.0,100,839,63.03,74.19,Good
STU2306,CSE,7,Female,Hostel,Night,Kinesthetic,Good,Low,Average,No,No,In Progress,236,324,55,577,83.1,72.6,6.8,0,36,8,1,3,,397,1329,100.0,85.94,Excellent
STU2307,CSE,6,Female,Hostel,Night,Auditory,Average,Medium,Good,No,No,Not Started,151,301,195,0,92.2,74.2,7.88,0,32,4,0,1,1.0,0,1003,59.91,80.72,Good
STU2308,CSE-DS,8,Female,Day Scholar,Morning,Visual,Average,High,Average,Yes,Yes,Placed,341,391,197,63,68.7,71.5,6.77,0,38,4,5,1,1.0,29,1121,73.74,73.39,Good
STU2309,CSE,4,Other,Day Scholar,Night,Auditory,Good,Low,Good,No,Yes,Not Started,174,356,84,263,66.7,69.4,6.75,0,36,6,0,0,2.0,25,793,93.85,78.43,Good
STU2310,CSE,3,Male,Day Scholar,Afternoon,Auditory,Poor,Medium,Good,No,Yes,Not Started,211,192,228,431,75.1,68.1,6.5,0,34,1,2,1,1.0,165,1272,58.14,73.35,Good
STU2311,CSE-AIML,7,Male,Hostel,Morning,Auditory,Poor,High,Average,No,Yes,Placed,232,293,358,13,63.2,63.1,6.99,0,31,9,1,0,2.0,1,1061,63.62,70.1,Good
STU2312,IT,1,Female,Hostel,Night,Auditory,Average,High,Average,Yes,Yes,Not Started,104,465,54,290,83.9,69.1,7.85,0,33,1,0,0,0.0,117,1247,54.11,75.16,Good
STU2313,CSE-AIML,5,Male,Hostel,Night,Visual,Poor,Medium,Good,No,No,Not Started,148,225,0,284,62.6,63.1,6.33,3,32,4,2,1,6.0,233,1088,63.02,67.1,Average
STU2314,CSE-DS,2,Female,Hostel,Morning,Auditory,Average,Medium,Good,No,No,Not Started,231,253,97,453,100.0,79.4,7.63,0,39,2,1,0,0.0,87,1171,69.85,85.28,Excellent
STU2315,ECE,3,Female,Hostel,Night,Kinesthetic,Average,Medium,Good,No,No,Not Started,41,210,151,272,67.9,63.1,6.05,1,28,3,1,0,2.0,160,1032,61.61,67.48,Average
STU2316,CSE,7,Female,Hostel,Afternoon,Kinesthetic,Average,Medium,Average,No,No,Placed,218,263,156,84,64.0,73.0,7.73,0,35,7,2,1,1.0,0,1084,76.79,77.58,Good
STU2317,CSE,3,Female,Hostel,Night,Auditory,Average,Medium,Good,No,No,Not Started,53,273,29,300,96.4,67.8,6.66,0,35,2,1,0,0.0,108,1179,59.34,79.09,Good
STU2318,CSE,8,Male,Hostel,Night,Kinesthetic,Average,Medium,Average,No,No,Placed,45,358,94,592,85.2,65.0,7.15,0,28,4,1,2,9.0,509,1183,77.55,79.68,Good
STU2319,CSE-AIML,6,Male,Hostel,Afternoon,Auditory,Average,Medium,Average,No,No,Not Started,80,174,163,130,73.1,65.9,6.54,0,35,5,2,0,3.0,11,963,63.49,75.49,Good
STU2320,CSE-AIML,5,Male,Hostel,Night,Visual,Average,Low,Average,No,No,Not Started,222,271,24,289,85.9,65.4,7.15,0,36,6,3,0,2.0,143,1107,85.08,80.78,Good
STU2321,ECE,4,Female,Hostel,Afternoon,Visual,Good,Low,Average,No,No,Not Started,418,92,179,108,99.9,75.1,7.43,0,41,4,1,0,2.0,63,1264,86.53,87.0,Excellent
STU2322,CSE-DS,4,Female,Hostel,Afternoon,Kinesthetic,Poor,High,Good,No,No,Not Started,65,100,0,572,86.5,68.4,6.38,1,33,0,1,1,1.0,197,1099,49.71,72.85,Good
STU2323,CSE-DS,4,Female,Hostel,Night,Kinesthetic,Poor,High,Average,No,No,Not Started,186,358,190,163,93.9,72.2,6.46,2,35,3,1,0,2.0,31,1153,45.44,71.04,Good
STU2324,CSE,8,Male,Hostel,Night,Auditory,Average,Medium,Good,No,No,In Progress,268,67,89,503,64.4,63.3,6.59,0,27,6,5,1,1.0,416,1141,84.09,75.07,Good
STU2325,IT,2,Male,Hostel,Afternoon,Auditory,Good,Low,Average,No,Yes,Not Started,226,303,321,399,87.4,73.9,6.7,0,32,0,1,0,1.0,112,902,83.34,76.6,Good
STU2326,ECE,7,Female,Hostel,Night,Auditory,Poor,High,Average,No,No,In Progress,118,136,83,0,78.9,61.4,6.7,0,29,6,2,1,4.0,0,1020,48.75,67.72,Average
STU2327,IT,5,Male,Hostel,Morning,Visual,Good,Low,Good,No,Yes,Not Started,241,86,206,417,85.2,65.4,6.03,1,32,5,0,0,2.0,323,977,96.0,77.94,Good
STU2328,CSE,5,Male,Day Scholar,Afternoon,Auditory,Average,Medium,Good,No,No,Not Started,133,293,111,167,79.7,57.8,6.02,1,26,3,0,2,,77,1028,62.7,68.67,Average
STU2329,CSE-DS,4,Female,Day Scholar,Night,Visual,Good,Low,Good,No,No,Not Started,167,520,224,285,66.3,63.4,7.15,1,31,7,0,1,1.0,58,843,88.45,70.11,Good
STU2330,CSE,4,Female,Day Scholar,Night,Kinesthetic,Average,Medium,Average,No,No,Not Started,99,294,258,100,84.7,67.5,7.18,0,30,3,1,4,4.0,14,1149,56.4,75.97,Good
STU2331,CSE,6,Male,Hostel,Night,Visual,Average,Medium,Average,No,No,Not Started,277,190,134,867,93.2,79.1,7.71,0,41,5,4,0,2.0,611,1122,95.62,90.53,Excellent
STU2332,CSE,8,Female,Hostel,Morning,Kinesthetic,Average,High,Good,Yes,No,Placed,206,161,122,375,75.8,70.0,8.23,0,36,10,2,1,2.0,331,1248,83.3,79.53,Good
STU2333,CSE-DS,1,Male,Day Scholar,Night,Visual,Average,Medium,Good,No,No,Not Started,153,133,230,493,96.7,77.9,8.52,0,36,0,0,0,1.0,100,870,61.93,88.22,Excellent
STU2334,CSE-DS,1,Other,Hostel,Night,Visual,Average,High,Average,No,No,Not Started,209,214,200,224,79.8,72.5,7.73,0,30,2,1,0,1.0,14,1090,61.76,79.59,Good
STU2335,CSE,3,Male,Day Scholar,Afternoon,Auditory,Poor,Medium,Good,No,No,Not Started,188,345,0,271,99.7,74.9,7.48,1,34,1,0,0,1.0,56,1168,50.53,79.7,Good
STU2336,CSE,3,Male,Hostel,Morning,Kinesthetic,Average,Medium,Good,No,Yes,Not Started,207,254,220,0,82.1,79.3,7.66,2,40,3,0,0,0.0,8,980,62.65,83.77,Good
STU2337,CSE-AIML,5,Female,Hostel,Night,Visual,Good,Medium,Good,No,Yes,Not Started,249,218,304,363,88.5,74.5,8.64,0,38,6,2,1,0.0,157,1122,93.61,87.24,Excellent
STU2338,CSE,5,Male,Day Scholar,Afternoon,Visual,Good,Low,Good,No,No,Not Started,208,42,239,35,77.9,76.8,7.65,0,39,6,1,0,0.0,132,805,82.03,82.64,Good
STU2339,CSE,2,Female,Hostel,Morning,Kinesthetic,Good,Medium,Good,No,No,Not Started,106,84,77,176,84.2,68.4,6.55,0,28,0,2,0,0.0,3,876,63.67,72.62,Good
STU2340,CSE-AIML,2,Female,Hostel,Night,Visual,Average,High,Poor,No,Yes,Not Started,23,112,0,154,81.0,61.1,6.01,3,29,3,0,0,2.0,42,1092,47.73,60.53,Average
STU2341,IT,1,Female,Hostel,Night,Kinesthetic,Good,Low,Good,No,Yes,Not Started,248,197,27,0,68.2,69.8,6.44,0,41,1,0,0,1.0,36,864,78.88,75.69,Good
STU2342,CSE,8,Other,Hostel,Night,Kinesthetic,Average,Low,,Yes,Yes,Placed,129,228,194,204,88.4,81.2,7.78,0,40,7,5,1,4.0,69,1020,79.24,83.32,Good
STU2343,CSE,3,Male,Hostel,Night,Kinesthetic,Average,Low,Good,No,No,Not Started,280,441,0,461,84.3,76.3,7.81,0,36,3,2,0,2.0,151,1099,82.35,84.83,Good
STU2344,CSE,1,Female,Hostel,Night,Visual,Poor,High,Poor,No,No,Not Started,47,266,244,20,100.0,81.9,8.32,0,46,0,0,0,,49,873,20.5,85.45,Excellent
STU2345,ECE,8,Male,Day Scholar,Night,Visual,Good,Low,Good,Yes,No,In Progress,96,191,296,382,73.1,77.0,7.89,1,40,6,4,1,3.0,283,1170,80.68,78.41,Good
STU2346,CSE-DS,1,Male,Day Scholar,Morning,Auditory,Average,Low,Average,Yes,No,Not Started,168,339,158,297,52.5,58.7,5.29,5,28,1,0,0,1.0,0,928,69.38,51.83,Average
STU2347,CSE-DS,3,Female,Hostel,Morning,Kinesthetic,Good,Low,,No,No,Not Started,189,354,219,278,100.0,66.8,6.93,0,37,1,1,0,0.0,87,1147,72.38,79.61,Good
STU2348,CSE,7,Male,Day Scholar,Morning,Visual,Poor,Low,Good,Yes,Yes,Placed,265,254,86,0,72.8,68.9,6.67,0,33,5,1,2,2.0,0,1022,69.74,70.27,Good
STU2349,CSE-AIML,2,Female,Hostel,Morning,Visual,Average,Medium,Good,No,Yes,Not Started,274,219,108,160,83.0,67.9,7.01,0,29,2,1,0,1.0,56,1282,73.69,81.72,Good
STU2350,CSE,6,Male,Hostel,Afternoon,Kinesthetic,Average,High,Good,No,No,Not Started,175,409,102,646,61.5,62.1,6.93,0,26,4,2,2,0.0,338,1001,79.73,75.3,Good
STU2351,CSE-DS,6,Female,Day Scholar,Afternoon,Kinesthetic,Average,Medium,Good,No,No,Not Started,247,265,75,152,74.9,74.2,8.07,0,37,3,0,1,4.0,98,1233,72.28,83.52,Good
STU2352,ECE,6,Female,Day Scholar,Morning,Kinesthetic,Average,Low,Good,No,No,In Progress,14,93,177,391,87.1,69.6,7.36,0,39,3,3,1,0.0,214,1415,65.52,84.88,Good
STU2353,CSE-DS,3,Male,Day Scholar,Morning,Auditory,Poor,High,Good,No,Yes,Not Started,150,198,241,186,70.6,64.8,6.5,1,34,3,1,0,1.0,124,1364,55.43,69.03,Average
STU2354,IT,4,Female,Hostel,,Auditory,Poor,High,Good,No,Yes,Not Started,252,286,50,29,73.7,79.0,7.92,0,38,6,3,1,4.0,66,1127,64.6,80.38,Good
STU2355,CSE-DS,4,Female,Hostel,Morning,Auditory,Average,Medium,Good,No,Yes,Not Started,186,192,110,165,59.4,67.6,6.48,0,38,3,2,0,1.0,56,1081,68.73,73.89,Good
STU2356,CSE,4,Male,Day Scholar,Night,Kinesthetic,Poor,Low,Good,No,No,Not Started,311,305,140,566,100.0,83.9,8.76,0,46,3,2,1,1.0,193,962,78.07,95.17,Excellent
STU2357,ECE,5,Male,Hostel,Morning,Visual,Average,High,Good,No,No,Not Started,95,63,93,530,68.6,56.5,5.18,3,29,6,4,3,2.0,187,1325,72.15,60.86,Average
STU2358,CSE,2,Female,Day Scholar,Night,Kinesthetic,Poor,Medium,Good,No,Yes,Not Started,260,344,113,20,65.4,72.4,6.44,5,39,0,1,0,1.0,50,1069,57.87,63.36,Average
STU2359,CSE-AIML,2,Male,Hostel,Night,Visual,Poor,High,Average,No,No,Not Started,136,192,31,168,52.3,54.5,5.26,1,29,2,1,0,0.0,0,1002,49.25,61.54,Average
STU2360,CSE,7,Male,Day Scholar,Night,Auditory,Poor,Medium,Good,Yes,No,Placed,224,171,120,47,70.9,70.9,6.27,1,37,7,4,0,3.0,46,1129,64.42,68.41,Average
STU2361,CSE,7,Female,Hostel,Night,Auditory,Average,Medium,Average,No,Yes,Placed,101,339,135,193,94.4,77.4,7.34,0,37,6,3,2,3.0,80,1056,74.01,82.92,Good
STU2362,CSE-AIML,5,Male,Hostel,Night,Auditory,Average,Medium,Good,No,No,Not Started,193,233,95,416,95.3,72.8,7.53,0,38,2,1,3,1.0,233,1068,76.51,84.66,Good
STU2363,CSE,1,Female,Hostel,Morning,Visual,Average,High,Good,No,Yes,Not Started,258,170,172,340,77.1,66.7,5.62,1,37,2,0,0,0.0,72,983,72.87,76.26,Good
STU2364,CSE-AIML,8,Female,Day Scholar,Night,Visual,Average,High,Average,No,No,In Progress,249,222,101,552,64.9,63.2,6.37,2,29,9,3,1,3.0,396,1002,86.76,65.83,Average
STU2365,CSE-AIML,7,Female,Day Scholar,Night,Kinesthetic,Good,Low,Average,No,Yes,In Progress,190,222,20,783,77.3,70.4,7.31,0,41,10,3,2,,548,1589,100.0,86.01,Excellent
STU2366,CSE,6,Male,Hostel,Night,Kinesthetic,Good,Medium,Good,No,No,Not Started,253,178,224,349,78.6,81.1,8.58,0,37,7,5,0,3.0,155,1186,84.07,82.3,Good
STU2367,CSE,4,Male,Day Scholar,Afternoon,Kinesthetic,Average,Medium,Good,No,No,Not Started,237,279,200,481,89.0,69.3,6.55,0,37,1,3,0,2.0,228,1206,70.37,80.55,Good
STU2368,CSE-AIML,6,Male,Hostel,Night,Auditory,Average,High,Average,No,No,Not Started,153,230,160,708,83.3,71.0,6.35,1,32,1,1,3,0.0,463,1214,70.66,72.17,Good
STU2369,CSE,4,Female,Hostel,Night,Kinesthetic,Average,Medium,Good,No,No,Not Started,196,339,302,106,99.7,72.1,6.25,4,37,3,0,1,1.0,115,956,65.03,74.73,Good
STU2370,CSE-DS,6,Male,Hostel,Night,Auditory,Average,High,Average,No,No,Not Started,259,45,0,574,69.3,62.3,6.49,3,31,8,2,1,1.0,347,1160,85.78,70.46,Good
STU2371,CSE-DS,1,Male,Hostel,Night,Visual,Average,Medium,Good,No,No,Not Started,347,246,73,186,66.3,75.6,7.29,0,38,1,0,0,0.0,43,829,66.14,80.4,Good
STU2372,IT,8,Male,Hostel,Morning,Auditory,Average,Low,Good,No,Yes,Placed,229,400,0,426,79.7,68.9,6.6,0,36,1,2,0,6.0,335,1413,84.85,77.77,Good
STU2373,CSE-DS,6,Male,Hostel,Afternoon,Auditory,Average,Low,Good,No,No,Not Started,76,176,306,139,80.8,73.6,7.33,0,34,7,0,2,2.0,104,1108,63.76,78.22,Good
STU2374,CSE-AIML,6,Male,Day Scholar,Afternoon,Auditory,Good,Low,Poor,Yes,No,Not Started,216,213,247,599,91.7,68.2,7.41,0,29,5,1,3,5.0,357,1286,77.69,78.39,Good
STU2375,CSE-DS,3,Female,Day Scholar,Morning,Visual,Average,Medium,Good,No,Yes,Not Started,346,403,142,386,81.8,84.7,7.3,0,40,5,0,0,1.0,61,1072,87.3,81.56,Good
STU2376,CSE,8,Male,Day Scholar,Morning,Visual,Poor,High,Average,Yes,No,Placed,121,0,141,279,79.3,71.7,6.87,0,40,8,1,3,3.0,167,1315,58.83,72.01,Good
STU2377,CSE,6,Male,Hostel,Morning,Kinesthetic,Poor,Medium,Good,No,Yes,In Progress,62,428,7,294,98.1,68.7,7.27,0,32,7,0,0,1.0,148,1136,63.4,79.41,Good
STU2378,IT,3,Male,Day Scholar,Afternoon,Kinesthetic,Average,Medium,Good,No,No,Not Started,225,303,138,855,63.4,71.0,7.37,0,37,1,0,1,1.0,210,1144,78.39,77.03,Good
STU2379,CSE-AIML,2,Female,Day Scholar,Afternoon,Kinesthetic,Good,High,Good,No,Yes,Not Started,185,240,0,288,100.0,79.7,7.91,1,41,0,1,0,0.0,125,944,63.31,84.71,Good
STU2380,IT,8,Female,Hostel,Morning,Visual,Poor,High,Good,No,No,In Progress,187,354,293,0,85.5,81.2,9.02,0,42,6,3,3,3.0,0,1169,52.34,83.92,Good
STU2381,IT,5,Male,Day Scholar,,Visual,Average,Medium,Average,No,Yes,Not Started,162,205,186,198,59.0,56.3,5.73,0,32,5,0,0,2.0,104,1094,72.53,69.88,Average
STU2382,IT,8,Female,Hostel,Night,Visual,Good,Low,Average,No,Yes,Placed,130,112,251,503,78.6,64.9,5.79,0,33,10,3,4,4.0,437,1409,100.0,75.01,Good
STU2383,ECE,8,Male,Hostel,Night,Visual,Average,Low,Good,No,No,Placed,116,198,8,673,54.3,55.7,5.27,1,28,10,1,5,6.0,546,1161,98.72,66.45,Average
STU2384,CSE-AIML,6,Female,Hostel,Morning,Visual,Good,Medium,Good,No,No,Not Started,206,195,150,439,72.5,66.7,7.46,0,34,7,0,2,2.0,278,1006,87.24,82.07,Good
STU2385,CSE,2,Male,Hostel,Night,Auditory,Good,Medium,Average,No,Yes,Not Started,244,188,3,0,74.3,62.9,6.36,1,29,5,1,0,,0,1349,74.7,71.1,Good
STU2386,CSE-AIML,8,Female,Day Scholar,Night,Kinesthetic,Average,Medium,Poor,No,No,Placed,148,271,48,156,100.0,67.6,7.1,0,39,3,4,0,3.0,74,1095,52.79,84.4,Good
STU2387,CSE,7,Female,Hostel,Night,Auditory,Poor,Medium,Good,No,Yes,Placed,297,248,261,213,80.1,74.4,8.22,0,34,5,3,2,3.0,99,731,75.84,82.77,Good
STU2388,CSE-DS,7,Female,Hostel,Night,Kinesthetic,Poor,High,Average,No,No,In Progress,183,265,106,357,80.9,65.0,7.71,0,27,9,4,3,2.0,298,1346,68.7,81.19,Good
STU2389,CSE-DS,3,Male,Day Scholar,Night,Auditory,Poor,High,Good,Yes,Yes,Not Started,249,413,76,305,68.4,68.3,6.21,2,36,5,1,0,2.0,0,1159,66.79,64.88,Average
STU2390,CSE-DS,6,Male,Day Scholar,Night,Visual,Good,High,Good,No,Yes,In Progress,141,205,163,489,100.0,74.1,7.35,0,42,6,2,1,1.0,301,975,83.3,86.76,Excellent
STU2391,CSE,6,Female,Day Scholar,Morning,Kinesthetic,Poor,High,Good,No,No,Not Started,193,408,312,154,87.1,67.8,6.86,0,28,2,3,1,4.0,45,983,50.42,76.83,Good
STU2392,CSE,8,Male,Hostel,Morning,Auditory,Good,Low,Good,No,Yes,Placed,211,393,173,285,71.2,73.8,7.47,0,32,7,1,1,7.0,169,910,99.72,80.41,Good
STU2393,CSE-AIML,1,Female,Hostel,Night,Kinesthetic,Average,Low,,No,Yes,Not Started,170,0,201,169,72.5,61.5,6.58,0,29,1,0,0,0.0,0,997,70.43,70.31,Good
STU2394,CSE,2,Female,Day Scholar,Morning,Visual,Good,Medium,Good,No,No,Not Started,75,97,99,355,67.8,65.8,7.13,0,24,1,0,0,0.0,103,809,67.89,67.42,Average
STU2395,IT,4,Female,Hostel,Morning,Visual,Average,Medium,Good,No,No,Not Started,294,89,104,141,83.1,70.0,7.08,0,38,2,4,0,2.0,74,1216,66.17,78.43,Good
STU2396,CSE,4,Male,Hostel,Night,Kinesthetic,Average,Medium,Good,No,Yes,Not Started,167,430,0,377,72.5,67.7,6.76,0,33,4,1,1,4.0,142,1032,74.12,79.3,Good
STU2397,CSE,1,Female,Hostel,Morning,Kinesthetic,Poor,Low,Good,Yes,Yes,Not Started,0,234,0,435,75.5,63.0,5.48,0,31,1,0,0,1.0,8,1042,61.04,67.68,Average
STU2398,CSE,3,Female,Hostel,Night,Visual,Poor,High,Average,No,No,Not Started,137,189,306,408,95.5,70.3,6.83,2,34,4,2,3,5.0,123,1146,49.21,74.21,Good
STU2399,CSE-DS,4,Female,Hostel,Night,Visual,Average,Medium,Good,No,No,Not Started,323,86,172,209,71.4,75.8,8.2,0,37,3,0,0,1.0,40,1156,74.89,82.55,Good
STU2400,CSE-DS,8,Male,Hostel,Afternoon,Visual,Poor,High,Good,No,No,In Progress,288,362,188,570,82.3,79.2,7.44,0,43,6,0,1,2.0,503,1187,75.64,81.67,Good
STU2401,CSE,4,Male,Hostel,Morning,Auditory,Poor,Medium,Poor,No,No,Not Started,204,195,80,340,74.6,68.7,7.39,1,35,3,2,0,3.0,155,1025,53.33,71.75,Good
STU2402,CSE,7,Male,Hostel,Morning,Kinesthetic,Good,Low,Average,No,No,In Progress,256,0,127,505,82.0,80.9,7.47,0,43,5,1,0,3.0,322,1329,98.29,91.56,Excellent
STU2403,CSE-AIML,7,Male,Hostel,Morning,Visual,Average,Low,Average,No,Yes,Placed,307,443,178,708,80.2,71.8,7.45,0,33,4,5,3,3.0,522,1168,100.0,81.49,Good
STU2404,CSE,5,Female,Hostel,Morning,Kinesthetic,Good,Low,Good,No,No,Not Started,190,235,256,636,77.5,70.8,7.22,0,33,5,2,0,2.0,295,885,91.2,80.18,Good
STU2405,CSE-DS,2,Female,Day Scholar,Morning,Auditory,Good,Low,Average,No,Yes,Not Started,275,386,237,228,96.2,75.7,7.18,0,37,5,1,0,1.0,8,1169,88.89,84.15,Good
STU2406,CSE-DS,3,Male,Day Scholar,Afternoon,Auditory,Average,Medium,Average,No,No,Not Started,108,239,113,543,94.3,76.8,6.15,1,38,3,0,0,0.0,229,1179,77.4,76.68,Good
STU2407,CSE,6,Female,Hostel,Afternoon,Visual,Good,Low,Good,No,Yes,Not Started,84,178,201,775,61.4,62.3,6.29,4,34,10,1,0,2.0,443,1525,100.0,64.1,Average
STU2408,CSE,2,Male,Hostel,Night,Kinesthetic,Average,High,Good,No,Yes,Not Started,181,237,130,703,50.6,66.3,6.6,0,35,2,0,0,0.0,188,1131,77.86,75.09,Good
STU2409,ECE,3,Male,Hostel,Night,Auditory,Good,Low,Average,No,Yes,Not Started,246,292,167,63,96.6,76.3,8.01,0,37,1,0,0,0.0,0,979,78.83,87.03,Excellent
STU2410,CSE-AIML,4,Male,Hostel,Night,Kinesthetic,Average,Low,Good,No,No,Not Started,293,154,234,211,80.3,69.4,7.07,0,35,0,2,0,0.0,0,997,67.53,79.23,Good
STU2411,CSE-DS,5,Male,Hostel,Night,Kinesthetic,Poor,High,Average,No,No,Not Started,171,22,203,496,82.4,67.3,6.18,3,31,1,2,0,5.0,201,1339,56.38,70.1,Good
STU2412,CSE,2,Female,Hostel,Morning,Visual,Average,Medium,Average,No,No,Not Started,105,0,75,531,98.5,76.7,7.06,0,35,2,0,0,0.0,45,514,68.3,85.92,Excellent
STU2413,CSE-AIML,4,Male,Day Scholar,Night,Auditory,Average,Medium,Average,No,No,Not Started,374,246,185,426,71.1,68.9,7.96,0,29,2,4,0,4.0,227,1107,79.46,81.61,Good
STU2414,CSE,3,Female,Day Scholar,Afternoon,Auditory,Average,Medium,Good,No,Yes,Not Started,162,283,318,354,82.9,77.7,7.76,1,46,1,0,0,1.0,77,1309,69.73,81.37,Good
STU2415,CSE-AIML,2,Male,Hostel,Morning,Auditory,Average,Low,Good,No,No,Not Started,89,219,0,616,82.1,69.4,6.81,2,34,1,0,0,1.0,149,1021,71.1,70.8,Good
STU2416,ECE,6,Female,Hostel,Night,Kinesthetic,Average,Medium,Average,No,Yes,In Progress,232,121,120,247,95.3,70.4,6.9,0,34,1,6,1,6.0,161,1243,71.42,82.66,Good
STU2417,CSE,2,Male,Day Scholar,Afternoon,Auditory,Average,Medium,Average,No,Yes,Not Started,483,177,20,395,82.4,83.0,8.48,0,42,2,0,0,0.0,164,1165,88.16,88.0,Excellent
STU2418,CSE,4,Male,Hostel,Morning,Auditory,Average,Low,Average,No,No,Not Started,188,248,133,336,77.8,66.1,6.76,2,33,5,0,0,2.0,69,981,79.42,76.23,Good
STU2419,CSE,8,Male,Day Scholar,Night,Kinesthetic,Poor,Medium,Good,No,No,Placed,186,277,195,99,74.5,61.0,5.41,1,31,5,1,2,4.0,29,926,55.74,69.32,Average
STU2420,CSE,8,Male,Hostel,Night,Auditory,Poor,High,Good,No,No,Placed,248,229,58,406,86.9,76.8,7.06,0,37,10,2,1,8.0,370,1085,79.3,78.11,Good
STU2421,CSE,2,Male,Day Scholar,Afternoon,Auditory,Average,Low,Good,No,No,Not Started,264,157,27,148,77.0,72.7,8.06,0,39,0,0,0,3.0,78,1181,71.25,80.49,Good
STU2422,CSE,6,Female,Day Scholar,Afternoon,Kinesthetic,Poor,High,Good,No,Yes,In Progress,74,401,276,561,61.0,66.0,6.78,1,38,6,1,1,4.0,364,1232,65.83,72.87,Good
STU2423,IT,5,Female,Day Scholar,Night,Auditory,Average,Low,,Yes,No,Not Started,314,132,162,127,83.1,77.4,7.39,0,40,3,4,2,2.0,118,1068,76.3,80.02,Good
STU2424,CSE-AIML,5,Female,Hostel,Night,Visual,Poor,High,Average,No,No,Not Started,169,122,224,109,50.1,57.3,5.0,0,33,7,1,2,5.0,70,1121,53.79,64.58,Average
STU2425,CSE,8,Male,Hostel,Morning,Kinesthetic,Poor,High,Average,No,No,Placed,185,197,207,262,95.8,80.2,7.64,0,43,4,2,1,3.0,267,1150,54.42,90.61,Excellent
STU2426,ECE,4,Male,Hostel,Night,Auditory,Average,Low,Average,No,Yes,Not Started,78,381,32,556,69.4,59.8,5.27,3,28,2,2,0,1.0,147,780,78.92,61.12,Average
STU2427,CSE,3,Male,Day Scholar,Night,Visual,Poor,High,Good,No,No,Not Started,150,320,222,244,87.2,67.5,6.37,1,30,1,0,0,2.0,53,1111,42.82,72.72,Good
STU2428,ECE,4,Other,Hostel,Morning,Kinesthetic,Average,Medium,Good,No,Yes,Not Started,308,233,65,296,91.9,77.0,7.92,0,32,1,0,1,3.0,89,1392,76.77,83.74,Good
STU2429,CSE,5,Female,Hostel,Night,Auditory,Good,Low,Good,No,No,Not Started,283,113,50,414,91.9,69.7,7.5,0,34,5,0,0,3.0,189,1047,87.92,82.13,Good
STU2430,IT,1,Female,Hostel,Night,Kinesthetic,Average,Medium,Average,No,Yes,Not Started,221,134,222,231,100.0,82.4,8.13,0,41,1,0,0,1.0,52,1260,74.1,87.67,Excellent
STU2431,CSE-DS,1,Female,Hostel,Morning,Visual,Poor,High,Average,No,No,Not Started,0,206,0,0,76.9,62.2,5.83,2,32,1,0,0,2.0,0,784,30.25,65.86,Average
STU2432,IT,2,Male,Hostel,Night,Kinesthetic,Poor,High,Average,No,No,Not Started,115,188,9,287,87.6,69.9,6.72,0,33,1,2,0,2.0,104,865,42.28,76.52,Good
STU2433,ECE,6,Male,Hostel,Morning,Auditory,Average,Low,Good,No,No,Not Started,219,180,72,259,82.3,82.6,7.85,0,43,5,1,2,5.0,155,1359,81.11,84.69,Good
STU2434,CSE,8,Male,Hostel,Night,Visual,Good,Medium,Good,No,No,Placed,141,407,0,215,81.9,72.0,5.99,0,41,7,1,2,3.0,239,1166,81.25,77.8,Good
STU2435,ECE,7,Male,Hostel,Night,Kinesthetic,Poor,Low,Good,No,Yes,In Progress,239,609,126,285,83.7,67.6,6.47,2,35,1,1,0,1.0,175,1182,70.13,71.86,Good
STU2436,CSE,7,Male,Day Scholar,Morning,Auditory,Average,Medium,Good,No,Yes,In Progress,251,148,67,284,71.3,76.4,7.72,0,35,4,2,1,7.0,200,777,82.35,79.69,Good
STU2437,CSE,7,Male,Day Scholar,Night,Auditory,Average,Medium,Poor,No,Yes,Placed,306,319,146,194,89.7,78.0,8.03,0,43,7,0,3,,112,1308,74.11,83.16,Good
STU2438,CSE,2,Female,Day Scholar,Night,Visual,Good,Medium,Average,No,Yes,Not Started,17,348,308,260,77.0,58.1,6.78,0,25,1,1,0,0.0,83,811,62.79,71.29,Good
STU2439,CSE-AIML,1,Female,Hostel,Afternoon,Visual,Good,Medium,Average,No,No,Not Started,146,177,0,413,96.1,74.8,7.52,1,38,0,0,0,0.0,71,951,71.09,84.47,Good
STU2440,CSE,5,Female,Day Scholar,Morning,Kinesthetic,Average,High,Average,No,No,Not Started,110,146,0,558,82.3,68.3,7.19,0,29,2,1,1,2.0,320,1074,65.09,79.46,Good
STU2441,CSE-AIML,2,Female,Hostel,Morning,Auditory,Average,Medium,,No,Yes,Not Started,129,129,74,185,84.3,63.2,6.1,0,28,0,2,0,1.0,78,1032,64.85,77.59,Good
STU2442,CSE-AIML,7,Male,Hostel,Night,Visual,Good,High,Good,No,No,Placed,172,307,35,524,89.4,74.0,7.35,1,38,2,1,1,8.0,354,1181,72.37,79.24,Good
STU2443,IT,7,Male,Hostel,Night,Auditory,Poor,Medium,Poor,No,No,In Progress,202,308,119,390,77.0,72.3,7.42,0,33,10,2,3,3.0,241,1025,66.86,77.91,Good
STU2444,IT,8,Female,Hostel,Night,Kinesthetic,Average,High,,No,No,Placed,239,371,282,20,61.0,55.3,5.7,1,27,8,1,0,6.0,0,1116,66.18,64.81,Average
STU2445,CSE-AIML,4,Male,Hostel,Afternoon,Visual,Good,Low,Good,No,No,Not Started,110,496,299,402,99.3,73.1,8.15,0,33,3,1,1,4.0,180,1237,77.74,85.96,Excellent
STU2446,CSE,7,Male,Day Scholar,Night,Kinesthetic,Average,Medium,Good,No,No,In Progress,151,304,68,363,97.1,80.4,8.23,0,42,5,3,2,5.0,249,799,72.08,88.65,Excellent
STU2447,CSE,6,Male,Hostel,Morning,Kinesthetic,Average,Medium,Good,No,No,Not Started,191,253,26,422,79.7,68.0,7.93,0,31,7,2,1,2.0,190,1395,81.51,80.45,Good
STU2448,CSE,7,Male,Hostel,Morning,Visual,Average,High,Poor,No,No,In Progress,186,129,28,176,75.3,70.8,6.89,1,34,3,0,2,3.0,213,942,53.07,76.41,Good
STU2449,CSE,4,Male,Hostel,Afternoon,Kinesthetic,Average,Low,Good,No,No,Not Started,128,333,155,38,57.3,63.4,4.84,0,23,1,0,1,2.0,10,1003,59.45,59.57,Average
STU2450,CSE,7,Male,Hostel,Afternoon,Auditory,Poor,Medium,Average,No,No,In Progress,124,0,116,0,86.9,58.4,6.74,0,28,6,1,1,2.0,37,1040,59.98,73.89,Good
STU2451,CSE,6,Male,Hostel,Night,Visual,Average,Medium,Good,No,No,Not Started,162,191,127,355,67.1,63.0,6.08,3,32,6,1,2,1.0,145,833,77.26,67.13,Average
STU2452,ECE,5,Female,Hostel,Night,Auditory,Poor,Medium,Average,No,Yes,Not Started,46,0,66,477,85.6,71.9,7.41,0,36,5,2,2,3.0,370,1264,66.18,80.7,Good
STU2453,CSE-AIML,2,Male,Day Scholar,Night,Kinesthetic,Poor,Medium,Average,No,No,Not Started,63,200,136,413,81.0,68.8,7.78,0,35,1,0,0,0.0,88,1152,45.72,79.36,Good
STU2454,CSE,6,Male,Hostel,Night,Visual,Average,Medium,Average,No,Yes,Not Started,163,336,315,428,79.1,74.3,7.04,0,33,2,3,1,2.0,252,1072,81.34,78.12,Good
STU2455,CSE-AIML,4,Male,Hostel,Morning,Auditory,Average,Medium,Poor,No,No,Not Started,186,449,250,611,79.3,69.5,6.97,0,38,6,2,0,1.0,289,959,71.56,80.46,Good
STU2456,CSE,2,Male,Day Scholar,Night,Auditory,Poor,Low,Average,No,No,Not Started,285,0,357,392,82.4,80.2,8.15,0,41,1,1,0,0.0,120,1062,64.96,85.08,Excellent
STU2457,CSE-AIML,2,Female,Day Scholar,Night,Auditory,Poor,Low,Good,No,No,Not Started,35,388,130,264,62.9,65.5,6.79,0,30,0,0,0,1.0,29,1078,50.09,70.12,Good
STU2458,CSE-DS,4,Female,Day Scholar,Night,Auditory,Average,High,Average,No,No,Not Started,219,206,1,671,96.6,85.5,10.0,0,44,8,0,1,2.0,239,1033,85.55,95.74,Excellent
STU2459,CSE-AIML,8,Female,Day Scholar,Afternoon,Auditory,Poor,Medium,Good,No,No,Placed,306,236,0,206,75.2,80.6,8.14,0,42,4,1,3,1.0,186,1272,62.13,84.89,Good
STU2460,CSE-AIML,1,Male,Hostel,Night,Kinesthetic,Average,Medium,Good,Yes,Yes,Not Started,205,343,180,160,78.2,70.5,6.83,0,29,0,0,0,0.0,39,764,62.01,68.21,Average
STU2461,ECE,7,Female,Hostel,Night,Kinesthetic,Good,Medium,Average,Yes,Yes,Placed,119,223,0,551,68.8,55.5,6.11,2,27,3,1,4,5.0,259,1073,77.51,66.5,Average
STU2462,IT,6,Female,Day Scholar,Morning,Kinesthetic,Good,Low,Good,Yes,No,Not Started,149,149,295,0,86.6,68.0,6.15,5,37,5,0,3,3.0,0,1259,71.79,71.06,Good
STU2463,CSE-DS,4,Male,Day Scholar,Night,Kinesthetic,Poor,Medium,Good,No,No,Not Started,343,171,121,108,83.9,73.9,8.44,0,34,0,1,0,4.0,0,951,55.43,79.05,Good
STU2464,CSE-AIML,5,Male,Hostel,Night,Kinesthetic,Average,Low,Poor,No,No,Not Started,281,138,92,168,56.8,64.2,6.44,1,36,7,0,1,2.0,103,1037,72.87,75.45,Good
STU2465,CSE-DS,3,Male,Hostel,Morning,Kinesthetic,Average,High,Good,No,No,Not Started,122,256,117,74,89.8,67.5,6.39,1,33,3,0,0,1.0,17,900,52.7,73.38,Good
STU2466,CSE,4,Female,Day Scholar,Morning,Kinesthetic,Average,High,Good,No,No,Not Started,111,391,144,324,100.0,80.0,7.94,0,37,5,0,1,1.0,90,1108,63.77,83.33,Good
STU2467,CSE,7,Female,Hostel,Night,Auditory,Average,High,Good,No,Yes,In Progress,216,343,212,688,80.0,71.4,5.99,3,34,2,2,3,3.0,500,1280,84.33,66.8,Average
STU2468,CSE,7,Male,Hostel,Morning,Kinesthetic,Poor,Medium,Average,No,Yes,In Progress,220,251,112,242,61.6,66.9,5.8,0,30,7,3,3,4.0,81,1073,70.02,69.81,Average
STU2469,CSE-AIML,2,Female,Hostel,Night,Auditory,Poor,Medium,Good,No,No,Not Started,307,160,137,0,74.5,71.3,6.94,0,32,0,1,0,1.0,0,869,58.22,69.25,Average
STU2470,CSE-AIML,2,Male,Day Scholar,Night,Visual,Poor,High,Good,No,Yes,Not Started,161,276,173,7,67.9,61.8,6.51,0,28,1,0,0,0.0,0,982,44.41,71.14,Good
STU2471,CSE,4,Male,Day Scholar,Afternoon,Kinesthetic,Average,Medium,Poor,No,Yes,Not Started,45,456,140,395,88.7,70.8,6.36,0,32,1,2,1,0.0,80,1128,49.36,70.99,Good
STU2472,ECE,3,Female,Hostel,Night,Auditory,Average,Medium,Good,No,Yes,Not Started,155,128,0,294,78.4,69.2,6.67,1,36,0,1,0,4.0,80,1016,65.5,72.57,Good
STU2473,ECE,8,Female,Hostel,Night,Visual,Poor,Medium,Good,No,Yes,Placed,136,330,70,479,83.9,75.7,7.87,0,37,10,2,2,7.0,341,1256,76.71,79.81,Good
STU2474,CSE-DS,4,Male,Hostel,,Visual,Average,Medium,Good,Yes,No,Not Started,0,291,230,360,99.6,76.4,7.94,1,38,3,1,1,3.0,147,1064,64.16,81.47,Good
STU2475,CSE-AIML,3,Male,Hostel,Night,Auditory,Average,Medium,Average,No,Yes,Not Started,155,153,293,165,86.1,72.3,6.93,1,35,1,0,1,2.0,144,1117,75.3,75.92,Good
STU2476,IT,8,Male,Hostel,Night,Auditory,Good,Medium,Average,No,Yes,Placed,266,269,281,92,67.6,70.2,7.37,0,35,3,4,1,4.0,47,1191,76.71,76.48,Good
STU2477,CSE,3,Male,Hostel,Morning,Auditory,Average,Medium,Average,No,Yes,Not Started,247,190,176,122,78.0,69.7,6.86,0,34,0,0,1,2.0,54,1025,72.9,77.82,Good
STU2478,IT,7,Female,Hostel,,Kinesthetic,Poor,High,Average,No,No,Placed,150,135,78,311,80.7,75.7,7.61,0,33,4,1,2,3.0,229,1147,60.48,79.15,Good
STU2479,CSE,7,Female,Day Scholar,Morning,Visual,Average,Medium,Good,No,No,In Progress,141,123,258,0,68.8,70.0,6.8,0,37,5,2,0,3.0,0,1187,62.47,73.2,Good
STU2480,IT,7,Female,Day Scholar,Afternoon,Kinesthetic,Average,Medium,Good,No,No,In Progress,133,153,86,18,92.2,74.9,7.82,1,37,7,2,1,0.0,0,837,65.55,81.83,Good
STU2481,CSE,5,Male,Hostel,Night,Kinesthetic,Good,Low,Good,No,Yes,Not Started,131,99,72,270,90.6,70.8,7.14,0,34,4,4,1,7.0,118,1110,78.59,85.88,Excellent
STU2482,IT,7,Female,Hostel,Afternoon,Kinesthetic,Average,High,Good,No,Yes,In Progress,252,474,164,213,68.0,70.9,6.82,0,34,9,0,0,0.0,237,1280,83.24,76.56,Good
STU2483,ECE,6,Male,Day Scholar,Night,Visual,Average,Low,Average,No,No,Not Started,301,125,0,392,77.3,76.5,7.79,0,35,8,0,2,2.0,177,1375,94.27,81.66,Good
STU2484,CSE,2,Female,Hostel,Afternoon,Visual,Average,Medium,Good,Yes,Yes,Not Started,247,427,123,254,90.0,71.5,7.79,0,31,2,0,0,1.0,64,968,75.4,75.57,Good
STU2485,CSE-AIML,2,Female,Day Scholar,Afternoon,Visual,Poor,High,Good,No,No,Not Started,114,285,126,211,86.4,70.4,5.6,0,31,2,0,0,1.0,105,1264,48.32,74.65,Good
STU2486,ECE,3,Female,Hostel,Night,Auditory,Good,Medium,Good,No,No,Not Started,106,34,106,379,85.2,64.6,6.58,0,29,1,0,0,3.0,134,856,64.13,75.31,Good
STU2487,CSE-AIML,2,Male,Day Scholar,Afternoon,Kinesthetic,Poor,Medium,Good,Yes,Yes,Not Started,311,140,104,318,70.9,69.8,6.43,1,39,1,1,0,1.0,57,1232,68.11,70.65,Good
STU2488,IT,1,Male,Day Scholar,Night,Auditory,Poor,Low,Good,No,Yes,Not Started,187,281,269,333,73.5,70.7,6.42,1,35,0,0,0,0.0,107,890,62.75,71.41,Good
STU2489,CSE-AIML,8,Male,Day Scholar,Morning,Auditory,Poor,High,Good,No,Yes,Placed,113,159,0,0,67.0,69.7,5.99,1,30,6,3,4,5.0,0,1072,53.36,68.87,Average
STU2490,CSE,3,Female,Day Scholar,Night,Kinesthetic,Average,Low,,No,Yes,Not Started,188,263,163,223,74.3,66.6,6.8,0,37,1,2,0,2.0,103,1086,70.75,77.82,Good
STU2491,CSE,2,Male,Day Scholar,Night,Visual,Poor,Low,Good,No,Yes,Not Started,59,16,184,258,70.5,56.5,5.87,5,30,2,0,0,1.0,0,991,58.92,59.17,Average
STU2492,CSE,1,Male,Hostel,Night,Kinesthetic,Poor,Medium,Good,No,Yes,Not Started,73,246,283,391,100.0,72.5,7.83,1,36,0,0,0,1.0,29,1082,56.12,83.03,Good
STU2493,IT,8,Male,Hostel,Morning,Auditory,Average,Medium,Average,Yes,No,In Progress,124,225,153,591,96.5,73.7,7.16,0,36,11,5,1,3.0,524,1128,89.84,83.2,Good
STU2494,CSE,5,Female,Hostel,Afternoon,Visual,Poor,Medium,Good,Yes,Yes,Not Started,260,468,171,102,93.0,72.4,8.07,0,30,4,4,0,1.0,138,934,67.14,84.57,Good
STU2495,CSE-AIML,2,Male,Day Scholar,Night,Visual,Good,Medium,Average,No,Yes,Not Started,154,159,118,147,97.3,71.8,7.25,0,36,1,1,0,1.0,48,858,72.74,83.13,Good
STU2496,CSE-AIML,1,Female,Day Scholar,Night,Auditory,Poor,High,Good,No,No,Not Started,242,325,151,528,96.8,76.6,7.21,0,39,0,0,0,0.0,50,966,60.33,79.34,Good
STU2497,CSE-AIML,4,Female,Hostel,Morning,Visual,Good,High,Good,No,No,Not Started,196,396,121,268,71.8,72.7,7.35,0,37,6,1,0,1.0,5,1008,70.9,76.79,Good
STU2498,IT,6,Female,Hostel,Afternoon,Visual,Good,Medium,Good,Yes,No,Not Started,55,369,0,355,90.6,62.8,5.43,3,29,5,0,1,2.0,168,1070,68.88,67.66,Average
STU2499,ECE,4,Male,Day Scholar,Afternoon,Kinesthetic,Average,Low,Average,No,No,Not Started,321,377,149,77,80.0,73.8,7.5,0,38,3,1,1,3.0,0,991,72.48,82.38,Good
STU2500,CSE-AIML,1,Male,Hostel,Morning,Kinesthetic,Poor,Medium,Poor,No,No,Not Started,70,231,144,188,68.0,69.7,6.8,0,37,0,1,0,2.0,0,826,37.89,71.26,Good
STU2501,IT,3,Male,Hostel,Night,Auditory,Poor,Medium,Good,No,No,Not Started,127,291,62,252,88.1,67.6,7.59,0,30,2,1,0,0.0,71,1231,49.74,74.88,Good
STU2502,IT,7,Male,Day Scholar,Morning,Auditory,Average,Medium,Average,No,No,Placed,137,169,145,659,85.9,72.9,6.78,0,37,5,1,1,3.0,461,1233,85.71,83.83,Good
STU2503,CSE-AIML,7,Male,Hostel,Afternoon,Auditory,Good,Low,Good,No,Yes,Placed,251,310,249,459,76.6,71.3,5.53,1,33,4,2,1,4.0,287,1076,92.76,72.18,Good
STU2504,ECE,7,Female,Hostel,Night,Visual,Average,Medium,Good,No,No,In Progress,123,108,89,199,85.6,72.8,6.91,0,36,6,2,1,2.0,98,983,64.8,76.95,Good
STU2505,CSE,8,Male,Hostel,Afternoon,Auditory,Poor,High,Good,No,Yes,In Progress,101,144,293,263,82.1,68.1,6.64,0,26,8,2,1,6.0,273,1247,65.31,73.83,Good
STU2506,CSE,3,Female,Hostel,Night,Kinesthetic,Average,Medium,Good,No,No,Not Started,256,485,269,301,82.0,74.8,6.3,2,38,0,1,0,1.0,93,1077,69.12,66.18,Average
STU2507,IT,8,Male,Hostel,Night,Visual,Average,Medium,Poor,No,Yes,Placed,154,353,44,219,99.1,79.4,7.27,0,35,4,4,1,6.0,169,822,65.06,77.82,Good
STU2508,CSE-AIML,2,Female,Hostel,Morning,Auditory,Good,Medium,Good,No,No,Not Started,237,52,65,292,94.3,79.4,8.21,0,41,4,0,0,1.0,51,917,73.31,86.69,Excellent
STU2509,IT,7,Female,Hostel,Night,Visual,Average,Medium,Good,No,No,In Progress,397,283,102,682,52.1,72.2,7.16,0,38,6,0,3,3.0,403,899,100.0,74.94,Good
STU2510,IT,4,Female,Hostel,Morning,Visual,Average,Medium,Good,No,Yes,Not Started,140,120,0,511,66.8,68.9,7.81,0,40,3,1,1,4.0,245,1300,76.93,80.8,Good
STU2511,CSE,3,Female,Hostel,Afternoon,Visual,Average,Low,Good,No,No,Not Started,219,322,27,272,79.2,69.8,6.71,0,27,1,1,0,1.0,124,952,70.1,70.83,Good
STU2512,IT,3,Female,Hostel,Morning,Auditory,Average,Medium,Average,No,No,Not Started,70,286,0,550,98.6,66.7,7.83,0,33,1,1,0,2.0,166,1176,63.06,80.99,Good
STU2513,CSE-AIML,7,Female,Day Scholar,Morning,Visual,Average,Medium,Good,No,Yes,Placed,127,265,184,82,52.4,69.0,6.66,0,32,4,3,0,1.0,121,1090,61.66,68.99,Average
STU2514,CSE-AIML,4,Male,Hostel,Afternoon,Visual,Poor,Medium,Good,No,Yes,Not Started,207,163,193,477,81.6,73.2,6.85,0,36,6,0,0,2.0,226,1161,74.53,75.53,Good
STU2515,CSE-DS,5,Male,Day Scholar,Afternoon,Visual,Average,Medium,Good,Yes,Yes,Not Started,309,414,0,37,87.0,82.2,7.71,0,38,4,0,0,6.0,60,1058,76.04,81.51,Good
STU2516,ECE,3,Male,Day Scholar,Night,Kinesthetic,Average,Low,Good,No,Yes,Not Started,41,161,0,0,77.6,54.1,4.55,2,21,0,2,0,2.0,39,1239,63.98,62.5,Average
STU2517,CSE,7,Male,Hostel,Night,Auditory,Average,Medium,Good,No,Yes,In Progress,214,268,113,314,73.5,77.6,8.34,0,44,5,1,2,1.0,150,1193,84.42,85.67,Excellent
STU2518,CSE-AIML,6,Male,Day Scholar,Night,Kinesthetic,Average,Low,Good,No,No,Not Started,77,214,128,314,70.0,60.6,5.46,0,30,5,2,0,2.0,171,1140,71.57,69.68,Average
STU2519,CSE-DS,1,Male,Hostel,Night,Visual,Good,Low,Good,No,No,Not Started,153,73,245,442,61.6,64.7,7.3,0,28,1,0,0,0.0,17,1223,76.54,75.77,Good
STU2520,CSE-DS,8,Male,Day Scholar,Morning,Visual,Average,Medium,Average,No,No,In Progress,128,199,51,447,92.9,70.0,7.35,1,33,6,7,3,5.0,396,1333,82.68,83.76,Good
STU2521,CSE-DS,2,Male,Hostel,Afternoon,Kinesthetic,Average,Medium,Good,No,No,Not Started,111,36,53,594,81.7,60.0,6.21,1,29,2,0,0,2.0,74,925,70.51,76.55,Good
STU2522,CSE,3,Male,Day Scholar,Afternoon,Visual,Average,High,Average,Yes,No,Not Started,195,309,131,294,99.1,77.4,7.94,0,41,1,2,1,3.0,117,953,54.86,83.49,Good
STU2523,CSE,6,Female,Hostel,Afternoon,Kinesthetic,Poor,High,Good,No,No,In Progress,89,165,238,298,89.5,77.7,7.93,0,38,6,3,0,1.0,144,809,56.23,84.67,Good
STU2524,CSE,6,Male,Day Scholar,Night,Visual,Good,Low,Average,No,No,In Progress,0,198,271,531,71.2,59.2,5.45,0,30,6,2,3,5.0,413,1007,86.12,73.56,Good
STU2525,IT,3,Female,Hostel,Night,Visual,Average,Low,Average,No,Yes,Not Started,140,315,24,63,67.7,62.5,6.5,4,31,3,0,1,1.0,61,1296,71.97,65.62,Average
STU2526,CSE,5,Male,Day Scholar,Afternoon,Visual,Good,Medium,Good,No,No,Not Started,107,167,231,273,100.0,80.5,7.68,0,39,7,0,1,2.0,147,847,78.12,86.21,Excellent
STU2527,CSE,1,Female,Hostel,Morning,Visual,Poor,High,Good,No,No,Not Started,139,0,31,156,100.0,75.7,7.71,0,41,1,0,0,1.0,54,972,41.17,82.3,Good
STU2528,ECE,2,Female,Day Scholar,Morning,Auditory,Average,Low,,Yes,Yes,Not Started,107,282,0,96,92.2,67.3,6.81,0,33,2,0,0,2.0,87,1296,70.48,73.12,Good
STU2529,CSE,3,Female,Hostel,Morning,Auditory,Average,Medium,Good,No,No,Not Started,224,158,141,394,80.5,68.6,6.79,0,36,1,3,0,2.0,210,1183,71.02,74.14,Good
STU2530,ECE,8,Female,Hostel,Morning,Auditory,Poor,Medium,Average,No,No,Placed,231,200,245,125,74.0,68.2,6.82,1,35,6,4,1,5.0,0,1359,60.53,69.52,Average
STU2531,CSE-DS,2,Male,Day Scholar,Night,Kinesthetic,Average,Medium,Good,No,Yes,Not Started,62,306,97,193,100.0,75.9,7.53,0,41,3,0,0,0.0,42,1034,64.95,88.51,Excellent
STU2532,IT,4,Other,Day Scholar,Morning,Kinesthetic,Average,Low,Good,Yes,Yes,Not Started,286,120,230,302,84.4,66.1,6.72,0,33,3,0,0,3.0,92,924,79.08,79.64,Good
STU2533,CSE,6,Female,Hostel,Night,Kinesthetic,Good,High,Average,No,No,Not Started,238,281,41,367,68.5,68.1,7.13,0,34,7,2,1,4.0,183,1113,83.02,78.03,Good
STU2534,CSE,6,Female,Day Scholar,Afternoon,Kinesthetic,Average,Medium,Good,No,No,Not Started,137,245,134,550,77.1,68.2,5.84,2,34,2,5,1,3.0,226,1008,68.04,69.51,Average
STU2535,CSE-DS,3,Female,Day Scholar,Morning,Auditory,Good,Low,Average,Yes,Yes,Not Started,167,235,211,481,63.3,67.2,6.53,0,34,2,0,0,5.0,141,1119,85.23,68.88,Average
STU2536,IT,3,Male,Day Scholar,,Kinesthetic,Good,Low,Average,No,No,Not Started,264,208,154,462,80.6,74.9,7.07,0,34,1,2,1,3.0,206,1011,85.66,81.33,Good
STU2537,CSE-DS,8,Female,Hostel,Night,Kinesthetic,Good,Low,Good,No,No,Placed,138,268,104,122,88.3,69.5,7.55,0,34,3,2,0,7.0,52,1244,69.74,81.52,Good
STU2538,CSE,4,Male,Hostel,Morning,Kinesthetic,Poor,Medium,Good,No,No,Not Started,245,316,62,682,88.2,68.9,7.19,0,30,2,0,1,1.0,251,1003,73.71,81.16,Good
STU2539,IT,5,Female,Day Scholar,Night,Visual,Good,Medium,Average,No,No,Not Started,205,32,94,234,72.0,70.8,6.52,0,35,4,1,3,1.0,146,1192,77.72,76.91,Good
STU2540,IT,3,Male,Hostel,Morning,Kinesthetic,Good,Low,Average,No,Yes,Not Started,254,332,225,145,86.0,79.5,9.16,0,38,0,1,2,4.0,48,930,79.05,85.4,Excellent
STU2541,CSE-DS,6,Female,Hostel,Morning,Visual,Good,Medium,Good,No,Yes,In Progress,231,198,107,150,90.3,71.7,6.57,0,36,4,3,0,2.0,41,1007,71.26,80.11,Good
STU2542,IT,2,Male,Hostel,Night,Kinesthetic,Good,Medium,Good,No,Yes,Not Started,124,35,0,0,77.7,63.5,6.0,0,33,1,0,0,1.0,35,993,60.49,75.34,Good
STU2543,IT,1,Male,Hostel,Night,Kinesthetic,Good,Medium,Poor,No,No,Not Started,192,214,146,390,86.4,71.7,7.12,0,32,0,1,0,1.0,0,999,57.01,78.81,Good
STU2544,CSE-DS,7,Female,Day Scholar,Morning,Visual,Average,Medium,Good,Yes,Yes,In Progress,254,117,118,0,73.7,73.4,6.47,3,35,5,1,1,6.0,39,1102,66.18,63.39,Average
STU2545,CSE,2,Female,Day Scholar,Morning,Kinesthetic,Good,Medium,Good,No,No,Not Started,246,369,158,12,68.7,68.4,7.01,0,39,0,2,0,0.0,54,1266,68.82,81.58,Good
STU2546,CSE-AIML,5,Female,Hostel,Night,Visual,Average,Medium,Poor,No,No,Not Started,238,67,107,651,92.7,81.1,8.05,0,39,3,0,2,2.0,333,1209,72.26,86.24,Excellent
STU2547,CSE,1,Male,Hostel,Afternoon,Kinesthetic,Average,Medium,Good,No,Yes,Not Started,159,263,109,596,73.1,69.5,7.03,0,35,0,0,0,0.0,0,746,68.71,75.04,Good
STU2548,CSE-AIML,2,Male,Hostel,Morning,Kinesthetic,Good,Low,Average,No,No,Not Started,310,267,205,58,98.2,80.6,7.46,1,41,4,0,0,4.0,1,1018,78.3,86.5,Excellent
STU2549,CSE-AIML,2,Female,Hostel,Night,Visual,Good,Medium,Average,No,No,Not Started,210,286,346,98,83.6,63.0,6.48,4,24,1,0,0,4.0,0,1060,67.3,63.68,Average
STU2550,CSE,4,Other,Hostel,Night,Auditory,Poor,High,Average,No,Yes,Not Started,329,318,102,469,80.9,80.5,8.13,0,38,4,1,0,1.0,163,922,74.87,84.59,Good
STU2551,CSE,7,Female,Day Scholar,Morning,Visual,Good,Low,Average,No,No,Placed,73,179,219,0,90.2,57.6,5.38,0,27,5,1,2,2.0,0,1077,67.78,70.05,Good
STU2552,CSE,8,Male,Day Scholar,Night,Auditory,Average,Low,Good,No,Yes,Placed,152,100,0,199,79.1,58.4,5.31,5,31,9,2,3,4.0,58,1016,88.5,61.01,Average
STU2553,IT,5,Female,Hostel,Night,Visual,Average,Medium,Good,Yes,No,Not Started,164,0,112,240,80.8,66.7,6.5,1,36,2,1,1,1.0,161,1032,64.57,69.57,Average
STU2554,ECE,6,Male,Day Scholar,Afternoon,Auditory,Poor,Low,Good,No,No,Not Started,254,258,92,12,87.8,80.2,7.63,0,37,3,3,1,1.0,1,1027,58.85,80.36,Good
STU2555,CSE,4,Male,Hostel,Night,Kinesthetic,Average,Low,Good,No,No,Not Started,109,174,1,79,73.2,66.1,6.46,2,28,2,2,0,1.0,0,1022,59.23,67.62,Average
STU2556,ECE,1,Male,Day Scholar,Night,Auditory,Good,Medium,Poor,Yes,Yes,Not Started,108,380,170,0,100.0,72.2,7.8,0,41,0,0,0,0.0,0,1187,45.81,78.94,Good
STU2557,CSE-AIML,7,Male,Hostel,Morning,Kinesthetic,Poor,High,Average,Yes,Yes,Placed,266,314,216,386,96.2,77.7,7.76,0,45,6,1,0,4.0,292,1005,70.45,86.89,Excellent
STU2558,CSE,6,Female,Day Scholar,Morning,Visual,Good,Low,Good,No,No,Not Started,166,407,170,173,90.2,78.4,7.87,0,35,6,1,1,7.0,180,1188,81.42,81.55,Good
STU2559,CSE,4,Male,Hostel,Night,Auditory,Poor,High,Average,No,No,Not Started,230,62,130,0,65.4,56.9,5.33,1,22,2,1,1,1.0,13,1095,43.37,61.16,Average
STU2560,CSE-AIML,7,Male,Hostel,Night,Kinesthetic,Good,Medium,Good,No,No,In Progress,105,124,75,464,92.9,71.5,7.93,2,33,7,1,2,3.0,260,1345,82.92,82.21,Good
STU2561,IT,8,Male,Hostel,Afternoon,Visual,Good,Medium,Good,No,No,In Progress,242,293,260,460,91.5,71.6,6.82,0,35,7,4,3,3.0,316,1250,89.84,77.68,Good
STU2562,CSE-DS,5,Male,Hostel,Night,Auditory,Average,Medium,Average,No,No,Not Started,256,400,160,367,77.0,68.9,6.62,0,37,5,1,0,4.0,107,1022,75.64,76.45,Good
STU2563,CSE,3,Female,Hostel,Night,Kinesthetic,Average,Low,Poor,No,No,Not Started,294,530,77,575,92.8,83.0,8.54,0,40,4,2,0,1.0,227,1104,80.47,90.91,Excellent
STU2564,CSE,8,Male,Hostel,Night,Auditory,Good,Low,Average,No,No,Placed,89,291,305,491,83.7,63.1,5.78,0,30,6,2,2,2.0,374,1055,89.69,78.33,Good
STU2565,CSE-AIML,3,Male,Hostel,Night,Auditory,Average,Medium,Average,No,Yes,Not Started,72,243,0,391,63.1,57.5,5.85,0,28,2,0,0,0.0,187,1132,69.76,73.94,Good
STU2566,CSE,1,Female,Day Scholar,Afternoon,Kinesthetic,Average,Low,Average,No,No,Not Started,171,342,125,148,75.5,69.2,6.61,0,32,0,0,0,0.0,20,843,60.69,72.34,Good
STU2567,CSE,3,Female,Hostel,Morning,Kinesthetic,Good,High,Good,No,No,Not Started,289,165,146,491,92.6,73.8,8.27,0,31,4,1,0,0.0,102,1119,78.76,85.41,Excellent
STU2568,CSE,4,Female,Day Scholar,Night,Visual,Good,Medium,Good,No,No,Not Started,99,145,332,254,84.9,75.1,7.05,0,37,4,2,1,4.0,141,1051,69.36,80.69,Good
STU2569,IT,1,Male,Hostel,Afternoon,Kinesthetic,Average,Medium,Good,No,No,Not Started,82,308,100,108,60.4,63.9,6.13,1,29,0,0,0,0.0,16,1004,54.55,67.98,Average
STU2570,ECE,6,Female,Day Scholar,Night,Kinesthetic,Good,Medium,Poor,No,Yes,Not Started,135,324,62,345,82.1,66.5,6.41,3,38,8,1,2,,193,1190,82.31,76.93,Good
STU2571,CSE-AIML,8,Female,Day Scholar,Afternoon,Auditory,Poor,High,Good,Yes,No,Placed,196,235,167,312,78.8,77.1,7.79,2,33,7,2,1,6.0,215,1195,67.04,72.16,Good
STU2572,ECE,8,Female,Hostel,Morning,Kinesthetic,Poor,High,Average,Yes,No,Placed,190,138,0,351,64.2,69.8,7.07,2,35,5,3,2,3.0,288,1081,65.9,68.93,Average
STU2573,CSE,5,Female,Day Scholar,Afternoon,Auditory,Average,Medium,Good,No,Yes,Not Started,100,361,0,333,76.6,71.7,6.68,0,36,2,2,1,6.0,220,976,72.41,78.92,Good
STU2574,CSE-AIML,1,Male,Hostel,Night,Auditory,Poor,Medium,Good,No,No,Not Started,114,79,0,114,90.9,66.9,6.57,0,32,0,0,0,1.0,17,1023,37.18,73.75,Good
STU2575,CSE,6,Other,Day Scholar,Night,Kinesthetic,Average,Low,Poor,No,No,Not Started,171,253,103,112,66.8,70.4,7.14,1,34,3,0,0,4.0,96,1077,57.55,78.09,Good
STU2576,CSE-DS,8,Male,Hostel,Afternoon,Kinesthetic,Average,Low,Poor,No,Yes,Placed,112,287,159,457,84.5,63.3,6.8,0,36,7,2,0,2.0,362,1069,78.99,82.39,Good
STU2577,ECE,1,Male,Hostel,Morning,Kinesthetic,Good,Low,Good,No,No,Not Started,85,166,245,289,78.7,69.4,6.58,0,33,1,0,0,1.0,42,1111,69.68,73.82,Good
STU2578,CSE-DS,2,Male,Hostel,Afternoon,Kinesthetic,Good,Low,Good,No,No,Not Started,227,416,167,0,100.0,71.4,6.12,2,38,0,0,0,0.0,89,1060,72.98,81.55,Good
STU2579,CSE,2,Male,Hostel,Night,Visual,Average,High,Average,No,Yes,Not Started,127,230,84,111,91.4,65.6,6.65,0,34,2,0,0,2.0,12,874,57.41,77.05,Good
STU2580,CSE-DS,1,Female,Hostel,Afternoon,Auditory,Poor,High,Good,No,No,Not Started,135,185,117,0,72.4,65.5,6.15,3,37,2,2,0,0.0,0,878,48.45,64.01,Average
STU2581,CSE,8,Female,Day Scholar,Night,Visual,Average,Medium,Poor,No,Yes,Placed,148,0,172,372,100.0,74.2,7.85,0,32,9,3,1,4.0,300,1336,79.08,81.99,Good
STU2582,IT,7,Female,Hostel,Night,Visual,Average,Medium,Average,No,No,Placed,206,619,187,375,66.3,66.9,6.12,3,32,3,1,1,2.0,278,862,75.64,63.8,Average
STU2583,CSE-AIML,3,Female,Hostel,Morning,Auditory,Good,Medium,Average,No,Yes,Not Started,185,222,76,34,90.3,74.9,7.09,2,34,4,0,0,3.0,94,972,71.08,76.08,Good
STU2584,CSE-AIML,2,Male,Hostel,Night,Visual,Good,Low,Good,No,Yes,Not Started,129,51,189,96,77.1,68.1,7.3,1,35,1,0,0,1.0,72,1281,75.02,80.18,Good
STU2585,CSE-AIML,7,Male,Hostel,Morning,Kinesthetic,Poor,High,Average,No,No,In Progress,166,123,102,355,95.6,80.4,7.06,1,37,4,1,3,6.0,216,1190,54.68,81.41,Good
STU2586,CSE-DS,7,Female,Hostel,Night,Kinesthetic,Average,Low,Good,No,No,In Progress,160,374,44,179,74.4,66.5,6.28,4,35,4,3,0,1.0,115,1006,69.98,65.06,Average
STU2587,CSE,5,Female,Day Scholar,Morning,Kinesthetic,Good,Medium,Good,No,No,Not Started,310,118,114,42,78.2,72.8,7.51,0,36,8,3,1,2.0,48,1372,82.0,82.27,Good
STU2588,CSE-DS,6,Male,Hostel,Morning,Kinesthetic,Poor,Low,Poor,No,Yes,In Progress,178,287,226,445,93.1,67.9,5.46,1,31,5,5,1,2.0,285,1236,69.58,75.22,Good
STU2589,CSE,4,Female,Hostel,Night,Auditory,Good,High,Good,No,No,Not Started,106,311,25,260,74.3,65.0,5.69,2,28,6,2,1,3.0,98,990,70.37,65.97,Average
STU2590,CSE-DS,2,Male,Hostel,Afternoon,Kinesthetic,Average,Medium,Good,No,Yes,Not Started,36,198,43,0,81.2,59.4,5.81,0,31,1,3,0,1.0,65,1126,55.11,71.46,Good
STU2591,IT,1,Male,Hostel,Night,Auditory,Average,Medium,Average,No,No,Not Started,265,153,132,257,90.8,72.4,6.98,1,40,1,1,0,0.0,29,917,65.19,79.83,Good
STU2592,IT,3,Male,Day Scholar,Night,Auditory,Average,Low,Good,No,Yes,Not Started,172,266,223,739,76.7,65.3,6.02,0,31,1,2,0,1.0,161,1050,85.39,72.71,Good
STU2593,CSE-AIML,4,Male,Hostel,Night,Auditory,Good,Medium,Good,Yes,Yes,Not Started,208,307,61,370,60.4,65.3,6.26,2,33,3,0,0,2.0,100,1013,78.78,64.83,Average
STU2594,CSE-AIML,6,Female,Hostel,Afternoon,Auditory,Average,Medium,Good,No,No,Not Started,250,47,218,315,75.4,75.1,8.18,0,33,4,3,2,3.0,270,912,78.22,79.78,Good
STU2595,CSE,7,Female,Hostel,Night,Visual,Average,Low,Good,No,Yes,In Progress,112,0,215,355,77.1,62.1,6.72,0,24,3,6,3,3.0,215,983,74.68,69.58,Average
STU2596,IT,6,Male,Hostel,Night,Visual,Poor,High,Good,No,No,Not Started,110,375,149,184,73.1,73.8,7.18,0,33,8,1,4,1.0,150,1031,55.55,76.3,Good
STU2597,CSE,8,Female,Hostel,Afternoon,Kinesthetic,Poor,High,Average,No,Yes,Placed,185,309,238,150,89.2,75.5,7.06,0,39,5,0,5,4.0,102,910,58.05,81.15,Good
STU2598,CSE-AIML,2,Female,Hostel,Night,Auditory,Good,Medium,Good,Yes,Yes,Not Started,387,278,67,0,69.2,69.6,8.12,0,28,2,0,0,2.0,0,1476,76.6,74.54,Good
STU2599,CSE,6,Male,Day Scholar,Night,Kinesthetic,Average,Medium,Average,No,Yes,Not Started,115,149,270,65,90.3,76.9,8.16,0,40,2,3,1,7.0,66,1157,62.51,87.4,Excellent
STU2600,CSE,6,Male,Hostel,Morning,Kinesthetic,Average,High,Poor,No,No,Not Started,132,374,269,547,89.3,70.2,8.03,0,31,5,2,5,,334,939,66.38,81.38,Good
STU2601,CSE-DS,3,Female,Hostel,Night,Kinesthetic,Poor,Low,Good,Yes,No,Not Started,255,372,263,242,81.2,71.9,6.13,1,34,3,0,0,2.0,90,1163,63.08,68.17,Average
STU2602,CSE,8,Female,Hostel,Morning,Kinesthetic,Good,Low,Average,No,No,Placed,233,247,184,490,100.0,74.1,6.82,2,41,8,3,3,3.0,341,1041,97.66,85.56,Excellent
STU2603,CSE-DS,8,Other,Hostel,Afternoon,Auditory,Good,Low,Good,No,No,Placed,135,204,0,0,71.9,68.5,6.81,0,33,8,3,2,2.0,0,967,81.39,73.94,Good
STU2604,CSE,7,Male,Hostel,Morning,Auditory,Good,Low,Good,No,No,In Progress,37,285,186,269,79.3,60.7,6.12,1,26,2,4,1,4.0,149,1175,69.38,71.13,Good
STU2605,CSE,3,Female,Day Scholar,Night,Visual,Poor,Medium,Good,No,Yes,Not Started,156,271,261,710,65.9,60.4,6.24,2,26,3,3,1,0.0,105,1014,76.69,65.17,Average
STU2606,CSE-AIML,3,Male,Day Scholar,Morning,Auditory,Good,Low,Average,Yes,Yes,Not Started,343,168,0,276,100.0,72.5,7.02,0,40,7,1,0,1.0,136,1318,98.15,88.0,Excellent
STU2607,CSE,1,Male,Hostel,Night,Auditory,Average,Medium,Good,No,No,Not Started,140,50,167,384,90.8,76.9,8.05,0,40,0,0,0,0.0,83,1147,61.57,82.26,Good
STU2608,CSE,6,Male,Hostel,Night,Kinesthetic,Average,Medium,Poor,No,No,Not Started,252,269,160,121,74.5,68.6,6.63,1,35,2,2,0,2.0,83,1025,59.21,78.27,Good
STU2609,CSE-DS,6,Male,Hostel,Night,Auditory,Poor,Medium,Average,Yes,Yes,Not Started,80,221,54,216,88.6,78.0,8.36,0,40,4,3,2,1.0,76,1191,56.41,80.12,Good
STU2610,CSE,8,Male,Hostel,Afternoon,Kinesthetic,Poor,Medium,Good,Yes,No,Placed,255,324,0,240,100.0,81.2,8.38,0,42,1,2,5,3.0,200,1091,54.8,84.33,Good
STU2611,IT,6,Male,Day Scholar,Night,Auditory,Good,High,Good,No,No,Not Started,259,444,74,217,85.8,78.8,7.23,0,39,4,2,1,3.0,23,977,70.47,81.89,Good
STU2612,CSE,5,Male,Day Scholar,Night,Visual,Average,Medium,Average,No,Yes,Not Started,182,89,170,150,65.7,70.9,6.87,0,31,5,2,0,2.0,80,997,76.51,72.21,Good
STU2613,CSE,3,Female,Day Scholar,Afternoon,Kinesthetic,Average,Low,Average,Yes,Yes,Not Started,290,295,57,360,89.9,77.4,7.65,0,36,2,2,1,2.0,111,1093,85.48,83.61,Good
STU2614,CSE-DS,4,Male,Hostel,Night,Auditory,Average,Medium,Average,Yes,No,Not Started,170,67,275,0,71.9,69.6,6.38,2,32,4,0,0,3.0,57,971,61.01,65.1,Average
STU2615,CSE,8,Male,Hostel,Night,Auditory,Good,Low,Good,No,Yes,Placed,358,409,122,678,88.5,84.0,7.94,0,36,5,4,0,6.0,501,1186,100.0,86.82,Excellent
STU2616,CSE,2,Male,Day Scholar,Night,Kinesthetic,Good,Medium,Poor,No,No,Not Started,169,121,133,222,73.2,70.3,6.8,1,32,1,0,0,0.0,115,1104,54.99,70.98,Good
STU2617,CSE,8,Male,Day Scholar,Afternoon,Visual,Poor,High,Average,Yes,No,In Progress,149,153,93,70,87.0,67.5,7.51,1,30,10,2,1,6.0,57,1197,62.92,74.01,Good
STU2618,CSE,7,Female,Day Scholar,Afternoon,Visual,Good,Low,Average,No,Yes,Placed,209,170,91,195,82.4,68.9,7.18,0,39,5,5,2,4.0,182,1228,86.6,82.43,Good
STU2619,IT,4,Male,Hostel,Morning,Auditory,Poor,Medium,Good,No,Yes,Not Started,71,273,95,83,62.9,62.1,6.35,1,29,5,0,2,2.0,0,732,54.1,62.08,Average
STU2620,CSE,7,Female,Hostel,Afternoon,Auditory,Poor,Low,Good,No,No,In Progress,201,275,117,106,79.6,64.7,5.7,0,31,5,0,2,4.0,95,1039,66.95,70.07,Good
STU2621,IT,1,Male,Hostel,Night,Auditory,Poor,High,Good,No,Yes,Not Started,106,312,89,252,85.3,67.0,6.99,1,33,1,0,0,1.0,0,1060,51.48,76.46,Good
STU2622,IT,1,Male,Hostel,Night,Kinesthetic,Average,Medium,Average,No,No,Not Started,267,387,63,474,96.0,75.7,7.02,0,32,1,0,0,0.0,47,1051,75.87,81.79,Good
STU2623,CSE-AIML,7,Female,Hostel,Night,Kinesthetic,Average,Medium,Good,No,No,In Progress,259,205,187,543,70.5,63.4,6.35,1,36,5,2,0,5.0,390,1323,85.9,76.43,Good
STU2624,ECE,6,Female,Day Scholar,Night,Kinesthetic,Average,Medium,Good,No,Yes,Not Started,111,160,108,393,83.1,70.1,7.97,0,38,5,1,1,1.0,198,1003,79.33,86.07,Excellent
STU2625,CSE,4,Male,Hostel,Night,Auditory,Poor,Medium,Good,Yes,Yes,Not Started,140,127,215,121,83.6,74.2,8.05,0,35,1,2,1,1.0,110,1008,55.19,80.06,Good
STU2626,ECE,6,Female,Hostel,Morning,Visual,Average,Medium,Average,No,No,Not Started,267,257,130,282,64.1,70.2,7.54,0,31,9,1,2,5.0,190,1015,79.91,75.93,Good
STU2627,CSE,8,Male,Day Scholar,Night,Kinesthetic,Poor,Medium,Good,No,No,In Progress,355,239,40,92,100.0,72.1,6.81,1,35,6,2,2,10.0,122,1074,68.57,83.13,Good
STU2628,CSE-DS,5,Female,Hostel,Morning,Visual,Poor,Medium,Good,Yes,No,Not Started,180,73,1,322,69.7,62.7,5.96,3,31,2,1,2,5.0,177,1078,54.6,63.68,Average
STU2629,CSE-AIML,1,Female,Day Scholar,Morning,Auditory,Average,Medium,Average,Yes,Yes,Not Started,254,326,117,396,77.3,76.5,7.66,0,39,2,0,0,0.0,0,935,78.05,74.06,Good
STU2630,CSE,1,Female,Hostel,Night,Kinesthetic,Average,Medium,Good,No,No,Not Started,247,188,224,511,89.2,78.0,7.86,0,41,0,0,0,0.0,0,994,69.09,85.3,Excellent
STU2631,CSE-DS,4,Other,Hostel,Afternoon,Kinesthetic,Average,Medium,Average,Yes,No,Not Started,248,424,273,344,88.6,79.5,8.08,0,42,4,1,0,1.0,240,1051,74.4,86.29,Excellent
STU2632,CSE-DS,1,Male,Day Scholar,Morning,Kinesthetic,Good,Low,,No,No,Not Started,0,220,306,224,100.0,67.0,6.08,4,38,0,0,0,2.0,0,750,47.72,68.02,Average
STU2633,CSE,5,Female,Day Scholar,Night,Auditory,Poor,Medium,Good,Yes,Yes,Not Started,98,110,228,351,75.2,65.3,6.99,0,28,4,0,2,2.0,117,1026,63.29,72.53,Good
STU2634,CSE,5,Male,Hostel,Afternoon,Auditory,Average,High,Good,No,No,Not Started,312,273,296,209,91.4,85.7,8.84,0,42,2,1,0,0.0,3,940,63.49,88.05,Excellent
STU2635,CSE-DS,5,Male,Day Scholar,Morning,Auditory,Average,Medium,Good,No,Yes,Not Started,109,365,38,238,77.3,62.1,6.43,2,27,2,0,0,1.0,160,1008,66.98,66.32,Average
STU2636,CSE-DS,2,Male,Hostel,Morning,Visual,Poor,Low,Good,No,No,Not Started,160,290,164,458,89.3,71.6,6.3,1,34,1,0,0,1.0,103,946,65.13,76.89,Good
STU2637,ECE,5,Male,Hostel,Morning,Visual,Average,Medium,Good,No,No,Not Started,357,390,42,388,85.5,78.6,7.63,0,37,5,2,1,3.0,231,871,85.49,83.72,Good
STU2638,IT,5,Female,Hostel,Morning,Kinesthetic,Average,Medium,Good,No,No,Not Started,135,146,166,261,63.4,61.8,5.26,2,32,4,1,1,3.0,147,1023,74.64,68.11,Average
STU2639,ECE,2,Female,Hostel,Night,Kinesthetic,Average,Medium,Good,No,No,Not Started,192,316,219,257,75.6,67.4,6.06,4,38,3,0,0,0.0,16,996,62.44,69.84,Average
STU2640,CSE-DS,6,Female,Day Scholar,Afternoon,Auditory,Average,Medium,Good,No,No,Not Started,217,387,71,180,72.0,82.0,7.98,0,38,3,2,1,5.0,259,988,64.61,79.78,Good
STU2641,CSE,8,Male,Day Scholar,Night,Auditory,Good,Medium,Average,No,No,Placed,285,282,159,564,86.6,76.6,7.15,0,38,3,2,0,2.0,486,1343,86.82,79.54,Good
STU2642,CSE,3,Male,Day Scholar,Morning,Auditory,Good,Low,Good,Yes,Yes,Not Started,235,370,129,515,82.2,75.5,7.12,1,33,2,0,0,1.0,220,1036,97.22,74.69,Good
STU2643,IT,1,Female,Day Scholar,Afternoon,Kinesthetic,Good,Low,Poor,No,Yes,Not Started,133,252,146,530,92.1,79.7,7.79,0,39,0,1,0,0.0,26,1116,72.84,85.63,Excellent
STU2644,CSE-DS,5,Male,Hostel,Night,Auditory,Good,Low,Average,No,No,Not Started,180,378,104,269,100.0,71.6,7.32,0,37,7,1,1,3.0,156,894,86.87,87.46,Excellent
STU2645,CSE,1,Female,Day Scholar,Night,Visual,Poor,Medium,Average,No,No,Not Started,159,323,0,365,68.4,63.0,6.26,2,33,0,0,0,0.0,20,1082,58.2,71.31,Good
STU2646,CSE,4,Female,Day Scholar,Night,Visual,Good,Low,Good,No,Yes,Not Started,261,203,263,371,70.5,62.2,6.41,1,32,6,0,0,3.0,263,1352,100.0,73.21,Good
STU2647,ECE,1,Female,Day Scholar,Night,Kinesthetic,Poor,Low,Good,Yes,No,Not Started,176,196,164,393,77.3,66.6,7.02,0,29,2,0,0,1.0,2,950,63.84,74.51,Good
STU2648,CSE-AIML,7,Male,Day Scholar,Morning,Kinesthetic,Good,Low,Good,No,Yes,In Progress,200,310,182,90,91.7,74.0,7.02,0,41,5,3,1,2.0,46,1239,81.67,86.75,Excellent
STU2649,CSE-AIML,6,Female,Day Scholar,Afternoon,Visual,Poor,High,Average,No,No,Not Started,137,194,259,679,64.0,64.2,5.96,1,32,5,2,2,3.0,356,982,64.86,66.67,Average
STU2650,CSE-AIML,8,Male,Hostel,Night,Auditory,Average,Medium,Average,Yes,No,Placed,360,267,220,0,100.0,83.4,8.08,0,36,1,3,4,3.0,22,988,64.78,81.83,Good
STU2651,CSE,2,Female,Day Scholar,Morning,Kinesthetic,Poor,Medium,Good,No,No,Not Started,105,242,0,66,94.0,71.2,7.27,1,40,1,0,0,1.0,11,894,48.73,85.18,Excellent
STU2652,CSE,1,Male,Day Scholar,Morning,Kinesthetic,Poor,High,Average,No,Yes,Not Started,371,135,240,0,82.8,79.6,8.52,0,44,0,0,0,0.0,3,1168,52.06,85.67,Excellent
STU2653,CSE,1,Male,Day Scholar,Morning,Kinesthetic,Poor,Low,Good,No,No,Not Started,163,231,148,266,97.3,76.6,6.73,1,41,2,0,0,1.0,9,937,57.52,80.15,Good
STU2654,CSE,1,Male,Hostel,Night,Visual,Average,Medium,Good,No,Yes,Not Started,262,179,134,345,79.5,68.3,7.01,0,27,1,0,0,0.0,0,1002,72.31,74.97,Good
STU2655,IT,3,Female,Hostel,Morning,Kinesthetic,Good,Low,Good,No,Yes,Not Started,190,272,176,301,62.1,68.5,7.61,0,34,0,1,0,0.0,73,923,73.84,74.69,Good
STU2656,CSE-AIML,3,Male,Day Scholar,Morning,Visual,Poor,High,Good,No,Yes,Not Started,72,264,158,0,96.9,77.6,7.76,1,41,3,0,0,2.0,2,1107,42.83,80.88,Good
STU2657,IT,4,Male,Hostel,Afternoon,Visual,Good,Low,Poor,No,No,Not Started,136,208,49,433,92.3,78.9,9.02,0,37,4,2,0,0.0,138,1134,74.14,85.96,Excellent
STU2658,IT,2,Male,Day Scholar,Night,Auditory,Good,Low,Good,No,No,Not Started,281,222,0,235,88.8,76.8,7.48,0,35,4,0,0,1.0,112,1047,82.36,80.52,Good
STU2659,CSE,1,Female,Hostel,Morning,Auditory,Good,Low,Poor,No,Yes,Not Started,85,74,0,312,88.0,74.1,7.46,0,40,1,0,0,0.0,66,1086,68.36,85.6,Excellent
STU2660,CSE-DS,1,Female,Hostel,Afternoon,Auditory,Average,High,Average,No,No,Not Started,0,331,208,760,74.4,69.9,6.75,0,38,0,0,0,0.0,50,1050,58.5,75.1,Good
STU2661,CSE-AIML,1,Female,Hostel,Night,Kinesthetic,Poor,Low,Good,No,Yes,Not Started,17,181,336,248,61.4,62.8,6.66,0,27,0,0,0,1.0,18,1043,53.15,69.79,Average
STU2662,IT,1,Female,Hostel,Night,Visual,Poor,Medium,Average,No,Yes,Not Started,180,360,67,311,53.7,60.3,5.59,3,32,2,0,0,0.0,31,1064,59.7,59.15,Average
STU2663,CSE,3,Male,Hostel,Night,Kinesthetic,Average,Medium,Poor,No,No,Not Started,91,15,230,135,58.5,63.7,5.8,1,36,1,1,0,2.0,106,1151,44.73,66.21,Average
STU2664,CSE-DS,6,Male,Hostel,Night,Visual,Good,High,Poor,No,No,In Progress,185,331,31,542,81.7,72.2,6.71,0,34,3,1,0,3.0,249,1034,67.74,76.35,Good
STU2665,CSE-DS,6,Female,Hostel,Afternoon,Kinesthetic,Poor,Medium,Good,No,Yes,Not Started,233,202,69,527,65.0,73.6,6.88,0,34,5,1,1,4.0,286,1190,78.39,76.17,Good
STU2666,CSE,4,Male,Hostel,Morning,Visual,Average,Medium,Average,No,Yes,Not Started,236,403,245,374,63.0,69.0,6.79,1,32,1,2,0,1.0,181,1086,71.38,68.42,Average
STU2667,CSE,7,Male,Hostel,Afternoon,Auditory,Poor,Medium,Poor,No,No,In Progress,213,388,43,241,68.2,68.1,7.15,0,34,9,3,1,5.0,192,829,52.95,74.75,Good
STU2668,CSE-DS,5,Male,Hostel,Night,Auditory,Average,Medium,Average,No,No,Not Started,362,519,80,280,82.5,81.9,8.86,0,40,3,3,0,3.0,181,1030,73.16,85.73,Excellent
STU2669,CSE-DS,2,Male,Hostel,Afternoon,Kinesthetic,Good,Low,Good,Yes,Yes,Not Started,322,354,84,710,93.1,81.6,8.63,0,40,1,0,0,2.0,201,1034,100.0,85.88,Excellent
STU2670,CSE,6,Male,Day Scholar,Night,Visual,Average,Medium,Good,No,Yes,Not Started,94,146,96,427,100.0,81.5,7.78,0,43,4,3,3,5.0,228,1043,75.69,86.9,Excellent
STU2671,CSE-DS,7,Male,Hostel,Night,Auditory,Poor,High,Good,Yes,Yes,In Progress,236,355,226,66,100.0,78.8,7.05,0,40,10,3,2,6.0,0,1008,71.5,82.25,Good
STU2672,CSE,8,Male,Hostel,Morning,Visual,Good,Medium,Good,No,No,In Progress,231,268,0,368,77.7,80.0,7.65,0,44,7,3,5,3.0,343,1248,84.15,83.03,Good
STU2673,CSE-DS,8,Male,Day Scholar,Morning,Kinesthetic,Poor,High,Good,No,Yes,Placed,80,154,81,295,67.6,65.7,6.49,1,36,9,1,0,2.0,225,991,73.41,75.45,Good
STU2674,CSE,1,Male,Hostel,Morning,Auditory,Average,Medium,Good,No,Yes,Not Started,130,350,40,326,90.5,74.2,8.18,0,36,2,0,0,0.0,69,808,72.86,83.11,Good
STU2675,IT,8,Male,Day Scholar,Afternoon,Kinesthetic,Average,Medium,Average,No,Yes,Placed,33,249,0,269,79.9,62.1,6.24,1,32,5,3,0,1.0,184,1001,69.43,73.79,Good
STU2676,CSE,6,Male,Day Scholar,Morning,Kinesthetic,Good,Medium,Good,No,Yes,In Progress,130,551,153,354,81.2,63.6,5.85,1,33,1,2,1,5.0,151,1198,67.52,72.08,Good
STU2677,CSE,4,Female,Hostel,Night,Visual,Average,Medium,Good,No,No,Not Started,238,290,104,295,78.6,80.1,9.13,0,44,3,2,0,3.0,48,919,68.96,88.0,Excellent
STU2678,CSE,5,Male,Hostel,Morning,Kinesthetic,Average,Low,Good,No,Yes,Not Started,276,214,0,238,74.7,70.7,7.33,1,29,3,3,2,1.0,136,1240,77.38,78.21,Good
STU2679,CSE,6,Female,Hostel,Afternoon,Kinesthetic,Good,Low,Good,No,Yes,Not Started,379,0,175,364,90.7,84.9,8.02,0,43,6,0,0,5.0,259,1308,100.0,92.22,Excellent
STU2680,CSE-AIML,4,Female,Hostel,Morning,Visual,Average,Medium,Good,Yes,Yes,Not Started,251,0,164,320,93.2,69.7,7.0,0,29,4,0,3,2.0,221,1129,78.88,72.23,Good
STU2681,CSE,8,Female,Hostel,Night,Visual,Poor,Low,Good,No,No,Placed,216,191,70,614,80.8,70.6,6.36,2,36,9,3,2,,422,999,83.64,73.3,Good
STU2682,IT,3,Male,Hostel,Night,Kinesthetic,Good,Low,Good,No,No,Not Started,345,327,3,266,86.3,82.9,8.97,0,48,1,1,1,1.0,78,905,76.83,92.08,Excellent
STU2683,CSE,5,Male,Day Scholar,Night,Auditory,Average,High,Good,Yes,No,Not Started,319,369,117,45,73.1,77.3,8.23,0,36,7,2,0,1.0,43,1157,67.49,77.01,Good
STU2684,CSE,4,Male,Hostel,Night,Auditory,Average,High,Good,No,Yes,Not Started,129,355,395,447,78.5,70.0,8.03,0,31,2,2,0,3.0,285,1089,64.17,77.94,Good
STU2685,CSE,7,Female,Hostel,Afternoon,Visual,Average,Medium,Good,No,No,In Progress,168,8,96,487,75.6,65.6,6.69,0,36,4,2,0,6.0,334,993,80.27,77.56,Good
STU2686,CSE,6,Male,Day Scholar,Morning,Kinesthetic,Average,Medium,Good,No,Yes,Not Started,242,159,57,0,87.5,75.8,7.2,0,43,7,2,1,3.0,0,933,78.01,84.08,Good
STU2687,CSE,3,Female,Hostel,Morning,Auditory,Good,Low,Good,No,Yes,Not Started,58,137,76,334,80.7,64.5,5.81,2,30,0,2,0,2.0,178,1166,73.72,66.31,Average
STU2688,CSE-AIML,7,Female,Hostel,Morning,Visual,Good,Medium,Poor,No,No,In Progress,215,343,0,249,85.3,73.1,7.97,0,36,8,4,0,6.0,225,1087,72.75,86.83,Excellent
STU2689,CSE-AIML,4,Male,Hostel,Night,Visual,Average,Medium,,No,No,Not Started,219,200,246,405,73.7,67.6,6.75,0,40,4,1,0,1.0,211,1246,78.15,79.02,Good
STU2690,CSE-AIML,4,Male,Hostel,Morning,Visual,Poor,Medium,Good,No,No,Not Started,246,389,14,398,100.0,63.2,5.36,2,26,7,0,0,5.0,201,846,76.15,68.76,Average
STU2691,CSE-AIML,8,Female,Day Scholar,Morning,Kinesthetic,Average,High,Good,No,No,In Progress,258,245,0,391,79.1,66.1,6.26,1,25,4,3,2,3.0,314,1118,71.82,74.53,Good
STU2692,CSE-AIML,7,Male,Hostel,Night,Visual,Average,Medium,Good,No,No,In Progress,149,200,65,469,63.9,67.6,7.04,2,34,8,2,2,3.0,331,1472,82.29,70.99,Good
STU2693,CSE,6,Male,Hostel,Night,Auditory,Good,Low,Good,No,No,In Progress,219,221,264,410,94.9,75.8,7.25,2,35,8,4,3,5.0,255,1079,98.16,82.27,Good
STU2694,CSE-AIML,5,Female,Hostel,Night,Kinesthetic,Poor,Medium,Good,No,Yes,Not Started,142,73,196,604,64.1,69.5,6.26,2,35,4,3,2,5.0,343,1401,67.46,70.9,Good
STU2695,ECE,3,Male,Hostel,Afternoon,Auditory,Average,Medium,Average,No,No,Not Started,266,177,90,282,72.1,65.2,6.78,0,35,3,0,1,1.0,151,1007,71.19,78.74,Good
STU2696,CSE-AIML,8,Female,Hostel,Night,Auditory,Good,Low,Good,No,No,In Progress,198,301,73,288,83.2,78.1,8.66,0,39,7,1,0,4.0,258,1057,91.6,86.22,Excellent
STU2697,CSE-DS,1,Female,Day Scholar,Night,Auditory,Poor,High,Poor,No,Yes,Not Started,267,224,59,205,75.4,74.4,7.61,0,42,2,0,0,0.0,46,806,46.21,80.12,Good
STU2698,CSE,2,Female,Day Scholar,,Kinesthetic,Average,High,Good,No,Yes,Not Started,16,65,60,200,78.8,56.3,5.62,0,27,1,2,0,2.0,15,1270,56.65,69.38,Average
STU2699,IT,5,Male,Hostel,Night,Auditory,Good,High,Good,No,No,Not Started,63,0,92,285,77.6,66.9,7.92,0,36,1,0,1,2.0,128,1290,57.23,78.62,Good
STU2700,IT,8,Male,Hostel,Night,Visual,Poor,High,Good,No,Yes,Placed,208,76,217,497,77.9,73.1,6.9,0,36,8,1,4,7.0,409,1282,82.78,78.04,Good
STU2701,CSE-AIML,3,Male,Day Scholar,Morning,Visual,Average,High,Average,No,Yes,Not Started,67,109,35,275,60.1,60.0,5.89,1,29,2,3,0,2.0,128,835,57.32,63.38,Average
STU2702,ECE,7,Male,Hostel,Afternoon,Auditory,Poor,High,Poor,No,No,In Progress,271,349,320,341,91.0,85.9,8.39,0,44,7,3,0,2.0,202,740,55.04,89.09,Excellent
STU2703,CSE,4,Male,Hostel,Afternoon,Visual,Average,Medium,Good,No,No,Not Started,271,93,233,574,84.7,73.6,6.87,2,33,2,5,0,0.0,251,1110,83.37,77.52,Good
STU2704,CSE,7,Male,Hostel,Morning,Kinesthetic,Average,Low,Average,No,Yes,In Progress,221,183,337,496,84.0,64.5,6.09,2,27,6,2,0,5.0,339,1105,88.46,73.73,Good
STU2705,IT,8,Male,Hostel,Night,Kinesthetic,Average,Low,Good,No,Yes,Placed,151,92,0,124,79.5,71.5,7.07,0,39,5,1,2,4.0,169,1015,73.05,79.64,Good
STU2706,IT,3,Male,Hostel,Morning,Visual,Good,Low,Good,No,No,Not Started,148,282,70,18,75.2,65.0,5.56,3,35,0,3,2,1.0,3,874,62.09,63.13,Average
STU2707,CSE,7,Female,Day Scholar,Night,Visual,Poor,Medium,Good,No,Yes,In Progress,260,322,153,0,86.8,75.1,7.7,0,40,4,2,1,1.0,35,996,64.2,84.84,Good
STU2708,CSE,7,Male,Day Scholar,Night,Kinesthetic,Good,High,Average,No,No,Placed,235,311,125,489,96.3,75.5,8.02,0,36,6,3,1,2.0,405,1227,86.14,89.4,Excellent
STU2709,CSE,2,Male,Hostel,Night,Auditory,Average,Medium,Good,No,Yes,Not Started,102,230,200,0,89.3,74.1,7.38,1,37,2,0,0,2.0,69,1110,59.22,79.42,Good
STU2710,CSE,6,Female,Hostel,Morning,Kinesthetic,Average,Medium,Good,Yes,Yes,Not Started,217,265,177,182,100.0,71.0,7.82,0,35,3,1,3,3.0,75,1036,70.2,83.72,Good
STU2711,IT,8,Female,Day Scholar,Morning,Auditory,Average,Low,Good,Yes,No,Placed,313,352,15,179,77.5,78.6,7.49,0,38,5,2,2,4.0,143,921,82.23,82.49,Good
STU2712,CSE-AIML,2,Male,Hostel,Morning,Visual,Average,Low,Average,No,No,Not Started,231,197,50,347,79.0,73.3,7.39,0,30,1,0,0,1.0,98,1143,75.79,76.29,Good
STU2713,CSE,8,Male,Day Scholar,Morning,Visual,Average,Medium,Poor,No,No,Placed,146,218,110,224,96.7,77.5,7.86,0,45,3,2,3,3.0,179,1074,57.18,89.52,Excellent
STU2714,CSE,1,Female,Hostel,Afternoon,Auditory,Average,Low,Good,No,No,Not Started,159,362,0,0,72.4,54.9,5.38,2,28,1,0,0,1.0,60,1223,61.58,65.28,Average
STU2715,CSE,1,Female,Hostel,Night,Auditory,Good,Low,Average,No,Yes,Not Started,146,228,82,391,86.0,78.5,7.72,0,41,0,1,0,1.0,21,763,76.3,81.55,Good
STU2716,CSE,2,Female,Hostel,Afternoon,Kinesthetic,Average,Medium,Good,Yes,No,Not Started,140,249,166,417,92.0,66.5,6.82,0,33,1,1,0,0.0,94,1210,62.72,74.7,Good
STU2717,CSE-DS,5,Female,Day Scholar,Night,Auditory,Good,Medium,Good,No,Yes,Not Started,71,399,251,264,98.1,77.0,7.23,0,37,2,1,0,1.0,126,778,71.87,83.08,Good
STU2718,ECE,5,Male,Hostel,Afternoon,Visual,Good,Low,Good,No,Yes,Not Started,189,195,150,67,72.0,60.9,6.27,1,30,4,1,1,4.0,57,938,81.62,73.23,Good
STU2719,IT,7,Male,Hostel,Night,Visual,Average,Medium,Average,No,Yes,In Progress,39,334,0,378,82.1,63.2,5.93,2,32,5,3,1,2.0,199,811,75.93,69.56,Average
STU2720,CSE,7,Male,Hostel,Night,Visual,Average,Medium,Poor,No,No,Placed,250,322,121,270,82.1,74.8,7.71,1,39,4,0,3,1.0,171,1007,63.58,79.8,Good
STU2721,IT,4,Female,Day Scholar,Morning,Auditory,Average,Low,Good,No,No,Not Started,150,266,229,286,59.0,60.8,5.45,3,30,3,0,0,1.0,149,1148,71.36,59.67,Average
STU2722,IT,1,Female,Day Scholar,Night,Auditory,Average,Medium,Good,No,Yes,Not Started,298,257,0,314,72.8,71.3,6.88,0,34,0,0,0,1.0,51,1145,76.06,76.98,Good
STU2723,IT,8,Female,Day Scholar,Night,Visual,Poor,Medium,,Yes,Yes,Placed,90,59,106,0,87.5,61.3,6.61,0,30,6,0,0,5.0,50,1144,55.61,70.16,Good
STU2724,CSE-AIML,4,Male,Day Scholar,Night,Auditory,Good,Low,Good,No,No,Not Started,167,464,227,0,99.1,80.8,7.57,0,42,4,1,0,3.0,0,1260,74.9,88.17,Excellent
STU2725,CSE,1,Male,Hostel,Night,Kinesthetic,Poor,High,Good,No,No,Not Started,189,214,112,201,82.9,71.4,6.68,0,33,0,0,0,0.0,3,913,46.34,73.31,Good
STU2726,CSE,2,Male,Hostel,Afternoon,Kinesthetic,Average,Medium,,No,No,Not Started,76,314,93,531,71.1,71.7,7.24,0,39,2,2,0,0.0,146,1158,68.38,82.63,Good
STU2727,CSE,5,Female,Hostel,Morning,Auditory,Average,Medium,Average,No,No,Not Started,224,358,252,84,73.7,76.4,7.82,0,42,2,4,0,7.0,58,1241,61.94,80.78,Good
STU2728,CSE,7,Female,Hostel,Morning,Auditory,Poor,High,Good,No,Yes,In Progress,76,283,112,534,62.8,57.2,6.29,1,25,4,2,1,5.0,356,1204,66.21,69.98,Average
STU2729,CSE,5,Male,Day Scholar,Night,Visual,Poor,High,Good,No,Yes,Not Started,218,391,109,422,97.8,77.1,7.35,0,40,3,2,1,3.0,188,1225,71.03,82.06,Good
STU2730,CSE-AIML,2,Male,Day Scholar,Night,Auditory,Average,Low,Good,No,Yes,Not Started,313,349,104,770,95.7,81.6,7.38,1,39,0,0,0,2.0,93,1326,88.32,84.66,Good
STU2731,CSE-DS,4,Male,Hostel,Night,Visual,Poor,High,Good,No,Yes,Not Started,233,19,239,353,66.1,68.4,6.67,0,28,3,3,1,2.0,220,1219,63.54,71.17,Good
STU2732,CSE-AIML,4,Male,Day Scholar,Afternoon,Kinesthetic,Poor,High,Average,Yes,Yes,Not Started,140,237,123,189,100.0,72.1,7.59,0,37,2,0,1,3.0,1,881,50.91,82.03,Good
STU2733,CSE,3,Female,Day Scholar,Night,Auditory,Average,Low,Poor,No,No,Not Started,284,0,101,53,91.7,77.0,7.25,1,40,3,0,1,1.0,0,1007,59.92,78.57,Good
STU2734,ECE,7,Male,Hostel,Night,Kinesthetic,Good,Medium,Good,No,No,Placed,389,205,91,409,81.9,72.7,6.93,0,37,2,0,2,2.0,342,1154,87.22,85.49,Excellent
STU2735,ECE,7,Female,Hostel,Morning,Auditory,Good,Low,Average,No,No,In Progress,202,136,0,224,68.0,70.1,6.67,0,38,8,0,3,3.0,256,948,93.78,78.32,Good
STU2736,IT,8,Female,Hostel,Morning,Auditory,Good,Medium,Good,No,No,Placed,120,127,168,167,76.1,69.4,7.34,0,34,4,6,2,1.0,215,940,73.91,81.22,Good
STU2737,ECE,7,Female,Hostel,Morning,Visual,Poor,Medium,Good,No,Yes,Placed,186,258,118,196,86.3,65.4,6.4,1,32,3,0,1,3.0,158,1243,61.53,76.59,Good
STU2738,CSE-AIML,1,Male,Hostel,Night,Visual,Average,Medium,Average,No,Yes,Not Started,70,318,140,167,71.4,75.9,7.58,0,39,1,0,0,1.0,42,1110,56.79,80.39,Good
STU2739,ECE,4,Female,Hostel,Night,Auditory,Poor,High,Average,Yes,No,Not Started,282,45,35,143,73.2,72.7,6.61,0,37,5,1,0,1.0,91,1141,63.55,72.77,Good
STU2740,CSE,2,Male,Hostel,Morning,Auditory,Poor,High,Good,No,Yes,Not Started,207,500,2,170,68.1,64.2,6.94,0,33,0,1,0,2.0,7,1048,51.2,72.97,Good
STU2741,CSE,4,Male,Day Scholar,Morning,Visual,Poor,High,Good,No,Yes,Not Started,132,294,52,700,80.3,65.3,6.4,0,30,4,2,0,3.0,273,1144,70.71,75.07,Good
STU2742,CSE,5,Male,Hostel,Night,Kinesthetic,Average,Medium,Good,No,Yes,Not Started,226,232,0,189,71.4,76.1,6.95,1,38,4,1,1,2.0,107,957,75.19,81.14,Good
STU2743,CSE,1,Male,Hostel,Night,Auditory,Good,Low,Good,Yes,Yes,Not Started,135,229,56,351,81.1,60.6,6.51,0,30,0,0,0,0.0,48,1280,75.77,73.39,Good
STU2744,CSE,7,Male,Day Scholar,Night,Visual,Poor,High,Average,No,Yes,In Progress,162,33,384,241,89.0,73.4,7.89,0,38,5,2,1,,236,1140,63.77,81.66,Good
STU2745,CSE-DS,8,Male,Hostel,Night,Auditory,Average,Low,Good,No,No,Placed,180,160,172,62,87.2,79.3,8.48,0,41,8,1,2,3.0,0,766,76.89,84.53,Good
STU2746,IT,8,Female,Hostel,Morning,Visual,Average,Medium,Good,No,No,Placed,342,112,139,409,100.0,72.9,7.66,0,35,8,2,3,3.0,385,1128,93.6,85.98,Excellent
STU2747,CSE-AIML,8,Male,Day Scholar,Night,Kinesthetic,Poor,High,Average,No,Yes,Placed,78,156,15,389,86.8,64.7,5.76,1,29,8,2,1,2.0,339,1146,59.98,75.23,Good
STU2748,CSE,6,Female,Hostel,Morning,Auditory,Good,Low,Average,No,No,Not Started,249,313,27,235,80.0,72.2,7.41,2,34,6,2,1,2.0,96,1039,86.93,74.4,Good
STU2749,IT,3,Other,Day Scholar,Night,Auditory,Good,Medium,Good,No,Yes,Not Started,116,143,96,432,100.0,75.2,7.77,0,35,5,1,0,0.0,141,1236,81.46,88.67,Excellent
STU2750,CSE-DS,1,Male,Hostel,Afternoon,Kinesthetic,Good,Medium,Good,Yes,Yes,Not Started,338,285,0,257,83.2,80.0,8.05,0,38,0,0,0,0.0,35,995,81.64,81.65,Good
STU2751,CSE,5,Female,Hostel,Night,Auditory,Average,Low,,No,Yes,Not Started,97,312,142,316,78.3,63.8,6.96,0,32,8,1,1,2.0,157,1102,76.83,75.74,Good
STU2752,CSE-DS,7,Male,Hostel,Afternoon,Auditory,Poor,Medium,Average,No,Yes,In Progress,99,266,67,470,76.8,66.2,6.24,1,30,6,2,2,4.0,297,1287,76.74,70.55,Good
STU2753,CSE,5,Male,Hostel,Night,Auditory,Good,Low,Poor,Yes,Yes,Not Started,249,478,394,224,100.0,89.6,9.81,0,44,4,1,1,2.0,8,1145,67.92,87.96,Excellent
STU2754,CSE,5,Male,Day Scholar,Afternoon,Visual,Average,Low,Good,No,No,Not Started,180,274,263,608,78.8,72.1,6.95,0,34,2,2,1,3.0,380,983,79.98,80.03,Good
STU2755,ECE,7,Female,Day Scholar,Afternoon,Visual,Poor,High,Good,Yes,Yes,Placed,253,413,186,147,80.8,64.3,6.34,2,28,6,3,0,4.0,113,1169,61.59,63.19,Average
STU2756,CSE,5,Male,Day Scholar,Night,Auditory,Average,Medium,Good,No,Yes,Not Started,289,464,71,458,89.1,73.2,7.03,1,39,4,0,1,0.0,296,1256,85.37,81.66,Good
STU2757,CSE-AIML,8,Female,Day Scholar,Morning,Kinesthetic,Average,Medium,Good,No,No,Placed,197,224,286,321,76.6,58.7,6.24,3,32,8,8,3,5.0,303,1440,81.65,70.69,Good
STU2758,IT,2,Male,Hostel,Night,Kinesthetic,Good,Low,Good,No,No,Not Started,271,600,8,330,82.4,75.2,7.76,0,35,2,1,0,1.0,23,1012,81.5,79.3,Good
STU2759,CSE-DS,3,Female,Day Scholar,Night,Auditory,Good,Medium,Good,No,No,Not Started,5,395,189,463,75.4,58.4,6.51,0,31,1,1,1,1.0,137,1131,59.68,73.16,Good
STU2760,CSE,6,Male,Day Scholar,Night,Visual,Average,High,Good,No,Yes,Not Started,212,116,63,424,81.8,65.0,5.41,1,34,7,3,0,2.0,208,1174,88.56,71.29,Good
STU2761,CSE,5,Female,Day Scholar,Night,Visual,Average,Medium,Average,No,Yes,Not Started,162,390,167,83,82.4,63.4,6.32,0,32,2,1,0,3.0,63,1064,65.61,76.12,Good
STU2762,CSE,5,Female,Day Scholar,Night,Auditory,Average,Medium,Good,No,Yes,Not Started,315,161,97,191,78.6,82.9,8.55,0,35,1,2,0,3.0,160,852,74.68,88.14,Excellent
STU2763,CSE-DS,4,Female,Hostel,Night,Visual,Good,Low,Average,No,No,Not Started,0,302,5,230,92.8,70.1,7.29,1,34,5,0,0,2.0,75,847,74.93,79.58,Good
STU2764,CSE-AIML,3,Female,Hostel,Night,Visual,Average,Medium,Good,No,Yes,Not Started,114,374,105,278,92.2,65.8,6.37,3,35,2,0,0,2.0,0,948,65.7,70.96,Good
STU2765,CSE,1,Female,Day Scholar,Morning,Kinesthetic,Poor,High,Average,No,Yes,Not Started,61,344,226,439,100.0,69.8,7.07,0,30,0,0,0,3.0,73,855,51.31,79.64,Good
STU2766,ECE,3,Male,Hostel,Morning,Auditory,Poor,High,Good,No,No,Not Started,199,164,329,1,61.2,67.2,6.95,0,34,1,2,0,1.0,7,990,45.73,72.79,Good
STU2767,CSE-AIML,3,Male,Hostel,Night,Visual,Average,Medium,Good,No,No,Not Started,202,139,245,412,73.5,66.3,6.19,2,31,1,0,0,3.0,160,954,69.97,67.62,Average
STU2768,CSE,7,Male,Day Scholar,Afternoon,Visual,Poor,High,Poor,No,No,Placed,183,113,89,363,83.7,73.5,6.89,0,37,7,2,0,6.0,287,1011,57.51,77.17,Good
STU2769,CSE-AIML,7,Male,Hostel,Afternoon,Visual,Good,Low,Average,Yes,No,Placed,252,429,13,501,85.5,73.7,7.75,0,31,6,0,1,0.0,323,996,95.13,80.57,Good
STU2770,CSE-DS,7,Male,Hostel,Afternoon,Auditory,Good,Medium,Good,Yes,No,Placed,279,349,97,63,98.7,82.0,8.2,0,38,5,2,1,4.0,0,994,76.47,83.16,Good
STU2771,CSE,6,Male,Hostel,Afternoon,Auditory,Average,Low,Good,No,Yes,Not Started,212,389,366,313,61.0,66.0,6.55,0,32,7,1,0,4.0,216,1208,85.46,74.25,Good
STU2772,CSE,8,Male,Day Scholar,Night,Visual,Average,Medium,Good,No,No,Placed,60,29,0,356,94.7,68.3,7.14,0,34,9,3,1,4.0,193,1145,74.57,84.47,Good
STU2773,IT,3,Female,Hostel,Night,Kinesthetic,Good,Low,Good,No,No,Not Started,129,331,117,0,73.9,68.0,6.3,0,39,1,1,0,0.0,61,900,63.72,76.49,Good
STU2774,CSE-AIML,6,Male,Day Scholar,Night,Kinesthetic,Good,High,Good,No,Yes,In Progress,241,161,17,202,69.5,65.0,5.72,1,35,4,1,0,4.0,85,1337,80.73,73.95,Good
STU2775,CSE-AIML,5,Female,Hostel,Night,Auditory,Good,Medium,Good,No,Yes,Not Started,202,106,0,97,84.5,70.5,6.73,0,33,1,0,2,0.0,0,904,74.71,80.43,Good
STU2776,CSE-AIML,7,Male,Hostel,Morning,Kinesthetic,Average,Low,Good,Yes,Yes,Placed,122,80,331,173,81.1,69.0,6.64,0,35,2,1,2,4.0,65,1105,74.39,74.17,Good
STU2777,CSE,5,Female,Hostel,Morning,Visual,Poor,Medium,Average,Yes,Yes,Not Started,273,249,129,510,100.0,77.7,7.21,1,37,4,1,0,3.0,208,1071,72.85,74.62,Good
STU2778,CSE,7,Female,Day Scholar,Afternoon,Auditory,Average,Medium,Good,No,No,In Progress,233,210,177,490,90.6,79.6,8.39,0,37,7,4,2,3.0,466,1375,84.69,85.02,Excellent
STU2779,CSE-AIML,2,Male,Hostel,Night,Auditory,Good,Low,Poor,Yes,No,Not Started,271,302,130,264,91.5,82.2,7.96,0,40,1,0,0,2.0,19,953,59.69,79.94,Good
STU2780,CSE,6,Male,Day Scholar,Morning,Kinesthetic,Average,Low,Average,No,No,Not Started,214,253,204,601,78.9,64.3,6.77,1,30,4,1,3,9.0,399,1411,84.26,75.78,Good
STU2781,CSE,6,Male,Day Scholar,Morning,Auditory,Average,Medium,Good,No,Yes,Not Started,115,320,223,253,79.7,70.2,7.91,0,30,4,4,3,1.0,160,1081,69.49,75.46,Good
STU2782,IT,8,Male,Day Scholar,Night,Kinesthetic,Average,Low,Good,No,No,In Progress,311,221,34,85,65.7,73.2,7.53,0,42,4,3,3,2.0,50,860,74.94,80.56,Good
STU2783,ECE,1,Female,Day Scholar,Night,Kinesthetic,Good,Medium,Good,Yes,Yes,Not Started,241,144,327,423,87.3,83.9,7.99,0,38,0,0,0,0.0,97,1069,83.0,85.65,Excellent
STU2784,IT,4,Female,Hostel,Morning,Visual,Average,Medium,Good,Yes,No,Not Started,228,357,274,386,64.9,78.0,7.96,2,35,3,1,0,0.0,109,1146,72.41,71.68,Good
STU2785,IT,3,Male,Hostel,Morning,Kinesthetic,Average,Medium,Average,Yes,No,Not Started,261,307,171,271,69.0,70.3,7.9,2,34,2,0,0,1.0,0,966,75.46,73.53,Good
STU2786,CSE,1,Male,Day Scholar,Night,Kinesthetic,Average,Medium,Good,No,Yes,Not Started,156,239,25,253,83.7,70.5,7.73,1,30,1,0,0,0.0,0,1041,62.2,76.96,Good
STU2787,ECE,6,Male,Day Scholar,Night,Auditory,Poor,High,Average,No,No,In Progress,231,242,24,284,75.3,70.1,8.13,0,37,2,3,1,,215,1261,54.26,80.5,Good
STU2788,CSE,1,Male,Day Scholar,Morning,Visual,Average,Medium,Good,No,Yes,Not Started,170,189,0,403,72.6,64.8,6.28,1,32,2,0,0,0.0,64,876,75.36,70.23,Good
STU2789,ECE,2,Female,Day Scholar,Afternoon,Visual,Average,Medium,Good,No,No,Not Started,113,316,120,405,75.7,68.9,6.67,0,37,1,0,0,0.0,98,951,62.43,74.68,Good
STU2790,ECE,4,Male,Day Scholar,Night,Kinesthetic,Good,Medium,Good,No,Yes,Not Started,59,315,221,432,88.7,62.0,6.52,0,35,2,0,0,2.0,240,1234,74.65,82.06,Good
STU2791,CSE-DS,8,Male,Hostel,Night,Auditory,Good,Low,Poor,Yes,Yes,Placed,0,120,166,250,89.7,70.3,6.48,3,32,6,3,2,0.0,235,943,68.15,65.92,Average
STU2792,ECE,6,Male,Day Scholar,Night,Auditory,Good,Low,Good,No,No,Not Started,214,434,72,264,67.9,68.2,6.88,1,30,3,0,1,3.0,82,937,80.52,70.86,Good
STU2793,CSE-AIML,6,Male,Day Scholar,Night,Auditory,Average,Medium,Poor,No,Yes,Not Started,113,217,0,299,88.3,76.2,7.24,0,38,3,1,1,2.0,160,1081,60.33,79.12,Good
STU2794,CSE,3,Female,Day Scholar,Night,Visual,Average,Medium,Average,No,No,Not Started,134,191,249,133,92.5,69.0,6.38,5,37,2,0,0,2.0,9,1174,60.71,71.04,Good
STU2795,CSE-AIML,8,Male,Hostel,Afternoon,Visual,Average,Medium,Average,No,No,Placed,110,384,52,85,100.0,71.4,6.76,0,37,10,3,3,4.0,74,1102,67.73,81.87,Good
STU2796,CSE-AIML,8,Female,Day Scholar,Morning,Kinesthetic,Poor,High,Average,No,No,In Progress,42,320,0,537,88.3,76.3,7.86,0,35,5,2,1,7.0,408,1117,59.12,83.3,Good
STU2797,CSE,7,Female,Day Scholar,Night,Kinesthetic,Good,Medium,Average,No,No,In Progress,276,305,147,296,57.0,53.7,5.08,1,27,2,4,3,3.0,276,978,80.12,64.36,Average
STU2798,CSE-DS,4,Male,Hostel,Night,Auditory,Poor,High,Average,No,Yes,Not Started,362,316,87,126,90.2,88.0,8.94,0,44,1,2,1,3.0,11,1009,58.73,90.83,Excellent
STU2799,ECE,2,Male,Day Scholar,Night,Kinesthetic,Average,High,Average,No,Yes,Not Started,18,382,200,179,95.3,60.5,6.58,1,28,2,0,0,1.0,111,1062,52.93,72.49,Good
STU2800,CSE,5,Female,Hostel,Morning,Auditory,Good,Low,Good,No,No,Not Started,214,110,65,193,95.5,82.6,8.6,0,40,2,2,0,2.0,51,1008,75.17,89.44,Excellent
STU2801,IT,1,Female,Day Scholar,Night,Visual,Good,High,Good,No,Yes,Not Started,73,167,128,403,98.9,71.0,7.7,0,44,0,0,0,0.0,30,1061,65.85,85.63,Excellent
STU2802,ECE,8,Female,Hostel,Morning,Kinesthetic,Average,Low,Good,No,Yes,Placed,252,427,124,572,98.6,76.2,7.91,0,36,5,2,3,5.0,515,1228,93.47,89.4,Excellent
STU2803,ECE,3,Male,Hostel,Night,Auditory,Poor,High,Good,No,No,Not Started,307,154,92,217,82.3,82.0,8.09,0,42,4,0,1,2.0,144,1164,64.03,85.49,Excellent
STU2804,ECE,6,Other,Hostel,Morning,Visual,Average,Medium,Average,No,No,Not Started,250,109,46,0,84.3,76.9,8.59,0,42,6,2,1,4.0,0,908,67.49,84.46,Good
STU2805,CSE-AIML,5,Male,Day Scholar,Night,Auditory,Average,Medium,Good,Yes,No,Not Started,97,288,219,365,73.5,75.9,7.25,0,34,4,2,0,2.0,226,1416,72.25,75.54,Good
STU2806,ECE,2,Female,Hostel,Night,Kinesthetic,Poor,Medium,Average,No,Yes,Not Started,116,188,154,5,69.2,80.3,7.82,0,38,3,0,0,1.0,25,888,55.88,80.1,Good
STU2807,IT,4,Female,Day Scholar,Afternoon,Auditory,Average,Medium,Good,No,No,Not Started,140,313,125,214,71.4,61.2,5.05,1,29,3,2,0,1.0,89,916,67.3,63.94,Average
STU2808,CSE,8,Male,Day Scholar,Morning,Visual,Average,Medium,Average,No,No,Placed,242,220,114,605,93.2,78.0,7.75,0,41,6,3,1,7.0,500,1402,89.93,89.22,Excellent
STU2809,CSE-AIML,1,Female,Day Scholar,Night,Kinesthetic,Poor,High,Good,No,No,Not Started,160,188,115,19,71.8,66.8,5.61,0,31,1,0,0,0.0,32,1200,40.31,66.03,Average
STU2810,CSE-DS,8,Male,Hostel,Night,Visual,Poor,High,Good,No,No,Placed,242,123,44,168,84.8,73.6,7.03,0,34,4,4,1,5.0,52,1004,54.38,74.83,Good
STU2811,CSE,3,Female,Day Scholar,Afternoon,Kinesthetic,Average,Medium,Good,No,Yes,Not Started,181,300,29,78,88.3,68.7,6.94,1,33,1,1,0,,0,981,63.8,79.16,Good
STU2812,CSE-DS,8,Male,Day Scholar,Morning,Auditory,Good,Medium,Average,Yes,No,Placed,174,212,132,20,89.4,61.9,6.76,0,31,4,0,2,5.0,0,1097,67.27,73.21,Good
STU2813,CSE-DS,8,Female,Hostel,Morning,Visual,Average,Low,Good,No,No,Placed,190,260,171,182,99.2,75.2,7.19,0,39,4,4,1,6.0,105,1218,72.76,81.0,Good
STU2814,CSE,8,Male,Hostel,Night,Visual,Average,High,Good,No,Yes,Placed,176,143,171,246,87.7,74.6,7.94,0,39,7,2,1,5.0,138,1255,74.59,85.86,Excellent
STU2815,CSE-AIML,6,Female,Hostel,Afternoon,Auditory,Average,Medium,Good,No,No,Not Started,39,292,222,531,84.2,63.3,5.56,2,32,7,3,0,3.0,328,1061,73.69,71.68,Good
STU2816,IT,6,Male,Day Scholar,Morning,Visual,Poor,High,Good,No,No,Not Started,94,238,201,196,100.0,79.9,7.61,0,40,4,2,3,2.0,170,1030,46.48,83.65,Good
STU2817,CSE-AIML,5,Male,Hostel,Night,Visual,Good,Medium,Good,No,No,Not Started,328,230,78,400,71.5,78.8,7.85,0,39,5,4,0,0.0,97,1136,83.62,81.47,Good
STU2818,CSE,5,Male,Hostel,Night,Visual,Poor,Low,Good,No,No,Not Started,222,299,377,641,82.5,71.1,7.34,0,32,6,2,1,1.0,309,1171,78.95,78.7,Good
STU2819,CSE,1,Female,Day Scholar,Morning,Visual,Good,Low,Good,No,No,Not Started,342,0,294,694,79.5,72.5,7.82,0,33,0,0,0,0.0,45,1009,86.84,77.1,Good
STU2820,CSE,4,Male,Hostel,Night,Auditory,Good,Low,Good,No,No,Not Started,100,113,22,180,87.7,78.0,7.65,0,38,5,1,0,0.0,120,829,77.51,83.75,Good
STU2821,ECE,2,Female,Day Scholar,Night,Visual,Average,Medium,Good,Yes,No,Not Started,179,217,148,614,87.3,74.3,7.53,0,35,3,0,0,2.0,169,1273,78.99,81.04,Good
STU2822,CSE,7,Male,Day Scholar,Night,Visual,Average,Low,Good,No,No,In Progress,162,256,45,413,66.0,60.6,6.12,0,33,6,0,0,7.0,285,1049,82.8,71.75,Good
STU2823,CSE-DS,4,Female,Hostel,Afternoon,Visual,Average,Medium,Good,No,No,Not Started,85,282,40,549,65.0,62.5,5.88,1,29,2,1,3,2.0,197,856,68.15,65.19,Average
STU2824,CSE,4,Male,Day Scholar,,Kinesthetic,Good,Low,,No,No,Not Started,28,160,90,81,70.9,67.2,7.34,0,40,5,2,0,0.0,122,1010,73.53,79.42,Good
STU2825,CSE,4,Male,Hostel,Morning,Kinesthetic,Average,Medium,Average,No,No,Not Started,90,277,241,226,82.3,73.6,7.89,2,32,3,3,0,2.0,61,954,63.52,75.06,Good
STU2826,IT,7,Male,Hostel,Morning,Auditory,Good,Low,Average,No,No,In Progress,274,191,8,381,67.6,70.4,6.47,2,27,6,3,1,3.0,288,1215,91.33,66.75,Average
STU2827,CSE-DS,1,Male,Day Scholar,Morning,Auditory,Average,Medium,Good,No,No,Not Started,136,148,355,1,63.3,63.8,6.66,0,29,1,0,0,0.0,29,925,55.51,71.02,Good
STU2828,CSE,7,Male,Hostel,Night,Auditory,Average,Low,Good,Yes,No,In Progress,151,309,180,165,71.3,69.8,7.58,0,33,4,2,2,4.0,80,943,71.62,72.64,Good
STU2829,CSE-AIML,1,Male,Day Scholar,Night,Visual,Poor,Medium,Average,No,Yes,Not Started,179,330,0,53,77.3,66.6,6.99,0,34,4,0,0,1.0,64,1200,60.01,73.48,Good
STU2830,CSE,7,Female,Hostel,Night,Kinesthetic,Good,Low,Good,No,Yes,In Progress,194,320,180,221,72.2,79.2,7.36,0,41,3,4,1,5.0,138,891,82.38,81.22,Good
STU2831,CSE-AIML,2,Female,Hostel,Morning,Kinesthetic,Good,Low,Good,No,No,Not Started,152,261,68,252,88.1,68.8,6.32,1,31,4,0,0,1.0,70,1044,77.2,76.91,Good
STU2832,CSE-DS,8,Female,Day Scholar,Night,Auditory,Poor,High,Average,No,No,Placed,145,281,64,858,88.6,70.9,6.6,0,35,5,4,2,9.0,679,1183,76.53,81.76,Good
STU2833,CSE,4,Male,Hostel,Night,Kinesthetic,Average,Low,Good,No,No,Not Started,215,281,221,353,100.0,75.6,7.59,0,34,3,1,2,2.0,73,978,78.43,89.72,Excellent
STU2834,CSE,8,Female,Day Scholar,Afternoon,Auditory,Poor,High,Good,Yes,No,Placed,326,350,125,10,87.3,81.8,7.29,0,44,5,2,1,1.0,0,876,60.35,83.0,Good
STU2835,CSE,1,Male,Hostel,Night,Visual,Poor,High,Good,No,No,Not Started,124,418,88,332,71.2,79.6,8.5,0,35,2,0,0,0.0,55,1031,50.6,76.29,Good
STU2836,ECE,7,Female,Day Scholar,Afternoon,Kinesthetic,Average,Medium,Good,No,No,In Progress,42,368,148,0,85.2,74.0,7.47,0,43,1,0,1,0.0,119,864,50.62,85.41,Excellent
STU2837,ECE,2,Male,Hostel,Night,Visual,Average,Medium,Poor,Yes,No,Not Started,123,71,0,456,82.0,66.6,5.0,2,34,5,0,0,,12,1043,64.61,66.76,Average
STU2838,CSE,7,Male,Hostel,Morning,Visual,Average,Medium,Good,No,Yes,In Progress,171,181,123,470,91.6,75.5,8.64,0,43,3,2,2,3.0,264,947,81.99,90.31,Excellent
STU2839,IT,8,Male,Hostel,Night,Kinesthetic,Average,Medium,Good,No,Yes,Placed,14,445,307,12,88.9,70.1,6.33,1,35,7,6,2,4.0,32,741,62.94,74.01,Good
STU2840,CSE,6,Female,Hostel,Night,Auditory,Average,Medium,Good,No,Yes,Not Started,188,49,0,386,86.4,72.0,7.9,0,32,4,2,1,0.0,208,927,75.93,83.82,Good
STU2841,CSE,2,Male,Day Scholar,Night,Kinesthetic,Average,Low,Average,No,No,Not Started,231,188,152,244,97.5,73.2,7.55,0,43,2,0,0,1.0,28,1022,75.8,88.44,Excellent
STU2842,IT,4,Female,Hostel,Morning,Visual,Average,Medium,Good,No,Yes,Not Started,87,467,148,142,99.1,80.5,8.62,0,45,2,1,0,2.0,77,1168,59.32,87.84,Excellent
STU2843,ECE,3,Male,Hostel,Afternoon,Auditory,Average,High,Good,Yes,No,Not Started,153,99,105,593,72.7,72.8,6.73,0,37,2,2,0,4.0,161,671,72.56,73.88,Good
STU2844,ECE,4,Female,Hostel,Morning,Visual,Good,Low,Good,No,No,Not Started,240,145,0,202,68.9,77.6,7.94,0,41,0,0,1,5.0,121,1263,74.21,81.95,Good
STU2845,CSE-AIML,3,Female,Day Scholar,Night,Auditory,Average,Medium,Average,No,Yes,Not Started,177,227,71,362,64.6,74.2,7.62,0,40,3,0,0,1.0,20,1245,73.65,77.85,Good
STU2846,CSE,2,Male,Day Scholar,Night,Kinesthetic,Good,Medium,Poor,No,Yes,Not Started,194,78,180,230,89.2,84.9,9.1,0,37,2,2,0,0.0,22,1028,66.79,86.46,Excellent
STU2847,IT,6,Male,Hostel,Afternoon,Visual,Poor,Low,Average,No,Yes,Not Started,170,341,271,575,69.5,69.6,6.39,1,31,6,3,0,3.0,232,1312,80.24,74.17,Good
STU2848,CSE,8,Female,Hostel,Morning,Auditory,Average,Low,Good,No,Yes,In Progress,188,303,62,247,76.7,71.1,7.16,0,37,7,2,0,6.0,219,932,83.9,82.46,Good
STU2849,CSE-AIML,6,Male,Hostel,Night,Auditory,Average,Medium,Average,No,Yes,Not Started,322,377,0,168,90.4,79.7,8.39,0,39,7,1,1,2.0,9,993,90.08,86.7,Excellent
STU2850,CSE,1,Male,Day Scholar,Night,Kinesthetic,Average,Medium,Good,No,No,Not Started,231,48,179,298,98.1,76.8,7.13,0,37,0,0,0,1.0,0,1061,65.03,85.89,Excellent
STU2851,CSE-DS,6,Female,Hostel,Morning,Auditory,Average,Medium,Average,No,No,Not Started,0,302,190,40,76.9,71.4,6.48,0,38,6,1,3,0.0,0,970,62.31,76.3,Good
STU2852,CSE,5,Female,Hostel,Afternoon,Auditory,Average,Medium,Good,No,No,Not Started,194,236,64,684,100.0,71.9,6.55,1,37,9,1,1,3.0,262,866,87.47,82.08,Good
STU2853,CSE,2,Male,Day Scholar,Morning,Visual,Poor,Medium,Good,No,Yes,Not Started,338,50,197,596,79.0,79.6,7.71,0,45,3,1,0,0.0,101,1266,71.59,84.62,Good
STU2854,ECE,8,Female,Day Scholar,Night,Kinesthetic,Poor,High,Good,No,No,Placed,184,477,24,257,100.0,71.9,6.91,1,40,8,2,2,4.0,160,1052,58.33,78.48,Good
STU2855,CSE,8,Male,Hostel,Night,Kinesthetic,Average,Low,Good,No,Yes,In Progress,17,121,130,144,69.1,53.6,5.64,0,29,13,4,4,1.0,146,813,80.58,68.19,Average
STU2856,CSE-AIML,1,Male,Day Scholar,Night,Visual,Average,Medium,Good,Yes,Yes,Not Started,88,293,144,203,83.1,60.6,6.18,0,30,0,1,0,1.0,0,771,61.2,68.65,Average
STU2857,CSE,8,Female,Hostel,Afternoon,Visual,Good,Low,Average,No,No,Placed,171,198,22,73,78.5,74.8,7.47,1,37,12,2,3,7.0,0,929,88.26,75.4,Good
STU2858,CSE,6,Male,Day Scholar,Night,Visual,Good,Low,Average,No,No,In Progress,108,309,121,178,91.8,62.7,5.93,1,34,11,0,2,2.0,94,1115,89.13,75.21,Good
STU2859,CSE,2,Male,Hostel,Afternoon,Auditory,Average,Medium,Good,Yes,Yes,Not Started,325,175,95,186,76.3,70.1,7.03,0,38,1,1,0,0.0,11,1278,73.97,75.45,Good
STU2860,CSE,4,Female,Hostel,Morning,Kinesthetic,Average,Medium,Good,No,No,Not Started,84,344,0,58,90.8,67.1,7.01,0,37,0,1,1,1.0,0,989,50.43,78.94,Good
STU2861,IT,6,Female,Day Scholar,Night,Kinesthetic,Poor,High,Average,Yes,Yes,Not Started,175,425,51,521,88.7,64.1,5.57,1,29,8,0,1,3.0,289,1309,71.2,68.73,Average
STU2862,CSE,7,Female,Hostel,Afternoon,Kinesthetic,Good,Medium,Good,No,Yes,In Progress,179,255,120,277,100.0,69.6,6.65,2,32,3,2,0,3.0,169,1096,80.85,78.74,Good
STU2863,ECE,3,Female,Hostel,Afternoon,Auditory,Average,Medium,Good,No,No,Not Started,319,44,166,401,67.3,72.1,7.42,0,36,6,0,1,0.0,130,988,86.52,79.82,Good
STU2864,CSE-AIML,2,Female,Hostel,Night,Kinesthetic,Good,Low,Good,No,Yes,Not Started,172,93,87,236,88.5,73.2,7.45,0,37,1,1,0,2.0,28,1058,73.43,82.64,Good
STU2865,CSE-AIML,8,Male,Day Scholar,,Kinesthetic,Average,Medium,Good,No,No,Placed,282,455,189,79,100.0,81.9,8.38,0,43,6,0,1,2.0,45,1030,71.14,92.73,Excellent
STU2866,CSE-AIML,1,Male,Hostel,Night,Kinesthetic,Average,Medium,Average,No,No,Not Started,157,309,216,197,90.5,80.0,7.68,0,41,1,0,0,0.0,57,963,61.97,79.52,Good
STU2867,CSE-AIML,4,Female,Day Scholar,Night,Kinesthetic,Average,Medium,Good,No,Yes,Not Started,168,216,118,174,97.8,67.3,6.77,0,33,0,0,1,2.0,35,848,62.33,80.17,Good
STU2868,IT,5,Male,Hostel,Night,Visual,Average,Medium,Good,No,No,Not Started,146,371,334,491,69.3,77.6,7.8,2,33,4,0,0,4.0,186,1217,75.87,75.59,Good
STU2869,CSE,4,Female,Hostel,Morning,Auditory,Poor,Medium,Good,Yes,No,Not Started,23,203,215,562,64.3,56.7,5.9,4,22,3,0,0,2.0,235,1145,56.82,50.63,Average
STU2870,CSE,6,Female,Hostel,Afternoon,Kinesthetic,Poor,Low,Good,No,No,Not Started,270,347,135,44,91.0,76.0,7.65,0,35,5,1,0,4.0,0,1370,67.6,84.06,Good
STU2871,IT,3,Male,Hostel,Morning,Kinesthetic,Average,Medium,Good,No,Yes,Not Started,244,11,49,271,91.2,73.1,7.14,0,35,3,3,0,3.0,0,810,71.78,80.75,Good
STU2872,ECE,4,Female,Day Scholar,Afternoon,Kinesthetic,Poor,Medium,Average,No,Yes,Not Started,178,189,192,293,67.5,64.3,6.09,0,37,2,5,0,1.0,249,1092,61.01,75.26,Good
STU2873,IT,5,Male,Day Scholar,Night,Kinesthetic,Good,Low,Good,Yes,Yes,Not Started,137,138,88,189,79.4,59.3,5.53,0,29,7,3,2,2.0,133,1242,97.11,76.34,Good
STU2874,CSE-AIML,7,Male,Hostel,Afternoon,Kinesthetic,Good,Low,Good,No,No,In Progress,69,69,60,222,78.2,64.4,5.64,1,34,5,3,0,3.0,53,985,77.92,74.15,Good
STU2875,IT,1,Other,Hostel,Afternoon,Visual,Average,High,,No,Yes,Not Started,131,156,6,301,82.1,70.6,6.91,0,38,1,1,0,2.0,48,1264,50.6,78.42,Good
STU2876,CSE-AIML,2,Male,Day Scholar,Night,Visual,Poor,High,Average,No,Yes,Not Started,176,220,79,53,78.8,69.1,6.08,0,34,2,0,0,3.0,0,1047,46.21,70.48,Good
STU2877,CSE-AIML,3,Male,Day Scholar,Night,Auditory,Good,Low,Good,No,No,Not Started,208,168,0,331,82.7,69.0,6.76,1,34,2,0,1,1.0,78,868,76.85,76.61,Good
STU2878,CSE,5,Male,Day Scholar,Night,Auditory,Average,Medium,Poor,Yes,No,Not Started,222,299,284,370,99.9,79.4,6.91,0,38,4,0,1,5.0,198,1265,65.87,78.96,Good
STU2879,CSE-AIML,8,Female,Day Scholar,Afternoon,Kinesthetic,Average,Medium,Good,No,No,Placed,97,251,133,53,91.6,69.5,7.45,0,33,3,1,1,8.0,106,704,55.4,81.15,Good
STU2880,CSE,6,Female,Hostel,Night,Kinesthetic,Good,High,Good,No,Yes,Not Started,101,179,33,579,75.9,72.8,7.71,0,31,3,1,2,,318,1153,81.94,83.04,Good
STU2881,CSE,6,Female,Day Scholar,Night,Visual,Poor,High,Average,No,No,Not Started,173,379,139,276,100.0,77.9,7.86,1,42,4,4,2,2.0,172,952,55.6,82.65,Good
STU2882,IT,6,Female,Hostel,Afternoon,Auditory,Average,Medium,Good,No,Yes,In Progress,149,330,131,571,80.1,71.9,6.18,4,40,4,0,0,1.0,401,1120,80.66,71.15,Good
STU2883,CSE,8,Male,Hostel,Morning,Kinesthetic,Good,Low,Good,No,Yes,Placed,240,283,298,334,83.2,82.0,8.11,0,37,2,2,1,4.0,288,1137,83.44,87.38,Excellent
STU2884,CSE,8,Female,Day Scholar,Afternoon,Kinesthetic,Good,Medium,Good,No,Yes,Placed,53,92,220,297,82.1,67.2,6.82,0,30,5,4,0,4.0,326,1282,75.35,82.04,Good
STU2885,CSE,3,Female,Day Scholar,Night,Kinesthetic,Average,Medium,Average,No,No,Not Started,231,279,39,497,79.0,71.7,6.66,0,39,1,1,0,1.0,174,1249,71.26,81.66,Good
STU2886,ECE,4,Male,Day Scholar,Morning,Auditory,Poor,High,Good,Yes,Yes,Not Started,185,315,27,358,80.8,74.0,6.4,0,34,3,0,0,4.0,136,1050,61.44,70.96,Good
STU2887,CSE-AIML,3,Male,Hostel,Night,Visual,Good,Medium,Good,No,No,Not Started,124,341,223,51,61.5,63.7,7.31,0,28,2,1,0,1.0,36,867,66.57,72.71,Good
STU2888,CSE-AIML,6,Female,Hostel,Night,Visual,Good,Medium,Average,No,No,Not Started,208,186,96,318,75.7,64.0,6.34,3,31,3,3,2,1.0,126,952,74.51,72.48,Good
STU2889,IT,7,Female,Hostel,Night,Kinesthetic,Average,Medium,Good,No,No,Placed,233,386,0,390,100.0,77.5,7.92,0,38,7,0,2,6.0,242,978,79.75,88.17,Excellent
STU2890,IT,5,Female,Day Scholar,Morning,Kinesthetic,Good,Low,Good,No,No,Not Started,8,372,81,167,85.7,62.9,6.28,2,33,2,1,1,3.0,103,923,64.1,71.56,Good
STU2891,CSE,2,Female,Hostel,Afternoon,Kinesthetic,Average,Medium,Good,Yes,Yes,Not Started,355,426,103,555,80.2,79.1,8.46,0,41,0,1,0,3.0,70,918,81.62,79.11,Good
STU2892,CSE-DS,2,Male,Day Scholar,Morning,Kinesthetic,Poor,Low,Good,No,No,Not Started,176,82,196,251,94.1,68.0,6.96,0,24,4,1,0,1.0,19,1236,69.47,79.81,Good
STU2893,IT,3,Female,Hostel,Morning,Kinesthetic,Poor,Medium,Poor,No,Yes,Not Started,221,193,128,334,76.6,72.2,7.5,0,33,2,2,0,2.0,91,750,52.21,80.96,Good
STU2894,CSE-DS,6,Male,Day Scholar,Night,Auditory,Average,Medium,Good,No,No,Not Started,219,81,38,282,89.9,61.8,6.17,1,33,4,2,0,4.0,170,1024,78.01,74.44,Good
STU2895,CSE,8,Male,Day Scholar,Morning,Visual,Poor,High,Good,No,Yes,In Progress,195,142,165,487,99.7,75.9,7.42,0,35,5,1,2,6.0,458,1153,68.35,85.48,Excellent
STU2896,IT,1,Female,Hostel,Afternoon,Auditory,Average,High,Good,No,No,Not Started,133,73,132,465,85.0,74.8,7.29,2,38,0,0,0,1.0,0,945,55.51,78.14,Good
STU2897,CSE-AIML,7,Male,Hostel,Morning,Auditory,Good,Low,Good,No,Yes,Placed,188,111,0,274,61.5,62.9,5.73,4,31,8,1,1,2.0,174,1008,92.37,62.93,Average
STU2898,CSE,3,Female,Day Scholar,Afternoon,Kinesthetic,Good,Low,Good,No,Yes,Not Started,180,317,170,132,76.7,73.8,7.39,0,32,2,2,0,2.0,50,838,80.9,82.47,Good
STU2899,CSE-AIML,6,Male,Hostel,Night,Auditory,Average,Medium,Average,No,Yes,In Progress,205,187,17,54,88.3,73.3,7.53,0,34,2,3,0,4.0,122,1139,66.59,79.41,Good
STU2900,CSE,4,Male,Day Scholar,,Visual,Average,Medium,Good,No,Yes,Not Started,317,101,89,223,88.3,84.3,8.7,0,40,2,1,1,3.0,70,1131,77.46,88.86,Excellent
STU2901,CSE,2,Male,Day Scholar,Night,Kinesthetic,Good,High,Good,No,No,Not Started,152,480,65,315,90.9,85.3,8.38,0,40,2,2,0,1.0,0,816,63.23,89.12,Excellent
STU2902,IT,2,Male,Hostel,Afternoon,Visual,Good,Low,Poor,No,No,Not Started,97,283,0,264,63.6,71.4,7.69,0,37,4,0,0,0.0,38,1185,68.7,80.28,Good
STU2903,CSE,7,Male,Day Scholar,Night,Auditory,Poor,High,Good,No,No,Placed,184,109,158,245,87.0,71.7,6.49,0,36,4,2,3,0.0,139,1226,52.79,75.47,Good
STU2904,CSE-AIML,2,Male,Hostel,Night,Kinesthetic,Average,Medium,Good,No,Yes,Not Started,113,209,0,141,78.8,67.6,7.34,0,32,1,0,0,2.0,0,927,59.38,78.32,Good
STU2905,CSE-AIML,1,Female,Day Scholar,Afternoon,Visual,Good,Low,Average,Yes,Yes,Not Started,79,262,80,0,79.7,62.0,5.74,1,31,2,0,0,3.0,0,1125,67.08,67.13,Average
STU2906,CSE,6,Male,Hostel,Afternoon,Visual,Good,Low,Good,No,No,Not Started,113,203,90,277,73.8,71.8,6.85,0,30,5,1,1,0.0,81,906,76.98,77.03,Good
STU2907,ECE,6,Male,Day Scholar,Night,Kinesthetic,Poor,High,Good,No,No,Not Started,54,176,0,86,93.0,76.9,6.73,0,36,4,1,1,5.0,40,908,40.85,78.18,Good
STU2908,CSE,7,Female,Hostel,Night,Visual,Average,Medium,Average,No,No,In Progress,64,167,213,301,86.6,65.2,5.95,1,31,5,4,0,2.0,260,987,73.6,70.34,Good
STU2909,CSE,6,Female,Hostel,Night,Kinesthetic,Poor,High,Average,No,No,Not Started,311,325,80,353,89.6,79.3,8.05,0,43,6,4,0,4.0,179,1107,68.81,86.12,Excellent
STU2910,CSE,8,Male,Hostel,Afternoon,Kinesthetic,Average,Medium,Average,No,Yes,Placed,274,316,89,539,94.3,72.6,7.41,0,36,6,1,2,4.0,460,1061,98.44,90.01,Excellent
STU2911,CSE,7,Female,Day Scholar,Morning,Auditory,Average,Low,Good,No,Yes,Placed,177,118,136,193,71.8,58.2,6.37,0,31,9,3,2,3.0,152,1298,83.33,76.31,Good
STU2912,CSE,6,Female,Hostel,Night,Visual,Average,Medium,Average,Yes,Yes,Not Started,82,31,84,25,93.5,78.9,8.58,0,35,3,1,0,3.0,49,699,63.07,80.67,Good
STU2913,CSE-DS,1,Male,Day Scholar,Night,Kinesthetic,Good,Low,Good,No,No,Not Started,11,134,26,230,93.9,61.2,5.7,2,29,0,1,0,2.0,0,1089,63.45,69.06,Average
STU2914,ECE,5,Male,Hostel,Night,Auditory,Average,Medium,Average,No,No,Not Started,154,391,4,318,79.3,75.5,7.52,1,34,2,1,2,2.0,163,1215,73.4,75.18,Good
STU2915,CSE,3,Female,Day Scholar,Night,Auditory,Average,Medium,Average,No,Yes,Not Started,238,205,297,535,94.0,74.1,6.38,1,38,1,1,0,2.0,188,1272,74.57,75.29,Good
STU2916,CSE-DS,3,Female,Day Scholar,Morning,Kinesthetic,Average,Medium,Good,No,No,Not Started,169,198,116,513,80.4,68.6,6.46,0,32,2,0,1,1.0,67,1151,70.42,74.87,Good
STU2917,CSE-DS,6,Female,Hostel,,Kinesthetic,Average,Medium,Average,No,No,Not Started,264,298,41,253,61.9,69.9,7.0,1,36,7,1,2,5.0,151,1029,81.18,75.94,Good
STU2918,IT,4,Male,Hostel,Night,Visual,Good,Low,Good,Yes,No,Not Started,141,89,153,231,86.2,71.0,5.91,2,33,1,0,0,1.0,68,1199,75.92,69.26,Average
STU2919,CSE-AIML,2,Male,Hostel,Night,Visual,Average,Low,Poor,No,Yes,Not Started,154,262,210,44,71.4,69.7,6.22,2,35,1,0,0,2.0,6,804,62.18,69.28,Average
STU2920,CSE,1,Female,Hostel,Afternoon,Visual,Average,Medium,Average,No,Yes,Not Started,228,194,398,205,81.6,66.1,6.68,1,30,3,2,0,1.0,1,934,69.49,70.92,Good
STU2921,CSE,4,Male,Hostel,Afternoon,Kinesthetic,Poor,High,Good,No,No,Not Started,59,178,118,384,99.7,71.6,6.73,0,34,4,1,0,2.0,135,866,55.95,81.76,Good
STU2922,CSE-DS,8,Male,Day Scholar,Night,Auditory,Average,Medium,Good,No,No,In Progress,198,132,68,546,80.7,71.6,6.83,1,34,10,2,3,3.0,489,1509,90.86,76.53,Good
STU2923,IT,4,Female,Hostel,Night,Auditory,Good,Medium,Good,Yes,No,Not Started,193,385,0,421,100.0,75.8,7.86,0,39,2,0,0,2.0,109,943,74.75,83.39,Good
STU2924,CSE,6,Male,Day Scholar,Night,Kinesthetic,Good,Low,Good,No,Yes,Not Started,159,258,111,164,76.6,66.3,6.43,3,32,4,3,1,3.0,91,885,74.61,71.82,Good
STU2925,CSE,1,Female,Day Scholar,Night,Visual,Good,Medium,Average,No,No,Not Started,300,298,63,12,87.7,82.3,7.77,0,40,2,0,0,0.0,17,967,66.55,87.88,Excellent
STU2926,ECE,3,Female,Hostel,Night,Auditory,Average,Medium,Average,No,No,Not Started,242,198,129,340,85.7,75.2,8.07,0,35,0,0,0,1.0,87,1051,65.98,80.19,Good
STU2927,IT,2,Male,Day Scholar,Night,Auditory,Poor,Medium,Good,Yes,Yes,Not Started,37,344,127,215,80.2,62.4,7.43,0,30,1,0,0,2.0,12,715,52.8,75.89,Good
STU2928,ECE,3,Female,Hostel,Morning,Visual,Good,Medium,Good,No,No,Not Started,145,381,241,400,80.1,65.0,6.77,0,31,0,1,0,1.0,27,1064,65.75,75.25,Good
STU2929,IT,4,Male,Day Scholar,Morning,Auditory,Average,Medium,Good,No,No,Not Started,117,230,139,129,69.9,54.2,5.54,0,27,8,0,1,,38,832,67.36,71.24,Good
STU2930,CSE,8,Female,Hostel,Morning,Visual,Poor,Medium,Average,No,No,Placed,169,107,129,625,88.4,70.7,7.83,0,30,6,1,1,9.0,489,1260,72.52,80.74,Good
STU2931,CSE-AIML,2,Male,Day Scholar,Night,Auditory,Good,Medium,Average,No,Yes,Not Started,91,314,137,205,94.9,71.7,6.52,0,33,1,2,0,4.0,110,1163,69.99,78.13,Good
STU2932,CSE-DS,5,Male,Day Scholar,Afternoon,Auditory,Average,Low,Good,No,No,Not Started,84,49,88,608,53.9,50.4,5.61,1,28,3,3,1,1.0,327,1108,75.33,64.09,Average
STU2933,CSE,4,Female,Hostel,Afternoon,Auditory,Poor,Medium,Average,No,Yes,Not Started,164,182,260,433,92.3,74.9,7.99,0,31,6,1,0,2.0,208,1126,69.17,82.7,Good
STU2934,CSE-AIML,3,Male,Day Scholar,Night,Visual,Average,Low,Good,No,No,Not Started,187,262,160,405,68.9,63.3,5.71,3,29,2,0,0,1.0,103,843,73.31,66.81,Average
STU2935,CSE-DS,3,Female,Hostel,Night,Auditory,Poor,High,Average,No,No,Not Started,105,236,196,84,94.2,66.8,6.79,0,35,0,2,0,1.0,0,796,33.11,73.62,Good
STU2936,CSE,6,Male,Hostel,Night,Auditory,Poor,Medium,Good,Yes,Yes,Not Started,95,507,95,34,69.9,60.4,5.85,4,31,5,2,1,6.0,81,1301,53.09,60.12,Average
STU2937,IT,3,Male,Day Scholar,Morning,Auditory,Average,Medium,Good,No,No,Not Started,37,292,11,258,84.2,64.5,6.04,3,32,4,1,0,2.0,51,961,60.01,69.95,Average
STU2938,CSE-AIML,1,Male,Hostel,Night,Kinesthetic,Average,High,Good,Yes,Yes,Not Started,208,300,21,46,60.7,55.8,4.37,2,28,0,0,0,0.0,27,810,58.96,55.18,Average
STU2939,ECE,4,Male,Day Scholar,Morning,Auditory,Good,High,Good,No,No,Not Started,144,282,269,489,73.1,68.4,7.18,0,34,4,2,0,2.0,320,1298,76.23,77.83,Good
STU2940,CSE,7,Male,Hostel,Morning,Auditory,Average,Medium,Good,No,No,Placed,126,232,307,479,96.6,76.7,7.17,0,39,4,2,1,5.0,352,1135,73.03,85.65,Excellent
STU2941,CSE,7,Female,Day Scholar,Morning,Visual,Poor,High,Good,No,No,Placed,255,296,43,373,89.0,77.8,7.74,0,40,3,3,1,3.0,231,1157,58.3,83.76,Good
STU2942,CSE-DS,8,Female,Hostel,Morning,Visual,Good,Low,Good,No,Yes,Placed,0,250,10,173,88.4,61.6,6.35,1,30,5,3,4,8.0,131,1390,74.4,73.9,Good
STU2943,CSE,2,Female,Hostel,Morning,Kinesthetic,Poor,High,Good,Yes,Yes,Not Started,227,159,197,480,81.7,69.8,7.18,0,34,3,0,0,2.0,76,934,65.93,78.6,Good
STU2944,CSE-DS,3,Female,Hostel,Night,Visual,Average,Medium,Poor,No,Yes,Not Started,307,430,72,280,84.2,71.1,7.47,1,37,1,3,0,0.0,151,1237,66.84,76.96,Good
STU2945,IT,6,Male,Hostel,Morning,Visual,Average,Medium,,Yes,No,Not Started,0,215,0,140,100.0,80.9,7.92,0,43,2,1,2,5.0,91,837,48.72,83.04,Good
STU2946,CSE,6,Female,Hostel,Night,Visual,Good,Low,Good,Yes,No,Not Started,4,52,0,246,80.5,61.3,6.67,0,31,7,1,0,3.0,111,1098,78.98,72.62,Good
STU2947,CSE-AIML,3,Male,Hostel,Morning,Kinesthetic,Poor,High,Good,No,No,Not Started,49,0,112,282,82.2,78.7,7.21,0,36,2,1,0,3.0,0,752,41.59,77.65,Good
STU2948,CSE-AIML,1,Female,Hostel,Morning,Kinesthetic,Poor,Low,Good,No,No,Not Started,71,175,347,381,95.3,66.5,7.44,0,31,0,0,0,0.0,0,765,52.5,78.38,Good
STU2949,CSE,6,Male,Hostel,Night,Auditory,Poor,Medium,Good,No,Yes,Not Started,270,273,289,531,81.6,74.3,7.88,1,37,4,3,1,,305,1058,77.11,77.07,Good
STU2950,ECE,7,Other,Hostel,Night,Auditory,Average,Medium,Average,No,No,In Progress,155,280,59,0,77.2,68.6,6.0,3,37,9,1,0,4.0,0,998,72.65,66.76,Average
STU2951,IT,2,Female,Hostel,Night,Visual,Average,Medium,Good,No,Yes,Not Started,362,0,0,651,78.9,75.8,7.94,1,34,1,0,0,1.0,155,923,87.94,83.24,Good
STU2952,CSE-DS,4,Female,Hostel,Night,Auditory,Average,Medium,Good,No,No,Not Started,146,399,75,337,79.9,73.4,6.9,0,37,7,2,0,3.0,135,1183,78.54,77.06,Good
STU2953,CSE-DS,5,Female,Day Scholar,Night,Auditory,Average,Medium,Good,No,Yes,Not Started,153,273,102,362,69.0,63.8,5.77,1,29,4,1,0,3.0,214,1161,77.71,68.61,Average
STU2954,CSE-AIML,1,Female,Hostel,Night,Kinesthetic,Good,Medium,Average,No,No,Not Started,299,253,129,392,62.6,76.8,8.55,0,38,2,1,0,1.0,66,959,74.44,80.48,Good
STU2955,ECE,8,Female,Hostel,Night,Kinesthetic,Good,Low,Poor,No,No,In Progress,0,338,56,342,81.6,61.2,5.67,5,28,9,3,1,5.0,321,1063,71.74,61.94,Average
STU2956,CSE-DS,8,Male,Hostel,Night,Auditory,Average,Medium,Average,No,No,Placed,189,322,60,438,86.3,68.2,6.14,1,33,6,2,3,1.0,282,1384,80.15,72.02,Good
STU2957,CSE-DS,6,Male,Day Scholar,Morning,Auditory,Average,Medium,Average,No,Yes,Not Started,228,361,180,917,92.2,70.4,6.52,0,32,7,2,1,1.0,539,1446,100.0,83.9,Good
STU2958,IT,4,Male,Hostel,Night,Auditory,Poor,High,Average,No,No,Not Started,280,154,83,674,69.5,65.4,5.84,5,38,4,1,1,0.0,215,1049,77.58,66.34,Average
STU2959,CSE,5,Male,Day Scholar,Afternoon,Visual,Average,Medium,Average,No,No,Not Started,260,313,92,275,99.8,83.0,7.68,0,42,3,2,0,1.0,164,1088,68.8,88.7,Excellent
STU2960,IT,8,Male,Hostel,Afternoon,Kinesthetic,Good,Low,Good,No,No,Placed,203,365,145,645,60.1,66.0,8.03,0,32,9,2,3,3.0,539,1286,100.0,81.06,Good
STU2961,CSE,3,Male,Hostel,Night,Auditory,Good,Medium,Poor,No,No,Not Started,296,251,199,445,91.1,80.9,8.25,0,39,4,0,1,0.0,104,1069,75.47,88.39,Excellent
STU2962,CSE,3,Male,Day Scholar,Morning,Auditory,Poor,Medium,Good,Yes,Yes,Not Started,303,209,139,60,82.4,66.5,6.01,2,40,1,0,0,,0,1297,60.98,68.57,Average
STU2963,CSE,2,Female,Hostel,Afternoon,Visual,Good,Low,Good,No,Yes,Not Started,238,261,178,52,80.1,75.7,8.31,0,38,3,0,0,1.0,3,1023,82.28,86.98,Excellent
STU2964,ECE,5,Female,Hostel,Morning,Kinesthetic,Good,Medium,Good,No,No,Not Started,88,315,276,288,69.2,73.4,6.79,0,40,10,0,1,4.0,222,821,84.96,80.41,Good
STU2965,IT,3,Male,Day Scholar,Night,Visual,Good,Low,Average,No,No,Not Started,193,354,87,529,79.9,70.2,6.75,0,34,3,2,3,1.0,173,995,86.86,75.14,Good
STU2966,CSE-DS,8,Male,Day Scholar,Morning,Visual,Average,Medium,Average,No,No,In Progress,253,0,190,312,78.4,67.4,6.7,1,33,6,2,0,8.0,288,853,78.99,73.09,Good
STU2967,CSE-DS,3,Male,Day Scholar,Morning,Auditory,Average,Medium,Good,No,Yes,Not Started,154,238,35,526,94.6,70.3,7.35,0,32,3,0,0,0.0,77,1007,77.28,82.16,Good
STU2968,CSE-AIML,7,Male,Day Scholar,Night,Visual,Poor,Medium,Good,No,No,In Progress,242,266,119,486,73.7,65.4,6.64,2,33,1,1,2,0.0,310,1176,66.42,69.16,Average
STU2969,ECE,6,Female,Day Scholar,Afternoon,Visual,Poor,High,Poor,No,Yes,Not Started,173,227,68,394,74.8,63.4,6.15,2,33,6,3,1,,266,1139,58.73,66.79,Average
STU2970,CSE-AIML,8,Male,Day Scholar,Morning,Auditory,Average,Medium,Average,Yes,Yes,Placed,128,252,135,253,87.0,78.1,8.22,0,34,9,2,2,5.0,279,1216,80.39,78.91,Good
STU2971,CSE,8,Female,Hostel,Afternoon,Kinesthetic,Poor,Medium,Good,No,Yes,Placed,193,222,217,203,77.9,82.5,8.68,0,41,7,7,2,5.0,180,974,74.52,86.35,Excellent
STU2972,CSE,8,Female,Day Scholar,Morning,Auditory,Poor,High,Good,No,No,Placed,56,170,32,223,70.0,61.5,5.28,1,31,12,0,2,4.0,78,868,66.22,67.83,Average
STU2973,IT,2,Female,Day Scholar,Morning,Kinesthetic,Good,Low,Good,No,No,Not Started,202,191,237,452,59.8,64.2,6.67,1,27,1,0,0,1.0,95,772,77.11,66.31,Average
STU2974,CSE-DS,4,Male,Hostel,Morning,Visual,Good,Low,Good,No,Yes,Not Started,115,137,99,319,100.0,72.5,6.65,0,36,1,1,1,1.0,118,843,79.77,79.63,Good
STU2975,CSE,8,Female,Hostel,Afternoon,Visual,Good,Low,,No,No,Placed,232,186,120,308,84.5,65.1,6.22,1,34,4,1,2,4.0,192,982,84.81,73.93,Good
STU2976,CSE,3,Male,Hostel,Night,Auditory,Good,Medium,Good,No,No,Not Started,77,449,47,165,100.0,70.1,7.3,0,33,0,1,0,1.0,42,1121,59.16,80.38,Good
STU2977,IT,7,Male,Day Scholar,Night,Auditory,Poor,Medium,Average,No,No,Placed,352,324,0,528,84.8,76.5,7.65,0,41,3,0,2,4.0,404,1261,74.48,82.06,Good
STU2978,CSE,8,Male,Hostel,Night,Auditory,Average,Medium,Average,No,Yes,Placed,87,201,56,466,93.5,59.2,6.22,2,32,6,1,3,5.0,347,1324,75.93,75.46,Good
STU2979,CSE-DS,1,Male,Day Scholar,Morning,Visual,Good,Low,Good,No,Yes,Not Started,257,181,184,850,100.0,70.4,6.93,1,28,3,0,0,2.0,110,1037,98.22,76.03,Good
STU2980,ECE,1,Male,Hostel,Afternoon,Visual,Average,Low,Average,No,No,Not Started,166,255,13,328,94.0,77.2,6.81,0,38,1,1,0,0.0,14,1338,70.35,78.22,Good
STU2981,CSE-AIML,4,Male,Day Scholar,Night,Kinesthetic,Average,Medium,Average,Yes,No,Not Started,226,165,173,647,100.0,81.4,7.42,0,39,3,2,1,3.0,347,1183,83.28,85.28,Excellent
STU2982,CSE,5,Female,Hostel,Morning,Auditory,Good,Low,Good,No,Yes,Not Started,245,420,0,227,99.7,80.2,7.97,0,45,3,1,0,1.0,106,1060,83.87,91.62,Excellent
STU2983,CSE-DS,2,Female,Day Scholar,Night,Visual,Average,Medium,Poor,No,Yes,Not Started,162,291,0,8,71.6,64.8,6.9,2,29,2,0,0,0.0,0,698,46.34,68.95,Average
STU2984,IT,7,Male,Day Scholar,Afternoon,Kinesthetic,Poor,Medium,Average,Yes,Yes,Placed,165,60,60,139,80.7,66.1,6.04,0,32,2,4,0,4.0,55,1091,51.49,76.92,Good
STU2985,CSE-AIML,6,Male,Day Scholar,Night,Auditory,Average,High,Poor,No,No,In Progress,163,66,61,464,97.5,70.9,6.92,0,33,1,1,3,3.0,353,930,52.98,82.87,Good
STU2986,ECE,7,Female,Day Scholar,Afternoon,Auditory,Good,Low,Good,No,Yes,Placed,3,119,242,46,74.4,60.9,6.21,0,31,5,1,1,5.0,48,1238,72.28,72.35,Good
STU2987,CSE,1,Male,Day Scholar,Afternoon,Kinesthetic,Poor,Medium,Good,No,No,Not Started,255,209,214,263,82.2,66.7,6.98,0,30,1,0,0,0.0,0,1034,52.52,73.63,Good
STU2988,CSE-AIML,1,Female,Hostel,Night,Kinesthetic,Average,Medium,Good,No,No,Not Started,183,50,65,369,81.6,73.1,7.43,2,34,0,1,0,2.0,0,1014,63.88,78.39,Good
STU2989,CSE-DS,4,Female,Hostel,Night,Kinesthetic,Poor,High,Good,No,No,Not Started,149,272,221,468,81.4,73.8,7.43,1,43,0,5,0,,281,1046,51.94,80.88,Good
STU2990,IT,5,Male,Day Scholar,Morning,Visual,Poor,High,Good,No,Yes,Not Started,168,209,132,104,86.1,77.8,7.58,1,36,3,0,3,1.0,0,1050,56.38,77.82,Good
STU2991,CSE,5,Male,Hostel,Night,Auditory,Poor,High,Average,No,Yes,Not Started,140,161,0,460,81.8,76.7,6.94,0,44,5,2,1,7.0,261,1254,69.3,81.27,Good
STU2992,IT,4,Male,Hostel,Morning,Auditory,Average,Medium,Good,No,Yes,Not Started,0,256,90,251,74.8,48.0,5.03,0,22,1,0,0,1.0,64,1049,61.38,65.43,Average
STU2993,CSE-AIML,8,Male,Hostel,,Kinesthetic,Good,Medium,Good,Yes,No,Placed,140,499,55,487,87.3,77.3,7.81,0,35,12,3,1,1.0,422,1372,99.04,81.35,Good
STU2994,CSE,7,Male,Hostel,Night,Visual,Average,Medium,Good,No,Yes,In Progress,179,153,179,433,80.6,71.7,7.52,0,30,7,1,0,3.0,302,818,83.56,77.1,Good
STU2995,CSE,1,Female,Hostel,Night,Kinesthetic,Good,Medium,Average,No,Yes,Not Started,106,458,20,210,97.0,67.7,7.63,0,40,0,0,0,0.0,0,1110,62.0,82.14,Good
STU2996,IT,7,Male,Day Scholar,Night,Visual,Poor,Medium,Poor,No,Yes,In Progress,184,193,82,84,80.3,66.9,6.66,0,35,8,3,1,6.0,75,845,62.13,74.61,Good
STU2997,CSE,7,Male,Hostel,Afternoon,Auditory,Average,Low,Good,No,No,In Progress,256,168,155,495,89.3,73.3,6.81,0,35,7,0,3,5.0,318,1356,97.98,82.18,Good
STU2998,CSE,2,Female,Hostel,Morning,Auditory,Average,Medium,Good,No,Yes,Not Started,126,162,102,100,79.4,62.6,6.35,4,28,1,0,0,0.0,76,1030,60.67,64.92,Average
STU2999,CSE,1,Male,Hostel,Night,Visual,Average,High,Average,No,Yes,Not Started,50,362,195,312,59.2,57.8,6.25,2,31,3,1,0,0.0,28,813,61.89,62.63,Average
STU3000,IT,5,Male,Day Scholar,Morning,Auditory,Good,Low,Poor,Yes,No,Not Started,184,236,140,250,89.2,71.0,6.95,0,42,2,4,1,1.0,253,1127,62.86,77.33,Good
STU3001,CSE-DS,6,Male,Day Scholar,Afternoon,Auditory,Average,Medium,Average,No,No,Not Started,218,194,4,113,100.0,69.4,6.81,0,34,4,3,4,4.0,114,929,62.33,82.09,Good
STU3002,IT,7,Male,Day Scholar,Afternoon,Kinesthetic,Good,Low,Poor,No,Yes,In Progress,334,0,166,166,83.9,77.7,8.33,0,38,8,1,3,5.0,118,1300,84.58,87.47,Excellent
STU3003,CSE,1,Female,Hostel,Morning,Visual,Poor,Low,Poor,No,No,Not Started,136,69,253,254,89.6,77.6,8.74,0,40,0,1,0,1.0,147,863,45.88,83.5,Good
STU3004,CSE-DS,7,Male,Day Scholar,Afternoon,Auditory,Good,Low,Good,No,Yes,Placed,183,362,122,244,84.1,70.1,6.87,1,32,5,0,0,4.0,204,1006,90.44,75.75,Good
STU3005,CSE-AIML,2,Female,Day Scholar,Afternoon,Auditory,Good,Low,Good,No,Yes,Not Started,289,393,151,310,82.0,75.0,7.07,0,41,1,0,0,2.0,70,904,84.69,84.14,Good
STU3006,IT,8,Male,Day Scholar,Night,Visual,Poor,Low,Good,No,No,Placed,102,406,17,223,100.0,71.0,7.04,0,41,4,4,0,2.0,163,1119,62.8,78.86,Good
STU3007,ECE,3,Male,Day Scholar,Night,Auditory,Poor,Medium,Good,No,No,Not Started,230,116,43,518,91.1,77.8,8.2,0,40,5,1,0,2.0,125,1137,70.54,90.15,Excellent
STU3008,CSE,1,Male,Hostel,Morning,Visual,Average,Medium,Average,Yes,No,Not Started,227,310,288,562,79.0,75.8,8.23,0,37,1,1,0,3.0,88,1131,75.92,79.1,Good
STU3009,CSE-DS,4,Female,Hostel,Morning,Visual,Good,Low,Poor,No,No,Not Started,235,138,243,138,71.9,67.7,7.05,0,33,2,3,3,5.0,0,897,61.27,74.97,Good
STU3010,CSE,3,Male,Hostel,Morning,Kinesthetic,Average,High,Good,No,Yes,Not Started,127,393,135,169,100.0,72.6,6.98,0,34,2,0,2,3.0,100,1084,61.44,83.23,Good
STU3011,CSE-AIML,7,Male,Hostel,Morning,Visual,Poor,High,Average,No,No,In Progress,97,337,127,331,84.3,72.6,6.97,0,36,6,1,2,5.0,276,1398,56.17,79.59,Good
STU3012,CSE,4,Female,Day Scholar,Night,Kinesthetic,Average,Medium,Good,No,No,Not Started,157,259,180,194,93.0,72.3,7.59,0,34,1,1,1,2.0,102,745,60.53,79.11,Good
STU3013,CSE,4,Male,Day Scholar,Night,Auditory,Average,Medium,Poor,No,No,Not Started,178,120,16,237,68.7,56.6,5.5,5,26,3,1,1,0.0,97,902,59.73,57.25,Average
STU3014,CSE,4,Male,Day Scholar,Night,Visual,Good,Low,Good,No,Yes,Not Started,59,390,238,261,55.5,57.5,5.56,1,30,5,1,0,0.0,52,988,78.89,64.3,Average
STU3015,CSE-DS,1,Female,Hostel,Night,Kinesthetic,Average,Medium,Average,Yes,Yes,Not Started,226,260,195,106,71.0,68.7,5.86,5,32,2,0,0,1.0,0,762,66.13,61.2,Average
STU3016,CSE,5,Male,Hostel,Afternoon,Visual,Average,High,Good,No,No,Not Started,255,319,87,220,89.6,72.0,7.16,1,34,9,6,1,2.0,176,904,76.92,78.56,Good
STU3017,CSE-DS,7,Female,Hostel,Afternoon,Auditory,Average,Medium,Good,Yes,No,In Progress,67,64,112,62,75.0,64.5,6.57,0,34,5,2,2,1.0,10,738,61.8,70.83,Good
STU3018,CSE-AIML,3,Male,Hostel,Night,Kinesthetic,Good,Medium,Good,No,Yes,Not Started,260,98,109,304,68.4,74.6,8.48,0,36,0,2,1,,93,1147,78.26,84.85,Good
STU3019,CSE,2,Female,Hostel,Night,Kinesthetic,Good,Low,Good,No,No,Not Started,74,185,74,791,82.2,63.7,5.82,1,29,2,1,0,1.0,123,1236,82.51,72.25,Good
STU3020,IT,5,Female,Day Scholar,Afternoon,Kinesthetic,Poor,Medium,Good,No,No,Not Started,114,591,93,172,81.4,65.2,6.86,0,30,4,2,1,1.0,37,926,53.24,76.92,Good
STU3021,CSE,7,Male,Hostel,Morning,Auditory,Average,Low,Good,No,No,In Progress,182,85,186,83,93.4,75.3,8.01,0,37,2,4,0,5.0,0,892,63.96,84.2,Good
STU3022,CSE-AIML,8,Female,Day Scholar,Night,Kinesthetic,Average,Medium,Average,No,No,Placed,188,182,147,0,80.5,71.0,7.21,0,33,4,0,1,6.0,17,1128,61.35,79.81,Good
STU3023,CSE-DS,8,Female,Hostel,Morning,Auditory,Poor,Medium,Good,No,No,Placed,301,202,113,230,98.1,78.1,8.67,0,36,15,0,3,5.0,75,1098,82.49,87.33,Excellent
STU3024,CSE,1,Male,Day Scholar,Night,Auditory,Average,Medium,Poor,No,No,Not Started,237,405,202,221,93.6,71.4,7.52,0,34,1,1,0,0.0,46,904,53.03,78.2,Good
STU3025,CSE,4,Male,Hostel,Night,Visual,Good,Low,Poor,No,No,Not Started,204,277,243,201,71.8,65.1,6.83,0,37,3,1,0,1.0,110,1263,66.79,73.65,Good
STU3026,CSE,2,Female,Hostel,Morning,Auditory,Poor,High,Good,No,No,Not Started,119,53,42,637,100.0,86.0,8.32,0,43,2,0,0,1.0,192,1146,58.78,88.38,Excellent
STU3027,ECE,7,Female,Day Scholar,Night,Kinesthetic,Average,Medium,Good,No,No,In Progress,135,192,291,320,100.0,68.5,7.0,0,32,10,1,0,5.0,152,893,75.37,82.86,Good
STU3028,CSE-DS,3,Male,Day Scholar,Night,Kinesthetic,Average,Medium,Good,No,No,Not Started,93,181,221,544,80.9,64.1,5.94,0,29,2,3,2,1.0,172,888,71.07,75.86,Good
STU3029,CSE-DS,7,Female,Hostel,Night,Auditory,Poor,Medium,Poor,No,No,In Progress,136,58,250,492,95.1,75.4,7.07,2,40,6,2,1,1.0,380,989,63.37,79.39,Good
STU3030,CSE-DS,5,Male,Hostel,Afternoon,Auditory,Poor,High,Good,No,Yes,Not Started,335,241,418,66,100.0,95.9,9.79,0,48,5,1,0,3.0,73,1062,60.43,96.16,Excellent
STU3031,CSE,8,Female,Hostel,Morning,Visual,Good,Low,Average,No,No,Placed,169,272,205,497,90.9,72.8,7.67,1,37,6,3,5,7.0,414,821,93.61,81.99,Good
STU3032,CSE-AIML,6,Female,Day Scholar,Night,Visual,Poor,High,Good,No,No,Not Started,196,368,0,286,82.8,72.6,7.31,0,38,6,3,0,4.0,108,1122,63.62,81.05,Good
STU3033,IT,5,Female,Day Scholar,Afternoon,Kinesthetic,Average,Low,Average,No,Yes,Not Started,140,300,37,27,82.6,63.4,6.8,1,30,3,3,2,4.0,9,1032,62.97,74.74,Good
STU3034,CSE,7,Male,Hostel,Morning,Auditory,Average,Low,Average,No,No,In Progress,95,98,0,157,69.1,58.7,5.57,4,30,7,3,0,3.0,99,976,78.27,61.66,Average
STU3035,CSE,2,Female,Hostel,Afternoon,Kinesthetic,Average,Medium,Average,No,Yes,Not Started,193,219,262,531,95.1,75.5,8.24,0,34,1,0,0,,77,908,78.52,85.09,Excellent
STU3036,CSE,7,Male,Day Scholar,Night,Auditory,Poor,High,Good,No,No,In Progress,193,450,256,259,90.2,76.7,8.24,0,42,5,1,2,2.0,231,1108,57.22,90.03,Excellent
STU3037,CSE-AIML,7,Male,Hostel,Morning,Kinesthetic,Good,Low,Good,No,No,In Progress,284,287,299,212,77.4,69.6,7.48,0,32,10,3,1,6.0,186,1278,97.9,82.22,Good
STU3038,ECE,1,Male,Day Scholar,Afternoon,Kinesthetic,Poor,Medium,Good,No,Yes,Not Started,135,296,199,480,67.3,60.8,5.68,1,31,0,0,0,1.0,32,1267,61.59,67.15,Average
STU3039,CSE,3,Female,Hostel,Morning,Kinesthetic,Poor,Medium,Good,Yes,Yes,Not Started,140,139,290,565,65.2,56.7,5.87,3,22,5,1,0,2.0,129,1193,74.78,60.0,Average
STU3040,CSE-AIML,2,Male,Hostel,Night,Auditory,Good,Low,Good,No,Yes,Not Started,110,166,0,382,73.9,70.7,8.18,0,38,2,1,0,0.0,54,1122,79.89,82.26,Good
STU3041,CSE,7,Male,Hostel,Night,Visual,Poor,High,Average,No,No,Placed,199,140,116,234,82.7,73.5,6.38,0,33,7,3,2,1.0,165,1031,62.9,74.95,Good
STU3042,ECE,4,Female,Hostel,Morning,Visual,Average,Medium,Average,No,Yes,Not Started,276,243,28,526,90.7,81.3,8.08,0,40,4,1,0,3.0,248,1074,83.17,88.53,Excellent
STU3043,CSE,3,Female,Hostel,Night,Auditory,Poor,High,Good,No,Yes,Not Started,273,259,0,0,96.8,78.4,8.16,0,42,2,0,0,0.0,0,942,53.32,83.94,Good
STU3044,CSE-AIML,5,Female,Day Scholar,Morning,Visual,Good,Medium,Good,No,Yes,Not Started,334,255,299,324,91.3,82.6,7.91,0,43,5,2,1,4.0,186,1223,97.89,89.39,Excellent
STU3045,CSE-DS,2,Female,Day Scholar,Night,Kinesthetic,Average,Medium,Poor,No,No,Not Started,65,370,0,510,97.0,69.3,6.68,0,34,0,0,0,2.0,26,1028,54.71,78.48,Good
STU3046,CSE-DS,5,Male,Day Scholar,Night,Auditory,Average,Medium,Good,No,No,Not Started,209,262,104,542,84.0,69.2,6.7,0,31,1,2,1,2.0,298,1010,69.24,75.92,Good
STU3047,CSE-AIML,8,Female,Day Scholar,Night,Auditory,Average,Medium,Good,No,Yes,Placed,220,0,169,651,81.6,69.8,6.56,0,32,2,3,1,6.0,586,1434,86.01,76.59,Good
STU3048,CSE,7,Female,Hostel,Morning,Visual,Poor,Medium,Good,No,No,Placed,47,186,38,549,83.9,64.1,6.69,0,34,4,1,4,1.0,348,845,55.04,75.12,Good
STU3049,CSE,5,Male,Hostel,Night,Visual,Good,Low,Good,No,Yes,Not Started,266,224,0,366,65.5,71.3,6.47,2,33,6,1,1,0.0,197,1185,100.0,72.2,Good
STU3050,CSE,5,Male,Day Scholar,Night,Kinesthetic,Average,Medium,Good,Yes,Yes,Not Started,0,175,135,124,95.0,60.7,5.54,2,33,2,1,1,3.0,83,928,62.77,70.53,Good
STU3051,CSE,1,Male,Hostel,Night,Auditory,Poor,High,Good,Yes,Yes,Not Started,158,214,66,255,74.7,67.4,6.38,3,32,1,0,0,0.0,86,1248,54.54,64.2,Average
STU3052,CSE-AIML,5,Male,Hostel,Afternoon,Visual,Good,Medium,Poor,No,No,Not Started,31,160,308,256,76.2,55.3,6.29,0,31,4,4,1,2.0,143,1225,60.22,74.69,Good
STU3053,CSE,4,Female,Hostel,Morning,Auditory,Average,Low,Good,No,No,Not Started,451,390,150,135,78.5,84.7,9.23,0,39,6,0,1,3.0,136,588,91.38,88.75,Excellent
STU3054,CSE,4,Female,Hostel,Night,Kinesthetic,Poor,High,Poor,No,No,Not Started,169,79,179,0,100.0,78.7,7.95,0,37,7,0,1,0.0,17,954,43.12,87.54,Excellent
STU3055,CSE-DS,3,Female,Hostel,Afternoon,Kinesthetic,Good,Medium,Good,No,No,Not Started,265,80,0,305,72.0,66.3,7.52,1,38,3,1,0,1.0,114,994,76.55,79.4,Good
STU3056,ECE,7,Male,Day Scholar,Night,Kinesthetic,Good,Medium,Average,No,No,In Progress,182,55,167,106,83.0,72.5,7.22,0,33,8,2,1,2.0,49,1239,82.22,80.98,Good
STU3057,CSE-DS,6,Male,Day Scholar,Afternoon,Auditory,Good,Low,Average,No,Yes,Not Started,116,332,109,340,81.4,70.3,7.89,0,34,4,2,2,1.0,301,1138,90.21,83.33,Good
STU3058,CSE,8,Female,Day Scholar,Night,Auditory,Good,Medium,Average,No,No,In Progress,279,56,266,42,77.8,65.2,6.79,0,31,6,2,0,3.0,161,1085,77.93,80.35,Good
STU3059,CSE,5,Male,Day Scholar,Morning,Auditory,Good,High,Good,No,Yes,Not Started,176,305,51,19,90.3,73.6,7.48,0,32,1,1,1,1.0,37,1601,61.79,81.59,Good
STU3060,ECE,5,Female,Day Scholar,Morning,Auditory,Good,Medium,Good,No,Yes,Not Started,73,223,171,193,65.3,64.8,6.13,2,31,6,1,2,4.0,147,1033,79.26,70.95,Good
STU3061,CSE,2,Male,Hostel,Morning,Auditory,Average,Low,Good,No,Yes,Not Started,123,207,13,485,97.5,75.2,7.53,0,39,3,0,0,1.0,0,1136,81.25,81.97,Good
STU3062,CSE,1,Female,Hostel,Morning,Kinesthetic,Average,Medium,Good,No,Yes,Not Started,89,287,0,335,82.6,71.7,6.95,0,32,1,0,0,0.0,121,1050,61.65,78.69,Good
STU3063,CSE-AIML,6,Male,Day Scholar,Night,Kinesthetic,Average,Low,Average,No,No,In Progress,171,445,66,420,83.6,66.8,6.2,1,31,5,2,0,1.0,271,1144,81.55,77.72,Good
STU3064,CSE-DS,3,Male,Hostel,Night,Kinesthetic,Good,Medium,Average,No,No,Not Started,154,93,81,93,96.8,77.8,7.38,0,37,1,1,0,5.0,0,994,60.03,78.38,Good
STU3065,CSE-DS,8,Male,Hostel,Night,Visual,Average,Low,Average,No,Yes,Placed,161,154,12,319,95.3,81.0,8.22,0,40,8,2,3,3.0,205,1016,87.34,88.96,Excellent
STU3066,CSE,6,Female,Hostel,Night,Kinesthetic,Average,Low,Good,No,Yes,In Progress,222,50,94,122,75.5,69.7,6.44,3,28,4,0,0,3.0,186,1005,79.97,66.63,Average
STU3067,CSE,5,Female,Hostel,Night,Auditory,Poor,High,Good,No,No,Not Started,421,263,154,535,59.3,70.9,7.45,1,33,3,1,0,1.0,306,1201,73.33,67.93,Average
STU3068,ECE,2,Male,Hostel,Afternoon,Kinesthetic,Average,Medium,Good,No,No,Not Started,186,178,209,542,82.5,71.3,6.92,0,36,1,0,0,2.0,118,1077,71.07,79.69,Good
STU3069,CSE,7,Female,Hostel,Afternoon,Visual,Average,Medium,Poor,No,No,In Progress,106,107,0,191,80.4,62.4,6.18,3,35,9,1,5,6.0,129,991,63.53,68.67,Average
STU3070,CSE-DS,1,Female,Hostel,Afternoon,Visual,Average,Medium,Good,No,No,Not Started,383,184,125,612,75.0,78.1,8.15,0,44,0,1,0,0.0,0,942,79.03,85.72,Excellent
STU3071,CSE-DS,7,Female,Day Scholar,Night,Visual,Good,Low,Good,No,No,Placed,312,116,0,266,85.9,74.3,6.67,0,38,6,2,1,2.0,234,1000,93.83,84.69,Good
STU3072,CSE-DS,3,Female,Hostel,Morning,Visual,Average,Low,Good,No,No,Not Started,229,336,266,620,87.7,76.1,6.22,3,37,5,1,1,2.0,238,1129,90.82,74.6,Good
STU3073,CSE,6,Male,Day Scholar,Morning,Visual,Average,Medium,Good,No,No,Not Started,192,1,240,64,78.9,75.4,7.08,2,38,7,2,0,3.0,114,1159,68.76,76.77,Good
STU3074,CSE,3,Male,Hostel,Night,Auditory,Good,Medium,Good,No,Yes,Not Started,215,411,107,65,85.4,72.5,7.69,0,35,4,0,0,1.0,27,1080,78.86,83.53,Good
STU3075,CSE-AIML,5,Female,Hostel,Night,Kinesthetic,Poor,High,Poor,No,No,Not Started,0,403,33,410,95.6,72.2,7.55,0,37,2,3,0,4.0,177,944,28.66,79.71,Good
STU3076,IT,3,Female,Hostel,Night,Auditory,Average,Medium,Good,Yes,No,Not Started,36,137,110,137,100.0,65.3,5.87,4,28,4,2,1,1.0,7,1156,56.07,64.79,Average
STU3077,ECE,7,Female,Hostel,Night,Auditory,Good,High,Poor,No,No,In Progress,258,275,0,381,73.6,69.8,6.6,0,34,5,2,1,2.0,327,1284,71.37,74.35,Good
STU3078,CSE,2,Female,Day Scholar,Night,Visual,Poor,High,Average,No,No,Not Started,309,529,289,94,95.2,81.2,8.17,0,43,1,1,0,2.0,11,1014,46.66,83.69,Good
STU3079,CSE,3,Male,Day Scholar,Afternoon,Kinesthetic,Average,Medium,Poor,No,No,Not Started,17,267,15,51,78.2,58.0,5.66,1,30,0,0,0,1.0,14,1046,34.62,68.42,Average
STU3080,ECE,4,Female,Day Scholar,Night,Kinesthetic,Average,High,Good,Yes,No,Not Started,101,118,190,492,71.2,71.9,7.47,0,35,3,1,1,6.0,129,1208,58.13,76.89,Good
STU3081,CSE-DS,2,Male,Day Scholar,Night,Kinesthetic,Average,Medium,Good,No,No,Not Started,120,352,56,713,90.1,75.0,7.74,0,37,3,0,0,2.0,152,1026,75.09,85.78,Excellent
STU3082,IT,6,Other,Hostel,Morning,Visual,Good,Low,Average,No,Yes,Not Started,95,309,171,272,71.6,61.7,6.94,0,28,5,1,0,2.0,229,1030,79.28,79.03,Good
STU3083,CSE,1,Male,Hostel,Afternoon,Auditory,Average,Low,Good,Yes,No,Not Started,207,113,91,428,63.4,65.8,7.13,0,32,0,0,0,0.0,70,1091,70.73,73.62,Good
STU3084,CSE-AIML,1,Female,Hostel,Morning,Kinesthetic,Good,Low,Good,No,Yes,Not Started,247,132,193,264,79.2,71.9,7.3,0,28,0,2,0,0.0,76,1292,83.22,76.38,Good
STU3085,CSE-DS,5,Male,Hostel,Afternoon,Auditory,Poor,High,Average,No,No,Not Started,88,214,231,424,75.4,63.6,6.44,2,30,5,1,0,2.0,236,1157,56.61,69.18,Average
STU3086,CSE-DS,5,Male,Hostel,Night,Kinesthetic,Average,Medium,Good,No,Yes,Not Started,52,437,83,0,84.4,58.5,6.35,0,28,3,2,1,3.0,69,1108,59.37,74.54,Good
STU3087,CSE-AIML,4,Male,Hostel,Afternoon,Kinesthetic,Average,Medium,Good,Yes,No,Not Started,74,103,146,182,83.8,64.5,7.42,0,31,5,2,0,2.0,128,1082,67.04,77.66,Good
STU3088,CSE,6,Female,Hostel,Afternoon,Kinesthetic,Average,Medium,Average,No,Yes,Not Started,139,202,312,697,91.5,75.6,6.98,0,36,8,2,0,2.0,568,1354,99.54,83.82,Good
STU3089,CSE-AIML,7,Female,Hostel,Night,Kinesthetic,Average,Medium,,No,Yes,In Progress,322,439,122,381,62.5,70.0,6.9,0,32,5,2,2,9.0,284,870,85.08,76.62,Good
STU3090,CSE,1,Male,Hostel,Night,Visual,Poor,Low,Average,No,Yes,Not Started,186,181,177,288,79.0,74.3,6.94,0,32,1,0,0,1.0,35,881,64.38,74.36,Good
STU3091,CSE-AIML,1,Female,Day Scholar,Night,Visual,Poor,High,Good,No,No,Not Started,353,367,198,418,60.7,65.0,7.09,0,32,1,0,0,0.0,0,1122,60.39,71.32,Good
STU3092,ECE,1,Female,Day Scholar,Night,Auditory,Poor,High,Good,No,No,Not Started,251,223,7,482,86.8,78.6,8.22,0,42,0,0,0,1.0,0,754,54.94,85.61,Excellent
STU3093,CSE,7,Male,Day Scholar,Afternoon,Visual,Good,Medium,Good,No,Yes,In Progress,123,427,0,0,92.8,75.2,7.12,0,34,4,4,1,1.0,0,1029,72.76,82.93,Good
STU3094,IT,1,Male,Day Scholar,Night,Kinesthetic,Good,Low,Good,No,Yes,Not Started,192,365,125,245,79.1,66.8,6.96,0,28,0,0,0,1.0,112,1118,80.85,72.6,Good
STU3095,CSE,3,Female,Hostel,Morning,Auditory,Good,Low,Average,No,Yes,Not Started,132,260,79,48,75.4,67.7,6.38,1,36,5,1,0,0.0,68,1066,80.27,73.76,Good
STU3096,CSE-DS,6,Female,Hostel,Morning,Auditory,Average,Medium,Average,No,Yes,Not Started,81,229,21,729,68.7,60.0,6.11,2,27,7,3,1,7.0,441,1040,91.95,69.2,Average
STU3097,ECE,2,Male,Hostel,Afternoon,Auditory,Good,Low,Average,No,No,Not Started,152,130,0,0,97.3,77.0,8.44,0,31,0,0,0,2.0,47,1098,65.51,84.46,Good
STU3098,CSE,2,Female,Day Scholar,Afternoon,Kinesthetic,Poor,High,Poor,No,Yes,Not Started,251,31,86,263,92.6,84.4,8.73,0,37,2,1,0,2.0,68,823,50.09,87.04,Excellent
STU3099,CSE,4,Male,Day Scholar,Night,Kinesthetic,Good,Low,Poor,No,No,Not Started,128,237,104,424,91.2,72.7,7.96,0,35,0,2,2,1.0,217,1070,67.62,81.28,Good
STU3100,CSE-AIML,3,Male,Hostel,Night,Auditory,Average,Medium,Average,No,Yes,Not Started,158,292,175,424,90.8,68.2,7.55,0,36,4,1,0,3.0,222,1033,76.09,81.88,Good
STU3101,CSE,1,Male,Hostel,Night,Visual,Average,Medium,Good,No,No,Not Started,126,336,107,85,85.2,68.1,6.32,2,34,0,0,0,1.0,0,914,59.06,69.39,Average
STU3102,CSE-DS,1,Male,Day Scholar,Afternoon,Kinesthetic,Average,Medium,Average,No,Yes,Not Started,301,510,0,97,100.0,92.1,10.0,0,44,0,0,0,0.0,0,833,70.44,95.17,Excellent
STU3103,ECE,5,Female,Hostel,Night,Kinesthetic,Good,Low,Good,Yes,No,Not Started,163,76,83,145,91.6,66.4,6.14,3,31,4,0,2,0.0,1,1026,71.17,69.85,Average
STU3104,CSE-AIML,5,Female,Day Scholar,Night,Visual,Poor,High,Average,No,No,Not Started,151,223,14,198,76.0,64.4,5.39,0,28,2,1,1,2.0,41,1111,49.34,70.06,Good
STU3105,CSE,4,Male,Hostel,,Auditory,Good,Medium,Good,No,Yes,Not Started,153,296,184,213,62.6,64.5,6.33,1,34,3,2,1,1.0,111,1092,73.0,72.32,Good
STU3106,CSE-AIML,1,Male,Hostel,Night,Visual,Average,Medium,Good,No,Yes,Not Started,209,119,271,431,52.0,69.9,6.27,4,34,1,0,0,0.0,0,1131,76.48,63.93,Average
STU3107,CSE-DS,4,Female,Day Scholar,Morning,Kinesthetic,Good,Low,Average,No,Yes,Not Started,187,308,119,179,78.3,62.7,6.13,0,36,1,1,0,2.0,119,867,81.01,78.61,Good
STU3108,CSE,3,Female,Day Scholar,Morning,Auditory,Average,High,Average,No,No,Not Started,266,276,90,359,89.3,71.2,7.39,0,40,3,1,0,3.0,39,1276,69.6,81.24,Good
STU3109,CSE-AIML,2,Female,Day Scholar,Night,Auditory,Good,Low,Good,No,Yes,Not Started,145,193,146,164,93.4,63.3,7.29,0,36,1,1,0,1.0,22,887,69.21,82.49,Good
STU3110,CSE-DS,1,Female,Hostel,Night,Visual,Average,Medium,Good,No,No,Not Started,339,58,251,390,79.7,73.2,6.87,0,36,2,0,0,0.0,74,1021,77.48,76.77,Good
STU3111,CSE-DS,6,Male,Hostel,Afternoon,Kinesthetic,Average,Medium,Poor,No,No,In Progress,114,232,0,362,69.2,59.2,5.47,4,32,7,3,1,2.0,263,1131,69.08,60.62,Average
STU3112,CSE,7,Female,Day Scholar,Night,Kinesthetic,Poor,Low,Good,No,No,Placed,190,291,33,236,65.8,71.3,7.34,0,34,8,4,0,6.0,183,818,75.62,75.93,Good
STU3113,CSE-DS,3,Male,Hostel,Night,Auditory,Good,Low,Average,No,No,Not Started,222,23,41,130,81.8,64.5,6.15,3,35,1,0,0,1.0,0,859,69.39,73.29,Good
STU3114,CSE,1,Male,Hostel,Night,Kinesthetic,Poor,High,Average,No,Yes,Not Started,178,198,126,191,83.8,78.2,8.02,0,38,1,0,0,0.0,0,1146,51.65,78.32,Good
STU3115,CSE,7,Male,Day Scholar,Afternoon,Auditory,Average,Low,Average,No,No,In Progress,181,200,160,141,53.1,68.8,8.08,0,35,5,4,1,4.0,57,783,73.31,82.94,Good
STU3116,IT,6,Male,Hostel,Morning,Auditory,Good,Medium,Good,No,No,In Progress,100,349,154,313,82.2,65.8,5.63,1,27,4,2,3,7.0,286,1037,75.33,68.86,Average
STU3117,CSE-DS,5,Female,Hostel,Morning,Auditory,Poor,Medium,Good,No,No,Not Started,240,105,150,459,93.0,63.3,6.53,0,35,4,2,0,,174,1072,64.0,78.88,Good
STU3118,CSE,4,Female,Day Scholar,Night,Kinesthetic,Poor,Medium,Good,No,No,Not Started,194,297,125,398,83.8,74.1,6.8,0,32,4,2,1,4.0,70,1024,65.2,74.62,Good
STU3119,CSE,5,Male,Day Scholar,Afternoon,Visual,Good,Low,Good,Yes,No,Not Started,182,315,75,465,82.0,76.5,7.3,0,37,2,0,1,5.0,243,1161,76.94,79.39,Good
STU3120,CSE,2,Male,Hostel,Afternoon,Auditory,Average,Low,Average,No,No,Not Started,8,260,125,90,85.3,59.4,6.0,5,29,1,1,0,2.0,112,1114,62.95,61.67,Average
STU3121,CSE,5,Male,Hostel,Afternoon,Visual,Poor,Medium,Good,No,No,Not Started,230,346,0,293,87.9,70.5,7.05,0,31,4,4,0,0.0,193,892,68.09,78.0,Good
STU3122,CSE,1,Male,Day Scholar,Night,Visual,Average,Medium,Good,No,No,Not Started,236,483,35,165,73.9,71.1,7.16,0,29,0,0,0,0.0,0,982,61.56,74.75,Good
STU3123,CSE,6,Female,Day Scholar,Night,Visual,Average,High,Average,No,No,Not Started,0,354,135,310,99.8,67.3,6.96,0,34,2,4,1,4.0,191,937,55.95,78.12,Good
STU3124,CSE-AIML,5,Female,Day Scholar,Night,Visual,Average,Medium,Good,No,No,Not Started,237,186,0,424,88.8,84.3,8.11,0,43,4,0,1,5.0,235,1343,79.39,90.15,Excellent
STU3125,CSE-DS,1,Female,Hostel,Afternoon,Visual,Average,High,Good,No,No,Not Started,159,310,0,207,82.5,69.9,7.8,0,36,0,0,0,0.0,10,1013,50.86,78.82,Good
STU3126,CSE-DS,2,Female,Hostel,Morning,Auditory,Average,Low,Good,No,No,Not Started,30,379,102,0,83.0,68.2,6.31,3,29,0,0,0,2.0,0,1232,49.85,64.27,Average
STU3127,CSE-DS,7,Female,Day Scholar,Night,Kinesthetic,Average,Medium,Poor,No,Yes,In Progress,92,147,246,97,77.5,70.9,7.16,0,38,4,0,4,5.0,25,975,56.66,78.58,Good
STU3128,CSE,6,Male,Day Scholar,Night,Visual,Average,Low,Good,No,No,Not Started,68,313,122,0,99.3,63.3,6.88,0,31,8,1,0,4.0,0,901,67.47,80.03,Good
STU3129,ECE,5,Male,Day Scholar,Night,Kinesthetic,Good,Low,Poor,No,Yes,Not Started,103,268,0,305,97.8,74.2,6.97,0,38,5,4,0,6.0,112,1294,73.28,86.8,Excellent
STU3130,IT,4,Male,Hostel,Night,Kinesthetic,Average,Medium,Average,Yes,No,Not Started,228,310,124,214,82.6,69.7,6.77,0,32,10,0,0,1.0,87,986,82.6,76.2,Good
STU3131,IT,4,Female,Hostel,Night,Auditory,Poor,Medium,Good,No,Yes,Not Started,232,74,197,182,88.6,70.8,7.01,1,35,3,0,1,3.0,63,948,62.39,75.73,Good
STU3132,IT,6,Female,Hostel,Night,Visual,Poor,Medium,Average,No,No,Not Started,232,222,159,6,100.0,75.4,7.38,0,32,3,2,1,5.0,0,972,52.91,79.7,Good
STU3133,ECE,4,Male,Day Scholar,Night,Kinesthetic,Average,Medium,Average,No,Yes,Not Started,156,163,62,183,88.0,71.0,6.84,0,33,6,0,0,3.0,9,1035,73.6,77.71,Good
STU3134,CSE-AIML,5,Male,Day Scholar,Night,Kinesthetic,Average,Medium,Good,No,No,Not Started,416,274,99,273,65.8,70.4,7.3,2,29,2,3,1,2.0,91,955,75.54,71.45,Good
STU3135,CSE,5,Male,Hostel,Morning,Visual,Poor,High,Average,No,Yes,Not Started,0,328,145,252,90.4,67.1,6.72,1,33,2,0,0,1.0,54,1216,45.23,73.17,Good
STU3136,CSE-DS,6,Female,Hostel,,Auditory,Average,Low,Average,No,No,Not Started,89,24,177,481,62.5,56.3,5.49,0,27,3,4,0,1.0,339,1068,74.02,67.87,Average
STU3137,CSE-DS,5,Male,Hostel,Night,Auditory,Good,Low,Good,No,No,Not Started,202,284,101,127,70.7,73.0,6.73,0,39,3,0,1,5.0,156,1038,78.36,75.53,Good
STU3138,CSE-DS,7,Female,Hostel,Afternoon,Visual,Average,Medium,Average,No,No,Placed,119,419,17,291,81.0,67.0,5.64,1,34,4,3,2,2.0,274,1001,75.44,74.46,Good
STU3139,CSE-AIML,1,Female,Day Scholar,Night,Kinesthetic,Poor,Medium,Good,No,Yes,Not Started,155,421,108,521,85.0,75.2,8.1,0,33,1,1,0,0.0,113,1204,64.18,84.34,Good
STU3140,CSE,2,Male,Day Scholar,Morning,Auditory,Poor,Medium,Average,No,No,Not Started,183,430,85,500,95.1,81.3,8.04,0,47,4,0,0,1.0,66,794,69.31,85.81,Excellent
STU3141,CSE,7,Female,Hostel,Afternoon,Auditory,Average,Medium,Good,No,No,In Progress,153,341,148,484,100.0,83.9,7.82,1,41,4,0,1,2.0,359,1150,83.06,85.97,Excellent
STU3142,ECE,7,Female,Hostel,Afternoon,Kinesthetic,Poor,High,Average,No,Yes,Placed,55,398,264,256,84.4,66.8,7.19,0,31,4,4,0,5.0,126,1213,50.43,75.54,Good
STU3143,CSE-AIML,4,Male,Day Scholar,Morning,Kinesthetic,Poor,Medium,Average,No,No,Not Started,254,195,238,278,85.7,64.3,5.28,1,30,4,1,0,0.0,102,884,62.83,68.81,Average
STU3144,CSE-AIML,1,Female,Hostel,Morning,Kinesthetic,Average,Medium,Poor,No,Yes,Not Started,255,234,106,249,90.2,77.4,9.11,0,40,1,1,0,0.0,0,1137,65.68,86.69,Excellent
STU3145,CSE,6,Male,Hostel,Morning,Kinesthetic,Average,Medium,Average,No,No,Not Started,321,58,135,431,72.2,72.6,7.68,2,36,8,3,0,4.0,273,1025,86.36,80.92,Good
STU3146,CSE,8,Male,Day Scholar,Night,Visual,Poor,High,Good,No,Yes,Placed,10,180,0,104,71.7,61.2,5.38,3,35,3,0,1,2.0,88,909,45.09,63.33,Average
STU3147,IT,4,Female,Day Scholar,Morning,Kinesthetic,Good,Low,Good,No,Yes,Not Started,249,347,180,430,76.1,73.2,6.91,0,34,7,0,0,3.0,165,1046,99.85,82.87,Good
STU3148,CSE-DS,1,Female,Day Scholar,Morning,Auditory,Average,Medium,Good,No,Yes,Not Started,102,305,141,109,81.0,71.1,7.25,1,36,1,0,0,0.0,0,1328,55.25,75.84,Good
STU3149,IT,5,Other,Hostel,Morning,Kinesthetic,Poor,Medium,Poor,No,No,Not Started,168,0,170,423,70.1,67.2,6.68,1,32,3,2,1,3.0,157,1512,55.14,70.56,Good
STU3150,CSE-AIML,6,Female,Hostel,Night,Kinesthetic,Average,Low,Average,No,No,Not Started,121,252,37,428,77.7,66.2,7.06,1,28,6,4,2,1.0,289,1223,81.34,75.14,Good
STU3151,CSE-DS,8,Female,Hostel,Night,Visual,Poor,Medium,Average,No,No,Placed,93,184,128,473,88.0,73.7,7.94,0,37,5,2,3,7.0,403,1374,66.24,84.4,Good
STU3152,CSE,6,Female,Hostel,Night,Visual,Good,Low,Average,No,No,Not Started,235,209,62,418,88.9,80.6,7.61,0,40,3,2,0,4.0,216,1378,85.34,83.08,Good
STU3153,CSE-DS,8,Female,Day Scholar,Afternoon,Kinesthetic,Good,Low,Average,No,Yes,In Progress,331,416,221,386,75.4,81.9,8.08,0,40,8,2,0,10.0,349,1210,100.0,92.16,Excellent
STU3154,CSE-AIML,8,Female,Hostel,Morning,Visual,Poor,High,Average,No,Yes,Placed,357,112,163,732,72.0,77.2,7.68,0,39,7,2,1,3.0,565,1432,91.88,82.72,Good
STU3155,CSE-AIML,4,Male,Day Scholar,Night,Visual,Average,Low,Average,Yes,No,Not Started,273,129,239,34,63.3,64.5,5.44,3,34,2,0,1,1.0,48,1179,69.08,59.22,Average
STU3156,CSE-DS,5,Female,Hostel,Night,Visual,Average,Medium,Good,No,No,Not Started,79,450,13,574,87.2,81.9,8.29,0,37,7,1,1,3.0,337,1116,80.04,85.27,Excellent
STU3157,ECE,4,Male,Hostel,Morning,Visual,Poor,Medium,Good,No,No,Not Started,168,218,106,658,85.2,67.3,5.79,3,31,2,1,1,3.0,334,1199,68.97,69.21,Average
STU3158,CSE,8,Male,Day Scholar,Afternoon,Kinesthetic,Average,Medium,Average,No,No,Placed,175,363,100,228,74.5,68.5,7.31,0,31,9,0,2,4.0,206,1406,82.38,81.71,Good
STU3159,IT,8,Male,Hostel,Morning,Visual,Good,Low,,No,No,In Progress,227,261,154,490,61.4,75.4,7.16,1,39,4,2,4,6.0,337,1173,93.83,75.68,Good
STU3160,CSE,3,Female,Hostel,Morning,Visual,Poor,Medium,Good,No,Yes,Not Started,246,252,143,641,88.0,75.8,7.5,0,38,2,1,0,2.0,287,977,70.55,80.05,Good
STU3161,CSE-AIML,1,Male,Hostel,Night,Auditory,Poor,High,Good,No,Yes,Not Started,138,135,129,289,86.7,85.2,8.41,0,43,0,0,0,1.0,64,1301,57.56,84.63,Good
STU3162,CSE,3,Male,Hostel,Night,Kinesthetic,Poor,Medium,Average,No,No,Not Started,292,375,0,278,72.7,69.9,6.49,4,36,4,3,1,3.0,98,1119,64.86,70.06,Good
STU3163,CSE,1,Female,Hostel,Morning,Visual,Poor,Medium,Good,No,Yes,Not Started,391,335,17,136,68.9,71.0,6.93,0,38,2,0,0,2.0,44,1083,71.62,78.08,Good
STU3164,CSE-AIML,2,Male,Hostel,Afternoon,Auditory,Average,Medium,Good,No,Yes,Not Started,212,191,87,764,100.0,79.1,7.71,0,39,2,1,0,0.0,101,1006,86.53,86.3,Excellent
STU3165,CSE,7,Female,Day Scholar,Night,Visual,Poor,Low,Good,No,Yes,In Progress,129,241,153,551,81.1,65.2,6.73,0,34,4,2,3,6.0,356,1375,74.2,76.79,Good
STU3166,CSE-AIML,6,Male,Day Scholar,Night,Kinesthetic,Average,Medium,Good,No,Yes,Not Started,276,314,268,112,71.5,77.4,6.61,1,41,4,2,0,1.0,0,893,67.14,76.78,Good
STU3167,ECE,4,Male,Hostel,Night,Auditory,Good,Low,Good,No,No,Not Started,280,140,140,456,88.6,72.6,7.0,0,37,1,2,0,2.0,168,1152,82.58,87.68,Excellent
STU3168,CSE,2,Male,Hostel,Afternoon,Auditory,Good,Medium,Average,No,No,Not Started,242,40,232,256,66.5,71.4,8.58,0,33,1,1,0,0.0,58,1025,72.8,79.91,Good
STU3169,IT,2,Female,Day Scholar,,Kinesthetic,Poor,High,Good,No,No,Not Started,179,254,82,0,82.3,73.7,7.54,1,39,1,3,0,0.0,4,954,38.65,75.06,Good
STU3170,CSE-AIML,6,Male,Hostel,Afternoon,Auditory,Poor,Medium,Good,No,No,In Progress,306,148,0,876,87.2,79.4,7.81,0,40,3,1,5,,572,1131,92.1,89.32,Excellent
STU3171,CSE-DS,6,Female,Day Scholar,Morning,Auditory,Average,Medium,Good,Yes,No,In Progress,93,346,164,127,84.3,73.6,7.53,0,37,4,2,0,2.0,83,980,62.25,78.82,Good
STU3172,CSE,1,Male,Day Scholar,Afternoon,Visual,Good,Low,Good,No,No,Not Started,174,206,118,223,81.7,67.2,6.43,4,29,0,0,0,0.0,76,1147,69.63,64.78,Average
STU3173,CSE,3,Male,Hostel,,Auditory,Poor,High,Good,No,No,Not Started,351,82,78,261,76.8,75.8,8.28,0,33,2,0,0,1.0,74,734,57.52,79.29,Good
STU3174,CSE,5,Male,Day Scholar,Morning,Kinesthetic,Average,Medium,Good,No,Yes,Not Started,178,262,0,205,76.3,67.6,7.01,0,31,2,2,2,4.0,108,1128,68.81,78.17,Good
STU3175,CSE,1,Male,Day Scholar,Night,Visual,Good,High,Good,No,Yes,Not Started,182,90,0,287,98.7,82.6,7.59,0,41,1,0,0,1.0,96,1103,75.2,90.55,Excellent
STU3176,CSE,5,Female,Day Scholar,Morning,Auditory,Poor,Low,Good,No,Yes,Not Started,199,294,236,512,73.9,71.0,7.18,0,39,4,1,2,2.0,255,1251,74.55,76.81,Good
STU3177,CSE-DS,2,Female,Hostel,Afternoon,Visual,Poor,High,Good,No,No,Not Started,98,0,56,249,78.5,76.7,7.63,0,37,2,2,0,1.0,13,900,42.19,78.27,Good
STU3178,IT,5,Female,Hostel,Morning,Kinesthetic,Good,Medium,Good,No,Yes,Not Started,77,242,198,427,59.3,68.3,7.32,0,36,4,0,2,4.0,179,929,75.81,77.25,Good
STU3179,IT,3,Male,Day Scholar,Afternoon,Auditory,Average,Low,Good,No,No,Not Started,131,288,286,332,100.0,68.7,6.19,4,38,2,0,0,1.0,111,1044,65.72,72.61,Good
STU3180,CSE-DS,1,Male,Hostel,Morning,Kinesthetic,Poor,High,Good,No,No,Not Started,163,95,82,59,80.2,69.2,6.73,0,36,0,0,0,0.0,34,827,37.86,72.52,Good
STU3181,CSE,8,Male,Day Scholar,Morning,Kinesthetic,Average,Low,Good,No,Yes,In Progress,285,392,231,402,86.3,76.5,7.26,0,32,5,5,2,3.0,360,1071,91.42,84.89,Good
STU3182,CSE,6,Female,Hostel,Afternoon,Auditory,Average,Medium,Good,No,No,Not Started,203,54,168,279,100.0,76.2,6.94,0,39,5,3,0,2.0,94,1115,78.6,85.3,Excellent
STU3183,CSE,8,Male,Hostel,Afternoon,Auditory,Good,High,Good,No,Yes,Placed,316,276,228,0,74.9,70.3,6.42,3,36,8,1,2,3.0,0,1186,80.73,68.99,Average
STU3184,CSE,3,Female,Day Scholar,Night,Visual,Good,Low,Average,No,No,Not Started,228,49,125,64,69.5,67.7,6.55,0,32,1,0,0,0.0,40,1176,69.58,73.66,Good
STU3185,CSE-AIML,7,Male,Day Scholar,Morning,Kinesthetic,Poor,Medium,Poor,No,No,Placed,257,110,158,458,87.8,78.2,8.64,0,42,7,2,2,7.0,228,1156,66.22,88.95,Excellent
STU3186,CSE-AIML,3,Male,Day Scholar,Night,Auditory,Poor,Medium,Good,No,Yes,Not Started,236,279,191,797,85.3,78.0,7.79,0,36,4,1,0,3.0,272,1018,85.43,81.51,Good
STU3187,CSE,7,Male,Day Scholar,Night,Kinesthetic,Average,Medium,Good,No,Yes,In Progress,323,297,0,333,100.0,75.9,7.85,0,39,5,4,1,2.0,284,866,88.21,92.67,Excellent
STU3188,CSE,1,Male,Hostel,Afternoon,Auditory,Average,High,Poor,No,Yes,Not Started,185,258,90,0,85.1,64.4,6.24,0,29,0,0,0,0.0,0,861,48.14,72.74,Good
STU3189,IT,6,Female,Hostel,Night,Kinesthetic,Average,Medium,Good,No,No,Not Started,188,328,0,387,90.8,67.7,6.25,5,30,3,1,0,8.0,212,1392,68.71,61.75,Average
STU3190,IT,3,Male,Day Scholar,Night,Visual,Average,Medium,Good,Yes,Yes,Not Started,84,88,106,0,83.9,67.8,6.66,0,38,1,1,2,2.0,0,722,56.92,74.83,Good
STU3191,CSE,8,Female,Hostel,Afternoon,Kinesthetic,Good,High,Good,No,No,Placed,260,56,78,214,72.2,71.5,7.1,0,35,4,7,1,2.0,227,1007,72.66,80.25,Good
STU3192,ECE,7,Male,Day Scholar,Night,Auditory,Poor,High,Good,No,No,Placed,135,316,264,680,64.9,65.2,7.25,0,31,6,1,2,4.0,456,1260,73.44,71.18,Good
STU3193,ECE,6,Female,Hostel,Night,Visual,Average,Low,Good,No,Yes,In Progress,245,30,314,155,91.2,73.8,7.76,0,34,2,3,1,3.0,91,1082,75.73,80.88,Good
STU3194,CSE,4,Male,Hostel,Night,Visual,Good,Low,Average,Yes,No,Not Started,197,94,162,396,70.5,66.8,6.78,0,33,3,1,0,3.0,136,1136,89.03,70.04,Good
STU3195,CSE,4,Female,Hostel,Night,Auditory,Average,Medium,Good,No,Yes,Not Started,76,225,282,294,88.9,61.9,5.38,4,30,4,0,0,1.0,175,1057,70.3,65.6,Average
STU3196,CSE-AIML,4,Female,Hostel,Afternoon,Visual,Poor,High,Good,No,No,Not Started,188,275,136,353,82.7,69.7,7.22,0,31,2,2,1,1.0,87,1034,53.58,79.13,Good
STU3197,ECE,5,Female,Day Scholar,Morning,Kinesthetic,Good,Low,Good,No,Yes,Not Started,141,274,51,0,81.0,72.6,7.72,0,34,5,3,1,2.0,0,700,74.01,89.32,Excellent
STU3198,IT,3,Male,Day Scholar,Night,Kinesthetic,Poor,High,Average,Yes,No,Not Started,51,79,196,353,78.1,64.1,6.21,1,30,6,2,0,1.0,167,1144,56.58,67.04,Average
STU3199,CSE,1,Female,Day Scholar,Night,Auditory,Poor,High,Average,No,No,Not Started,210,242,87,548,73.3,60.8,6.38,2,29,1,1,0,0.0,50,880,55.56,66.12,Average
STU3200,CSE,8,Male,Hostel,Night,Kinesthetic,Good,Low,Average,Yes,No,Placed,334,111,105,40,86.9,86.2,9.01,0,46,5,1,2,5.0,9,695,82.49,87.37,Excellent
STU3201,CSE-AIML,1,Male,Hostel,Night,Auditory,Poor,Medium,Poor,No,No,Not Started,92,283,174,554,77.7,61.9,6.06,4,29,1,0,0,1.0,6,1125,45.81,65.52,Average
STU3202,CSE-AIML,5,Male,Hostel,Afternoon,Visual,Average,Medium,Average,No,Yes,Not Started,0,258,73,115,82.0,65.6,6.41,1,35,3,4,1,2.0,104,901,64.68,76.38,Good
STU3203,CSE,1,Male,Hostel,Afternoon,Kinesthetic,Poor,Medium,Average,No,No,Not Started,363,344,323,492,99.2,83.8,7.85,1,37,1,0,0,1.0,68,1022,60.12,79.81,Good
STU3204,IT,7,Other,Hostel,Night,Auditory,Good,Medium,Good,No,No,In Progress,35,211,0,144,88.6,75.4,8.02,0,38,4,3,4,2.0,94,1122,61.77,84.63,Good
STU3205,CSE-DS,4,Male,Hostel,Night,Kinesthetic,Poor,Medium,Good,No,Yes,Not Started,338,184,2,85,79.2,74.6,7.96,0,32,3,1,0,4.0,29,762,64.84,82.28,Good
STU3206,IT,8,Female,Hostel,Night,Visual,Average,Medium,Average,No,No,In Progress,298,447,138,430,77.8,75.2,8.07,0,39,6,1,1,9.0,268,908,89.23,80.54,Good
STU3207,IT,3,Female,Hostel,Night,Visual,Poor,High,Good,No,No,Not Started,187,18,149,386,74.6,66.2,6.7,0,27,1,0,0,0.0,97,1313,50.37,74.1,Good
STU3208,CSE-DS,1,Male,Hostel,Afternoon,Kinesthetic,Average,Medium,Average,No,No,Not Started,122,462,109,3,71.9,63.3,6.35,2,31,1,0,0,0.0,0,1128,59.09,68.92,Average
STU3209,CSE-AIML,1,Female,Hostel,Night,Visual,Average,Medium,Average,No,No,Not Started,282,213,115,501,87.1,74.9,7.84,0,42,0,0,0,0.0,34,898,68.86,83.72,Good
STU3210,CSE-DS,2,Male,Hostel,Night,Auditory,Poor,High,Good,No,Yes,Not Started,194,74,0,42,62.7,71.0,7.33,0,39,2,0,0,0.0,0,934,47.9,75.06,Good
STU3211,CSE,2,Female,Hostel,Night,Kinesthetic,Average,Medium,Poor,No,Yes,Not Started,345,166,194,211,87.1,82.4,8.26,0,41,1,0,0,3.0,79,996,62.78,86.32,Excellent
STU3212,CSE-DS,2,Male,Day Scholar,Morning,Kinesthetic,Average,Medium,Average,No,No,Not Started,228,337,135,341,100.0,74.2,7.96,0,37,1,0,0,1.0,101,1155,65.69,83.82,Good
STU3213,CSE,3,Female,Hostel,Afternoon,Visual,Poor,Medium,Average,No,Yes,Not Started,339,333,118,146,94.7,81.7,9.03,0,34,4,1,0,2.0,70,1050,70.84,85.59,Excellent
STU3214,CSE-DS,4,Female,Day Scholar,Night,Auditory,Good,High,Good,Yes,No,Not Started,252,486,187,472,68.9,70.2,8.14,0,38,4,3,1,3.0,220,1019,77.02,78.31,Good
STU3215,CSE,6,Female,Hostel,Morning,Kinesthetic,Poor,Medium,Good,No,No,In Progress,299,259,181,418,100.0,79.2,7.38,0,41,2,1,2,2.0,254,1122,67.98,85.9,Excellent
STU3216,CSE,4,Male,Day Scholar,Night,Kinesthetic,Average,Medium,,No,No,Not Started,212,273,39,297,91.3,68.1,6.99,0,30,3,2,1,0.0,131,733,57.03,77.52,Good
STU3217,CSE,8,Male,Hostel,Morning,Visual,Average,High,Good,No,No,Placed,174,346,145,0,68.7,67.8,7.03,1,32,6,2,2,3.0,73,996,62.1,71.66,Good
STU3218,CSE,4,Male,Day Scholar,Afternoon,Visual,Average,Low,Average,No,Yes,Not Started,142,0,121,548,64.5,66.4,6.8,0,33,4,0,1,1.0,196,1016,90.64,74.6,Good
STU3219,CSE-DS,3,Male,Hostel,Night,Auditory,Poor,Medium,Average,Yes,No,Not Started,98,225,184,317,74.4,64.4,7.26,0,34,1,1,0,4.0,125,1159,52.78,70.49,Good
STU3220,CSE-DS,7,Male,Day Scholar,Afternoon,Auditory,Poor,Medium,Average,No,Yes,Placed,169,262,232,202,82.7,69.0,7.11,1,35,7,1,3,3.0,175,1065,66.58,77.5,Good
STU3221,CSE-AIML,7,Female,Hostel,Night,Visual,Good,Low,Good,No,No,Placed,89,57,94,322,88.1,79.0,9.24,0,32,2,2,4,4.0,149,877,73.72,87.53,Excellent
STU3222,CSE,3,Male,Hostel,Afternoon,Auditory,Average,Medium,Poor,No,No,Not Started,143,223,184,504,75.9,65.7,7.05,0,30,1,1,1,1.0,202,1288,53.27,72.7,Good
STU3223,CSE,2,Male,Day Scholar,Night,Visual,Good,Low,Good,No,No,Not Started,201,162,137,368,76.9,75.0,6.72,1,39,0,0,0,2.0,85,1050,70.99,81.27,Good
STU3224,CSE,1,Female,Hostel,Morning,Kinesthetic,Poor,High,Good,No,No,Not Started,227,225,0,350,86.2,72.1,7.46,0,36,1,0,0,1.0,89,957,56.17,82.34,Good
STU3225,CSE,5,Female,Day Scholar,,Visual,Poor,High,Good,Yes,Yes,Not Started,303,438,42,0,73.8,72.7,7.04,1,33,7,1,0,1.0,38,1063,67.15,71.31,Good
STU3226,IT,5,Male,Hostel,Night,Visual,Good,Low,Good,No,No,Not Started,202,488,44,0,83.7,70.8,7.81,0,35,3,3,0,3.0,5,1065,68.71,78.05,Good
STU3227,CSE,6,Male,Hostel,Night,Visual,Good,Low,Good,No,Yes,Not Started,223,225,228,254,91.5,74.8,7.47,0,38,6,2,2,4.0,165,1303,89.95,90.04,Excellent
STU3228,CSE,1,Male,Day Scholar,Morning,Kinesthetic,Poor,Medium,Good,No,No,Not Started,161,299,0,420,81.3,64.2,6.06,4,32,1,0,0,0.0,42,1068,54.66,61.91,Average
STU3229,CSE,6,Male,Hostel,Night,Auditory,Average,Medium,Good,No,No,Not Started,180,370,0,527,98.7,79.6,8.08,0,39,4,2,0,3.0,366,1086,77.27,88.61,Excellent
STU3230,CSE,2,Female,Hostel,,Auditory,Poor,Medium,Good,No,Yes,Not Started,186,286,208,606,80.8,67.9,6.63,0,30,0,1,0,0.0,45,911,63.01,74.74,Good
STU3231,CSE-AIML,6,Male,Day Scholar,Night,Auditory,Good,Low,Good,No,Yes,Not Started,369,56,141,745,70.4,67.2,6.15,2,30,5,0,3,0.0,439,847,100.0,71.2,Good
STU3232,CSE-DS,1,Female,Day Scholar,Night,Visual,Average,Low,Good,No,Yes,Not Started,218,243,90,253,100.0,82.3,7.66,0,45,1,0,0,1.0,60,945,75.09,88.95,Excellent
STU3233,CSE,8,Female,Day Scholar,Afternoon,Visual,Good,Low,Average,No,No,Placed,72,168,0,388,90.7,77.8,8.21,0,36,12,1,1,4.0,242,1159,94.81,81.98,Good
STU3234,CSE,1,Female,Hostel,Afternoon,Auditory,Good,Low,Good,Yes,No,Not Started,200,337,0,342,83.1,71.7,7.01,0,37,1,0,0,1.0,57,997,74.25,78.74,Good
STU3235,CSE,5,Male,Hostel,Afternoon,Kinesthetic,Average,Medium,Good,No,No,Not Started,103,165,0,190,82.7,69.8,7.54,0,34,8,0,2,1.0,151,851,68.73,78.31,Good
STU3236,CSE,7,Male,Hostel,Night,Kinesthetic,Good,Medium,Good,No,No,Placed,121,247,34,530,72.4,70.6,6.06,0,33,9,2,0,2.0,332,1270,92.64,78.06,Good
STU3237,CSE,2,Female,Hostel,Afternoon,Kinesthetic,Average,Medium,Good,No,Yes,Not Started,184,275,350,476,82.9,66.8,6.58,0,34,3,0,0,1.0,136,1025,80.41,78.45,Good
STU3238,ECE,8,Male,Day Scholar,Morning,Kinesthetic,Good,Medium,Good,No,No,In Progress,220,134,143,270,74.4,70.9,7.8,0,37,12,1,3,6.0,189,1087,95.61,90.61,Excellent
STU3239,CSE-DS,3,Male,Hostel,Morning,Visual,Good,Medium,,No,No,Not Started,214,104,162,119,96.8,82.9,8.66,0,33,1,0,2,0.0,0,763,61.79,83.55,Good
STU3240,CSE-AIML,8,Male,Hostel,Morning,Auditory,Poor,Medium,Average,No,Yes,Placed,119,93,113,64,87.2,70.6,7.38,0,35,5,1,3,1.0,71,1107,55.72,76.65,Good
STU3241,CSE-AIML,8,Male,Hostel,Night,Kinesthetic,Good,Low,Average,Yes,No,Placed,41,439,0,163,84.5,65.3,6.81,0,29,2,7,0,7.0,62,990,66.64,77.82,Good
STU3242,CSE-AIML,6,Female,Day Scholar,Night,Visual,Good,Medium,Good,Yes,No,Not Started,168,315,72,366,76.2,69.0,6.27,3,34,7,1,3,5.0,231,1233,85.14,67.86,Average
STU3243,CSE-AIML,5,Male,Day Scholar,Night,Visual,Poor,Medium,Good,No,No,Not Started,174,238,232,178,83.4,66.9,6.94,0,33,5,1,0,3.0,87,1085,63.14,74.68,Good
STU3244,CSE-DS,6,Male,Day Scholar,Night,Visual,Average,Medium,Poor,No,No,Not Started,172,351,161,340,65.9,73.6,7.9,2,32,2,2,2,3.0,253,885,59.34,68.57,Average
STU3245,CSE-DS,6,Male,Hostel,Night,Auditory,Average,Medium,Poor,No,No,Not Started,199,388,0,232,89.3,78.3,7.36,2,39,7,0,4,2.0,219,1019,66.57,80.34,Good
STU3246,CSE,3,Female,Day Scholar,Night,Visual,Poor,Medium,Average,No,No,Not Started,141,236,294,255,76.1,70.4,6.49,4,32,2,0,0,4.0,38,1104,51.09,62.02,Average
STU3247,CSE-AIML,2,Female,Day Scholar,Afternoon,Auditory,Good,Low,Good,No,Yes,Not Started,262,287,110,375,74.1,71.8,7.59,0,40,0,1,0,2.0,0,1175,83.09,82.71,Good
STU3248,CSE-AIML,1,Female,Hostel,Morning,Auditory,Poor,High,Average,No,Yes,Not Started,240,157,43,267,100.0,77.2,7.82,0,42,0,0,0,0.0,10,1055,51.92,85.18,Excellent
STU3249,IT,4,Male,Hostel,Afternoon,Auditory,Poor,High,Average,No,No,Not Started,254,444,91,78,90.1,72.4,6.79,0,34,0,1,1,1.0,78,949,45.65,75.15,Good
STU3250,CSE-DS,6,Male,Hostel,Afternoon,Auditory,Average,Medium,Good,Yes,Yes,Not Started,312,245,75,200,68.0,66.3,7.55,0,33,2,5,2,2.0,20,850,70.56,71.25,Good
STU3251,CSE-AIML,4,Male,Hostel,Night,Visual,Average,Medium,Good,No,No,Not Started,222,378,48,442,94.7,81.6,7.95,1,40,4,1,1,0.0,231,1221,70.56,86.64,Excellent
STU3252,CSE,2,Female,Day Scholar,Night,Visual,Good,Medium,Good,No,No,Not Started,184,388,175,357,60.8,69.0,7.27,0,34,2,0,0,0.0,35,1227,72.8,74.3,Good
STU3253,CSE-DS,4,Female,Hostel,Morning,Visual,Average,Medium,Good,Yes,No,Not Started,170,259,37,313,71.7,62.4,5.27,1,29,8,1,0,2.0,105,1107,78.82,68.12,Average
STU3254,CSE,6,Female,Hostel,Night,Kinesthetic,Poor,High,Average,Yes,No,In Progress,243,376,33,262,86.8,73.2,7.46,0,38,2,2,1,6.0,163,1045,54.56,78.93,Good
STU3255,CSE,3,Male,Day Scholar,Night,Kinesthetic,Average,Medium,Average,No,No,Not Started,186,84,133,127,81.9,69.6,6.64,2,31,4,2,1,0.0,48,1124,71.81,73.2,Good
STU3256,CSE,4,Female,Day Scholar,Morning,Auditory,Average,Medium,Good,Yes,Yes,Not Started,15,192,155,10,74.3,66.0,6.9,0,39,0,1,1,2.0,9,974,50.14,69.62,Average
STU3257,CSE-DS,2,Male,Day Scholar,Night,Auditory,Good,Medium,Good,No,No,Not Started,126,343,190,361,85.1,74.9,8.13,0,44,3,0,0,0.0,94,1205,73.65,87.92,Excellent
STU3258,CSE,2,Female,Hostel,Night,Auditory,Good,Low,Good,No,Yes,Not Started,312,196,185,260,75.6,68.9,7.52,1,37,2,0,0,2.0,162,1110,88.21,77.51,Good
STU3259,CSE,7,Male,Hostel,Night,Auditory,Good,Low,Good,Yes,No,Placed,12,384,134,349,84.2,62.1,6.16,2,31,5,5,2,0.0,178,1044,80.33,69.03,Average
STU3260,IT,7,Female,Hostel,Night,Auditory,Average,Low,Good,No,No,In Progress,210,289,0,482,87.7,70.8,7.45,0,35,8,2,1,8.0,304,1155,89.46,82.83,Good
STU3261,CSE,3,Male,Hostel,Afternoon,Kinesthetic,Good,Low,Poor,No,No,Not Started,229,499,245,89,99.1,76.2,8.89,0,36,3,0,1,0.0,75,1325,66.99,92.68,Excellent
STU3262,CSE-AIML,4,Male,Hostel,Morning,Auditory,Average,High,Good,No,Yes,Not Started,172,228,219,0,88.7,62.7,6.22,1,31,5,2,0,2.0,41,1359,62.97,72.75,Good
STU3263,CSE-AIML,4,Female,Hostel,Afternoon,Visual,Poor,Medium,Average,No,No,Not Started,119,240,146,411,80.0,57.1,5.65,3,28,7,0,0,0.0,195,1276,66.32,64.13,Average
STU3264,CSE,7,Male,Hostel,Night,Auditory,Average,High,Good,No,No,In Progress,84,274,98,567,87.1,69.5,6.42,0,35,7,1,2,3.0,326,1034,78.87,78.62,Good
STU3265,IT,1,Female,Hostel,Afternoon,Visual,Poor,High,Good,No,Yes,Not Started,197,337,61,268,61.0,66.0,6.8,0,29,2,0,0,,0,987,57.99,72.95,Good
STU3266,CSE,5,Female,Hostel,Morning,Visual,Poor,High,Average,No,No,Not Started,152,85,198,281,100.0,74.9,7.25,0,38,7,1,1,2.0,126,1083,54.7,80.33,Good
STU3267,CSE-AIML,2,Female,Day Scholar,Night,Visual,Good,Low,Good,No,No,Not Started,318,242,0,218,85.6,82.0,7.86,0,43,2,0,0,1.0,99,942,86.69,91.43,Excellent
STU3268,CSE-AIML,1,Male,Day Scholar,Night,Visual,Poor,Medium,Good,No,No,Not Started,223,264,159,411,100.0,69.2,5.98,1,36,3,0,0,1.0,0,1000,66.91,80.27,Good
STU3269,CSE-DS,2,Male,Hostel,Night,Auditory,Average,Medium,Good,No,No,Not Started,144,207,175,49,85.6,79.1,7.42,0,42,3,1,0,1.0,51,893,64.42,81.05,Good
STU3270,CSE-DS,8,Female,Hostel,Morning,Auditory,Poor,High,Good,No,No,Placed,206,265,0,554,85.8,72.0,6.76,0,36,7,2,2,9.0,470,1045,75.59,78.47,Good
STU3271,CSE,8,Male,Hostel,Morning,Auditory,Poor,High,Good,Yes,No,Placed,119,159,310,326,63.6,63.1,6.94,0,32,6,1,0,10.0,239,1115,62.58,72.17,Good
STU3272,CSE,1,Female,Hostel,Morning,Auditory,Poor,Low,Good,No,No,Not Started,163,44,354,250,73.2,69.1,6.81,1,32,1,1,0,1.0,0,1347,59.22,73.75,Good
STU3273,CSE-DS,8,Male,Hostel,Night,Auditory,Average,Medium,Good,No,No,In Progress,19,209,332,178,82.0,60.2,5.58,4,28,7,2,1,8.0,180,1094,67.97,64.4,Average
STU3274,CSE-AIML,7,Male,Day Scholar,Morning,Kinesthetic,Poor,Medium,Good,No,Yes,In Progress,147,25,189,485,77.3,65.9,7.44,0,28,7,0,1,3.0,405,1199,72.71,77.83,Good
STU3275,IT,7,Male,Day Scholar,Night,Visual,Good,Low,Good,No,Yes,In Progress,229,243,304,256,100.0,85.0,8.87,0,44,8,0,2,5.0,231,1121,94.57,94.98,Excellent
STU3276,IT,5,Male,Day Scholar,Night,Visual,Poor,High,,No,No,Not Started,164,91,93,594,85.0,73.2,6.87,0,35,6,1,2,3.0,344,1180,65.1,77.02,Good
STU3277,IT,1,Male,Day Scholar,Afternoon,Kinesthetic,Average,High,Good,No,No,Not Started,260,348,352,467,79.9,72.2,7.39,0,32,0,2,0,1.0,19,801,61.48,76.64,Good
STU3278,CSE-AIML,2,Female,Day Scholar,Afternoon,Kinesthetic,Average,Medium,Good,No,No,Not Started,293,170,136,563,89.4,69.7,7.6,0,37,1,1,0,1.0,8,1243,72.24,84.02,Good
STU3279,CSE,4,Female,Hostel,Night,Auditory,Good,Medium,Good,No,Yes,Not Started,244,393,0,258,78.0,65.0,6.22,3,32,2,0,1,4.0,84,1191,80.54,72.75,Good
STU3280,IT,2,Male,Day Scholar,Night,Auditory,Average,Medium,Poor,Yes,Yes,Not Started,359,182,46,402,88.6,76.2,7.72,0,40,0,1,0,2.0,107,809,67.75,83.21,Good
STU3281,CSE-AIML,6,Female,Hostel,Night,Visual,Poor,Medium,,No,No,Not Started,273,322,159,341,67.0,69.6,6.07,4,38,1,3,4,0.0,219,1205,63.43,64.23,Average
STU3282,CSE,7,Male,Day Scholar,Morning,Auditory,Average,High,Good,No,Yes,Placed,183,268,139,243,100.0,81.2,8.38,0,41,3,2,3,6.0,126,1087,70.29,91.83,Excellent
STU3283,IT,3,Female,Hostel,Morning,Visual,Average,High,Good,Yes,Yes,Not Started,161,343,3,91,86.7,75.8,8.57,0,34,0,2,0,2.0,0,1134,55.51,74.65,Good
STU3284,IT,3,Female,Hostel,Night,Auditory,Average,Low,Good,No,No,Not Started,143,246,251,744,87.6,76.9,8.33,0,39,1,2,0,3.0,318,1050,76.34,87.53,Excellent
STU3285,CSE-AIML,7,Female,Day Scholar,Night,Auditory,Poor,Medium,Good,No,No,In Progress,116,395,231,193,75.8,65.3,6.47,1,38,5,2,1,9.0,204,1134,55.37,74.98,Good
STU3286,CSE,6,Male,Hostel,Morning,Visual,Good,Low,Average,No,No,Not Started,209,252,53,437,93.5,69.0,6.52,0,37,4,1,4,2.0,303,1078,87.23,85.01,Excellent
STU3287,CSE,3,Male,Hostel,Night,Kinesthetic,Poor,High,Average,No,No,Not Started,147,310,0,521,66.3,61.3,6.3,0,32,2,3,0,3.0,165,1200,55.34,71.8,Good
STU3288,IT,8,Male,Hostel,Night,Kinesthetic,Average,Low,Good,No,No,Placed,59,134,187,158,76.1,65.3,7.33,0,30,8,1,3,3.0,118,1102,73.87,75.62,Good
STU3289,ECE,7,Female,Hostel,Morning,Auditory,Average,Medium,Average,No,Yes,Placed,251,341,71,31,86.8,76.5,7.52,1,37,7,4,0,2.0,29,1144,78.03,83.71,Good
STU3290,CSE,3,Male,Day Scholar,Night,Kinesthetic,Average,Medium,Average,No,No,Not Started,127,461,62,383,81.2,63.6,6.39,2,33,2,0,0,2.0,197,1067,65.78,75.86,Good
STU3291,CSE,7,Female,Day Scholar,Morning,Auditory,Good,High,Good,No,Yes,In Progress,44,248,8,211,69.9,60.3,5.54,5,30,7,2,1,2.0,137,912,69.74,62.44,Average
STU3292,IT,5,Male,Hostel,Night,Kinesthetic,Poor,Medium,Average,No,No,Not Started,280,146,254,144,79.5,68.6,6.53,0,37,9,1,0,0.0,59,1238,70.9,80.39,Good
STU3293,CSE,4,Female,Hostel,Night,Kinesthetic,Average,Medium,Good,No,No,Not Started,283,113,0,193,76.1,82.4,8.09,0,44,8,0,1,3.0,164,1173,80.84,89.46,Excellent
STU3294,CSE-AIML,4,Male,Day Scholar,Afternoon,Visual,Average,Medium,Average,No,Yes,Not Started,77,74,43,370,74.0,68.7,6.71,0,31,2,3,2,3.0,197,965,65.99,78.43,Good
STU3295,ECE,2,Male,Hostel,Night,Kinesthetic,Average,Medium,Good,No,No,Not Started,131,87,74,1,100.0,73.1,6.94,0,32,2,0,0,1.0,34,1136,57.44,81.23,Good
STU3296,CSE,6,Male,Hostel,Night,Auditory,Average,Medium,Good,No,Yes,In Progress,107,151,75,262,73.6,63.7,6.02,3,30,7,3,1,3.0,139,1036,80.49,64.34,Average
STU3297,CSE-DS,7,Male,Hostel,Night,Visual,Average,Medium,Good,No,Yes,Placed,122,54,0,62,68.9,72.8,7.89,0,36,5,2,1,1.0,63,978,67.64,73.54,Good
STU3298,CSE,1,Male,Day Scholar,Afternoon,Kinesthetic,Good,Medium,Average,No,No,Not Started,0,280,68,578,69.3,56.2,5.9,1,30,1,0,0,1.0,24,747,62.88,70.4,Good
STU3299,CSE,2,Female,Hostel,Night,Visual,Average,Medium,Good,No,No,Not Started,142,148,164,271,76.4,67.2,7.19,0,32,1,0,0,1.0,43,1151,65.06,77.63,Good
STU3300,IT,2,Male,Hostel,Night,Kinesthetic,Average,Low,Poor,No,Yes,Not Started,145,328,148,536,83.6,66.0,7.0,1,38,1,2,0,,188,1231,62.1,76.92,Good
STU3301,CSE-AIML,7,Male,Hostel,Night,Auditory,Poor,High,Average,No,No,In Progress,322,373,0,497,86.8,73.5,7.84,0,37,4,0,0,3.0,398,1204,69.58,81.49,Good
STU3302,ECE,7,Female,Hostel,Night,Auditory,Good,Low,Poor,No,Yes,In Progress,192,285,216,318,100.0,78.5,8.25,0,42,8,4,3,2.0,229,1082,83.83,91.19,Excellent
STU3303,CSE-AIML,2,Male,Hostel,Morning,Visual,Poor,High,Good,Yes,No,Not Started,131,340,177,435,58.0,50.8,5.9,2,26,3,1,0,0.0,148,976,52.53,60.51,Average
STU3304,CSE,2,Female,Hostel,Morning,Kinesthetic,Average,Medium,Good,No,No,Not Started,199,164,0,417,67.2,75.2,8.62,0,35,3,0,0,2.0,58,863,76.22,81.15,Good
STU3305,CSE,4,Other,Hostel,Night,Kinesthetic,Average,Medium,Good,No,Yes,Not Started,58,52,90,503,73.5,67.2,6.92,0,30,3,0,2,1.0,277,1315,71.23,76.27,Good
STU3306,CSE,1,Male,Hostel,Morning,Visual,Good,Low,Good,No,Yes,Not Started,186,40,0,281,72.8,67.2,7.3,0,33,0,0,0,0.0,53,928,73.1,80.48,Good
STU3307,CSE,8,Male,Hostel,Night,Visual,Good,Low,Poor,No,Yes,Placed,120,187,230,352,64.9,58.0,4.97,2,32,9,0,4,6.0,309,1310,86.97,69.69,Average
STU3308,CSE,2,Male,Day Scholar,Night,Auditory,Average,Medium,Good,Yes,No,Not Started,191,241,252,92,82.0,60.2,5.96,1,26,1,3,0,0.0,0,1066,58.16,64.57,Average
STU3309,CSE,8,Female,Day Scholar,Afternoon,Visual,Good,Medium,,No,No,In Progress,221,227,192,130,100.0,76.5,8.2,0,36,5,5,3,0.0,34,908,72.35,85.42,Excellent
STU3310,CSE-AIML,4,Female,Hostel,Night,Kinesthetic,Good,Low,Average,Yes,No,Not Started,130,269,287,426,92.4,69.2,5.94,1,29,3,1,0,1.0,101,985,83.1,70.06,Good
STU3311,CSE-DS,2,Female,Hostel,Afternoon,Visual,Poor,High,Average,No,No,Not Started,204,349,166,400,70.4,66.6,7.4,0,36,2,1,0,1.0,0,894,62.5,76.72,Good
STU3312,CSE-DS,3,Female,Hostel,Night,Auditory,Poor,Medium,Average,No,No,Not Started,117,429,128,116,80.8,68.2,5.97,4,29,1,1,0,3.0,0,782,41.06,63.43,Average
STU3313,CSE-DS,2,Male,Day Scholar,Morning,Visual,Good,Low,Good,No,No,Not Started,84,311,182,309,80.4,71.0,7.98,0,38,4,0,0,2.0,6,1111,73.46,81.04,Good
STU3314,CSE,7,Female,Day Scholar,Afternoon,Kinesthetic,Average,Medium,Average,Yes,No,In Progress,262,281,32,45,87.5,78.5,8.88,0,37,7,1,0,4.0,37,827,73.64,84.27,Good
STU3315,CSE,6,Female,Hostel,Morning,Visual,Average,High,Average,Yes,No,Not Started,272,190,10,10,81.2,75.1,6.59,0,34,8,0,0,3.0,97,1107,70.68,76.69,Good
STU3316,CSE-DS,6,Female,Day Scholar,Night,Visual,Good,Medium,Good,Yes,Yes,Not Started,198,62,99,345,76.3,76.2,7.95,0,41,3,0,0,1.0,229,1093,87.11,77.72,Good
STU3317,CSE-AIML,2,Female,Day Scholar,Afternoon,Visual,Average,Medium,Average,No,Yes,Not Started,250,169,75,167,100.0,77.5,7.8,0,37,3,0,0,0.0,91,813,73.28,84.2,Good
STU3318,CSE,5,Female,Day Scholar,Afternoon,Auditory,Average,Medium,Poor,No,No,Not Started,40,210,42,351,78.3,65.6,7.12,2,39,2,4,1,,196,1130,53.35,72.1,Good
STU3319,IT,3,Male,Hostel,Afternoon,Auditory,Poor,High,Good,No,No,Not Started,253,15,279,212,75.8,78.5,7.83,0,38,3,0,0,2.0,66,915,54.05,80.54,Good
STU3320,IT,1,Male,Hostel,Morning,Auditory,Average,Low,Average,No,Yes,Not Started,308,162,43,158,100.0,89.3,8.88,0,42,1,0,0,0.0,3,1268,86.23,89.75,Excellent
STU3321,CSE-AIML,2,Male,Hostel,Night,Auditory,Average,High,Good,No,No,Not Started,234,383,0,549,84.4,73.9,7.86,0,36,0,0,0,0.0,170,1085,70.29,81.66,Good
STU3322,CSE,8,Male,Day Scholar,Morning,Kinesthetic,Average,Medium,Good,No,Yes,In Progress,168,232,0,445,85.5,70.2,7.64,0,31,7,2,5,8.0,391,1161,92.16,83.91,Good
STU3323,IT,1,Female,Day Scholar,Night,Kinesthetic,Average,Medium,,No,Yes,Not Started,59,282,133,182,100.0,78.6,7.12,0,39,0,0,0,0.0,2,1060,54.11,82.26,Good
STU3324,CSE-AIML,3,Male,Hostel,Night,Auditory,Poor,Medium,Good,Yes,Yes,Not Started,228,400,283,567,84.4,72.9,7.83,0,36,0,0,1,4.0,221,761,71.88,76.13,Good
STU3325,IT,2,Female,Hostel,Night,Auditory,Good,Low,Average,No,No,Not Started,230,252,0,96,74.0,68.3,7.2,0,35,4,0,0,0.0,0,863,72.92,80.48,Good
STU3326,IT,5,Male,Hostel,Afternoon,Auditory,Average,Medium,Average,No,Yes,Not Started,278,247,175,93,88.1,75.0,7.41,1,39,5,2,1,1.0,46,971,75.23,80.65,Good
STU3327,IT,4,Male,Hostel,Night,Visual,Average,Medium,Poor,No,Yes,Not Started,150,298,246,107,57.0,67.3,5.97,1,35,1,0,2,3.0,29,926,56.15,70.08,Good
STU3328,CSE-AIML,5,Female,Hostel,Morning,Kinesthetic,Average,Medium,Poor,No,Yes,Not Started,128,574,28,185,100.0,74.3,7.23,0,38,2,1,1,6.0,82,1320,55.89,83.47,Good
STU3329,CSE,7,Female,Hostel,Night,Visual,Good,Low,Good,No,Yes,Placed,111,241,23,122,66.6,62.8,6.48,2,28,8,2,1,4.0,74,904,92.22,70.74,Good
STU3330,CSE-DS,5,Male,Hostel,Night,Auditory,Poor,Medium,Poor,No,Yes,Not Started,96,225,316,251,81.7,63.6,5.31,2,33,2,0,1,1.0,168,1166,45.13,67.07,Average
STU3331,CSE-DS,8,Male,Day Scholar,Night,Kinesthetic,Poor,Medium,Average,No,Yes,Placed,224,307,248,124,86.7,71.0,7.54,0,35,11,3,1,4.0,86,959,78.92,85.52,Excellent
STU3332,CSE-DS,4,Male,Hostel,Night,Auditory,Poor,Medium,Good,No,No,Not Started,176,321,68,190,53.4,64.9,6.38,1,33,3,2,1,1.0,148,1217,56.51,65.37,Average
STU3333,CSE,7,Male,Hostel,Night,Visual,Good,Medium,Poor,No,No,In Progress,222,223,160,284,73.1,72.9,8.29,0,37,5,2,3,3.0,143,913,66.55,78.52,Good
STU3334,CSE,4,Male,Hostel,Night,Kinesthetic,Poor,Low,Average,No,No,Not Started,193,245,119,464,100.0,69.4,7.1,0,36,5,2,0,2.0,251,1164,71.36,81.9,Good
STU3335,IT,6,Male,Day Scholar,Morning,Visual,Average,Medium,Good,No,No,Not Started,142,224,212,367,96.8,74.9,6.86,0,40,4,2,2,0.0,267,1160,72.55,81.3,Good
STU3336,CSE-DS,4,Female,Hostel,Afternoon,Kinesthetic,Poor,High,Good,No,Yes,Not Started,101,331,113,544,100.0,78.7,8.3,0,38,5,3,0,1.0,213,1183,65.95,89.01,Excellent
STU3337,ECE,2,Female,Day Scholar,Afternoon,Auditory,Good,Low,Poor,No,Yes,Not Started,299,8,51,280,77.9,63.0,6.4,3,29,1,1,0,0.0,112,1225,73.16,70.17,Good
STU3338,IT,1,Female,Hostel,Afternoon,Kinesthetic,Good,Low,Average,No,No,Not Started,200,402,53,260,97.2,78.2,7.79,0,35,2,0,0,0.0,64,747,75.4,85.4,Excellent
STU3339,CSE-AIML,6,Female,Day Scholar,Night,Visual,Average,Medium,Average,No,Yes,Not Started,286,258,249,598,89.0,80.3,8.97,0,42,5,1,2,1.0,322,979,85.07,90.74,Excellent
STU3340,CSE-DS,6,Male,Day Scholar,Night,Visual,Poor,Medium,Average,No,No,Not Started,222,0,143,468,80.6,77.0,7.23,0,34,8,2,1,2.0,309,1213,75.27,77.74,Good
STU3341,IT,1,Female,Hostel,Morning,Visual,Average,Medium,Average,No,No,Not Started,147,0,126,505,89.8,75.9,8.18,0,35,0,0,0,1.0,73,1081,67.81,86.02,Excellent
STU3342,CSE-AIML,8,Male,Day Scholar,Night,Visual,Average,High,Average,No,No,Placed,142,230,183,724,84.8,68.0,6.8,0,37,1,7,1,2.0,510,999,78.4,80.64,Good
STU3343,CSE-DS,6,Female,Hostel,Morning,Auditory,Average,Medium,Average,No,No,Not Started,107,2,176,115,88.5,64.0,6.62,0,33,6,2,1,2.0,0,934,64.45,76.32,Good
STU3344,CSE,4,Male,Hostel,Night,Visual,Average,Medium,Average,No,No,Not Started,294,416,0,0,67.4,71.4,7.64,0,37,2,2,0,4.0,0,729,65.08,73.82,Good
STU3345,CSE-AIML,5,Male,Hostel,Night,Auditory,Poor,Medium,Average,Yes,Yes,Not Started,306,506,74,367,92.4,80.3,7.25,0,36,3,4,0,0.0,263,1224,70.35,77.27,Good
STU3346,CSE-DS,3,Female,Hostel,Night,Kinesthetic,Good,Low,,No,Yes,Not Started,152,73,0,317,56.1,58.7,5.98,2,33,4,2,1,3.0,78,899,87.69,66.98,Average
STU3347,CSE,8,Female,Day Scholar,Night,Visual,Average,Medium,Average,No,Yes,Placed,239,121,30,118,73.9,71.1,7.22,0,33,10,2,3,4.0,58,1118,83.43,77.85,Good
STU3348,CSE,4,Female,Day Scholar,Morning,Kinesthetic,Poor,High,Average,No,No,Not Started,148,173,270,354,62.9,61.6,6.0,2,29,6,0,1,1.0,132,1017,59.18,67.01,Average
STU3349,CSE,7,Female,Hostel,Night,Kinesthetic,Average,High,Good,No,No,In Progress,46,242,409,261,100.0,73.5,6.93,0,33,5,3,2,3.0,212,1267,64.71,82.43,Good
STU3350,CSE,7,Male,Hostel,Morning,Auditory,Good,Medium,Average,Yes,Yes,In Progress,128,267,19,358,100.0,73.3,7.45,1,33,3,1,1,2.0,214,1018,80.68,77.18,Good
STU3351,CSE,5,Male,Hostel,Morning,Visual,Average,Low,Good,Yes,No,Not Started,245,121,61,434,100.0,70.8,7.53,1,38,3,1,1,3.0,297,1340,80.14,81.51,Good
STU3352,CSE-AIML,8,Male,Day Scholar,Night,Auditory,Good,Low,Good,No,Yes,Placed,271,401,97,458,96.7,79.5,8.75,0,42,3,1,2,3.0,413,1285,100.0,94.24,Excellent
STU3353,ECE,8,Female,Hostel,Morning,Visual,Average,Low,Average,Yes,No,In Progress,179,324,0,433,70.6,71.4,7.67,0,40,8,0,2,5.0,396,1048,88.53,80.62,Good
STU3354,CSE-AIML,5,Female,Day Scholar,Night,Kinesthetic,Average,High,Average,No,No,Not Started,118,384,366,0,69.0,69.9,6.86,1,35,9,1,2,5.0,116,1025,63.03,74.64,Good
STU3355,CSE,8,Male,Hostel,Night,Auditory,Average,Low,Good,No,No,Placed,78,240,0,449,84.3,66.4,7.17,0,32,5,2,1,4.0,329,991,78.78,77.84,Good
STU3356,CSE,6,Female,Hostel,Afternoon,Visual,Good,Medium,Poor,Yes,No,Not Started,151,410,90,99,79.4,71.2,6.87,1,29,3,0,3,1.0,62,1105,55.5,68.63,Average
STU3357,CSE-DS,2,Female,Day Scholar,Night,Kinesthetic,Poor,High,Good,Yes,No,Not Started,157,226,158,289,70.8,60.2,5.17,0,30,3,1,0,0.0,12,1021,54.89,67.74,Average
STU3358,CSE,2,Male,Hostel,Afternoon,Auditory,Good,Low,Average,No,No,Not Started,157,72,122,369,81.5,80.5,8.78,0,38,2,1,0,1.0,83,1318,82.34,85.67,Excellent
STU3359,IT,8,Female,Hostel,Night,Auditory,Average,Medium,Good,No,No,Placed,74,375,125,497,58.4,52.0,4.57,1,24,7,2,1,2.0,355,987,82.09,61.72,Average
STU3360,CSE-DS,6,Female,Hostel,Night,Auditory,Average,Low,Average,No,Yes,Not Started,211,109,155,231,73.8,58.4,5.43,0,28,5,1,1,6.0,131,1082,85.65,69.09,Average
STU3361,IT,6,Female,Hostel,,Auditory,Poor,Medium,,No,Yes,Not Started,188,192,0,316,70.6,73.1,7.33,0,37,1,2,1,1.0,164,1321,60.71,80.75,Good
STU3362,CSE,1,Male,Day Scholar,Afternoon,Kinesthetic,Good,Low,Average,No,No,Not Started,154,137,115,238,88.9,77.7,7.7,0,36,1,0,0,0.0,0,1044,69.35,82.02,Good
STU3363,CSE-DS,1,Male,Hostel,Afternoon,Kinesthetic,Average,Medium,Good,No,No,Not Started,180,406,247,300,67.4,66.8,5.68,2,32,0,0,0,0.0,60,866,59.55,63.62,Average
STU3364,CSE,3,Male,Hostel,Night,Kinesthetic,Good,Medium,Good,No,Yes,Not Started,227,183,66,267,76.9,80.5,7.77,0,41,4,1,0,1.0,0,1177,78.07,87.85,Excellent
STU3365,ECE,3,Male,Hostel,Morning,Kinesthetic,Good,Medium,Good,No,Yes,Not Started,229,275,129,445,76.8,74.8,7.9,1,38,7,1,0,1.0,89,1010,92.17,84.07,Good
STU3366,CSE-DS,3,Female,Hostel,Morning,Visual,Average,Medium,Average,No,Yes,Not Started,293,370,165,582,85.7,72.4,7.45,0,37,3,0,0,1.0,174,1016,89.96,84.14,Good
STU3367,CSE,3,Male,Day Scholar,Night,Kinesthetic,Poor,High,Good,No,Yes,Not Started,294,161,177,4,85.1,78.8,8.17,0,37,2,0,1,2.0,0,884,53.09,85.72,Excellent
STU3368,CSE,5,Female,Day Scholar,Night,Auditory,Average,Low,Good,No,Yes,Not Started,226,288,135,517,74.9,64.4,5.39,2,40,5,2,0,6.0,339,1237,92.73,72.17,Good
STU3369,CSE,5,Male,Day Scholar,,Auditory,Average,High,Good,No,No,Not Started,165,201,148,496,88.6,69.0,6.17,1,28,3,3,0,1.0,298,1212,69.91,68.19,Average
STU3370,CSE-DS,1,Male,Hostel,Night,Auditory,Poor,Low,Average,No,Yes,Not Started,121,265,24,374,68.1,72.0,7.48,1,34,1,0,0,0.0,37,956,63.77,74.86,Good
STU3371,CSE,2,Male,Hostel,Night,Auditory,Average,Medium,Good,No,No,Not Started,257,241,0,927,73.2,70.2,8.07,0,30,2,0,0,1.0,161,1064,83.21,78.71,Good
STU3372,CSE-AIML,6,Female,Hostel,Night,Visual,Average,Low,Good,Yes,No,In Progress,73,359,158,249,78.8,65.2,6.44,0,32,4,2,0,4.0,107,1205,71.97,69.87,Average
STU3373,CSE,7,Female,Day Scholar,Morning,Auditory,Good,Low,Good,No,No,In Progress,187,225,78,177,99.9,79.1,8.02,0,40,4,2,0,3.0,30,1012,79.37,88.34,Excellent
STU3374,CSE-DS,2,Male,Hostel,Night,Auditory,Poor,High,Good,No,Yes,Not Started,95,238,149,785,97.2,77.5,7.88,1,40,1,0,0,2.0,237,1166,59.53,81.12,Good
STU3375,IT,4,Female,Hostel,Morning,Auditory,Good,Low,Average,No,No,Not Started,267,460,117,0,57.0,75.2,7.97,0,38,4,4,0,5.0,0,1180,82.44,77.87,Good
STU3376,IT,5,Male,Day Scholar,Afternoon,Kinesthetic,Average,Medium,Good,Yes,Yes,Not Started,252,73,46,0,88.6,74.3,6.96,0,38,4,0,0,1.0,0,1164,71.11,82.16,Good
STU3377,IT,3,Male,Hostel,Night,Kinesthetic,Poor,Medium,Good,No,No,Not Started,182,322,63,459,85.1,65.5,7.57,0,23,2,4,0,3.0,99,1103,60.82,75.24,Good
STU3378,CSE,3,Male,Hostel,Afternoon,Visual,Average,Medium,Average,Yes,Yes,Not Started,440,463,0,353,89.0,86.0,9.32,0,44,2,3,1,2.0,150,1154,88.39,87.58,Excellent
STU3379,CSE,4,Male,Hostel,Night,Visual,Poor,High,Good,No,No,Not Started,113,226,107,42,70.4,57.8,6.17,4,32,7,0,0,3.0,21,917,51.13,62.89,Average
STU3380,CSE-DS,2,Female,Hostel,Morning,Visual,Poor,High,Good,No,No,Not Started,220,81,21,463,100.0,77.2,7.49,0,35,0,0,0,0.0,103,982,55.01,80.93,Good
STU3381,CSE,3,Male,Hostel,Afternoon,Auditory,Average,Medium,Average,Yes,No,Not Started,229,166,168,234,74.6,65.2,6.8,2,27,1,0,1,0.0,51,929,65.74,66.78,Average
STU3382,CSE-AIML,2,Male,Hostel,Night,Visual,Average,Low,Good,No,Yes,Not Started,201,208,113,0,82.9,72.2,7.47,0,40,4,2,0,0.0,0,1054,77.29,81.66,Good
STU3383,CSE,6,Male,Hostel,Night,Kinesthetic,Average,Low,Good,No,No,In Progress,155,419,159,431,100.0,70.4,6.66,0,44,3,2,0,3.0,257,860,73.45,88.75,Excellent
STU3384,CSE,4,Female,Hostel,Night,Kinesthetic,Average,Medium,Good,No,No,Not Started,190,54,140,497,80.4,67.4,6.2,1,30,4,3,0,2.0,177,991,75.89,76.14,Good
STU3385,CSE,7,Male,Day Scholar,Night,Kinesthetic,Good,Low,Average,No,No,Placed,340,290,186,41,75.2,70.1,7.24,0,35,6,2,1,3.0,53,778,88.46,80.6,Good
STU3386,IT,2,Female,Hostel,Morning,Auditory,Average,Medium,Average,No,Yes,Not Started,184,64,185,5,93.3,60.6,5.96,1,32,1,0,0,0.0,4,1094,59.68,73.97,Good
STU3387,CSE,6,Male,Day Scholar,Night,Auditory,Average,Medium,Poor,Yes,No,Not Started,238,177,80,0,78.3,68.3,7.38,0,36,3,4,1,1.0,0,1241,52.05,73.52,Good
STU3388,CSE-AIML,8,Male,Hostel,Morning,Visual,Average,Medium,Good,No,Yes,Placed,35,381,179,279,83.4,76.2,6.98,1,38,6,0,4,4.0,200,1105,71.11,76.34,Good
STU3389,CSE,8,Female,Hostel,Night,Visual,Average,Low,Good,No,No,Placed,166,312,221,199,65.9,69.5,7.09,2,35,4,0,2,0.0,161,998,74.49,67.16,Average
STU3390,CSE-DS,2,Male,Day Scholar,Afternoon,Visual,Average,Medium,Good,Yes,Yes,Not Started,385,286,100,176,70.1,77.0,8.35,0,43,2,3,0,0.0,35,814,79.39,84.8,Good
STU3391,CSE,8,Female,Hostel,Night,Visual,Average,Medium,Poor,No,No,Placed,134,360,189,507,85.0,62.4,6.5,5,28,4,5,1,,392,1090,62.03,64.3,Average
STU3392,IT,2,Male,Hostel,Night,Auditory,Poor,Medium,Good,Yes,No,Not Started,130,239,145,197,75.9,64.3,7.1,1,31,4,2,0,0.0,49,991,52.07,69.75,Average
STU3393,IT,3,Female,Day Scholar,Morning,Kinesthetic,Good,Low,Average,Yes,No,Not Started,336,259,179,30,67.0,71.9,7.78,0,37,4,0,0,0.0,8,1179,83.7,78.8,Good
STU3394,CSE,1,Male,Hostel,Night,Auditory,Good,Medium,Good,Yes,Yes,Not Started,125,226,178,273,75.0,75.6,7.53,0,39,2,1,0,0.0,20,1100,74.99,76.77,Good
STU3395,ECE,8,Female,Hostel,Morning,Visual,Good,Medium,Good,No,No,Placed,114,293,234,354,76.0,55.6,5.37,1,27,4,3,0,3.0,271,906,69.57,68.48,Average
STU3396,ECE,5,Male,Hostel,Morning,Auditory,Poor,Low,Good,No,Yes,Not Started,243,288,0,72,82.3,72.9,7.89,0,37,4,0,1,2.0,24,1055,66.8,80.77,Good
STU3397,IT,2,Male,Day Scholar,Night,Kinesthetic,Poor,High,Good,No,No,Not Started,394,433,189,58,82.8,69.8,7.22,0,38,0,0,0,1.0,39,917,52.13,79.61,Good
STU3398,IT,2,Male,Day Scholar,Morning,Auditory,Good,Medium,Average,No,No,Not Started,262,55,184,503,88.8,76.2,7.81,0,39,1,1,0,1.0,195,1262,73.42,87.48,Excellent
STU3399,CSE,2,Male,Hostel,Morning,Kinesthetic,Average,Medium,Good,No,Yes,Not Started,186,224,253,0,68.3,68.3,7.27,1,30,2,0,0,0.0,0,982,64.67,70.35,Good
STU3400,CSE-AIML,1,Male,Hostel,Night,Visual,Average,High,Average,Yes,No,Not Started,300,215,155,103,71.2,71.0,7.07,0,34,0,0,0,0.0,44,1192,52.98,70.77,Good
STU3401,CSE,6,Male,Hostel,Night,Auditory,Good,Medium,Good,No,Yes,Not Started,162,398,197,123,69.4,74.8,7.14,0,36,13,1,2,6.0,107,902,94.76,78.33,Good
STU3402,CSE,8,Female,Hostel,Morning,Visual,Poor,Medium,Good,No,No,Placed,134,132,105,272,73.9,54.6,6.34,0,30,11,3,3,6.0,193,1203,71.02,71.42,Good
STU3403,ECE,7,Female,Hostel,,Visual,Average,Medium,Good,No,No,In Progress,314,203,30,410,74.2,68.3,6.91,0,34,4,2,1,3.0,245,1141,81.89,75.24,Good
STU3404,CSE,7,Female,Hostel,Night,Kinesthetic,Poor,Medium,Good,No,No,In Progress,299,244,122,360,65.6,67.6,6.24,0,38,5,1,1,1.0,144,1286,69.95,74.36,Good
STU3405,CSE-DS,4,Female,Hostel,Night,Kinesthetic,Average,Low,Average,Yes,Yes,Not Started,147,295,110,293,100.0,70.8,7.35,0,33,3,2,0,1.0,114,901,76.8,77.69,Good
STU3406,IT,3,Male,Hostel,Night,Visual,Good,Low,Good,No,Yes,Not Started,273,218,150,703,83.9,67.6,6.9,0,33,3,1,1,1.0,298,1469,95.94,78.74,Good
STU3407,IT,1,Male,Day Scholar,Night,Kinesthetic,Good,Medium,Good,No,No,Not Started,297,173,348,232,72.9,63.1,6.15,2,29,2,0,0,1.0,78,1082,71.31,73.57,Good
STU3408,ECE,6,Male,Hostel,Night,Kinesthetic,Good,Medium,Poor,No,No,Not Started,166,159,148,0,77.1,70.9,7.35,0,38,2,1,2,3.0,32,1143,51.09,81.76,Good
STU3409,CSE,2,Female,Hostel,Afternoon,Visual,Poor,Medium,Good,No,Yes,Not Started,194,108,123,399,81.5,73.5,7.32,0,31,2,2,0,0.0,74,1102,65.58,73.98,Good
STU3410,CSE,6,Male,Hostel,Morning,Visual,Good,Medium,Average,No,Yes,Not Started,73,130,123,283,80.0,56.8,5.28,2,24,8,2,4,2.0,148,1304,86.38,67.54,Average
STU3411,CSE-AIML,1,Male,Day Scholar,Night,Kinesthetic,Good,Medium,Good,No,No,Not Started,178,196,163,278,74.4,75.0,7.03,0,40,0,0,0,0.0,0,872,63.24,78.26,Good
STU3412,CSE,1,Female,Day Scholar,Night,Visual,Good,Low,Good,No,No,Not Started,127,151,134,227,95.0,71.6,6.59,0,38,1,0,0,0.0,37,849,75.97,79.86,Good
STU3413,CSE,1,Male,Day Scholar,Night,Visual,Good,Low,Good,No,Yes,Not Started,161,476,139,362,82.7,66.1,7.21,0,34,0,2,0,3.0,69,1147,73.69,79.45,Good
STU3414,CSE,4,Female,Hostel,Morning,Kinesthetic,Good,Low,Average,No,No,Not Started,61,293,106,582,81.5,68.5,7.25,0,37,3,2,0,1.0,231,1096,81.2,80.48,Good
STU3415,IT,5,Female,Day Scholar,Afternoon,Auditory,Average,Low,Average,No,No,Not Started,298,116,190,600,100.0,76.4,8.03,0,37,2,2,4,1.0,288,981,88.16,87.3,Excellent
STU3416,CSE-AIML,3,Male,Hostel,Night,Auditory,Poor,Medium,Good,No,Yes,Not Started,277,292,28,721,100.0,83.2,8.61,0,42,1,1,1,2.0,165,1145,77.51,86.74,Excellent
STU3417,CSE,4,Male,Hostel,Night,Visual,Poor,Medium,Good,No,No,Not Started,298,52,78,441,83.0,76.4,7.05,0,39,5,1,0,2.0,85,1158,70.51,78.41,Good
STU3418,CSE-DS,4,Male,Hostel,Night,Kinesthetic,Good,Low,Good,Yes,No,Not Started,183,391,239,592,86.1,74.8,6.76,0,37,3,1,0,1.0,258,1174,94.05,76.65,Good
STU3419,CSE,8,Female,Day Scholar,Night,Visual,Poor,High,Poor,No,No,Placed,151,183,90,417,62.7,58.9,5.26,2,31,4,2,1,2.0,332,1081,55.1,62.73,Average
STU3420,CSE,5,Male,Day Scholar,Morning,Kinesthetic,Poor,High,Good,Yes,No,Not Started,207,371,36,224,83.1,77.3,8.03,0,35,2,2,0,2.0,228,1099,50.84,77.42,Good
STU3421,IT,4,Female,Day Scholar,Night,Visual,Poor,Medium,Average,No,Yes,Not Started,213,247,138,671,95.0,83.0,7.72,2,40,6,1,2,2.0,254,1184,82.54,83.86,Good
STU3422,CSE-DS,1,Female,Day Scholar,Night,Visual,Good,Medium,Good,No,No,Not Started,314,272,70,207,57.6,64.3,6.86,0,26,0,0,0,2.0,4,878,70.71,68.56,Average
STU3423,IT,1,Male,Hostel,Morning,Kinesthetic,Average,Low,Good,No,No,Not Started,196,254,12,240,63.4,61.9,6.64,0,35,2,0,0,2.0,0,837,65.14,73.45,Good
STU3424,CSE,8,Male,Hostel,Afternoon,Visual,Average,Medium,Good,No,No,In Progress,190,0,211,413,100.0,65.8,6.87,0,33,9,3,1,5.0,352,1272,85.77,80.42,Good
STU3425,IT,6,Female,Hostel,Night,Auditory,Good,Low,Average,No,No,Not Started,251,303,70,324,71.6,60.9,5.99,3,26,3,2,2,3.0,168,1126,81.82,65.31,Average
STU3426,CSE-DS,2,Male,Day Scholar,Night,Auditory,Poor,Medium,Good,No,No,Not Started,12,125,137,78,87.7,69.3,7.36,0,30,2,0,0,0.0,29,945,46.22,75.29,Good
STU3427,CSE-AIML,4,Female,Hostel,Afternoon,Kinesthetic,Average,Medium,Good,No,Yes,Not Started,314,242,111,551,86.8,72.6,7.18,0,39,4,1,1,2.0,258,1287,86.74,85.13,Excellent
STU3428,CSE-DS,2,Male,Day Scholar,Morning,Visual,Poor,High,Good,Yes,Yes,Not Started,248,306,77,206,89.4,79.7,8.66,0,39,1,2,0,1.0,3,1316,49.72,83.8,Good
STU3429,IT,3,Female,Hostel,Morning,Auditory,Average,Medium,Good,No,No,Not Started,221,409,81,538,90.5,79.7,8.38,0,39,2,1,0,1.0,210,704,73.67,85.76,Excellent
STU3430,CSE-AIML,7,Female,Hostel,Morning,Kinesthetic,Good,Low,Good,No,No,Placed,237,371,118,310,92.0,73.6,6.91,0,39,8,1,1,1.0,182,1247,88.09,85.26,Excellent
STU3431,CSE-AIML,1,Female,Hostel,Night,Kinesthetic,Average,Medium,Poor,Yes,No,Not Started,264,112,237,300,81.5,78.8,7.45,0,36,1,0,0,0.0,82,1501,55.92,72.28,Good
STU3432,ECE,6,Male,Hostel,Night,Kinesthetic,Good,Medium,Good,No,Yes,Not Started,418,78,151,206,77.5,79.2,7.65,0,43,6,1,0,2.0,143,1072,96.71,87.91,Excellent
STU3433,IT,3,Male,Day Scholar,Night,Auditory,Good,Medium,Good,No,Yes,Not Started,148,257,270,416,69.2,70.9,6.96,0,34,4,2,0,1.0,184,1176,77.3,80.26,Good
STU3434,CSE-AIML,8,Female,Hostel,Night,Auditory,Average,High,Average,No,No,Placed,284,307,65,199,71.7,60.7,5.59,3,24,8,2,1,5.0,152,1130,84.05,61.52,Average
STU3435,CSE-DS,6,Male,Hostel,Morning,Auditory,Poor,High,Average,No,Yes,Not Started,219,325,130,936,76.2,69.3,7.3,0,34,6,1,1,3.0,587,1305,89.05,78.4,Good
STU3436,CSE,7,Male,Hostel,Morning,Auditory,Poor,Medium,Poor,No,No,In Progress,111,346,1,503,74.0,71.1,7.4,0,39,4,1,3,6.0,379,1414,59.4,82.88,Good
STU3437,CSE,7,Female,Hostel,Afternoon,Visual,Good,Low,Good,No,Yes,Placed,284,177,185,521,85.5,68.2,6.69,0,30,5,3,0,3.0,360,1323,100.0,79.65,Good
STU3438,CSE-AIML,8,Male,Hostel,Morning,Auditory,Average,Low,Average,No,No,Placed,214,255,224,69,84.3,76.7,8.27,0,38,5,1,2,2.0,95,1163,74.73,83.98,Good
STU3439,ECE,5,Male,Hostel,Morning,Kinesthetic,Poor,High,Good,No,No,Not Started,216,91,192,474,66.1,68.5,6.86,0,31,7,0,1,2.0,245,1339,73.15,75.06,Good
STU3440,ECE,8,Male,Day Scholar,Night,Visual,Poor,High,Good,No,No,Placed,203,395,211,383,71.0,73.5,6.65,0,40,8,2,1,4.0,253,963,68.28,75.34,Good
STU3441,CSE,1,Female,Hostel,Night,Auditory,Good,Low,Good,Yes,No,Not Started,223,381,118,183,85.7,72.1,6.74,0,36,2,1,0,0.0,50,1243,81.1,76.88,Good
STU3442,CSE-AIML,3,Female,Hostel,Night,Visual,Poor,Medium,Good,No,No,Not Started,259,227,164,716,59.9,68.2,6.96,1,33,3,1,0,2.0,175,1022,73.1,74.32,Good
STU3443,CSE,5,Male,Hostel,Night,Kinesthetic,Good,Medium,Good,No,No,Not Started,144,151,209,58,83.1,61.6,6.85,0,29,2,2,0,1.0,21,1177,62.07,78.7,Good
STU3444,ECE,7,Male,Hostel,Night,Auditory,Average,Medium,Good,No,No,Placed,177,109,234,138,75.2,72.4,7.42,0,41,6,4,3,5.0,207,915,71.79,79.65,Good
STU3445,ECE,3,Male,Hostel,Night,Visual,Poor,High,Poor,Yes,No,Not Started,278,268,119,297,81.8,75.3,7.06,0,32,2,1,0,1.0,94,628,45.19,72.17,Good
STU3446,CSE-DS,6,Female,Hostel,Morning,Auditory,Good,Low,Good,Yes,Yes,Not Started,96,111,59,592,92.0,66.3,6.33,0,32,3,2,2,2.0,292,1139,90.01,79.07,Good
STU3447,IT,5,Male,Hostel,Night,Visual,Good,High,Poor,No,No,Not Started,279,322,258,201,76.3,67.9,6.99,0,35,1,0,0,3.0,161,947,51.47,77.12,Good
STU3448,CSE-DS,5,Female,Day Scholar,Morning,Visual,Average,Medium,Good,No,Yes,Not Started,184,248,129,78,80.7,59.9,5.51,1,30,3,1,1,3.0,0,1206,69.18,68.54,Average
STU3449,CSE-AIML,1,Male,Hostel,Morning,Kinesthetic,Poor,Medium,Average,No,Yes,Not Started,279,206,116,179,68.8,68.6,7.75,1,29,0,2,0,0.0,3,980,58.63,71.84,Good
STU3450,CSE,8,Other,Day Scholar,Morning,Kinesthetic,Average,Medium,Good,No,No,In Progress,233,334,49,177,83.7,76.2,8.21,0,40,6,2,2,5.0,151,900,77.47,87.37,Excellent
STU3451,CSE-AIML,2,Male,Day Scholar,Night,Auditory,Good,Medium,Good,Yes,Yes,Not Started,145,22,111,342,59.2,60.1,6.05,1,27,2,0,0,1.0,112,923,67.39,62.61,Average
STU3452,CSE-DS,6,Female,Hostel,Night,Auditory,Poor,Medium,Poor,Yes,Yes,Not Started,144,292,84,175,77.4,71.0,7.55,0,38,4,0,1,3.0,77,805,51.26,75.65,Good
STU3453,CSE-DS,6,Male,Hostel,Night,Visual,Average,Medium,Average,No,No,In Progress,122,237,27,187,77.8,61.3,6.2,2,33,3,2,1,5.0,140,1150,65.99,68.11,Average
STU3454,CSE,8,Male,Hostel,Night,Kinesthetic,Average,Medium,Good,Yes,No,Placed,80,212,38,267,85.1,68.5,6.68,0,30,6,3,3,3.0,241,1158,65.35,75.84,Good
STU3455,ECE,5,Female,Hostel,Night,Kinesthetic,Average,Medium,Good,No,No,Not Started,195,325,180,35,95.8,75.3,7.6,0,37,1,2,2,4.0,0,923,54.02,84.58,Good
STU3456,CSE,5,Female,Day Scholar,Night,Visual,Average,Medium,Good,No,Yes,Not Started,202,399,93,496,69.5,70.6,5.97,2,32,8,3,0,2.0,242,1333,84.11,69.39,Average
STU3457,CSE-AIML,1,Male,Day Scholar,Night,Kinesthetic,Poor,High,Good,No,No,Not Started,241,265,134,263,83.3,79.4,8.22,0,38,0,0,0,0.0,0,975,45.46,79.56,Good
STU3458,CSE-DS,2,Female,Hostel,Night,Kinesthetic,Poor,Low,Poor,No,No,Not Started,160,298,97,161,97.7,74.1,7.21,0,36,1,0,0,1.0,0,669,53.34,81.83,Good
STU3459,CSE-DS,6,Female,Hostel,Afternoon,Visual,Average,Medium,Poor,No,Yes,Not Started,238,188,28,356,78.8,69.6,7.72,0,29,3,1,1,0.0,265,1328,66.64,76.14,Good
STU3460,CSE-DS,7,Female,Hostel,Afternoon,Auditory,Good,Low,Good,No,No,In Progress,285,160,238,377,91.2,73.8,7.65,1,33,6,1,0,10.0,232,1358,93.61,81.27,Good
STU3461,CSE,4,Male,Hostel,Night,Auditory,Good,Medium,Average,No,Yes,Not Started,355,272,146,238,77.8,78.7,7.98,0,39,3,1,0,3.0,87,897,82.64,82.62,Good
STU3462,CSE,4,Male,Day Scholar,Morning,Auditory,Good,Low,Good,No,Yes,Not Started,106,198,189,183,81.2,75.2,6.95,0,34,3,2,0,3.0,86,765,77.99,76.66,Good
STU3463,CSE-DS,2,Male,Hostel,Night,Visual,Poor,High,Good,No,Yes,Not Started,303,196,161,351,70.5,69.1,6.71,0,37,1,1,0,0.0,70,1031,64.99,76.66,Good
STU3464,CSE-AIML,3,Male,Hostel,Night,Auditory,Average,Low,Good,No,Yes,Not Started,220,421,111,0,92.2,72.4,7.35,0,34,1,0,0,1.0,0,1173,63.15,80.01,Good
STU3465,CSE,1,Female,Day Scholar,Night,Visual,Good,Medium,,No,No,Not Started,214,395,70,327,85.2,73.0,7.85,0,34,1,1,0,2.0,0,989,63.32,81.32,Good
STU3466,CSE-DS,2,Male,Hostel,Afternoon,Visual,Good,Medium,Average,No,No,Not Started,155,90,0,267,62.9,64.4,6.66,1,33,4,0,0,1.0,33,964,68.67,70.04,Good
STU3467,CSE-AIML,8,Male,Hostel,Night,Kinesthetic,Poor,Low,Good,No,No,Placed,295,354,0,464,88.8,72.1,7.28,0,35,4,1,1,,351,1421,77.18,83.21,Good
STU3468,CSE-DS,8,Female,Hostel,Afternoon,Kinesthetic,Average,High,Poor,No,No,In Progress,214,329,203,382,83.7,84.7,8.49,0,41,6,1,0,6.0,248,982,68.67,89.72,Excellent
STU3469,IT,4,Female,Hostel,Night,Auditory,Poor,High,Good,No,Yes,Not Started,76,263,221,412,82.4,60.8,6.81,0,34,4,2,2,2.0,155,1275,60.5,77.59,Good
STU3470,CSE,5,Male,Day Scholar,Night,Visual,Average,Medium,Good,No,Yes,Not Started,34,370,247,39,51.9,49.3,5.49,2,19,4,1,2,1.0,35,1133,55.9,58.01,Average
STU3471,CSE,4,Male,Day Scholar,Night,Auditory,Good,Low,Average,No,Yes,Not Started,195,426,109,641,78.2,62.6,6.62,0,31,1,0,0,1.0,233,1126,87.15,75.73,Good
STU3472,IT,5,Female,Hostel,Night,Auditory,Good,Low,Average,No,No,Not Started,233,332,52,376,59.4,65.4,6.85,0,34,2,3,0,3.0,235,1154,84.5,73.54,Good
STU3473,CSE-DS,1,Male,Day Scholar,Morning,Kinesthetic,Average,Low,Average,No,No,Not Started,129,196,180,7,92.5,72.9,7.46,0,35,0,0,0,2.0,0,1050,59.0,82.26,Good
STU3474,CSE-DS,5,Female,Hostel,Night,Auditory,Good,Low,Average,No,Yes,Not Started,158,188,242,43,98.3,69.4,7.2,0,31,3,3,0,4.0,71,986,71.39,79.28,Good
STU3475,IT,2,Female,Day Scholar,Morning,Auditory,Good,Low,Good,No,No,Not Started,283,177,292,297,82.4,83.8,7.56,1,41,4,0,0,0.0,228,1157,89.19,80.67,Good
STU3476,IT,5,Male,Day Scholar,Afternoon,Kinesthetic,Poor,High,Average,No,Yes,Not Started,160,285,90,196,100.0,72.8,7.14,1,36,4,1,2,6.0,78,1220,57.75,81.28,Good
STU3477,ECE,3,Female,Hostel,Morning,Auditory,Average,Medium,Average,Yes,No,Not Started,234,389,214,601,72.7,57.3,6.1,0,28,1,0,1,5.0,188,1097,74.17,67.91,Average
STU3478,CSE-AIML,8,Female,Day Scholar,Night,Auditory,Poor,Medium,Good,No,No,Placed,142,90,167,420,95.5,72.5,7.16,0,34,9,1,0,5.0,391,1213,75.69,83.88,Good
STU3479,CSE-AIML,2,Male,Hostel,Morning,Visual,Poor,Low,Good,Yes,Yes,Not Started,292,348,125,267,82.7,79.1,7.73,1,36,5,1,0,1.0,147,1044,77.16,75.67,Good
STU3480,CSE-AIML,8,Female,Hostel,Morning,Auditory,Average,Medium,Good,Yes,Yes,In Progress,219,411,55,138,75.2,60.7,6.54,0,27,6,3,3,4.0,178,994,78.91,67.71,Average
STU3481,CSE,1,Female,Day Scholar,Night,Kinesthetic,Average,Medium,Good,No,Yes,Not Started,200,46,247,138,100.0,80.8,7.23,0,36,2,0,0,0.0,119,1143,68.0,89.46,Excellent
STU3482,CSE-AIML,2,Female,Day Scholar,Night,Kinesthetic,Poor,High,Good,No,Yes,Not Started,314,193,236,166,97.8,76.9,7.37,0,38,2,0,0,0.0,25,1203,55.55,85.97,Excellent
STU3483,CSE,3,Female,Day Scholar,Morning,Visual,Good,Low,,No,No,Not Started,60,96,104,158,83.5,69.9,6.24,2,32,1,0,0,1.0,0,915,60.04,69.78,Average
STU3484,ECE,1,Male,Day Scholar,Night,Kinesthetic,Average,High,Good,No,No,Not Started,248,291,195,41,74.2,76.4,8.29,0,38,2,1,0,0.0,21,861,61.57,83.07,Good
STU3485,CSE-AIML,4,Male,Hostel,Night,Kinesthetic,Average,Medium,Average,Yes,No,Not Started,51,139,181,209,77.6,72.2,7.16,0,41,8,0,0,2.0,137,1049,68.61,81.01,Good
STU3486,CSE-AIML,3,Male,Hostel,Morning,Kinesthetic,Poor,High,Good,No,No,Not Started,202,120,183,628,67.5,58.9,6.59,0,29,2,1,1,2.0,120,1036,52.54,75.73,Good
STU3487,CSE,1,Male,Day Scholar,Night,Auditory,Good,Low,Poor,Yes,Yes,Not Started,198,395,27,263,68.6,74.7,7.33,1,41,0,0,0,1.0,0,1031,65.39,73.87,Good
STU3488,CSE,7,Male,Hostel,Night,Visual,Average,Low,Good,No,No,Placed,225,127,28,194,72.4,74.4,6.7,0,34,3,1,1,1.0,0,1040,71.84,74.02,Good
STU3489,CSE,5,Female,Day Scholar,Night,Visual,Average,Medium,Average,No,Yes,Not Started,39,275,103,258,100.0,64.9,6.32,1,34,7,0,0,3.0,103,1379,69.94,79.84,Good
STU3490,CSE-AIML,2,Female,Hostel,Afternoon,Visual,Poor,High,Average,No,No,Not Started,215,235,160,244,78.2,61.5,6.99,0,28,2,2,0,0.0,0,1299,49.25,68.65,Average
STU3491,CSE,1,Female,Day Scholar,Night,Visual,Average,Medium,Good,No,No,Not Started,304,175,296,358,82.7,71.3,7.54,1,31,2,0,0,1.0,68,1169,73.0,77.31,Good
STU3492,CSE-DS,2,Female,Hostel,Morning,Kinesthetic,Average,Medium,Good,No,Yes,Not Started,139,227,0,479,63.0,74.5,7.52,0,34,2,3,0,0.0,68,960,72.11,77.57,Good
STU3493,IT,5,Female,Day Scholar,Night,Auditory,Average,Low,Poor,Yes,Yes,Not Started,133,216,231,158,98.3,75.5,7.61,0,36,3,2,0,3.0,108,1040,62.03,80.88,Good
STU3494,IT,1,Male,Hostel,Morning,Kinesthetic,Poor,Medium,Good,No,Yes,Not Started,147,371,0,191,66.8,60.7,5.96,0,33,0,0,0,1.0,0,581,51.97,71.87,Good
STU3495,CSE-DS,4,Female,Day Scholar,Afternoon,Kinesthetic,Poor,Medium,Average,No,Yes,Not Started,269,361,143,79,100.0,79.8,7.72,0,42,3,1,1,2.0,67,1049,64.47,87.09,Excellent
STU3496,CSE,7,Male,Hostel,Morning,Kinesthetic,Average,Medium,Good,No,No,In Progress,121,289,0,507,92.3,79.4,8.1,0,40,5,2,4,3.0,353,1302,74.09,86.51,Excellent
STU3497,IT,7,Female,Hostel,Night,Kinesthetic,Average,Low,Good,Yes,Yes,Placed,160,416,257,653,82.1,70.0,6.24,1,36,3,0,1,3.0,428,1190,88.65,74.31,Good
STU3498,IT,3,Female,Day Scholar,Afternoon,Visual,Average,Low,Good,No,Yes,Not Started,266,320,147,283,86.6,71.6,7.19,0,32,1,3,0,0.0,0,910,75.65,78.45,Good
STU3499,CSE,1,Male,Day Scholar,Afternoon,Visual,Average,Medium,Good,No,Yes,Not Started,120,150,161,429,80.2,66.9,6.56,1,34,1,1,0,0.0,89,1123,70.12,76.35,Good
STU3500,CSE-DS,5,Female,Day Scholar,Afternoon,Auditory,Poor,High,Good,No,No,Not Started,280,165,202,345,76.7,66.6,6.55,1,29,3,0,1,1.0,147,952,58.29,70.13,Good
STU3501,CSE,1,Male,Hostel,Night,Kinesthetic,Average,Medium,Average,No,No,Not Started,143,485,92,167,91.1,68.5,6.4,1,37,2,1,0,0.0,0,540,58.53,79.79,Good
STU3502,IT,2,Male,Hostel,Afternoon,Visual,Good,Medium,Poor,No,No,Not Started,180,338,0,208,88.0,70.4,7.2,0,35,3,0,0,1.0,0,719,62.36,78.39,Good
STU3503,ECE,6,Female,Hostel,Night,Auditory,Average,High,Average,No,Yes,In Progress,270,260,0,328,75.6,72.3,7.99,0,36,4,1,2,2.0,228,1092,80.48,81.05,Good
STU3504,CSE,8,Male,Hostel,Morning,Kinesthetic,Average,Low,Good,No,No,Placed,268,263,175,451,100.0,76.2,7.34,0,39,8,4,0,2.0,391,1331,91.96,88.34,Excellent
STU3505,IT,1,Male,Day Scholar,Morning,Kinesthetic,Good,Low,Good,No,Yes,Not Started,155,247,93,190,77.1,62.4,6.42,0,26,1,0,0,1.0,0,1000,70.97,70.15,Good
STU3506,CSE-DS,7,Female,Hostel,Night,Visual,Average,Medium,Good,Yes,Yes,In Progress,111,523,240,697,80.0,69.0,7.07,0,37,5,4,2,1.0,392,949,83.59,77.64,Good
STU3507,ECE,7,Female,Hostel,Night,Kinesthetic,Good,Medium,Average,No,No,In Progress,319,144,124,136,58.2,68.3,7.59,0,30,8,1,0,4.0,253,1175,86.4,77.73,Good
STU3508,CSE-AIML,8,Female,Hostel,Morning,Kinesthetic,Average,Medium,Good,Yes,No,Placed,171,344,186,238,81.3,61.3,5.46,0,30,5,3,3,2.0,119,870,71.19,66.32,Average
STU3509,IT,7,Female,Hostel,Morning,Visual,Good,Low,,No,Yes,In Progress,230,387,212,389,100.0,71.0,7.23,0,35,4,1,1,1.0,252,1115,90.91,81.65,Good
STU3510,CSE,4,Male,Hostel,Morning,Auditory,Good,Medium,Good,No,Yes,Not Started,253,158,210,18,88.7,75.2,8.0,1,37,5,1,1,1.0,15,1052,78.86,82.91,Good
STU3511,CSE,1,Male,Hostel,Night,Auditory,Poor,Medium,Good,No,No,Not Started,125,149,97,151,92.2,80.0,8.42,0,37,0,0,0,0.0,15,1284,45.4,83.17,Good
STU3512,CSE,3,Female,Hostel,Afternoon,Visual,Average,Medium,Good,Yes,No,Not Started,72,64,130,228,81.5,60.6,5.74,4,27,3,2,3,2.0,140,954,59.24,60.49,Average
STU3513,ECE,1,Female,Hostel,Night,Visual,Average,Medium,Good,No,Yes,Not Started,243,123,203,350,85.8,61.8,5.75,1,28,1,0,0,0.0,0,1090,72.17,73.67,Good
STU3514,IT,6,Male,Day Scholar,Morning,Auditory,Good,Medium,Good,No,No,Not Started,62,338,145,667,99.5,72.0,7.26,0,33,4,3,1,2.0,421,1217,86.47,81.93,Good
STU3515,IT,7,Female,Hostel,Morning,Auditory,Good,High,Average,Yes,Yes,Placed,100,226,0,319,96.6,82.2,8.67,0,38,9,1,2,5.0,265,1064,83.46,82.86,Good
STU3516,ECE,2,Female,Hostel,Afternoon,Visual,Poor,High,Good,No,Yes,Not Started,248,317,0,247,77.7,67.3,5.76,5,33,2,1,0,0.0,54,670,55.21,63.39,Average
STU3517,CSE,7,Female,Day Scholar,Night,Visual,Poor,High,Average,No,No,Placed,223,339,59,374,82.5,71.3,6.59,0,33,6,1,5,4.0,282,1306,65.71,72.85,Good
STU3518,CSE,1,Female,Day Scholar,Night,Visual,Poor,High,Average,No,Yes,Not Started,219,238,214,398,90.6,80.4,8.24,0,40,0,0,0,1.0,56,1195,58.27,87.16,Excellent
STU3519,CSE,4,Male,Day Scholar,Morning,Kinesthetic,Average,Low,Good,Yes,Yes,Not Started,143,131,122,255,74.3,77.8,7.86,1,40,3,0,0,2.0,85,1238,71.92,79.18,Good
STU3520,CSE,5,Female,Day Scholar,Night,Visual,Poor,High,Good,Yes,No,Not Started,298,314,279,415,83.2,64.7,7.08,0,31,4,3,0,2.0,263,1409,65.9,72.16,Good
STU3521,CSE,1,Female,Hostel,Afternoon,Kinesthetic,Average,Medium,Good,Yes,Yes,Not Started,105,0,200,350,77.2,66.6,7.96,0,28,1,0,0,0.0,72,945,67.4,75.26,Good
STU3522,CSE-AIML,1,Male,Day Scholar,,Auditory,Average,Medium,Good,No,No,Not Started,5,386,0,203,82.0,67.1,7.51,2,35,0,0,0,0.0,27,934,49.59,71.98,Good
STU3523,CSE,3,Female,Hostel,Night,Auditory,Good,Low,Poor,No,Yes,Not Started,31,0,222,241,87.2,61.1,6.07,1,29,3,1,0,2.0,101,1071,64.9,72.08,Good
STU3524,CSE,4,Male,Hostel,Morning,Visual,Poor,High,Good,No,Yes,Not Started,196,90,0,429,80.9,74.3,7.02,0,41,3,4,1,3.0,101,1098,65.17,73.69,Good
STU3525,CSE,6,Male,Day Scholar,Night,Visual,Good,Low,Average,No,Yes,Not Started,180,192,286,481,91.5,84.0,7.72,0,39,2,2,1,2.0,316,1262,94.19,86.33,Excellent
STU3526,CSE,5,Female,Hostel,Night,Auditory,Good,Low,Poor,No,No,Not Started,249,100,172,101,92.6,77.6,7.97,0,39,4,3,1,3.0,0,841,68.75,82.71,Good
STU3527,ECE,7,Male,Day Scholar,Afternoon,Auditory,Poor,High,Good,No,No,In Progress,240,19,263,454,88.0,75.0,6.58,0,38,3,2,2,1.0,281,1219,65.84,79.41,Good
STU3528,IT,2,Male,Day Scholar,Night,Auditory,Poor,Medium,Average,No,Yes,Not Started,177,252,175,407,86.9,64.2,6.34,1,32,4,0,0,1.0,101,973,66.25,73.92,Good
STU3529,ECE,1,Female,Hostel,Morning,Auditory,Poor,Medium,Good,No,No,Not Started,59,182,119,180,90.6,62.8,6.43,2,31,1,0,0,1.0,21,911,43.53,68.86,Average
STU3530,CSE-AIML,6,Male,Day Scholar,Night,Visual,Average,Medium,Good,No,No,Not Started,131,178,134,595,94.8,77.3,8.64,0,39,7,0,0,2.0,312,1331,85.75,87.74,Excellent
STU3531,CSE,5,Male,Hostel,Afternoon,Kinesthetic,Good,Low,Average,No,No,Not Started,138,211,33,564,62.4,70.0,7.1,0,34,3,0,3,2.0,291,1040,81.62,75.86,Good
STU3532,IT,2,Male,Hostel,Night,Auditory,Average,Medium,Poor,No,Yes,Not Started,325,77,141,233,72.7,71.9,6.78,1,36,2,0,0,3.0,24,935,65.63,76.28,Good
STU3533,CSE,6,Male,Day Scholar,Morning,Auditory,Good,Low,Good,Yes,Yes,In Progress,171,321,131,194,75.4,60.9,6.4,1,32,5,4,0,4.0,114,1058,82.49,71.9,Good
STU3534,CSE,4,Female,Hostel,Morning,Kinesthetic,Average,High,Average,No,No,Not Started,272,131,176,237,69.1,70.8,7.17,0,35,1,1,1,2.0,54,1089,65.01,75.67,Good
STU3535,CSE,4,Female,Day Scholar,Morning,Visual,Average,Medium,Poor,No,No,Not Started,198,296,98,305,77.0,73.2,7.81,1,36,4,1,0,5.0,122,1081,59.76,76.46,Good
STU3536,CSE,5,Female,Hostel,Morning,Kinesthetic,Poor,High,Good,No,Yes,Not Started,173,218,33,0,84.7,66.4,7.41,0,35,3,0,2,0.0,0,797,49.65,79.59,Good
STU3537,CSE,7,Female,Hostel,Night,Visual,Average,Medium,Good,No,No,In Progress,138,219,119,152,79.6,61.0,5.96,3,28,8,2,1,4.0,110,866,71.2,65.09,Average
STU3538,CSE,8,Male,Day Scholar,Morning,Visual,Good,Medium,Average,No,Yes,Placed,226,192,35,324,78.9,72.5,7.57,1,41,8,5,1,2.0,319,1084,93.59,83.74,Good
STU3539,CSE-DS,2,Female,Hostel,Night,Visual,Poor,Medium,Average,No,Yes,Not Started,88,344,29,511,92.6,68.3,7.87,0,30,3,0,0,1.0,40,953,58.92,80.04,Good
STU3540,CSE,4,Female,Hostel,Morning,Visual,Good,Medium,Poor,No,Yes,Not Started,177,374,0,133,87.2,73.9,8.23,0,37,2,4,0,0.0,112,1310,59.7,83.89,Good
STU3541,CSE,8,Female,Hostel,Night,Visual,Good,Low,Average,No,No,In Progress,189,363,106,62,77.2,70.6,6.68,0,37,2,2,1,3.0,74,1037,68.18,75.86,Good
STU3542,IT,5,Female,Day Scholar,Night,Auditory,Poor,High,Average,Yes,No,Not Started,198,213,132,312,75.5,74.8,6.82,1,34,5,2,1,2.0,231,856,56.8,70.45,Good
STU3543,CSE,4,Female,Hostel,Night,Visual,Average,Medium,Average,No,Yes,Not Started,104,241,65,149,73.7,67.9,7.28,0,35,3,1,2,3.0,29,887,67.65,75.38,Good
STU3544,CSE,4,Female,Day Scholar,Night,Auditory,Average,Medium,Good,No,No,Not Started,145,145,157,397,100.0,69.7,6.76,0,38,1,1,0,2.0,188,1043,66.72,83.7,Good
STU3545,IT,6,Male,Hostel,Night,Visual,Good,Low,Average,No,No,In Progress,208,178,110,273,69.6,68.2,7.54,0,38,4,0,2,3.0,232,1182,79.97,81.36,Good
STU3546,CSE,8,Female,Day Scholar,Night,Auditory,Good,Low,Poor,No,No,Placed,200,94,85,121,86.9,70.8,6.35,0,32,8,4,2,5.0,106,1197,76.44,72.46,Good
STU3547,CSE,6,Male,Day Scholar,Afternoon,Kinesthetic,Poor,Medium,Good,No,Yes,In Progress,293,168,228,309,57.5,66.3,6.27,1,38,6,1,0,4.0,236,1276,82.23,73.31,Good
STU3548,CSE-AIML,4,Male,Hostel,Night,Kinesthetic,Poor,High,Good,No,No,Not Started,161,275,58,560,75.8,76.5,7.54,0,38,5,1,1,3.0,194,1027,62.63,81.09,Good
STU3549,CSE,8,Male,Hostel,Night,Auditory,Average,Medium,Average,No,No,Placed,74,228,87,89,60.8,58.9,5.41,0,29,5,0,1,5.0,87,1341,65.82,66.37,Average
STU3550,CSE-AIML,3,Male,Day Scholar,Morning,Visual,Good,Low,Good,No,No,Not Started,138,174,150,341,75.4,65.1,6.0,0,28,4,1,0,1.0,81,858,81.0,70.77,Good
STU3551,IT,8,Male,Day Scholar,Night,Auditory,Average,Low,Good,No,No,In Progress,85,352,193,176,87.0,67.5,6.43,0,33,7,2,1,5.0,97,846,72.66,77.96,Good
STU3552,CSE,6,Male,Hostel,Morning,Auditory,Average,High,Good,No,No,Not Started,322,123,14,227,71.4,66.8,7.13,0,33,3,3,1,5.0,141,1352,64.62,74.86,Good
STU3553,CSE-AIML,2,Female,Day Scholar,Night,Visual,Average,Medium,Good,No,No,Not Started,252,242,132,202,67.6,65.9,6.44,3,28,6,2,0,2.0,39,923,75.7,64.81,Average
STU3554,CSE-AIML,5,Female,Day Scholar,Afternoon,Kinesthetic,Poor,High,Average,No,No,Not Started,212,526,113,35,92.3,70.3,7.28,0,29,5,2,1,2.0,122,1143,48.56,78.19,Good
STU3555,CSE,5,Other,Day Scholar,Night,Auditory,Poor,Low,Good,No,Yes,Not Started,215,421,189,529,88.1,72.5,8.44,0,34,3,0,2,4.0,232,923,79.67,81.31,Good
STU3556,CSE-DS,7,Male,Day Scholar,Night,Kinesthetic,Poor,High,Good,No,Yes,In Progress,173,176,57,483,83.0,69.4,7.6,2,32,3,4,1,3.0,408,1002,66.69,77.84,Good
STU3557,CSE,2,Female,Hostel,Night,Kinesthetic,Poor,High,Good,No,No,Not Started,57,386,122,0,58.8,46.4,4.89,1,19,0,0,0,0.0,0,1220,35.93,55.15,Average
STU3558,CSE-AIML,2,Female,Day Scholar,Night,Kinesthetic,Average,High,Good,No,No,Not Started,140,164,282,204,86.6,75.0,6.77,0,38,1,2,0,1.0,30,907,54.52,76.26,Good
STU3559,CSE,2,Male,Hostel,Night,Auditory,Good,Low,Good,No,Yes,Not Started,0,291,78,246,92.7,72.2,7.03,0,41,0,3,0,2.0,135,845,62.48,82.38,Good
STU3560,CSE-AIML,7,Female,Hostel,Afternoon,Auditory,Good,Medium,Good,Yes,Yes,In Progress,242,453,231,565,75.8,67.6,7.18,0,36,8,0,2,4.0,299,1209,100.0,77.74,Good
STU3561,CSE,2,Female,Hostel,Afternoon,Visual,Poor,Medium,Good,No,Yes,Not Started,192,202,84,0,61.3,66.3,6.47,4,31,2,0,0,3.0,72,896,53.45,64.86,Average
STU3562,IT,1,Male,Hostel,Afternoon,Visual,Good,Medium,Good,Yes,Yes,Not Started,186,334,107,385,81.0,69.4,6.53,0,36,2,0,0,0.0,75,1314,80.55,76.16,Good
STU3563,CSE,7,Female,Hostel,Morning,Auditory,Average,Medium,Poor,No,Yes,In Progress,115,221,81,99,93.4,77.5,8.66,0,40,8,2,4,0.0,105,1058,67.36,86.16,Excellent
STU3564,CSE-AIML,5,Female,Hostel,Afternoon,Visual,Average,Medium,Good,No,Yes,Not Started,171,172,18,491,86.1,77.8,7.16,0,35,2,1,0,2.0,240,1157,76.16,75.9,Good
STU3565,CSE-AIML,1,Male,Hostel,Night,Kinesthetic,Poor,High,Good,No,No,Not Started,234,318,19,367,77.0,84.3,8.34,0,41,0,1,0,1.0,87,1229,52.57,83.27,Good
STU3566,CSE-DS,7,Male,Day Scholar,Night,Kinesthetic,Average,Medium,Average,No,Yes,In Progress,215,303,185,123,84.8,70.4,6.8,0,35,6,2,2,4.0,205,1358,79.07,79.43,Good
STU3567,CSE-AIML,4,Male,Hostel,Night,Auditory,Good,Medium,Average,No,No,Not Started,81,80,69,213,94.8,67.8,6.25,2,37,1,2,1,3.0,42,1170,68.76,74.94,Good
STU3568,CSE-DS,4,Male,Hostel,Afternoon,Kinesthetic,Average,Medium,Good,No,No,Not Started,117,202,48,296,75.5,69.7,7.84,0,33,3,2,0,3.0,20,873,69.28,81.15,Good
STU3569,IT,5,Male,Hostel,Afternoon,Auditory,Average,Medium,Good,No,No,Not Started,239,99,53,14,90.2,68.4,6.31,2,33,3,2,2,1.0,35,979,67.16,73.33,Good
STU3570,IT,4,Male,Hostel,Night,Auditory,Poor,Medium,Good,No,No,Not Started,156,39,0,504,78.8,73.1,6.88,0,39,1,1,0,4.0,237,1168,59.06,74.7,Good
STU3571,CSE,2,Male,Hostel,Morning,Auditory,Poor,Medium,Good,No,Yes,Not Started,342,220,57,108,90.7,83.9,8.97,0,38,2,0,0,2.0,15,948,61.53,83.2,Good
STU3572,CSE-AIML,7,Female,Hostel,Morning,Kinesthetic,Good,Medium,Good,No,Yes,In Progress,93,280,99,294,81.2,72.7,7.39,0,29,6,0,1,3.0,107,1044,83.1,78.97,Good
STU3573,IT,1,Male,Day Scholar,,Auditory,Good,Low,Good,No,No,Not Started,162,357,23,196,70.1,59.6,5.46,3,25,0,1,0,1.0,6,795,68.52,59.5,Average
STU3574,ECE,2,Male,Day Scholar,Morning,Auditory,Average,Medium,Good,No,Yes,Not Started,146,55,150,118,52.3,59.2,5.89,4,32,3,2,0,0.0,57,1012,69.51,59.79,Average
STU3575,IT,4,Male,Day Scholar,Morning,Visual,Poor,High,Good,No,No,Not Started,160,102,105,202,75.3,69.4,6.48,0,40,7,3,1,0.0,46,1111,63.16,75.25,Good
STU3576,CSE,6,Male,Hostel,Morning,Kinesthetic,Average,Medium,Good,No,No,In Progress,91,415,47,432,82.6,72.1,7.15,0,35,2,2,1,3.0,243,1074,63.49,76.3,Good
STU3577,CSE,8,Male,Hostel,Morning,Auditory,Poor,High,Good,No,No,Placed,13,148,136,108,91.1,64.4,6.32,2,32,6,1,1,5.0,7,1252,47.64,71.05,Good
STU3578,CSE-AIML,1,Male,Hostel,Night,Visual,Poor,Medium,Good,No,No,Not Started,231,68,119,195,65.3,64.8,5.85,1,32,1,0,0,0.0,53,939,53.99,64.68,Average
STU3579,CSE-DS,2,Male,Day Scholar,Morning,Auditory,Good,Low,Good,No,Yes,Not Started,314,444,192,626,72.5,68.5,7.02,0,34,4,0,0,0.0,67,1047,99.92,79.32,Good
STU3580,CSE-AIML,7,Female,Hostel,Afternoon,Kinesthetic,Average,Medium,Average,No,Yes,In Progress,138,223,0,141,66.5,67.3,6.35,2,31,8,3,2,6.0,129,989,77.53,69.74,Average
STU3581,CSE-AIML,5,Other,Hostel,Night,Visual,Poor,High,Good,No,Yes,Not Started,205,183,274,311,62.3,64.3,5.41,1,33,5,3,4,5.0,53,1162,59.91,64.11,Average
STU3582,IT,2,Male,Hostel,Night,Visual,Average,High,Good,No,No,Not Started,165,156,95,433,94.7,73.0,7.59,0,35,1,1,0,1.0,136,1078,62.76,80.44,Good
STU3583,CSE,6,Male,Hostel,Afternoon,Auditory,Average,Medium,Good,No,No,Not Started,164,124,200,318,83.6,74.0,7.42,0,33,7,0,3,3.0,188,1231,76.27,80.31,Good
STU3584,IT,4,Female,Day Scholar,Night,Auditory,Good,Low,Good,No,No,Not Started,124,223,7,0,100.0,80.8,7.46,2,39,6,1,1,4.0,39,1200,70.24,81.1,Good
STU3585,CSE-AIML,1,Female,Day Scholar,Afternoon,Kinesthetic,Poor,Low,Good,No,No,Not Started,242,280,119,375,72.8,63.7,6.69,0,32,1,2,0,0.0,113,1184,66.71,76.04,Good
STU3586,CSE,5,Male,Day Scholar,Morning,Kinesthetic,Poor,Medium,Good,No,No,Not Started,202,292,81,141,90.2,72.3,7.61,0,36,4,0,2,1.0,70,1124,52.45,81.24,Good
STU3587,CSE-AIML,1,Female,Hostel,Night,Auditory,Good,Medium,Average,No,Yes,Not Started,120,24,161,381,65.6,73.8,7.38,0,33,0,0,0,0.0,65,1185,75.65,74.19,Good
STU3588,IT,5,Female,Day Scholar,Night,Visual,Average,Medium,Average,No,No,Not Started,250,422,265,268,94.7,80.5,8.29,0,42,5,0,3,0.0,74,1340,72.95,89.61,Excellent
STU3589,CSE,8,Male,Day Scholar,Afternoon,Kinesthetic,Average,High,Average,No,Yes,Placed,308,220,125,236,68.8,66.9,6.03,0,31,4,3,5,4.0,208,880,76.28,73.7,Good
STU3590,CSE,7,Female,Day Scholar,Night,Kinesthetic,Poor,Medium,Average,No,No,Placed,285,282,67,721,75.8,66.6,7.0,0,34,8,2,1,3.0,540,1163,95.65,80.2,Good
STU3591,ECE,1,Female,Hostel,Night,Visual,Good,Low,Average,No,No,Not Started,166,332,125,250,80.4,66.7,6.67,0,32,1,0,0,0.0,0,706,67.92,73.85,Good
STU3592,CSE,4,Female,Hostel,Morning,Auditory,Average,Medium,Good,Yes,Yes,Not Started,103,195,0,267,88.8,64.1,7.19,1,35,6,1,0,0.0,74,1297,76.92,80.81,Good
STU3593,CSE-AIML,7,Male,Day Scholar,Morning,Kinesthetic,Average,High,Good,No,No,In Progress,101,299,77,358,90.5,70.1,6.07,2,33,2,3,1,5.0,108,1045,54.85,75.39,Good
STU3594,CSE-AIML,7,Male,Hostel,Afternoon,Visual,Good,Medium,Good,No,No,Placed,137,256,0,38,89.4,63.2,6.19,1,34,7,3,1,5.0,97,1113,72.72,79.19,Good
STU3595,CSE-AIML,8,Male,Day Scholar,Night,Kinesthetic,Good,Low,Average,No,Yes,Placed,143,205,215,245,88.7,70.7,6.55,1,32,4,0,2,7.0,248,1271,84.55,79.79,Good
STU3596,CSE-DS,5,Male,Day Scholar,Morning,Visual,Average,Medium,Average,No,No,Not Started,258,250,201,302,89.2,76.7,7.35,2,34,3,2,0,2.0,165,1276,68.16,74.37,Good
STU3597,CSE,3,Female,Hostel,Night,Kinesthetic,Average,Medium,Average,Yes,No,Not Started,11,173,180,342,79.4,55.2,5.48,2,23,1,3,0,1.0,66,775,56.85,57.89,Average
STU3598,CSE-AIML,1,Female,Hostel,Morning,Auditory,Good,Low,Good,No,No,Not Started,174,140,37,214,89.4,66.6,6.41,2,34,1,1,0,0.0,90,1015,67.22,72.48,Good
STU3599,CSE,1,Female,Hostel,Afternoon,Visual,Average,Medium,Average,No,No,Not Started,133,257,0,62,76.7,79.8,7.55,0,40,2,0,0,0.0,92,874,54.92,77.11,Good
STU3600,CSE-DS,2,Other,Day Scholar,Night,Kinesthetic,Average,Medium,Average,Yes,No,Not Started,115,259,214,422,78.2,69.5,6.53,0,34,1,0,0,1.0,53,1011,59.65,69.82,Average
STU3601,CSE,5,Male,Day Scholar,Night,Kinesthetic,Average,Low,Average,No,No,Not Started,226,271,371,487,78.8,73.6,8.17,0,40,3,0,1,3.0,266,870,81.1,85.69,Excellent
STU3602,CSE-AIML,6,Female,Hostel,Morning,Visual,Good,Medium,Good,No,Yes,In Progress,120,411,183,139,71.8,63.0,6.4,5,30,8,1,1,7.0,58,983,82.14,63.3,Average
STU3603,CSE,3,Female,Hostel,Afternoon,Visual,Good,Low,Good,No,Yes,Not Started,167,276,271,532,89.2,72.5,6.37,2,41,2,0,0,1.0,159,1129,87.36,79.46,Good
STU3604,CSE,4,Male,Hostel,Night,Auditory,Average,Medium,Average,No,No,Not Started,257,197,139,283,90.9,81.2,7.68,0,44,4,1,1,1.0,150,1125,74.62,86.87,Excellent
STU3605,CSE,2,Female,Day Scholar,Morning,Visual,Average,Medium,Average,No,No,Not Started,154,265,90,109,83.9,64.7,6.69,0,32,2,0,0,1.0,0,1303,60.38,73.6,Good
STU3606,CSE,8,Male,Hostel,Morning,Kinesthetic,Good,Medium,Average,No,No,Placed,292,510,290,293,65.2,65.1,6.4,0,34,8,1,0,3.0,255,977,91.09,76.82,Good
STU3607,IT,3,Female,Hostel,Night,Auditory,Average,Medium,Good,Yes,No,Not Started,108,106,114,51,94.7,71.2,7.18,0,39,2,1,0,4.0,40,737,56.76,77.2,Good
STU3608,CSE,5,Male,Day Scholar,Night,Visual,Average,Low,Good,No,No,Not Started,0,446,218,422,76.7,58.9,6.22,3,28,5,2,0,2.0,277,1194,75.56,67.19,Average
STU3609,ECE,3,Male,Hostel,Morning,Kinesthetic,Poor,High,Average,No,Yes,Not Started,224,290,105,360,88.4,69.6,6.08,4,34,2,1,1,1.0,164,683,59.79,69.81,Average
STU3610,ECE,8,Female,Hostel,Night,Visual,Average,Low,Average,No,Yes,Placed,208,249,90,87,88.3,85.8,8.87,0,42,5,1,4,3.0,106,1250,78.51,89.36,Excellent
STU3611,CSE-AIML,7,Female,Hostel,Night,Kinesthetic,Poor,Medium,Average,No,No,In Progress,271,205,99,56,98.6,83.5,8.89,0,39,6,2,3,4.0,0,1056,62.3,93.61,Excellent
STU3612,CSE,1,Male,Hostel,Morning,Kinesthetic,Good,Medium,Good,No,No,Not Started,218,190,161,0,83.4,72.6,6.47,1,30,0,0,0,1.0,16,958,61.47,73.52,Good
STU3613,CSE,7,Male,Hostel,Night,Auditory,Poor,Medium,Good,No,Yes,In Progress,314,36,78,221,84.2,78.7,7.97,0,41,2,2,1,5.0,136,806,63.44,83.21,Good
STU3614,IT,1,Male,Day Scholar,Morning,Auditory,Good,Low,Poor,No,No,Not Started,208,260,327,182,100.0,69.0,5.71,3,39,0,0,0,0.0,61,986,61.14,69.04,Average
STU3615,CSE,2,Female,Day Scholar,Morning,Visual,Poor,Low,Good,No,No,Not Started,271,346,150,242,74.9,73.4,7.46,0,32,0,0,0,0.0,63,695,52.93,75.51,Good
STU3616,CSE,8,Female,Day Scholar,Morning,Auditory,Good,Medium,Good,Yes,Yes,Placed,255,222,102,160,97.7,72.7,7.42,0,38,8,2,2,2.0,185,1257,91.02,86.23,Excellent
STU3617,CSE-AIML,5,Female,Day Scholar,Afternoon,Visual,Average,Low,Good,No,No,Not Started,127,186,52,506,88.8,72.8,6.76,0,34,1,1,0,1.0,352,1126,71.06,78.32,Good
STU3618,IT,5,Male,Hostel,Night,Auditory,Average,High,Good,No,No,Not Started,139,150,178,157,97.4,68.5,6.62,0,37,7,2,1,3.0,95,1153,66.46,82.78,Good
STU3619,IT,3,Female,Hostel,Morning,Auditory,Average,Low,Poor,No,No,Not Started,158,248,0,553,63.8,66.7,6.57,0,30,3,2,0,4.0,164,1134,74.69,71.28,Good
STU3620,CSE,2,Male,Hostel,Night,Visual,Average,Medium,,No,No,Not Started,374,309,100,201,72.4,76.7,7.67,0,41,4,3,0,1.0,0,994,76.49,79.05,Good
STU3621,CSE-DS,5,Female,Day Scholar,Afternoon,Auditory,Poor,Medium,Good,Yes,Yes,Not Started,129,363,198,157,70.7,65.1,6.27,2,32,3,1,4,2.0,103,857,61.74,66.18,Average
STU3622,CSE,6,Male,Day Scholar,Morning,Auditory,Average,Medium,Good,No,No,In Progress,218,14,6,211,67.7,67.3,7.27,0,40,5,3,2,1.0,212,903,72.72,77.32,Good
STU3623,CSE,6,Male,Hostel,Night,Auditory,Average,Medium,Good,No,Yes,Not Started,189,183,158,226,93.3,79.5,8.12,0,38,2,4,0,5.0,171,822,69.15,87.24,Excellent
STU3624,IT,7,Female,Hostel,Night,Auditory,Good,Medium,Average,No,Yes,In Progress,200,326,169,742,81.6,72.3,6.91,0,33,9,2,1,3.0,510,1259,100.0,82.15,Good
STU3625,CSE,1,Male,Hostel,Night,Visual,Average,Low,Average,No,No,Not Started,185,98,91,0,62.8,66.5,7.18,0,26,2,0,0,1.0,0,808,65.42,74.76,Good
STU3626,CSE,3,Female,Hostel,Night,Kinesthetic,Average,Medium,Good,No,Yes,Not Started,147,218,134,542,61.6,62.9,6.53,0,36,0,1,1,1.0,102,1292,72.13,71.79,Good
STU3627,CSE,4,Female,Day Scholar,Afternoon,Visual,Average,Low,Good,No,No,Not Started,78,331,111,388,81.1,60.6,5.46,1,34,2,0,0,,230,1232,66.84,70.64,Good
STU3628,IT,8,Male,Hostel,Night,Visual,Average,Medium,Good,No,No,Placed,95,229,28,259,84.5,75.1,7.53,2,35,5,1,2,6.0,246,1354,75.28,76.6,Good
STU3629,IT,1,Male,Day Scholar,Morning,Visual,Poor,High,Poor,No,No,Not Started,247,247,290,44,62.4,69.1,7.2,2,33,0,1,0,0.0,24,916,37.95,67.73,Average
STU3630,CSE-DS,2,Female,Hostel,,Auditory,Average,Low,Poor,No,No,Not Started,222,102,162,573,73.7,66.3,7.08,0,31,1,1,0,1.0,70,1037,66.64,74.08,Good
STU3631,IT,5,Female,Day Scholar,Night,Auditory,Average,Medium,Good,Yes,Yes,Not Started,198,175,109,21,100.0,76.1,8.51,0,35,8,0,2,0.0,50,920,81.18,82.78,Good
STU3632,CSE,1,Male,Day Scholar,Morning,Kinesthetic,Poor,Low,Average,No,Yes,Not Started,342,275,116,364,85.6,77.3,8.3,0,35,0,0,0,1.0,33,893,73.52,83.79,Good
STU3633,CSE-AIML,4,Male,Day Scholar,Afternoon,Auditory,Average,High,Average,No,Yes,Not Started,400,332,208,110,70.6,66.5,6.51,1,35,4,1,0,1.0,78,1222,76.11,73.0,Good
STU3634,CSE,4,Female,Hostel,Night,Kinesthetic,Poor,Medium,Good,No,No,Not Started,95,196,0,522,87.5,72.9,6.31,1,30,5,2,1,2.0,104,986,65.48,76.87,Good
STU3635,CSE,6,Female,Hostel,Night,Kinesthetic,Good,Low,Average,No,No,Not Started,307,381,102,136,79.7,83.3,8.66,0,41,2,1,1,4.0,82,1146,76.57,84.22,Good
STU3636,CSE-AIML,2,Male,Hostel,Morning,Auditory,Good,Medium,Good,No,Yes,Not Started,72,242,0,386,74.3,67.8,6.67,0,32,3,0,0,4.0,89,1059,75.34,79.69,Good
STU3637,ECE,1,Male,Hostel,Night,Kinesthetic,Poor,Medium,Average,No,No,Not Started,140,238,195,226,73.7,60.2,6.48,1,33,1,0,0,1.0,61,1046,50.34,73.72,Good
STU3638,CSE,3,Female,Day Scholar,Night,Visual,Average,Medium,Good,No,Yes,Not Started,194,409,195,122,71.1,61.3,6.16,1,33,7,1,0,2.0,0,1016,76.95,71.2,Good
STU3639,CSE,1,Female,Day Scholar,Morning,Visual,Good,Low,Average,No,No,Not Started,255,0,89,0,85.8,70.5,6.5,2,37,0,1,0,1.0,0,1117,67.49,74.04,Good
STU3640,CSE,6,Other,Hostel,Morning,Visual,Average,Medium,Average,No,Yes,Not Started,66,0,166,490,81.7,73.1,7.07,1,36,4,2,2,3.0,293,1005,75.79,80.49,Good
STU3641,CSE,7,Female,Hostel,Night,Kinesthetic,Average,Medium,Good,No,Yes,In Progress,187,345,160,401,75.0,74.4,7.59,0,35,7,0,0,2.0,303,1087,81.25,81.85,Good
STU3642,ECE,4,Female,Hostel,Morning,Kinesthetic,Average,Medium,Good,No,Yes,Not Started,190,207,284,160,90.4,65.1,6.52,0,29,2,1,1,0.0,65,962,63.21,80.11,Good
STU3643,CSE-AIML,2,Male,Day Scholar,Morning,Visual,Average,Low,Average,No,Yes,Not Started,48,295,176,220,85.6,66.3,6.36,5,38,2,1,0,2.0,0,1026,67.75,66.32,Average
STU3644,CSE-AIML,2,Female,Day Scholar,Night,Auditory,Average,High,Poor,No,No,Not Started,219,242,6,34,69.8,65.5,6.63,0,35,0,0,0,2.0,94,1059,42.0,79.19,Good
STU3645,IT,3,Male,Hostel,Night,Visual,Good,Low,Good,No,Yes,Not Started,168,296,47,120,79.1,67.4,6.7,0,33,0,1,0,,83,932,73.7,77.76,Good
STU3646,CSE,2,Female,Hostel,Night,Auditory,Average,Medium,,No,Yes,Not Started,231,322,131,312,85.7,63.3,6.09,1,32,0,0,0,0.0,152,1182,74.54,75.18,Good
STU3647,CSE-AIML,6,Male,Day Scholar,Afternoon,Auditory,Good,Medium,Average,Yes,No,In Progress,137,366,0,75,89.2,71.3,7.54,1,33,4,1,1,4.0,27,1163,70.92,75.28,Good
STU3648,CSE-AIML,6,Male,Day Scholar,Night,Kinesthetic,Average,Medium,Poor,Yes,No,Not Started,146,291,236,290,70.0,61.5,6.55,0,32,3,1,0,3.0,92,1540,55.19,70.64,Good
STU3649,CSE-AIML,6,Female,Hostel,,Kinesthetic,Average,Medium,Good,No,Yes,Not Started,385,377,156,434,70.2,72.1,7.39,0,35,9,3,2,5.0,261,1061,100.0,79.81,Good
STU3650,ECE,2,Female,Day Scholar,Morning,Auditory,Good,Medium,Average,No,No,Not Started,109,176,0,333,73.9,66.4,6.48,5,31,1,0,0,0.0,50,1043,71.26,62.0,Average
STU3651,IT,2,Male,Day Scholar,Night,Auditory,Average,Medium,Average,No,No,Not Started,163,292,116,26,94.1,76.9,7.96,0,38,1,1,0,0.0,0,958,55.98,82.92,Good
STU3652,CSE,6,Female,Hostel,Night,Auditory,Poor,Medium,Good,No,No,Not Started,133,71,382,294,75.3,57.4,5.41,4,26,1,2,3,2.0,232,1160,56.42,59.19,Average
STU3653,IT,2,Male,Hostel,Night,Kinesthetic,Poor,High,Good,No,Yes,Not Started,192,157,68,628,67.7,59.7,6.5,4,26,0,0,0,1.0,108,1232,56.64,62.15,Average
STU3654,CSE,8,Male,Hostel,Night,Visual,Good,Medium,Average,No,No,In Progress,206,323,0,589,93.3,76.5,7.8,0,36,5,3,0,6.0,414,1338,88.64,88.03,Excellent
STU3655,CSE,2,Female,Hostel,Morning,Auditory,Good,Low,Good,No,Yes,Not Started,289,333,65,238,65.7,68.1,6.98,1,32,1,1,0,0.0,0,1345,85.14,75.3,Good
STU3656,CSE,8,Male,Hostel,Night,Kinesthetic,Average,Low,Good,No,No,Placed,130,218,0,202,76.8,61.6,6.74,1,25,7,0,2,1.0,115,1068,77.23,73.34,Good
STU3657,CSE,4,Female,Hostel,Night,Visual,Average,Low,,No,No,Not Started,157,383,147,459,64.0,62.4,6.19,1,32,2,0,0,3.0,168,1110,75.03,71.02,Good
STU3658,CSE-AIML,1,Male,Hostel,Night,Kinesthetic,Poor,High,Good,No,No,Not Started,202,42,16,214,85.5,73.6,7.55,0,42,1,0,0,0.0,0,746,52.07,80.66,Good
STU3659,CSE-DS,5,Female,Hostel,Night,Visual,Poor,High,Good,Yes,Yes,Not Started,18,362,185,0,80.0,66.9,6.43,0,33,8,2,1,3.0,51,1180,51.01,72.46,Good
STU3660,ECE,8,Female,Hostel,Morning,Kinesthetic,Good,Low,Average,No,No,In Progress,285,218,144,397,85.6,69.4,6.42,1,32,7,1,2,4.0,343,1139,96.59,78.48,Good
STU3661,CSE-AIML,8,Male,Hostel,Morning,Visual,Average,Medium,Good,No,No,Placed,0,14,54,135,72.7,60.9,6.45,1,28,3,3,1,2.0,74,942,56.79,67.24,Average
STU3662,CSE-AIML,2,Male,Day Scholar,Morning,Auditory,Good,Low,,Yes,Yes,Not Started,244,118,0,211,100.0,75.2,7.29,0,37,1,0,0,1.0,44,1017,81.18,81.97,Good
STU3663,CSE,5,Female,Day Scholar,Night,Kinesthetic,Poor,High,Good,No,No,Not Started,492,182,150,302,78.2,88.9,8.58,0,38,5,0,0,5.0,91,1287,75.1,86.39,Excellent
STU3664,CSE,7,Female,Hostel,Morning,Visual,Good,Low,Good,No,Yes,Placed,234,115,128,178,90.1,69.5,6.75,1,30,2,3,1,6.0,163,1232,81.49,77.28,Good
STU3665,CSE-AIML,5,Male,Hostel,Night,Visual,Average,Medium,Poor,No,Yes,Not Started,243,121,0,443,79.7,68.7,7.41,0,33,4,3,0,1.0,262,1209,69.45,78.96,Good
STU3666,CSE-AIML,4,Male,Day Scholar,Afternoon,Visual,Good,Low,Average,No,Yes,Not Started,189,302,40,440,76.7,67.9,6.49,2,36,1,0,0,1.0,196,1027,85.64,74.23,Good
STU3667,IT,8,Male,Hostel,Afternoon,Auditory,Good,Medium,Average,No,No,In Progress,104,172,0,442,84.3,67.9,7.62,0,34,3,2,1,5.0,321,1103,79.62,79.92,Good
STU3668,CSE,2,Male,Day Scholar,Morning,Kinesthetic,Good,Low,Good,No,Yes,Not Started,251,0,28,557,100.0,72.8,6.57,0,38,2,0,0,1.0,120,1265,89.7,84.92,Good
STU3669,CSE,6,Male,Hostel,Night,Visual,Average,Medium,Good,No,No,Not Started,53,274,95,284,84.1,70.5,7.38,0,35,4,2,2,7.0,193,984,65.97,79.0,Good
STU3670,CSE-AIML,5,Male,Day Scholar,Night,Auditory,Poor,Medium,Good,No,No,Not Started,73,164,54,148,74.6,65.4,6.27,0,32,2,1,1,1.0,30,959,42.08,70.65,Good
STU3671,CSE,2,Female,Hostel,Night,Auditory,Average,Medium,Average,Yes,No,Not Started,139,403,0,106,93.1,81.6,7.89,0,40,0,2,0,1.0,38,920,55.96,80.94,Good
STU3672,CSE,3,Female,Day Scholar,Night,Auditory,Poor,Low,Good,No,No,Not Started,227,149,153,88,59.0,67.7,6.89,0,32,1,0,1,4.0,86,1342,52.37,72.08,Good
STU3673,CSE-DS,7,Female,Day Scholar,Morning,Auditory,Poor,Medium,Good,No,Yes,In Progress,68,30,171,6,100.0,73.3,6.99,0,35,3,2,0,5.0,0,946,48.23,76.93,Good
STU3674,CSE,6,Female,Day Scholar,Morning,Auditory,Poor,High,Good,Yes,Yes,Not Started,240,208,193,88,88.0,68.7,6.51,1,34,5,2,0,3.0,52,948,55.6,73.09,Good
STU3675,CSE-DS,3,Female,Day Scholar,Night,Auditory,Average,Medium,Average,No,Yes,Not Started,219,111,284,404,71.0,68.4,7.3,0,31,0,3,0,5.0,102,1096,68.69,74.87,Good
STU3676,CSE,3,Female,Hostel,Night,Auditory,Average,Medium,Good,Yes,No,Not Started,187,121,160,268,72.8,71.4,6.51,0,31,4,0,0,2.0,0,1055,67.92,70.56,Good
STU3677,CSE,5,Female,Hostel,Morning,Kinesthetic,Average,Medium,Good,Yes,No,Not Started,29,202,18,440,84.4,67.2,5.69,3,33,2,1,1,1.0,219,863,61.76,67.54,Average
STU3678,CSE,3,Female,Hostel,Night,Kinesthetic,Average,Medium,Average,No,Yes,Not Started,262,220,58,19,60.4,71.1,7.18,0,33,4,1,0,0.0,0,864,71.24,78.93,Good
STU3679,IT,4,Female,Hostel,Afternoon,Auditory,Poor,Medium,Average,Yes,No,Not Started,157,202,155,198,95.9,76.3,7.33,0,36,4,3,0,1.0,52,1294,59.25,76.17,Good
STU3680,CSE,4,Male,Hostel,Afternoon,Visual,Good,Low,Good,No,No,Not Started,173,212,157,870,93.4,77.6,7.5,0,39,6,1,1,2.0,429,823,100.0,85.87,Excellent
STU3681,IT,5,Female,Day Scholar,Morning,Visual,Average,Medium,Good,No,No,Not Started,135,311,30,571,90.5,66.9,6.21,3,28,4,0,1,2.0,203,938,77.86,69.36,Average
STU3682,CSE,2,Female,Day Scholar,Night,Visual,Poor,Low,Good,No,Yes,Not Started,39,215,206,773,76.7,65.4,5.77,1,29,0,1,0,0.0,117,1080,68.3,67.47,Average
STU3683,IT,1,Female,Hostel,Morning,Auditory,Good,Low,Good,No,Yes,Not Started,91,268,2,676,100.0,69.7,7.29,0,37,0,1,0,0.0,106,1123,82.45,84.91,Good
STU3684,CSE,2,Female,Hostel,Morning,Visual,Good,Low,Poor,No,No,Not Started,265,337,0,284,71.4,68.4,6.23,1,34,1,1,0,0.0,86,982,66.42,73.08,Good
STU3685,CSE-DS,2,Female,Hostel,Afternoon,Kinesthetic,Good,Low,Average,No,No,Not Started,323,168,176,350,75.1,62.5,6.46,0,30,0,0,0,2.0,146,1180,81.74,70.78,Good
STU3686,CSE-AIML,2,Other,Day Scholar,Morning,Kinesthetic,Average,Medium,Good,No,No,Not Started,229,239,50,320,66.0,75.8,7.9,1,37,0,0,0,1.0,37,931,67.31,76.67,Good
STU3687,ECE,2,Male,Hostel,Night,Kinesthetic,Average,Medium,Good,Yes,No,Not Started,247,250,64,187,83.3,64.8,6.31,3,32,1,1,0,0.0,40,1166,62.86,64.54,Average
STU3688,CSE,6,Female,Day Scholar,Morning,Kinesthetic,Poor,Medium,Good,No,Yes,Not Started,329,72,57,619,74.7,70.7,6.93,0,34,8,1,2,3.0,375,1059,85.09,83.04,Good
STU3689,CSE,1,Male,Day Scholar,Afternoon,Auditory,Average,High,Good,No,Yes,Not Started,326,0,133,519,85.4,75.0,7.46,1,36,1,0,0,0.0,100,1086,79.74,77.53,Good
STU3690,CSE,6,Female,Day Scholar,Night,Kinesthetic,Good,Low,Good,Yes,No,Not Started,233,245,82,548,100.0,84.1,8.81,0,40,6,0,0,8.0,284,1023,92.46,93.13,Excellent
STU3691,IT,3,Female,Hostel,Afternoon,Visual,Average,Low,Good,No,No,Not Started,126,113,117,56,93.3,67.3,6.92,0,29,1,1,0,1.0,0,966,57.52,78.47,Good
STU3692,CSE-AIML,7,Male,Hostel,Afternoon,Visual,Average,High,Average,No,No,In Progress,1,433,198,152,76.1,58.3,6.28,1,31,5,1,2,0.0,119,1263,57.45,69.35,Average
STU3693,IT,2,Male,Day Scholar,Afternoon,Kinesthetic,Average,Medium,Good,No,No,Not Started,185,324,68,351,80.5,74.8,7.07,0,38,2,0,0,2.0,117,1164,66.13,78.78,Good
STU3694,CSE,7,Female,Day Scholar,Night,Kinesthetic,Average,Medium,Average,No,No,In Progress,195,116,165,60,75.5,66.5,6.96,0,31,4,0,2,4.0,41,1052,66.9,76.6,Good
STU3695,CSE,4,Male,Day Scholar,Night,Kinesthetic,Average,Medium,Good,No,No,Not Started,415,24,271,295,91.8,74.8,7.26,0,34,2,2,0,3.0,64,1246,76.19,85.49,Excellent
STU3696,CSE,5,Male,Hostel,Morning,Visual,Average,Medium,Poor,No,Yes,Not Started,239,90,6,34,68.6,65.1,7.17,0,34,4,1,0,2.0,0,632,60.39,73.34,Good
STU3697,ECE,5,Female,Day Scholar,Night,Visual,Average,Low,Good,No,Yes,Not Started,198,252,249,46,100.0,81.3,8.81,0,41,4,2,0,2.0,56,1072,73.4,92.08,Excellent
STU3698,CSE-DS,6,Male,Hostel,Night,Kinesthetic,Average,High,Good,Yes,No,Not Started,100,203,24,620,86.2,71.8,6.41,1,37,8,2,0,5.0,461,1318,78.84,76.07,Good
STU3699,ECE,6,Male,Day Scholar,Night,Visual,Good,Low,Poor,No,No,Not Started,187,324,42,795,60.5,67.0,6.22,1,32,5,1,0,9.0,523,1511,92.87,67.08,Average
STU3700,CSE,4,Female,Day Scholar,Morning,Visual,Poor,Medium,Good,No,No,Not Started,292,112,0,489,78.9,77.8,7.32,0,39,1,2,1,2.0,259,1112,66.44,81.98,Good
STU3701,CSE-DS,2,Male,Day Scholar,Morning,Auditory,Good,Medium,Good,No,No,Not Started,161,296,62,176,56.5,65.7,6.48,0,41,2,1,0,0.0,89,699,69.07,76.21,Good
STU3702,CSE-DS,7,Male,Day Scholar,Night,Kinesthetic,Good,Medium,Good,No,Yes,In Progress,64,278,154,277,81.8,66.4,6.27,1,28,3,2,0,2.0,164,1014,75.05,73.06,Good
STU3703,CSE,8,Female,Hostel,Night,Kinesthetic,Average,High,Good,Yes,Yes,In Progress,102,391,189,401,76.4,71.7,6.44,0,33,12,5,3,6.0,281,1272,90.25,76.59,Good
STU3704,IT,7,Female,Day Scholar,Night,Auditory,Average,Low,Average,No,Yes,In Progress,57,262,213,448,60.4,56.9,6.03,4,31,9,0,0,7.0,324,1105,87.82,64.09,Average
STU3705,ECE,1,Female,Day Scholar,Morning,Auditory,Good,Medium,,No,No,Not Started,118,135,0,300,97.4,76.5,7.69,0,40,2,0,0,0.0,34,892,64.77,81.05,Good
STU3706,IT,3,Female,Hostel,Morning,Visual,Good,Medium,Average,No,Yes,Not Started,77,398,0,465,100.0,66.6,6.08,3,32,2,1,0,1.0,160,1031,81.23,72.19,Good
STU3707,CSE-DS,5,Female,Day Scholar,Night,Auditory,Good,Low,Good,No,Yes,Not Started,229,207,146,337,79.4,74.1,6.99,0,39,9,0,1,4.0,71,1202,100.0,88.5,Excellent
STU3708,CSE,3,Male,Hostel,Night,Kinesthetic,Good,Medium,Good,No,Yes,Not Started,241,190,170,120,78.3,75.5,6.76,0,41,2,1,0,3.0,60,1164,78.25,81.3,Good
STU3709,CSE,1,Male,Day Scholar,Morning,Kinesthetic,Average,Medium,Good,No,No,Not Started,315,254,217,391,81.8,73.5,6.45,0,37,0,2,0,0.0,29,822,65.16,77.14,Good
STU3710,ECE,6,Male,Hostel,Morning,Kinesthetic,Poor,Medium,Good,Yes,No,Not Started,175,384,152,532,80.1,79.0,6.86,0,46,6,2,1,4.0,332,1144,69.12,82.06,Good
STU3711,CSE,7,Male,Day Scholar,Afternoon,Visual,Poor,High,Good,No,Yes,Placed,173,367,0,374,76.5,67.2,5.97,0,30,3,4,2,4.0,339,969,66.0,72.14,Good
STU3712,CSE-DS,5,Female,Hostel,Night,Visual,Average,Medium,Good,No,Yes,Not Started,211,308,23,127,99.2,80.0,7.36,0,40,3,2,0,3.0,28,1160,70.71,82.9,Good
STU3713,CSE-DS,3,Female,Hostel,Night,Kinesthetic,Average,High,Good,No,No,Not Started,129,346,130,324,85.4,78.2,7.73,0,38,6,1,0,1.0,251,1344,65.0,82.52,Good
STU3714,CSE-DS,8,Male,Hostel,Night,Kinesthetic,Average,Medium,Good,No,No,Placed,78,289,0,171,81.1,73.7,7.02,0,34,6,2,1,6.0,105,1061,67.64,81.22,Good
STU3715,ECE,6,Female,Hostel,Night,Visual,Average,Medium,Average,No,No,Not Started,98,129,21,97,90.0,74.7,7.46,1,38,7,2,3,2.0,166,1054,71.17,81.62,Good
STU3716,CSE,1,Male,Day Scholar,Morning,Visual,Poor,High,Poor,No,Yes,Not Started,234,353,108,97,84.7,69.1,7.05,0,31,1,0,0,0.0,0,1072,40.2,74.17,Good
STU3717,CSE,8,Male,Hostel,Night,Auditory,Average,Low,Average,No,No,Placed,262,0,93,140,83.4,71.9,7.85,0,36,6,2,2,4.0,99,1305,80.42,82.56,Good
STU3718,CSE,3,Female,Day Scholar,,Visual,Poor,High,Poor,No,No,Not Started,395,237,117,360,71.8,68.3,6.5,1,35,2,0,0,1.0,142,913,55.0,73.09,Good
STU3719,CSE-AIML,8,Male,Day Scholar,Night,Visual,Average,Medium,Poor,No,No,Placed,87,245,148,585,85.1,67.3,6.89,2,31,2,1,3,5.0,515,1136,58.5,69.36,Average
STU3720,CSE,7,Male,Day Scholar,Night,Kinesthetic,Average,High,Good,No,No,In Progress,83,500,0,492,90.4,74.1,7.79,0,34,8,1,4,4.0,399,1029,84.61,86.18,Excellent
STU3721,CSE,2,Male,Day Scholar,Afternoon,Kinesthetic,Good,Medium,Average,No,Yes,Not Started,8,123,125,383,73.9,64.2,5.83,2,29,1,0,0,1.0,129,835,64.92,65.23,Average
STU3722,IT,8,Male,Hostel,Night,Kinesthetic,Poor,High,Good,No,Yes,In Progress,193,359,0,473,92.7,68.4,5.98,1,32,3,1,2,8.0,333,1159,64.85,74.96,Good
STU3723,ECE,6,Female,Hostel,Night,Auditory,Good,High,Good,No,Yes,Not Started,228,265,108,559,87.4,82.8,7.83,0,42,8,0,1,6.0,391,1059,94.73,87.32,Excellent
STU3724,CSE,1,Female,Hostel,Night,Visual,Average,Medium,Average,No,Yes,Not Started,123,198,179,554,91.4,71.2,7.03,0,33,0,0,0,1.0,63,942,69.85,79.76,Good
STU3725,CSE,3,Male,Hostel,Morning,Auditory,Average,Medium,Average,No,No,Not Started,42,15,157,285,79.1,63.5,5.68,1,29,3,3,0,2.0,60,1006,58.21,67.96,Average
STU3726,ECE,7,Male,Day Scholar,Night,Visual,Average,Medium,Good,Yes,No,Placed,359,265,18,189,71.7,72.9,7.37,0,38,7,3,1,8.0,41,930,85.48,76.26,Good
STU3727,CSE,2,Female,Hostel,Afternoon,Visual,Average,Low,Good,No,No,Not Started,212,267,8,693,86.6,79.0,8.48,0,37,1,0,0,1.0,152,1377,86.47,85.4,Excellent
STU3728,CSE,2,Female,Day Scholar,Morning,Kinesthetic,Good,Low,Poor,No,No,Not Started,69,209,265,422,90.3,66.1,6.99,0,34,3,1,0,0.0,143,993,66.15,85.88,Excellent
STU3729,CSE,1,Male,Hostel,Morning,Visual,Good,Medium,Good,No,No,Not Started,147,437,192,501,100.0,77.8,6.98,0,41,0,0,0,2.0,23,1070,68.96,84.92,Good
STU3730,CSE-AIML,4,Male,Day Scholar,Night,Auditory,Poor,Medium,Good,No,No,Not Started,386,376,99,64,67.1,77.3,8.05,0,36,4,2,0,0.0,138,1026,67.79,82.85,Good
STU3731,CSE,7,Female,Hostel,Afternoon,Kinesthetic,Average,Low,Average,No,No,Placed,265,219,236,609,83.7,82.3,7.98,0,39,4,4,1,1.0,481,1324,87.05,88.14,Excellent
STU3732,ECE,7,Female,Hostel,Morning,Auditory,Average,Medium,Average,No,No,Placed,150,372,104,150,89.8,64.7,6.74,0,29,6,4,0,1.0,128,1074,70.34,74.4,Good
STU3733,CSE-AIML,5,Male,Day Scholar,Night,Auditory,Average,Low,Good,No,Yes,Not Started,93,396,348,184,90.4,68.1,6.58,0,35,2,0,1,1.0,107,854,68.42,75.3,Good
STU3734,CSE-AIML,1,Female,Hostel,Night,Kinesthetic,Good,Low,Good,No,No,Not Started,302,161,93,113,68.4,67.5,6.57,0,34,0,1,0,0.0,0,1065,71.59,72.56,Good
STU3735,CSE,2,Male,Day Scholar,Night,Visual,Good,Low,Good,No,Yes,Not Started,51,116,366,288,90.7,68.0,6.94,0,29,2,0,0,0.0,136,863,72.51,77.93,Good
STU3736,CSE-AIML,2,Male,Hostel,Morning,Auditory,Average,Medium,Good,No,No,Not Started,224,94,136,315,64.8,66.4,7.43,0,32,1,2,0,2.0,92,891,67.67,77.67,Good
STU3737,CSE-DS,8,Male,Hostel,Night,Visual,Average,Low,Good,No,No,Placed,223,361,0,263,66.1,66.7,6.78,2,32,6,2,3,3.0,157,790,81.15,69.34,Average
STU3738,IT,1,Female,Day Scholar,Morning,Kinesthetic,Average,Medium,Good,No,No,Not Started,279,199,123,306,98.6,82.3,7.77,1,39,1,0,0,1.0,63,1123,65.85,84.15,Good
STU3739,IT,4,Male,Hostel,Afternoon,Visual,Average,Low,Good,No,Yes,Not Started,230,153,190,79,71.5,67.5,6.67,0,39,0,0,0,4.0,7,1175,67.98,79.2,Good
STU3740,CSE-AIML,5,Male,Day Scholar,Afternoon,Visual,Average,High,Poor,No,Yes,Not Started,236,355,121,429,94.3,78.3,8.39,0,41,1,1,0,7.0,96,1120,60.87,89.3,Excellent
STU3741,ECE,3,Male,Hostel,Night,Kinesthetic,Good,Medium,Poor,No,Yes,Not Started,210,202,61,692,84.7,75.8,7.81,0,38,2,2,1,0.0,220,1028,85.25,86.38,Excellent
STU3742,IT,1,Female,Day Scholar,Afternoon,Visual,Average,Low,Average,No,Yes,Not Started,207,115,146,152,94.9,78.4,7.02,2,38,1,0,0,0.0,25,1412,70.16,75.78,Good
STU3743,IT,5,Male,Hostel,Morning,Auditory,Average,Low,Average,No,Yes,Not Started,348,419,182,134,76.5,75.2,7.64,0,38,7,2,1,5.0,55,1119,91.32,83.93,Good
STU3744,CSE,7,Male,Hostel,Afternoon,Auditory,Average,Medium,Good,No,No,In Progress,181,366,50,259,77.0,73.1,7.75,0,34,2,1,1,2.0,154,979,69.5,79.01,Good
STU3745,CSE,5,Male,Hostel,Afternoon,Auditory,Poor,Low,Good,No,No,Not Started,258,163,114,247,88.1,70.7,8.08,0,39,6,1,0,1.0,122,1113,71.82,82.9,Good
STU3746,CSE,8,Female,Hostel,Night,Visual,Poor,High,Good,No,Yes,Placed,143,148,19,61,97.6,71.1,6.44,1,33,3,3,2,1.0,46,1078,52.68,74.4,Good
STU3747,CSE-DS,6,Male,Hostel,Night,Auditory,Good,Medium,Good,No,Yes,Not Started,87,218,156,3,95.6,69.1,6.48,1,36,6,1,2,3.0,0,1209,66.54,80.88,Good
STU3748,CSE-AIML,2,Male,Day Scholar,Morning,Visual,Good,Medium,Good,No,No,Not Started,136,319,26,540,74.1,69.3,7.4,0,36,1,0,0,3.0,54,1078,68.53,76.26,Good
STU3749,CSE-AIML,8,Male,Day Scholar,Morning,Visual,Poor,High,Good,No,No,Placed,157,376,143,0,100.0,77.1,7.56,0,36,5,4,1,2.0,13,1027,45.18,80.02,Good
STU3750,IT,3,Female,Hostel,Morning,Visual,Average,Medium,Average,No,No,Not Started,85,110,233,300,68.5,68.7,6.69,0,34,0,2,1,2.0,70,1177,59.24,76.08,Good
STU3751,IT,1,Female,Hostel,Night,Visual,Poor,High,Good,No,No,Not Started,45,44,187,75,79.2,61.5,5.87,2,31,0,0,0,2.0,12,1329,33.64,64.63,Average
STU3752,ECE,8,Female,Hostel,Morning,Kinesthetic,Poor,High,Good,No,Yes,In Progress,287,215,94,551,95.3,87.8,8.94,0,40,8,3,1,6.0,468,1157,81.33,87.12,Excellent
STU3753,CSE,2,Female,Hostel,Morning,Auditory,Average,High,Good,No,No,Not Started,126,110,0,26,86.9,70.6,7.53,1,35,3,1,0,0.0,70,1036,50.22,76.32,Good
STU3754,CSE-DS,6,Female,Hostel,Night,Auditory,Poor,High,Average,No,No,In Progress,154,207,122,130,100.0,72.5,7.0,0,37,3,2,1,2.0,73,1082,46.38,77.32,Good
STU3755,CSE,8,Male,Hostel,Morning,Visual,Good,Low,Average,No,Yes,Placed,128,167,82,33,80.8,73.7,6.67,0,36,6,3,4,4.0,0,1012,80.12,75.32,Good
STU3756,CSE,6,Female,Day Scholar,Morning,Kinesthetic,Good,Medium,Good,No,No,Not Started,0,44,122,143,92.6,71.0,7.39,0,32,5,3,1,5.0,91,1034,62.86,85.05,Excellent
STU3757,CSE,8,Male,Day Scholar,Afternoon,Visual,Average,Medium,Average,Yes,Yes,Placed,327,443,131,76,69.3,71.3,6.61,1,34,4,0,2,2.0,80,1008,74.12,68.33,Average
STU3758,CSE,2,Male,Hostel,Morning,Auditory,Poor,High,Good,No,No,Not Started,97,255,79,406,70.9,62.7,6.55,1,35,2,3,0,1.0,52,1046,47.42,70.01,Good
STU3759,CSE-AIML,4,Female,Hostel,Night,Auditory,Average,Medium,Average,No,No,Not Started,271,344,51,391,75.7,69.9,7.0,0,36,3,1,0,4.0,202,988,74.23,82.15,Good
STU3760,IT,5,Male,Day Scholar,Night,Kinesthetic,Average,Low,Average,No,No,Not Started,90,0,162,881,68.5,64.7,6.35,0,31,4,1,1,3.0,358,1069,91.44,73.8,Good
STU3761,CSE,1,Male,Hostel,Morning,Visual,Average,Medium,Average,No,Yes,Not Started,200,151,273,0,69.1,67.6,6.36,1,38,0,1,0,0.0,26,958,66.21,72.49,Good
STU3762,CSE-DS,1,Male,Day Scholar,Afternoon,Kinesthetic,Average,Medium,Poor,Yes,Yes,Not Started,265,158,138,452,79.7,65.9,6.44,0,36,0,0,0,0.0,83,1051,61.67,71.17,Good
STU3763,CSE-AIML,1,Female,Day Scholar,Night,Visual,Good,Medium,Average,No,No,Not Started,74,359,113,221,83.5,66.0,6.55,1,32,0,0,0,0.0,32,1180,61.6,76.21,Good
STU3764,CSE,2,Male,Hostel,Night,Kinesthetic,Average,High,Good,No,Yes,Not Started,143,444,222,444,82.8,73.2,7.17,0,36,0,0,0,1.0,84,1102,61.66,82.67,Good
STU3765,CSE-AIML,7,Female,Hostel,Afternoon,Auditory,Good,Medium,Poor,No,No,In Progress,124,97,94,249,90.8,68.5,7.55,0,33,6,1,3,4.0,194,1321,68.67,80.85,Good
STU3766,CSE,4,Female,Day Scholar,Night,Kinesthetic,Average,Medium,,No,No,Not Started,139,259,249,500,80.2,64.3,6.46,2,33,4,0,2,1.0,241,886,64.23,70.14,Good
STU3767,CSE-AIML,3,Female,Day Scholar,Morning,Auditory,Average,Medium,Good,No,No,Not Started,249,394,199,696,65.0,71.0,6.47,0,34,1,0,0,2.0,260,1209,73.51,74.76,Good
STU3768,CSE-AIML,6,Male,Hostel,Night,Auditory,Average,Medium,Average,No,Yes,Not Started,304,158,0,143,77.2,81.7,7.63,1,43,4,0,0,5.0,2,831,69.31,82.38,Good
STU3769,CSE,2,Female,Day Scholar,Night,Visual,Poor,Low,Average,No,No,Not Started,147,147,160,92,89.8,74.6,7.56,0,33,0,0,0,0.0,74,942,49.96,78.08,Good
STU3770,CSE,7,Male,Hostel,Night,Kinesthetic,Average,Medium,Good,No,No,Placed,204,302,59,64,84.6,64.3,5.54,3,37,3,1,0,3.0,54,1237,59.43,68.5,Average
STU3771,CSE-AIML,3,Male,Hostel,Afternoon,Kinesthetic,Average,Low,Average,No,Yes,Not Started,62,48,199,0,66.0,61.5,6.77,0,33,3,1,0,2.0,0,946,64.49,73.9,Good
STU3772,ECE,6,Male,Day Scholar,Morning,Kinesthetic,Average,Medium,Average,No,No,Not Started,402,0,0,165,68.7,79.0,8.58,0,41,7,0,0,0.0,110,879,84.33,87.77,Excellent
STU3773,CSE,6,Female,Day Scholar,Night,Kinesthetic,Good,Medium,Good,Yes,No,Not Started,225,0,113,191,76.6,65.3,5.84,2,31,5,1,2,3.0,179,1142,73.43,68.84,Average
STU3774,CSE-DS,4,Male,Day Scholar,Night,Visual,Average,Medium,Average,No,Yes,Not Started,255,322,103,324,90.7,82.3,8.37,0,42,3,2,2,0.0,84,907,77.28,89.18,Excellent
STU3775,CSE-DS,5,Male,Day Scholar,Night,Visual,Average,Medium,Good,No,No,Not Started,136,404,80,203,77.5,71.3,7.33,1,34,3,2,0,0.0,97,1114,62.37,76.97,Good
STU3776,ECE,1,Male,Hostel,Morning,Visual,Average,Medium,Poor,No,Yes,Not Started,276,240,220,182,88.3,77.7,8.54,0,42,1,3,0,1.0,52,993,64.25,90.75,Excellent
STU3777,IT,8,Male,Hostel,Night,Auditory,Good,Low,Good,Yes,No,In Progress,192,361,401,332,93.1,64.4,7.03,0,30,11,0,4,5.0,226,1323,100.0,77.44,Good
STU3778,CSE-AIML,3,Female,Hostel,Night,Auditory,Good,Low,Good,No,No,Not Started,266,0,145,256,88.8,81.3,7.58,0,41,3,1,0,10.0,79,1207,79.0,84.51,Good
STU3779,CSE-DS,2,Female,Hostel,Morning,Auditory,Good,Medium,Average,Yes,No,Not Started,96,311,252,535,86.9,69.4,6.75,0,38,2,0,0,0.0,61,764,72.03,76.3,Good
STU3780,IT,3,Female,Day Scholar,Morning,Visual,Average,Medium,Average,No,Yes,Not Started,196,257,254,532,59.8,60.7,5.57,3,31,5,1,1,3.0,198,1147,86.96,65.85,Average
STU3781,CSE,5,Male,Hostel,Morning,Auditory,Good,Medium,Good,No,No,Not Started,0,135,362,181,69.4,57.9,5.52,0,28,6,3,0,4.0,94,1111,69.02,69.1,Average
STU3782,CSE,1,Male,Day Scholar,Night,Kinesthetic,Average,Medium,Good,No,Yes,Not Started,236,283,197,39,86.1,69.6,6.38,1,29,1,0,0,0.0,0,1158,66.17,74.74,Good
STU3783,CSE,3,Female,Day Scholar,Night,Auditory,Average,Medium,Average,No,No,Not Started,229,455,202,243,72.1,71.2,6.26,1,33,5,0,0,3.0,57,1098,77.47,71.5,Good
STU3784,IT,5,Male,Hostel,Night,Visual,Poor,High,Poor,No,Yes,Not Started,13,349,108,242,80.6,65.2,7.64,0,35,5,2,0,3.0,125,913,39.14,78.42,Good
STU3785,IT,2,Female,Hostel,Morning,Visual,Average,Medium,Good,No,No,Not Started,78,167,24,712,97.1,69.5,6.07,2,41,0,1,0,3.0,41,1134,67.69,74.26,Good
STU3786,CSE,4,Male,Day Scholar,Night,Visual,Good,High,Good,No,No,Not Started,106,167,233,289,69.1,67.5,7.07,1,32,4,2,1,2.0,117,890,67.85,71.78,Good
STU3787,CSE-AIML,7,Female,Day Scholar,Night,Visual,Average,Medium,Average,No,Yes,Placed,224,290,65,245,85.1,73.3,6.79,1,29,6,3,2,3.0,181,974,78.17,75.54,Good
STU3788,CSE-AIML,6,Male,Day Scholar,Afternoon,Kinesthetic,Average,Medium,Good,No,No,In Progress,0,311,0,0,97.9,67.7,5.85,1,31,5,2,1,2.0,10,1160,53.41,74.82,Good
STU3789,CSE,2,Male,Hostel,Morning,Auditory,Average,Medium,Average,No,No,Not Started,355,144,272,432,58.9,58.1,5.33,2,31,2,1,0,,0,1062,71.98,66.73,Average
STU3790,ECE,1,Female,Hostel,Morning,Auditory,Average,Medium,Good,No,No,Not Started,112,454,102,251,72.6,75.3,8.04,0,38,0,1,0,1.0,54,1210,58.72,77.2,Good
STU3791,CSE,6,Female,Hostel,Night,Visual,Average,Medium,Good,No,No,In Progress,448,233,155,480,72.1,89.0,9.3,0,47,4,2,1,3.0,243,1223,89.28,91.24,Excellent
STU3792,CSE,7,Male,Hostel,Afternoon,Auditory,Average,Medium,Good,No,Yes,Placed,181,376,10,592,87.1,68.8,7.65,0,38,5,5,1,2.0,451,1231,83.01,82.47,Good
STU3793,CSE-AIML,2,Female,Day Scholar,Afternoon,Kinesthetic,Good,Medium,Average,No,Yes,Not Started,0,199,206,114,78.5,57.7,5.88,1,27,1,1,0,6.0,67,1161,66.52,66.42,Average
STU3794,CSE-DS,8,Female,Day Scholar,Morning,Visual,Good,Medium,Good,No,No,Placed,37,502,93,483,88.6,66.0,5.74,3,37,8,2,0,4.0,484,1174,83.92,72.88,Good
STU3795,CSE,2,Male,Hostel,Night,Auditory,Good,Medium,Good,Yes,No,Not Started,181,283,137,434,68.3,66.0,6.38,2,36,4,1,0,1.0,4,919,74.49,68.64,Average
STU3796,CSE-DS,2,Male,Hostel,Morning,Auditory,Good,Low,Average,No,No,Not Started,56,19,182,207,76.4,64.5,6.72,0,29,2,0,0,2.0,53,945,70.35,71.6,Good
STU3797,CSE-AIML,8,Male,Hostel,Afternoon,Auditory,Poor,High,Good,No,Yes,Placed,89,136,114,88,76.1,69.1,6.9,0,39,7,5,2,5.0,50,1051,53.5,79.75,Good
STU3798,CSE,2,Male,Day Scholar,Afternoon,Auditory,Poor,High,Good,No,No,Not Started,0,296,48,91,81.7,60.8,5.7,3,32,0,1,0,0.0,0,996,30.73,65.6,Average
STU3799,CSE,6,Female,Hostel,Afternoon,Visual,Average,Medium,Good,No,No,Not Started,139,422,121,200,84.0,72.3,6.76,1,36,9,0,1,3.0,120,1295,77.31,81.48,Good
STU3800,CSE-AIML,1,Male,Day Scholar,Afternoon,Visual,Poor,High,Good,No,Yes,Not Started,312,260,83,315,73.9,68.0,6.95,0,38,1,0,0,0.0,41,879,60.77,78.94,Good
STU3801,CSE,7,Male,Hostel,Night,Kinesthetic,Average,High,Good,No,No,In Progress,115,93,0,523,82.8,65.1,6.78,0,34,9,1,1,3.0,428,1063,77.83,78.39,Good
STU3802,ECE,5,Male,Day Scholar,Night,Visual,Average,Medium,Good,No,Yes,Not Started,227,229,124,543,83.9,81.8,8.28,0,44,7,1,0,0.0,310,1055,89.84,87.11,Excellent
STU3803,IT,3,Male,Hostel,Night,Auditory,Poor,High,Good,Yes,No,Not Started,83,285,207,241,56.4,71.9,7.74,1,33,3,1,0,1.0,2,1084,47.62,67.63,Average
STU3804,ECE,8,Male,Hostel,Night,Auditory,Good,Medium,,Yes,No,Placed,271,337,0,8,84.6,71.6,6.19,0,39,6,2,3,4.0,38,1111,71.2,74.83,Good
STU3805,CSE,4,Male,Day Scholar,Morning,Auditory,Good,Medium,Average,No,No,Not Started,134,412,184,128,82.9,66.5,6.49,2,35,3,2,0,4.0,150,995,66.34,73.34,Good
STU3806,ECE,8,Male,Hostel,Night,Kinesthetic,Good,Low,Good,No,Yes,In Progress,202,390,185,248,100.0,78.8,7.84,0,40,7,6,1,3.0,251,971,91.98,86.88,Excellent
STU3807,CSE-AIML,7,Female,Hostel,Morning,Visual,Poor,Medium,Average,No,Yes,Placed,108,234,240,185,84.4,57.3,6.02,2,30,10,4,0,3.0,63,1112,75.67,72.48,Good
STU3808,CSE,3,Male,Hostel,Morning,Visual,Poor,High,Good,No,No,Not Started,148,43,149,574,79.8,77.9,8.49,0,44,2,1,0,0.0,187,893,57.92,84.96,Good
STU3809,CSE,3,Female,Hostel,Night,Visual,Average,Medium,Average,No,Yes,Not Started,60,353,97,189,98.1,62.3,6.52,1,27,2,2,0,3.0,134,1206,65.43,71.47,Good
STU3810,CSE,4,Male,Hostel,Night,Auditory,Good,Medium,Good,No,No,Not Started,324,180,120,0,75.1,67.9,6.9,0,31,5,1,1,3.0,17,753,79.26,74.89,Good
STU3811,CSE-DS,7,Male,Day Scholar,Night,Auditory,Poor,High,Average,No,No,In Progress,184,433,106,510,72.0,64.4,6.24,2,29,8,2,2,1.0,414,1137,72.89,67.13,Average
STU3812,CSE-AIML,6,Male,Day Scholar,Night,Auditory,Good,High,Good,No,No,Not Started,108,318,3,432,78.0,73.8,7.73,1,45,6,1,0,3.0,243,1026,75.45,82.13,Good
STU3813,CSE,1,Male,Hostel,Night,Kinesthetic,Good,Low,Good,No,Yes,Not Started,155,214,82,108,88.4,78.2,7.86,0,40,1,0,0,1.0,22,1150,71.45,84.88,Good
STU3814,CSE-DS,4,Female,Hostel,Night,Kinesthetic,Average,High,Good,Yes,No,Not Started,217,494,169,279,100.0,76.8,7.46,0,44,2,0,0,1.0,0,945,62.6,84.09,Good
STU3815,CSE,1,Female,Hostel,Night,Auditory,Poor,Low,Average,No,No,Not Started,240,295,111,127,85.3,74.1,7.91,0,40,1,0,0,0.0,103,1112,59.35,82.23,Good
STU3816,CSE-AIML,6,Female,Hostel,Night,Kinesthetic,Poor,Medium,Average,No,No,In Progress,127,386,74,664,78.5,63.9,6.26,4,31,4,2,1,1.0,433,1084,74.19,66.84,Average
STU3817,CSE,3,Female,Hostel,Morning,Kinesthetic,Average,Medium,Good,No,Yes,Not Started,242,150,128,0,75.7,78.3,7.93,0,40,2,1,1,2.0,0,700,68.08,80.33,Good
STU3818,IT,1,Male,Day Scholar,Morning,Kinesthetic,Good,Low,Good,No,No,Not Started,178,123,46,100,60.3,59.6,5.52,3,31,0,1,0,1.0,103,1130,62.23,58.71,Average
STU3819,IT,6,Male,Hostel,Night,Visual,Good,Low,Poor,No,Yes,Not Started,105,0,136,207,62.2,61.9,6.4,0,35,7,2,3,1.0,100,1054,76.42,72.12,Good
STU3820,CSE-AIML,6,Female,Hostel,Afternoon,Kinesthetic,Average,Medium,Good,Yes,No,Not Started,144,349,164,394,81.7,66.7,6.83,0,29,5,3,0,1.0,253,1025,76.54,76.02,Good
STU3821,CSE,5,Female,Day Scholar,Morning,Auditory,Average,Medium,Average,No,No,Not Started,123,203,134,512,72.8,72.0,6.87,1,38,4,1,1,3.0,256,1245,71.05,75.58,Good
STU3822,CSE,4,Female,Day Scholar,Afternoon,Visual,Good,Low,Good,Yes,No,Not Started,349,519,18,487,82.0,76.1,8.02,0,40,5,0,0,3.0,121,1263,98.44,79.1,Good
STU3823,IT,5,Male,Day Scholar,Afternoon,Kinesthetic,Poor,High,Good,No,Yes,Not Started,190,276,205,407,74.9,61.0,6.34,1,32,4,2,1,4.0,207,1273,71.07,75.72,Good
STU3824,CSE,8,Male,Day Scholar,Night,Auditory,Average,High,,No,Yes,Placed,246,277,40,0,72.0,64.8,6.37,1,36,6,2,2,4.0,0,931,61.32,72.86,Good
STU3825,CSE,3,Female,Day Scholar,Night,Kinesthetic,Average,Medium,Average,No,No,Not Started,288,405,123,157,66.4,63.8,6.22,3,34,3,2,0,0.0,43,1379,67.48,65.85,Average
STU3826,CSE,4,Male,Hostel,Night,Auditory,Average,Medium,Good,No,No,Not Started,188,216,256,382,73.3,58.1,5.85,3,22,5,0,1,3.0,180,873,76.91,64.04,Average
STU3827,CSE-AIML,3,Male,Hostel,Night,Auditory,Average,Medium,Average,No,No,Not Started,264,181,0,406,100.0,78.1,8.56,0,42,0,0,1,0.0,11,1202,69.92,88.17,Excellent
STU3828,CSE-AIML,5,Male,Hostel,Night,Kinesthetic,Good,Low,Good,No,No,Not Started,182,97,35,138,77.4,74.3,7.17,0,35,5,1,1,1.0,0,997,75.81,78.77,Good
STU3829,IT,7,Female,Day Scholar,Night,Kinesthetic,Good,Low,Good,No,No,In Progress,171,247,126,187,78.4,66.8,6.34,1,32,4,2,0,1.0,87,961,74.64,76.48,Good
STU3830,CSE,6,Male,Day Scholar,Night,Visual,Poor,High,Poor,No,No,Not Started,151,286,71,236,80.8,66.4,7.41,0,32,2,3,0,5.0,192,1119,32.69,74.82,Good
STU3831,CSE,3,Female,Hostel,Afternoon,Kinesthetic,Average,Low,Good,No,Yes,Not Started,138,177,0,578,92.5,66.4,7.72,0,36,2,0,0,2.0,180,1288,82.76,88.38,Excellent
STU3832,IT,4,Male,Day Scholar,Morning,Auditory,Good,High,Poor,Yes,Yes,Not Started,227,409,124,318,85.7,77.4,7.32,0,40,4,3,0,5.0,71,675,71.0,78.48,Good
STU3833,IT,8,Female,Day Scholar,Morning,Visual,Good,Low,Average,Yes,No,Placed,84,5,0,83,79.8,70.3,7.04,0,36,8,3,2,4.0,57,1162,73.62,76.22,Good
STU3834,CSE,4,Female,Day Scholar,Night,Auditory,Good,Low,Good,No,Yes,Not Started,75,334,337,124,79.4,65.7,5.92,2,34,4,4,0,1.0,43,928,77.66,71.8,Good
STU3835,CSE-AIML,3,Male,Day Scholar,Night,Auditory,Average,Low,Good,Yes,No,Not Started,259,113,208,276,77.3,72.2,6.91,0,33,4,1,0,1.0,0,1037,78.63,75.82,Good
STU3836,CSE,4,Female,Day Scholar,Night,Kinesthetic,Poor,Medium,Good,No,No,Not Started,284,337,33,8,60.1,58.8,5.76,1,31,3,3,1,1.0,41,1346,58.09,69.16,Average
STU3837,ECE,8,Male,Hostel,Night,Auditory,Good,Medium,Average,No,Yes,Placed,332,256,89,87,74.9,72.2,7.22,2,36,3,3,4,3.0,50,885,74.97,73.71,Good
STU3838,CSE,6,Male,Hostel,Morning,Kinesthetic,Average,Low,Good,No,Yes,Not Started,143,257,0,342,100.0,75.5,6.83,0,38,3,3,1,1.0,203,1200,82.0,86.87,Excellent
STU3839,ECE,7,Female,Hostel,Morning,Auditory,Average,Medium,Good,No,No,In Progress,24,307,256,328,99.1,71.1,7.03,0,37,5,2,4,5.0,284,1040,64.89,83.86,Good
STU3840,CSE-DS,6,Male,Hostel,Night,Visual,Poor,High,Average,Yes,No,In Progress,9,334,134,581,69.4,60.1,6.13,2,26,8,2,1,5.0,401,899,68.63,63.4,Average
STU3841,CSE-AIML,4,Male,Hostel,Morning,Kinesthetic,Average,Medium,Good,No,No,Not Started,299,205,0,100,70.2,71.9,6.94,0,35,4,1,1,2.0,65,1396,66.39,76.67,Good
STU3842,CSE,8,Male,Day Scholar,Night,Visual,Good,Low,Poor,No,No,Placed,258,284,83,332,100.0,82.4,8.75,0,45,10,1,1,4.0,273,1305,91.55,98.69,Excellent
STU3843,CSE-AIML,8,Male,Day Scholar,Night,Kinesthetic,Good,Low,Good,No,Yes,Placed,221,326,191,600,68.3,67.6,6.86,0,36,8,0,2,3.0,462,1154,100.0,82.35,Good
STU3844,CSE-AIML,3,Female,Day Scholar,Night,Visual,Good,Medium,Good,No,Yes,Not Started,237,427,175,507,63.6,64.3,6.78,0,30,4,0,0,0.0,138,1060,91.51,73.96,Good
STU3845,CSE,5,Male,Hostel,Afternoon,Kinesthetic,Good,Medium,Average,No,No,Not Started,241,302,176,625,72.3,73.9,6.98,2,38,1,2,3,5.0,329,1113,84.03,77.4,Good
STU3846,CSE-DS,4,Female,Hostel,Night,Visual,Average,High,Good,No,No,Not Started,350,195,132,0,79.8,82.6,8.04,0,42,2,3,1,2.0,0,879,66.49,82.5,Good
STU3847,ECE,4,Female,Hostel,Night,Visual,Average,Medium,Average,No,No,Not Started,81,465,0,432,88.2,67.9,6.42,1,34,2,0,1,2.0,179,954,73.19,75.02,Good
STU3848,CSE-AIML,4,Male,Hostel,Night,Kinesthetic,Poor,Low,Good,No,Yes,Not Started,101,396,364,47,69.4,66.0,6.73,1,28,2,3,1,6.0,46,998,59.16,72.35,Good
STU3849,CSE-DS,4,Male,Hostel,Night,Kinesthetic,Average,Medium,Good,No,No,Not Started,223,359,85,787,91.6,76.6,7.67,0,43,3,1,0,3.0,327,1358,81.76,87.48,Excellent
STU3850,CSE,3,Female,Hostel,Night,Auditory,Average,Medium,Average,Yes,No,Not Started,249,274,154,494,74.0,66.7,6.08,0,31,4,1,0,1.0,147,949,76.89,70.6,Good
STU3851,CSE-AIML,5,Male,Hostel,Morning,Auditory,Good,Medium,Average,No,No,Not Started,71,234,286,458,79.4,69.3,6.74,0,33,7,0,0,2.0,323,1254,84.2,73.7,Good
STU3852,CSE,5,Male,Day Scholar,Night,Kinesthetic,Poor,High,Good,Yes,No,Not Started,254,55,143,164,99.7,71.7,8.11,0,37,3,0,1,1.0,4,1055,52.04,83.58,Good
STU3853,CSE-DS,1,Male,Hostel,Night,Kinesthetic,Average,Medium,Good,No,Yes,Not Started,140,384,267,369,100.0,70.6,6.0,2,32,0,0,0,1.0,0,960,70.63,73.7,Good
STU3854,ECE,4,Female,Day Scholar,Morning,Visual,Average,Medium,Good,No,Yes,Not Started,226,0,235,392,90.0,73.6,6.83,0,34,5,1,0,3.0,320,1094,86.25,80.36,Good
STU3855,CSE-DS,4,Female,Hostel,Morning,Visual,Average,Low,Average,No,Yes,Not Started,63,265,279,168,85.5,72.5,7.77,0,36,1,2,0,2.0,93,1114,64.76,80.94,Good
STU3856,CSE,1,Male,Day Scholar,Morning,Auditory,Good,Low,Good,No,Yes,Not Started,6,205,181,315,62.7,62.4,6.24,4,36,0,0,0,0.0,35,1114,73.3,63.06,Average
STU3857,CSE,5,Male,Hostel,Night,Auditory,Good,Medium,Average,No,Yes,Not Started,231,303,88,0,100.0,77.5,8.3,0,36,4,0,1,2.0,0,676,75.51,89.57,Excellent
STU3858,CSE-AIML,8,Female,Hostel,Afternoon,Auditory,Average,Medium,Good,No,No,In Progress,360,209,71,680,83.0,83.4,8.69,0,31,9,1,4,5.0,461,1173,100.0,86.64,Excellent
STU3859,CSE-AIML,8,Female,Hostel,Morning,Visual,Good,Low,Average,No,Yes,Placed,183,258,301,416,83.5,66.6,7.52,0,30,4,1,1,7.0,313,1133,90.03,79.53,Good
STU3860,IT,2,Female,Day Scholar,Night,Visual,Average,Low,Good,No,No,Not Started,344,177,102,203,81.0,75.1,6.56,0,35,3,0,0,0.0,66,981,80.04,76.53,Good
STU3861,IT,6,Female,Hostel,Night,Visual,Good,Medium,Average,Yes,No,Not Started,56,255,216,457,80.5,70.2,7.03,0,36,6,2,3,4.0,243,1580,80.38,76.42,Good
STU3862,CSE-DS,2,Male,Hostel,Afternoon,Auditory,Poor,High,Good,No,No,Not Started,100,147,59,0,52.8,55.4,6.09,1,31,1,0,0,2.0,35,946,34.86,64.58,Average
STU3863,CSE,5,Female,Day Scholar,Afternoon,Kinesthetic,Good,Medium,Good,Yes,Yes,Not Started,224,235,81,506,72.7,71.0,7.82,0,32,2,1,0,3.0,226,1261,80.44,78.6,Good
STU3864,CSE,7,Male,Hostel,Morning,Auditory,Good,Medium,Good,No,No,Placed,228,140,137,273,78.0,75.0,7.33,0,40,8,3,0,8.0,194,1046,90.63,80.82,Good
STU3865,CSE,4,Male,Hostel,Afternoon,Visual,Average,Low,Good,No,No,Not Started,134,453,76,0,72.2,58.2,6.75,1,27,1,1,0,3.0,56,1119,62.13,68.75,Average
STU3866,CSE,2,Female,Hostel,Afternoon,Auditory,Good,Medium,Good,Yes,Yes,Not Started,232,50,57,301,78.2,65.0,6.08,3,30,0,1,0,0.0,16,1075,69.62,62.85,Average
STU3867,CSE-AIML,3,Male,Day Scholar,Night,Auditory,Good,Medium,Good,Yes,No,Not Started,131,127,90,485,68.8,64.3,6.35,4,31,5,2,0,3.0,128,1042,79.45,59.8,Average
STU3868,CSE-DS,8,Other,Hostel,Night,Auditory,Good,Low,Average,No,Yes,In Progress,190,195,194,454,80.0,59.1,6.36,0,31,5,3,2,9.0,463,1525,97.35,79.82,Good
STU3869,CSE-DS,3,Male,Hostel,Night,Auditory,Average,Medium,Good,Yes,Yes,Not Started,211,181,70,305,78.6,66.8,6.9,0,33,2,1,0,0.0,88,1086,71.55,73.61,Good
STU3870,CSE,1,Female,Hostel,Morning,Visual,Good,Medium,Good,No,No,Not Started,346,339,123,310,82.8,78.9,7.95,1,37,0,1,0,0.0,81,989,75.46,79.72,Good
STU3871,CSE,5,Female,Hostel,Night,Auditory,Poor,Low,Average,No,No,Not Started,100,240,290,65,100.0,77.9,7.83,0,38,6,1,0,2.0,16,924,56.49,81.21,Good
STU3872,CSE,5,Male,Day Scholar,Night,Visual,Good,Medium,Average,Yes,No,Not Started,233,148,175,288,89.2,76.7,7.78,1,32,6,0,0,1.0,114,1114,84.52,79.74,Good
STU3873,CSE,2,Female,Hostel,Morning,Auditory,Average,Medium,Good,No,No,Not Started,256,195,252,396,77.0,63.0,7.69,0,32,7,0,0,0.0,79,1203,84.54,81.79,Good
STU3874,IT,4,Male,Hostel,Morning,Visual,Good,Medium,Average,No,No,Not Started,385,316,148,576,99.3,77.7,7.83,0,39,5,2,0,2.0,233,1360,95.82,89.44,Excellent
STU3875,CSE,5,Female,Hostel,Night,Kinesthetic,Good,Low,Good,No,No,Not Started,316,0,108,41,72.6,70.7,7.22,1,35,2,1,0,1.0,25,846,78.62,77.45,Good
STU3876,CSE-AIML,2,Male,Hostel,Night,Visual,Average,Medium,Good,No,Yes,Not Started,241,106,273,197,89.1,75.7,7.88,0,42,3,2,0,2.0,37,952,70.2,84.83,Good
STU3877,CSE,2,Female,Hostel,Morning,Visual,Good,Low,Average,No,Yes,Not Started,5,199,0,388,92.2,70.3,6.67,1,32,2,0,0,1.0,103,996,71.0,75.74,Good
STU3878,IT,6,Male,Hostel,Night,Kinesthetic,Good,Low,Poor,No,Yes,In Progress,223,266,206,0,59.0,68.0,6.49,4,36,1,1,1,1.0,0,898,58.3,67.49,Average
STU3879,CSE-AIML,6,Male,Hostel,Night,Kinesthetic,Average,Medium,Poor,No,Yes,Not Started,280,235,249,209,81.9,76.7,7.84,0,38,6,0,2,0.0,99,1224,69.56,85.52,Excellent
STU3880,CSE,5,Male,Day Scholar,Night,Kinesthetic,Average,Medium,Average,No,No,Not Started,82,268,0,628,77.0,70.6,6.48,2,39,8,2,2,4.0,344,1095,85.62,74.3,Good
STU3881,CSE-AIML,2,Male,Hostel,Morning,Kinesthetic,Poor,High,Average,No,No,Not Started,102,224,56,34,88.9,69.8,6.65,2,35,0,1,0,0.0,48,940,36.27,67.88,Average
STU3882,CSE-DS,1,Female,Hostel,Night,Kinesthetic,Average,Medium,Good,No,Yes,Not Started,343,326,144,411,79.4,73.4,7.45,0,40,0,0,0,0.0,21,1014,77.12,82.7,Good
STU3883,ECE,1,Female,Hostel,Morning,Kinesthetic,Poor,Medium,Good,No,No,Not Started,292,204,167,316,75.9,70.3,7.2,0,32,1,1,0,0.0,0,709,57.72,73.12,Good
STU3884,CSE,6,Female,Hostel,Night,Auditory,Poor,High,Average,No,Yes,Not Started,42,150,230,320,65.5,56.3,6.44,1,27,5,2,0,5.0,239,1052,62.05,66.86,Average
STU3885,IT,5,Male,Day Scholar,Night,Auditory,Average,Medium,Average,No,No,Not Started,182,91,8,396,92.1,82.0,8.25,0,46,5,0,0,1.0,251,1358,77.02,88.8,Excellent
STU3886,ECE,8,Male,Hostel,Afternoon,Kinesthetic,Good,Low,Good,Yes,Yes,In Progress,179,202,49,188,75.0,70.5,7.03,0,34,7,1,2,10.0,152,1333,86.23,74.69,Good
STU3887,ECE,4,Male,Hostel,Night,Visual,Average,Medium,Good,Yes,Yes,Not Started,322,222,279,256,67.9,67.5,5.05,0,30,3,1,0,3.0,218,1246,79.02,65.78,Average
STU3888,CSE-DS,7,Female,Day Scholar,Morning,Visual,Average,High,Average,No,Yes,Placed,329,198,204,287,76.5,68.1,6.39,1,30,8,1,1,3.0,318,1120,83.63,72.06,Good
STU3889,CSE-DS,8,Other,Hostel,Night,Kinesthetic,Average,Medium,Average,No,No,Placed,207,41,181,456,82.4,72.6,8.22,0,34,7,1,3,9.0,385,981,82.52,84.42,Good
STU3890,CSE-AIML,1,Male,Hostel,Morning,Auditory,Poor,Medium,Good,No,Yes,Not Started,89,271,120,408,77.9,69.2,5.99,1,36,0,0,0,1.0,49,1339,59.06,72.46,Good
STU3891,IT,1,Male,Hostel,Night,Auditory,Average,Medium,Average,No,Yes,Not Started,141,237,115,324,64.3,66.8,7.46,0,38,1,0,0,0.0,0,1368,62.05,76.1,Good
STU3892,CSE-AIML,8,Male,Hostel,Morning,Visual,Average,Medium,Good,No,No,Placed,17,310,208,149,81.7,69.2,6.81,0,30,6,3,2,3.0,78,572,61.33,76.26,Good
STU3893,CSE-DS,6,Female,Day Scholar,Night,Kinesthetic,Average,Medium,Good,Yes,No,Not Started,39,211,203,126,65.3,61.5,6.56,0,31,1,0,0,2.0,64,1184,50.05,67.94,Average
STU3894,CSE-AIML,6,Female,Hostel,Night,Auditory,Average,Low,Good,No,No,Not Started,422,117,130,48,71.2,79.0,7.92,0,39,4,2,3,1.0,44,1004,86.62,82.17,Good
STU3895,CSE-DS,5,Female,Hostel,Night,Kinesthetic,Good,Low,Good,Yes,No,Not Started,152,226,0,153,71.4,66.0,7.57,0,33,4,1,2,6.0,62,1394,76.38,81.75,Good
STU3896,IT,6,Male,Hostel,Morning,Kinesthetic,Good,Medium,Good,No,Yes,Not Started,153,464,0,366,99.0,77.1,6.73,2,32,6,0,2,4.0,336,1192,88.58,80.03,Good
STU3897,CSE,3,Female,Hostel,Night,Visual,Poor,High,Good,No,Yes,Not Started,167,153,201,567,85.4,68.2,7.18,2,36,4,2,0,1.0,146,995,74.62,78.66,Good
STU3898,IT,7,Female,Day Scholar,Morning,Kinesthetic,Poor,Medium,Average,Yes,No,Placed,190,202,160,329,81.8,67.5,7.67,0,36,5,3,2,4.0,164,1137,64.92,74.46,Good
STU3899,CSE-AIML,8,Male,Hostel,Night,Kinesthetic,Average,Medium,Good,No,No,Placed,217,130,91,155,85.6,64.7,6.32,1,30,7,2,2,3.0,150,943,80.02,73.62,Good
STU3900,IT,8,Male,Day Scholar,Night,Visual,Good,Low,Average,No,Yes,In Progress,95,228,0,298,90.9,69.1,7.2,0,30,3,1,2,4.0,227,785,82.2,80.46,Good
STU3901,CSE-AIML,2,Male,Hostel,Night,Auditory,Good,Low,Good,No,No,Not Started,316,135,253,177,55.8,65.9,6.72,0,28,1,0,0,0.0,122,1040,75.68,66.46,Average
STU3902,CSE,1,Male,Day Scholar,Night,Kinesthetic,Poor,High,Poor,Yes,No,Not Started,120,204,58,443,78.9,62.8,6.0,2,31,1,0,0,0.0,37,774,39.38,65.84,Average
STU3903,ECE,8,Female,Hostel,Morning,Visual,Good,Low,Poor,No,Yes,Placed,26,372,82,49,75.9,65.9,6.32,4,31,4,3,2,2.0,0,999,62.18,64.11,Average
STU3904,CSE,3,Male,Hostel,Night,Auditory,Average,Medium,Good,Yes,Yes,Not Started,56,325,104,475,73.8,64.4,6.56,0,35,4,2,0,2.0,169,813,73.88,70.76,Good
STU3905,IT,8,Female,Day Scholar,Morning,Kinesthetic,Good,Low,Good,Yes,No,Placed,178,223,0,424,71.5,73.9,6.61,1,41,6,2,1,8.0,458,1322,90.67,77.65,Good
STU3906,CSE-AIML,4,Female,Day Scholar,Night,Auditory,Poor,Medium,Average,No,Yes,Not Started,263,229,0,155,55.1,68.2,6.67,0,31,3,1,0,2.0,16,847,67.97,69.28,Average
STU3907,CSE-AIML,3,Male,Hostel,Night,Visual,Poor,Medium,Good,No,No,Not Started,252,333,139,150,75.4,66.1,5.9,2,34,5,0,1,2.0,61,1041,61.31,70.27,Good
STU3908,CSE,5,Female,Hostel,Night,Kinesthetic,Average,Medium,Good,No,No,Not Started,295,4,249,211,82.6,82.4,7.96,1,39,3,2,1,6.0,152,857,73.15,82.63,Good
STU3909,CSE-AIML,4,Male,Hostel,Night,Visual,Average,Medium,Good,No,No,Not Started,66,178,365,402,81.4,63.6,7.27,0,33,3,1,1,1.0,148,849,64.01,79.14,Good
STU3910,CSE,4,Male,Day Scholar,Afternoon,Visual,Poor,Medium,Good,Yes,No,Not Started,298,409,178,110,72.9,67.5,6.21,1,39,6,0,0,3.0,44,920,67.1,67.92,Average
STU3911,CSE,8,Male,Hostel,Night,Kinesthetic,Good,Medium,Average,No,No,Placed,224,328,305,11,84.2,82.3,8.02,0,40,6,7,1,3.0,70,1092,73.11,86.14,Excellent
STU3912,CSE,6,Male,Day Scholar,Afternoon,Visual,Poor,High,Average,No,Yes,In Progress,151,210,182,257,85.8,73.3,7.07,2,38,5,0,2,4.0,91,844,64.32,72.89,Good
STU3913,CSE,8,Male,Day Scholar,Night,Auditory,Average,Medium,Good,Yes,Yes,Placed,112,0,240,447,76.4,64.2,6.77,0,27,5,2,3,4.0,372,1347,84.29,73.33,Good
STU3914,ECE,3,Male,Day Scholar,Night,Visual,Average,Low,Good,No,Yes,Not Started,96,10,118,0,82.5,73.0,7.41,0,37,2,1,1,2.0,0,907,66.4,80.08,Good
STU3915,ECE,5,Male,Hostel,Morning,Kinesthetic,Good,Medium,Good,No,Yes,Not Started,228,28,153,0,84.2,76.4,7.73,0,41,3,1,1,6.0,20,1059,65.27,81.87,Good
STU3916,CSE,1,Male,Hostel,Afternoon,Kinesthetic,Good,Medium,Good,No,No,Not Started,186,100,162,438,74.6,75.3,8.09,0,34,0,1,0,0.0,83,1048,68.93,77.69,Good
STU3917,CSE-DS,7,Female,Day Scholar,Morning,Auditory,Poor,High,Average,Yes,Yes,Placed,16,127,131,325,85.9,60.6,5.59,0,30,5,1,1,2.0,267,1199,52.85,62.19,Average
STU3918,CSE,6,Male,Day Scholar,Night,Kinesthetic,Good,Low,Good,No,No,Not Started,152,357,87,292,66.3,61.9,5.75,2,28,4,1,0,2.0,213,947,79.43,69.18,Average
STU3919,CSE-DS,3,Female,Day Scholar,Morning,Visual,Good,Low,Average,No,No,Not Started,141,65,195,246,66.1,62.5,7.09,0,31,1,0,0,2.0,141,978,70.54,72.3,Good
STU3920,IT,1,Male,Hostel,Night,Visual,Poor,High,Good,No,No,Not Started,286,142,81,300,79.7,78.3,8.84,0,42,1,0,0,1.0,0,921,51.53,88.3,Excellent
STU3921,ECE,3,Female,Day Scholar,Night,Kinesthetic,Average,High,Average,No,No,Not Started,211,303,163,441,94.0,71.3,6.12,0,33,3,3,2,2.0,74,969,75.4,79.12,Good
STU3922,CSE-AIML,6,Male,Hostel,Morning,Auditory,Good,Medium,Good,No,No,Not Started,141,249,97,638,80.9,60.0,6.45,2,26,5,3,0,2.0,415,1074,90.71,71.68,Good
STU3923,IT,1,Female,Hostel,Afternoon,Auditory,Average,Low,Average,No,No,Not Started,108,286,276,398,79.1,56.0,5.24,1,33,3,1,0,1.0,0,797,67.13,68.95,Average
STU3924,CSE,6,Male,Day Scholar,Night,Kinesthetic,Good,Medium,Good,No,No,Not Started,204,229,243,138,63.6,62.7,7.08,0,34,6,0,0,2.0,91,1359,79.08,81.8,Good
STU3925,ECE,3,Female,Hostel,Morning,Visual,Average,Low,Good,No,No,Not Started,122,374,63,241,93.0,74.3,7.47,0,35,4,1,0,2.0,0,1030,68.6,85.04,Excellent
STU3926,CSE,4,Male,Day Scholar,Night,Kinesthetic,Average,Medium,Average,No,No,Not Started,49,311,93,301,90.9,68.9,5.79,4,35,5,1,0,3.0,98,978,68.45,71.39,Good
STU3927,CSE-DS,7,Male,Hostel,Morning,Kinesthetic,Average,Medium,Good,No,Yes,Placed,211,103,88,370,64.1,68.2,6.98,0,32,6,1,3,3.0,249,1036,78.28,78.97,Good
STU3928,CSE-DS,2,Female,Hostel,Morning,Auditory,Poor,High,Good,No,No,Not Started,173,157,136,373,94.6,76.4,7.94,0,40,3,0,0,,38,1322,52.4,83.54,Good
STU3929,CSE-DS,7,Male,Hostel,Night,Visual,Average,Low,Good,No,No,Placed,163,259,0,345,73.1,63.4,6.41,0,33,5,1,0,2.0,308,1284,82.29,77.28,Good
STU3930,CSE,4,Male,Hostel,Afternoon,Auditory,Average,Medium,Average,No,No,Not Started,186,243,165,614,82.4,70.5,7.72,0,36,4,1,0,4.0,239,1043,79.03,78.93,Good
STU3931,ECE,6,Male,Hostel,Night,Auditory,Average,Medium,Good,No,Yes,Not Started,229,360,0,421,100.0,81.9,8.75,0,41,7,2,0,5.0,268,1148,84.86,89.5,Excellent
STU3932,CSE,7,Female,Day Scholar,Night,Visual,Average,Medium,Good,No,No,Placed,62,379,62,56,66.1,63.2,6.39,0,32,6,3,0,6.0,0,1024,60.93,69.28,Average
STU3933,CSE-DS,6,Female,Day Scholar,Afternoon,Visual,Average,Medium,Average,No,Yes,Not Started,105,363,182,295,81.3,64.3,5.41,3,30,6,0,1,5.0,197,1089,73.0,66.86,Average
STU3934,CSE,6,Male,Hostel,,Visual,Average,Medium,Good,No,No,Not Started,312,223,294,540,71.8,71.3,7.25,0,37,2,0,0,6.0,407,1194,82.6,77.07,Good
STU3935,CSE,1,Female,Hostel,Afternoon,Kinesthetic,Poor,High,Average,No,No,Not Started,280,367,106,194,60.1,63.4,6.24,4,34,1,0,0,1.0,7,1140,50.74,60.12,Average
STU3936,CSE-AIML,5,Male,Day Scholar,Morning,Visual,Average,Medium,Average,No,No,Not Started,363,383,163,188,74.7,77.0,7.66,0,35,3,1,4,2.0,83,1160,70.29,78.53,Good
STU3937,CSE-AIML,6,Male,Day Scholar,Night,Kinesthetic,Poor,Low,Average,Yes,No,Not Started,251,258,6,272,65.5,70.0,6.71,1,38,5,1,3,4.0,87,1238,77.59,71.83,Good
STU3938,CSE,7,Female,Day Scholar,Night,Auditory,Good,Low,Good,No,Yes,In Progress,243,41,84,262,81.5,77.0,6.85,1,36,8,3,0,6.0,248,1170,100.0,78.45,Good
STU3939,CSE,7,Female,Day Scholar,Afternoon,Visual,Poor,High,Good,Yes,Yes,In Progress,172,115,39,236,96.3,74.7,6.94,0,36,4,4,1,2.0,206,951,58.86,77.71,Good
STU3940,CSE-AIML,7,Female,Hostel,Morning,Kinesthetic,Good,Medium,Good,Yes,No,In Progress,45,177,142,190,80.6,56.1,6.09,2,32,1,1,1,5.0,154,1273,61.64,66.89,Average
STU3941,IT,4,Male,Hostel,Afternoon,Kinesthetic,Poor,High,Good,No,Yes,Not Started,241,186,14,550,66.5,73.0,7.83,0,36,4,0,0,2.0,231,954,70.77,83.15,Good
STU3942,IT,2,Male,Hostel,Morning,Kinesthetic,Average,Medium,Good,Yes,No,Not Started,172,148,235,362,66.9,64.5,7.29,0,35,0,0,0,1.0,119,1297,61.7,73.69,Good
STU3943,CSE,6,Male,Hostel,Night,Kinesthetic,Good,Low,Good,No,No,In Progress,27,192,50,107,87.8,68.9,6.77,0,33,7,3,0,1.0,12,806,70.78,77.79,Good
STU3944,CSE,8,Male,Day Scholar,Night,Auditory,Poor,Medium,Good,Yes,Yes,Placed,232,299,95,42,96.1,76.1,7.6,1,38,4,3,1,5.0,0,847,63.75,79.78,Good
STU3945,CSE,6,Male,Hostel,Afternoon,Visual,Average,Medium,Average,No,Yes,Not Started,280,267,46,248,87.9,75.9,7.13,0,36,2,2,4,4.0,146,732,77.71,82.09,Good
STU3946,CSE,6,Female,Day Scholar,Afternoon,Visual,Average,Medium,Good,No,No,Not Started,107,177,0,373,51.8,59.9,6.09,5,24,4,1,1,2.0,236,1286,70.54,56.68,Average
STU3947,CSE-DS,8,Female,Day Scholar,Night,Visual,Poor,High,Average,No,No,Placed,146,298,0,351,68.3,56.0,5.57,3,29,11,2,1,4.0,333,1283,70.73,61.85,Average
STU3948,CSE-DS,1,Male,Day Scholar,Morning,Visual,Good,Medium,Good,No,Yes,Not Started,213,304,0,369,85.8,71.1,6.41,2,34,0,1,0,2.0,80,932,79.45,73.53,Good
STU3949,CSE,6,Male,Day Scholar,Night,Visual,Good,Low,Good,No,Yes,Not Started,99,292,107,449,100.0,75.4,7.78,1,34,6,0,1,4.0,333,1149,91.44,84.31,Good
STU3950,CSE,4,Female,Hostel,Afternoon,Visual,Average,Medium,Good,No,Yes,Not Started,166,245,219,256,54.1,62.8,5.41,2,30,3,3,3,3.0,105,925,75.81,60.29,Average
STU3951,CSE,3,Male,Day Scholar,Night,Kinesthetic,Average,Medium,Good,No,No,Not Started,200,276,70,581,91.8,72.4,6.66,0,34,4,0,0,3.0,239,1066,82.24,80.99,Good
STU3952,IT,5,Female,Hostel,Night,Visual,Average,Medium,Good,No,No,Not Started,252,236,0,241,72.6,67.6,6.91,0,32,1,5,2,1.0,131,1324,70.29,77.01,Good
STU3953,ECE,7,Male,Hostel,Morning,Kinesthetic,Average,Medium,Good,No,No,Placed,179,202,38,148,76.7,67.9,6.3,2,28,4,3,2,4.0,88,1055,67.82,66.7,Average
STU3954,CSE,6,Male,Day Scholar,Night,Auditory,Average,Medium,Good,No,No,Not Started,227,316,89,0,80.0,70.9,6.8,0,42,5,4,0,5.0,0,823,66.81,77.72,Good
STU3955,CSE,1,Other,Hostel,Night,Kinesthetic,Average,Medium,Good,No,No,Not Started,161,351,45,469,93.0,79.9,7.96,0,36,1,1,0,0.0,58,943,72.41,81.22,Good
STU3956,IT,4,Male,Day Scholar,Morning,Auditory,Poor,Medium,Average,No,Yes,Not Started,193,143,213,33,85.2,69.1,7.3,0,37,4,0,1,2.0,24,835,66.65,78.27,Good
STU3957,ECE,6,Male,Day Scholar,Morning,Visual,Average,Medium,Good,No,No,Not Started,212,519,248,567,75.6,79.9,8.65,0,41,6,1,1,3.0,460,1230,83.49,83.84,Good
STU3958,CSE-AIML,8,Male,Day Scholar,Night,Auditory,Average,Low,Good,No,No,Placed,0,109,93,0,75.8,63.3,5.93,2,31,3,1,2,1.0,8,770,54.31,67.16,Average
STU3959,CSE,1,Female,Hostel,Night,Auditory,Average,Medium,Good,No,No,Not Started,119,232,0,331,82.6,74.0,7.84,0,34,1,0,0,,4,1103,59.78,77.78,Good
STU3960,CSE,3,Female,Day Scholar,Night,Kinesthetic,Poor,Medium,Good,No,No,Not Started,282,313,18,90,81.9,77.6,7.58,0,39,1,1,0,3.0,36,847,56.15,77.49,Good
STU3961,CSE-AIML,2,Male,Hostel,Night,Kinesthetic,Good,Low,Average,No,Yes,Not Started,0,272,105,395,70.4,61.8,6.04,4,31,0,0,0,0.0,32,917,67.22,65.98,Average
STU3962,CSE,6,Male,Day Scholar,,Auditory,Poor,High,Good,No,No,In Progress,215,123,0,153,92.5,75.9,7.64,0,38,9,2,1,3.0,112,1585,69.13,83.65,Good
STU3963,CSE,4,Female,Hostel,Night,Auditory,Average,Medium,Good,No,No,Not Started,304,265,119,583,100.0,84.5,9.09,0,41,6,2,0,2.0,236,1067,91.03,95.98,Excellent
STU3964,CSE-AIML,1,Male,Day Scholar,Night,Visual,Good,Low,Good,No,Yes,Not Started,282,420,159,59,87.3,83.0,8.42,0,41,1,0,0,2.0,4,1203,79.73,84.8,Good
STU3965,CSE,8,Female,Hostel,Morning,Kinesthetic,Poor,Medium,Average,Yes,No,In Progress,254,215,99,332,84.4,70.4,6.96,0,38,7,5,5,3.0,217,931,70.36,77.25,Good
STU3966,IT,1,Male,Hostel,Night,Auditory,Average,Low,,No,Yes,Not Started,335,69,118,344,96.4,75.5,7.72,0,35,0,1,0,0.0,63,1140,82.05,87.06,Excellent
STU3967,CSE,6,Male,Hostel,Morning,Kinesthetic,Average,Medium,Good,Yes,No,Not Started,289,70,24,168,85.6,74.6,7.66,0,36,7,0,0,,25,1013,76.04,80.39,Good
STU3968,CSE,1,Female,Hostel,Afternoon,Visual,Average,Medium,Good,No,No,Not Started,145,373,45,477,74.5,65.9,5.69,2,28,1,0,0,0.0,19,910,70.67,62.46,Average
STU3969,CSE-AIML,2,Male,Day Scholar,Night,Visual,Poor,Low,Good,No,Yes,Not Started,244,197,113,48,100.0,81.2,8.38,0,38,1,0,0,2.0,16,997,61.3,86.61,Excellent
STU3970,CSE,1,Female,Hostel,Afternoon,Auditory,Poor,High,Good,No,No,Not Started,55,236,65,373,82.1,66.8,6.87,0,32,0,1,0,1.0,0,1154,45.1,75.47,Good
STU3971,ECE,7,Male,Hostel,Morning,Visual,Good,Low,Average,No,Yes,Placed,267,277,120,443,83.7,73.2,7.7,0,43,5,2,1,5.0,323,1343,96.59,87.79,Excellent
STU3972,CSE-AIML,5,Male,Hostel,Morning,Auditory,Average,Medium,Good,No,Yes,Not Started,173,0,7,106,92.4,68.2,6.72,2,31,3,0,1,1.0,90,799,64.86,71.41,Good
STU3973,CSE,7,Other,Hostel,Night,Kinesthetic,Good,High,Average,No,No,Placed,276,364,0,484,88.7,79.7,8.03,0,36,7,1,1,2.0,401,964,89.42,87.21,Excellent
STU3974,CSE-DS,5,Male,Hostel,,Kinesthetic,Average,Medium,Good,No,No,Not Started,204,456,95,255,71.4,71.5,7.09,0,33,6,2,2,3.0,124,1111,75.54,78.03,Good
STU3975,CSE,1,Female,Day Scholar,Night,Auditory,Average,High,Poor,No,Yes,Not Started,269,191,233,146,87.9,72.9,7.33,0,37,0,0,0,0.0,17,953,51.08,80.63,Good
STU3976,ECE,8,Male,Hostel,Night,Auditory,Poor,High,Average,No,Yes,Placed,192,225,0,295,84.9,69.5,7.15,1,32,7,3,2,2.0,280,1040,68.8,73.12,Good
STU3977,CSE,8,Female,Hostel,Afternoon,Auditory,Poor,High,Average,No,No,In Progress,157,324,258,91,89.2,75.8,7.96,0,36,3,6,2,5.0,26,996,50.06,76.26,Good
STU3978,CSE-AIML,6,Female,Hostel,Morning,Kinesthetic,Poor,Medium,Good,No,No,In Progress,207,183,266,251,87.7,74.2,7.68,0,32,8,2,2,4.0,144,958,71.0,83.6,Good
STU3979,CSE,8,Male,Hostel,Morning,Kinesthetic,Good,Medium,Good,No,Yes,In Progress,42,370,0,0,75.9,61.8,6.29,1,32,4,1,2,2.0,0,914,61.19,75.76,Good
STU3980,CSE-AIML,5,Female,Hostel,Morning,Visual,Poor,High,Average,No,No,Not Started,170,301,245,482,92.0,79.4,7.26,1,36,7,0,1,1.0,232,1104,64.19,77.81,Good
STU3981,IT,4,Female,Hostel,Afternoon,Visual,Poor,High,Average,No,Yes,Not Started,139,391,0,467,75.6,61.2,6.03,1,33,6,2,0,2.0,168,1116,63.52,73.47,Good
STU3982,IT,5,Male,Day Scholar,Morning,Kinesthetic,Poor,High,Average,No,No,Not Started,55,100,164,757,82.3,70.5,7.32,1,36,3,3,0,3.0,369,1384,59.05,82.67,Good
STU3983,CSE,7,Female,Hostel,Morning,Kinesthetic,Poor,High,Good,No,Yes,In Progress,117,282,275,261,82.8,80.9,7.25,1,36,3,4,3,2.0,190,919,55.21,77.69,Good
STU3984,CSE,1,Female,Hostel,Night,Auditory,Poor,Medium,Average,No,Yes,Not Started,63,289,157,415,74.4,54.8,7.09,0,25,1,0,0,0.0,24,1042,59.76,71.81,Good
STU3985,IT,6,Male,Hostel,Night,Kinesthetic,Good,Low,Good,No,Yes,Not Started,41,325,173,275,100.0,65.3,6.38,1,29,3,3,1,1.0,101,1007,74.87,75.11,Good
STU3986,ECE,3,Male,Day Scholar,Night,Kinesthetic,Average,Medium,Good,No,No,Not Started,128,224,200,371,72.7,74.5,6.97,0,36,4,0,0,1.0,131,1010,69.03,79.83,Good
STU3987,CSE,6,Male,Day Scholar,Night,Visual,Average,Low,Good,No,Yes,Not Started,225,129,429,654,58.0,65.3,6.3,2,30,8,0,1,3.0,388,1130,100.0,68.72,Average
STU3988,CSE-AIML,6,Male,Hostel,Morning,Visual,Good,Low,Average,No,Yes,Not Started,45,62,59,479,92.9,70.5,6.69,0,30,4,0,0,0.0,264,1224,82.6,79.32,Good
STU3989,CSE,6,Female,Day Scholar,Night,Auditory,Good,Low,Good,No,Yes,Not Started,175,174,244,381,76.9,72.0,7.81,2,38,5,2,1,,240,850,88.45,79.29,Good
STU3990,IT,4,Male,Hostel,Morning,Visual,Good,Low,Average,No,Yes,Not Started,197,163,0,0,98.3,68.4,7.4,0,34,4,0,0,4.0,0,1068,81.47,82.35,Good
STU3991,CSE,2,Female,Hostel,Night,Auditory,Good,Low,Good,No,No,Not Started,169,189,0,378,79.0,74.1,8.21,0,37,4,1,0,1.0,68,1080,82.89,85.71,Excellent
STU3992,CSE,7,Male,Hostel,Night,Kinesthetic,Poor,High,Good,No,No,In Progress,255,217,156,21,81.3,67.5,6.46,2,31,3,1,0,4.0,0,958,50.55,71.09,Good
STU3993,IT,1,Male,Hostel,Night,Kinesthetic,Average,Medium,Good,No,No,Not Started,459,86,215,379,100.0,89.5,9.39,0,45,0,0,0,0.0,94,1013,76.97,97.96,Excellent
STU3994,CSE,2,Female,Hostel,Night,Auditory,Good,Low,Good,Yes,Yes,Not Started,328,116,181,358,80.2,64.9,6.41,1,30,2,1,0,0.0,90,931,88.57,70.07,Good
STU3995,CSE-AIML,3,Male,Hostel,Night,Visual,Average,Medium,Good,No,No,Not Started,122,184,79,100,82.8,71.3,7.58,1,30,1,0,1,3.0,0,849,53.76,72.99,Good
STU3996,CSE-AIML,2,Male,Hostel,Night,Visual,Average,High,Average,No,Yes,Not Started,93,288,81,200,94.2,72.2,6.41,1,40,1,0,0,0.0,154,1043,55.24,75.54,Good
STU3997,CSE,1,Male,Hostel,Morning,Kinesthetic,Average,Medium,,No,Yes,Not Started,138,162,35,527,83.6,71.7,7.17,0,34,0,0,0,1.0,120,1080,70.45,80.41,Good
STU3998,CSE,7,Male,Hostel,Night,Visual,Good,Low,Good,No,No,In Progress,226,287,150,526,79.1,79.3,7.45,1,39,1,1,0,5.0,409,1213,86.93,79.79,Good
STU3999,CSE-AIML,7,Male,Hostel,Morning,Auditory,Good,Low,Good,No,No,In Progress,183,447,171,707,77.3,68.2,6.12,0,33,5,0,3,6.0,540,1442,97.66,77.66,Good
STU4000,CSE,1,Other,Day Scholar,Night,Kinesthetic,Average,Medium,Good,No,Yes,Not Started,184,236,232,29,71.2,76.0,7.25,0,41,1,0,0,2.0,0,985,58.17,77.81,Good
STU4001,CSE-AIML,3,Male,Hostel,Afternoon,Visual,Good,Low,Good,Yes,No,Not Started,188,435,0,429,76.2,62.0,5.63,1,32,5,1,0,4.0,129,1037,88.17,66.58,Average
STU4002,IT,1,Female,Day Scholar,Morning,Kinesthetic,Average,Medium,Good,No,No,Not Started,186,382,485,466,91.0,84.4,7.86,1,43,1,0,0,0.0,131,1190,68.78,82.29,Good
STU4003,IT,3,Female,Day Scholar,Night,Kinesthetic,Poor,High,Good,No,No,Not Started,203,304,7,536,93.4,71.5,7.76,0,34,4,0,0,0.0,240,1185,63.26,82.99,Good
STU4004,CSE,3,Male,Hostel,Morning,Visual,Average,Medium,Average,No,Yes,Not Started,264,182,22,552,73.9,74.5,7.42,0,37,4,2,1,2.0,226,742,84.16,81.24,Good
STU4005,CSE,1,Male,Hostel,Night,Auditory,Good,Medium,Good,No,No,Not Started,211,211,104,444,95.6,78.9,7.16,1,37,0,1,0,,56,980,78.15,80.91,Good
STU4006,CSE,5,Female,Hostel,Morning,Visual,Average,Low,Average,No,No,Not Started,81,348,120,601,90.9,68.3,6.8,0,30,3,1,0,1.0,299,1129,77.17,78.07,Good
STU4007,CSE,7,Female,Hostel,Night,Visual,Good,Medium,Good,No,No,In Progress,263,247,181,331,77.4,77.2,7.62,0,38,4,1,4,6.0,268,1149,84.81,83.55,Good
STU4008,CSE-AIML,3,Male,Hostel,Night,Visual,Average,Medium,Good,No,Yes,Not Started,278,470,184,140,89.5,77.7,7.48,0,34,1,1,0,2.0,74,1011,70.76,79.85,Good
STU4009,CSE-DS,1,Male,Hostel,Night,Visual,Average,Medium,Good,No,Yes,Not Started,166,201,185,0,97.7,77.7,7.91,0,36,1,1,0,0.0,34,803,51.69,80.26,Good
STU4010,CSE,8,Male,Hostel,Afternoon,Visual,Average,High,Average,No,No,In Progress,207,225,269,0,84.9,69.6,6.81,0,33,6,2,4,8.0,0,1270,62.84,76.92,Good
STU4011,CSE,5,Male,Day Scholar,Morning,Visual,Good,Low,Good,No,No,Not Started,137,465,219,394,81.6,71.8,6.82,0,39,2,1,1,2.0,255,1052,76.81,78.62,Good
STU4012,CSE,7,Female,Hostel,Night,Auditory,Average,High,Good,No,No,Placed,110,119,0,0,71.4,61.4,6.04,3,31,6,3,1,5.0,0,1185,56.01,62.26,Average
STU4013,CSE-DS,3,Female,Day Scholar,Morning,Kinesthetic,Poor,High,Good,No,No,Not Started,121,487,81,298,77.5,65.1,7.0,0,30,4,0,1,4.0,125,853,53.39,71.47,Good
STU4014,CSE,7,Male,Hostel,Afternoon,Auditory,Average,Low,Good,No,No,Placed,127,0,59,239,81.2,63.8,6.99,0,29,9,0,1,4.0,140,1390,85.35,78.25,Good
STU4015,CSE-DS,5,Female,Day Scholar,Night,Visual,Good,Low,Good,No,No,Not Started,309,138,101,176,66.1,74.3,7.71,0,37,6,3,2,6.0,53,1238,87.31,80.4,Good
STU4016,CSE,7,Female,Hostel,Afternoon,Auditory,Good,Medium,Average,No,No,Placed,173,104,246,434,69.7,66.4,7.05,1,30,7,1,2,2.0,301,938,83.78,72.14,Good
STU4017,IT,4,Male,Hostel,Morning,Kinesthetic,Good,Medium,Good,No,Yes,Not Started,106,39,196,230,90.3,66.0,7.06,2,38,3,2,0,0.0,2,885,66.96,85.38,Excellent
STU4018,IT,6,Male,Day Scholar,Morning,Auditory,Average,Low,Average,No,No,Not Started,158,157,108,212,75.7,72.9,7.85,0,32,4,0,1,7.0,186,1253,67.12,79.84,Good
STU4019,CSE,4,Female,Day Scholar,Morning,Visual,Average,Low,Good,No,No,Not Started,239,184,239,283,59.6,55.8,6.59,0,28,1,1,0,4.0,116,1087,74.06,69.64,Average
STU4020,CSE,5,Female,Hostel,Night,Kinesthetic,Average,High,Good,No,No,Not Started,310,262,219,273,76.4,69.7,6.42,1,33,7,2,0,0.0,162,1152,81.26,78.97,Good
STU4021,CSE-AIML,3,Female,Hostel,Morning,Visual,Good,Low,Good,No,No,Not Started,228,0,0,331,76.6,68.6,7.22,1,31,1,0,0,0.0,78,870,75.35,75.85,Good
STU4022,CSE,1,Male,Day Scholar,Night,Visual,Average,Medium,Average,No,No,Not Started,177,455,27,530,83.4,67.7,7.9,0,32,1,0,0,0.0,107,994,66.05,79.49,Good
STU4023,CSE-DS,2,Male,Day Scholar,Morning,Kinesthetic,Good,Medium,Poor,No,Yes,Not Started,335,172,160,254,86.0,82.1,7.44,0,35,2,1,0,0.0,0,1196,70.79,83.88,Good
STU4024,IT,1,Male,Hostel,Morning,Kinesthetic,Poor,High,Good,No,Yes,Not Started,160,265,106,427,88.8,77.1,8.51,0,39,1,0,0,0.0,86,992,57.46,86.16,Excellent
STU4025,CSE-DS,7,Female,Hostel,Night,Visual,Poor,Medium,Good,Yes,No,Placed,154,166,196,188,78.3,71.8,6.63,0,35,4,0,2,5.0,129,1054,55.92,73.5,Good
STU4026,IT,2,Female,Day Scholar,Morning,Auditory,Good,Low,Good,No,No,Not Started,76,240,79,117,79.3,59.9,6.35,4,29,0,1,0,,74,1213,62.22,63.0,Average
STU4027,CSE,2,Male,Hostel,Night,Kinesthetic,Poor,Medium,Good,No,No,Not Started,124,271,202,324,67.1,61.9,6.24,1,35,1,1,0,1.0,137,1145,53.58,68.12,Average
STU4028,CSE,7,Female,Day Scholar,Night,Auditory,Poor,Medium,Good,No,No,Placed,75,321,119,271,75.7,66.3,6.68,1,33,8,1,0,3.0,185,1166,63.64,70.63,Good
STU4029,CSE-DS,7,Female,Hostel,Morning,Auditory,Poor,High,Good,No,No,Placed,62,29,179,159,71.5,67.4,4.88,1,37,2,0,2,4.0,89,1093,46.12,66.91,Average
STU4030,CSE,3,Female,Day Scholar,Night,Kinesthetic,Average,Low,,No,Yes,Not Started,172,455,159,418,88.5,71.1,5.94,2,36,1,0,1,1.0,200,1021,78.93,74.6,Good
STU4031,CSE-DS,5,Female,Day Scholar,Afternoon,Auditory,Average,Medium,Average,No,Yes,Not Started,135,0,91,0,100.0,75.9,7.33,1,35,5,1,1,5.0,36,985,74.8,81.37,Good
STU4032,CSE,8,Male,Day Scholar,Morning,Kinesthetic,Average,Medium,Average,No,No,Placed,288,269,290,372,86.6,79.1,7.85,1,37,7,5,1,8.0,296,1098,87.2,84.66,Good
STU4033,CSE,1,Female,Hostel,Morning,Kinesthetic,Good,High,Poor,No,No,Not Started,207,274,93,224,95.8,80.3,8.25,0,40,1,0,0,1.0,45,959,55.88,89.78,Excellent
STU4034,ECE,5,Male,Hostel,Night,Kinesthetic,Poor,Medium,Good,No,No,Not Started,242,154,342,191,90.8,77.3,7.36,0,38,1,4,1,4.0,27,984,54.41,79.88,Good
STU4035,CSE,4,Male,Hostel,Morning,Kinesthetic,Average,Medium,Good,No,Yes,Not Started,222,226,0,636,64.2,64.6,6.33,2,29,4,2,2,0.0,298,1217,89.7,73.71,Good
STU4036,ECE,3,Female,Day Scholar,Night,Auditory,Poor,Low,Good,No,No,Not Started,82,263,11,522,82.2,66.7,6.13,3,34,0,1,0,0.0,191,1359,60.94,65.86,Average
STU4037,ECE,3,Female,Day Scholar,Night,Auditory,Poor,Medium,,No,No,Not Started,161,135,143,412,68.2,63.5,5.75,3,32,2,1,1,2.0,60,1373,56.89,63.5,Average
STU4038,IT,8,Male,Hostel,Morning,Kinesthetic,Average,Medium,Average,No,No,Placed,218,0,0,170,63.6,70.6,6.75,0,36,7,3,3,2.0,155,957,73.02,76.98,Good
STU4039,CSE-DS,4,Female,Day Scholar,Afternoon,Kinesthetic,Good,Low,Good,No,No,Not Started,23,182,66,0,93.9,68.2,5.72,2,31,2,2,0,1.0,39,1102,60.27,70.69,Good
STU4040,CSE-AIML,1,Female,Day Scholar,Night,Kinesthetic,Good,Medium,Good,No,No,Not Started,21,465,203,665,99.8,80.9,8.32,0,43,0,1,0,0.0,76,986,68.89,85.6,Excellent
STU4041,IT,6,Female,Hostel,Night,Kinesthetic,Poor,Medium,Good,No,Yes,Not Started,196,112,101,28,41.7,57.8,6.12,0,32,7,3,2,2.0,22,765,65.66,69.84,Average
STU4042,CSE,4,Male,Hostel,Afternoon,Visual,Poor,High,Average,Yes,No,Not Started,157,173,193,537,74.5,62.1,6.85,1,33,6,1,1,3.0,144,985,67.28,70.97,Good
STU4043,CSE-AIML,1,Female,Day Scholar,Night,Auditory,Good,Low,Average,No,No,Not Started,0,180,261,355,84.0,78.4,9.16,0,40,0,0,0,0.0,45,890,61.06,86.12,Excellent
STU4044,CSE-DS,2,Male,Hostel,Morning,Auditory,Poor,Medium,Good,No,No,Not Started,18,180,169,268,77.4,68.8,6.54,0,38,2,0,0,2.0,108,1079,48.59,72.32,Good
STU4045,CSE-AIML,7,Male,Day Scholar,Night,Kinesthetic,Average,Medium,Good,No,Yes,Placed,91,55,17,288,84.2,62.8,6.99,0,32,6,3,1,1.0,188,1103,75.24,76.32,Good
STU4046,CSE-AIML,3,Male,Hostel,Night,Visual,Poor,Low,Good,No,Yes,Not Started,225,339,107,488,83.7,67.4,6.57,2,32,4,1,0,1.0,153,1305,80.66,70.61,Good
STU4047,CSE,1,Male,Day Scholar,Night,Visual,Good,Low,Good,No,Yes,Not Started,135,277,114,629,86.3,81.0,8.28,0,39,2,0,0,0.0,89,1046,78.74,85.23,Excellent
STU4048,CSE-AIML,5,Female,Hostel,Night,Visual,Poor,High,Good,No,Yes,Not Started,283,201,134,518,91.8,72.2,7.45,0,32,5,2,2,7.0,373,1287,76.39,81.41,Good
STU4049,IT,8,Male,Hostel,Night,Kinesthetic,Good,Low,Average,No,No,Placed,114,97,78,376,88.7,70.3,7.57,0,36,8,2,2,3.0,292,799,85.79,87.6,Excellent
STU4050,CSE,7,Female,Hostel,Night,Visual,Good,Low,Average,No,No,Placed,129,158,130,722,78.2,70.3,6.89,0,32,3,2,0,4.0,564,1296,88.22,80.63,Good
STU4051,ECE,5,Male,Hostel,Night,Kinesthetic,Poor,Medium,Good,No,Yes,Not Started,388,297,208,437,93.6,86.8,7.66,0,43,5,3,0,5.0,213,1052,77.06,84.89,Good
STU4052,CSE-DS,7,Female,Hostel,Afternoon,Visual,Average,Medium,Good,No,Yes,In Progress,256,285,0,233,60.1,76.9,7.51,0,33,4,1,0,5.0,196,937,73.73,73.83,Good
STU4053,IT,3,Female,Hostel,Night,Kinesthetic,Average,Medium,Poor,No,Yes,Not Started,274,229,180,474,93.8,81.0,9.08,0,42,5,3,0,1.0,59,1270,74.6,91.41,Excellent
STU4054,CSE-AIML,4,Female,Day Scholar,Morning,Kinesthetic,Poor,High,Good,Yes,No,Not Started,113,301,51,326,80.2,77.2,7.85,0,44,2,0,1,5.0,105,1045,51.88,79.26,Good
STU4055,IT,6,Female,Day Scholar,Afternoon,Auditory,Poor,High,Good,Yes,No,Not Started,158,484,0,394,72.0,72.6,8.01,0,38,5,1,1,4.0,135,1015,59.51,79.59,Good
STU4056,CSE,4,Female,Hostel,Morning,Kinesthetic,Poor,High,Good,No,No,Not Started,182,372,0,507,67.7,72.2,7.96,2,36,4,1,0,1.0,146,860,59.35,75.62,Good
STU4057,IT,1,Female,Day Scholar,Morning,Visual,Average,Medium,Average,No,Yes,Not Started,159,84,161,400,94.9,77.2,7.86,0,42,2,0,0,0.0,37,831,70.68,85.59,Excellent
STU4058,CSE,8,Female,Hostel,Afternoon,Auditory,Good,High,Poor,Yes,No,In Progress,194,442,91,351,78.6,66.7,6.42,3,32,3,4,5,4.0,359,1549,65.45,64.97,Average
STU4059,IT,4,Male,Day Scholar,Night,Visual,Average,Medium,Good,No,No,Not Started,194,210,272,192,68.1,76.2,7.3,0,40,2,1,0,1.0,116,865,64.81,76.73,Good
STU4060,ECE,3,Female,Day Scholar,Afternoon,Kinesthetic,Poor,High,Good,No,No,Not Started,163,330,260,744,70.0,64.8,6.65,1,26,2,2,0,1.0,293,1254,65.87,70.25,Good
STU4061,CSE,8,Male,Hostel,Night,Auditory,Average,Medium,Good,No,No,Placed,157,204,0,373,76.2,72.8,7.59,1,33,6,2,2,4.0,220,1018,72.59,77.06,Good
STU4062,CSE,1,Male,Day Scholar,Morning,Kinesthetic,Good,Low,Average,Yes,No,Not Started,304,27,111,291,97.2,70.1,7.74,0,32,0,0,0,0.0,79,1154,77.46,79.37,Good
STU4063,IT,2,Female,Day Scholar,Afternoon,Kinesthetic,Poor,High,Poor,No,No,Not Started,102,267,260,458,91.8,74.4,6.87,0,31,3,0,0,0.0,109,949,45.19,78.34,Good
STU4064,CSE,4,Male,Hostel,Morning,Visual,Average,Medium,Average,No,Yes,Not Started,138,401,34,532,86.3,77.8,7.31,1,36,5,0,1,3.0,238,1186,81.56,79.9,Good
STU4065,IT,4,Female,Day Scholar,Morning,Visual,Poor,High,Poor,No,No,Not Started,50,119,295,337,79.6,59.9,6.14,2,33,2,0,1,1.0,124,960,31.29,65.22,Average
STU4066,CSE,6,Male,Day Scholar,Night,Visual,Poor,Low,Poor,No,No,Not Started,97,188,108,129,63.7,64.7,5.97,1,29,5,2,2,5.0,68,793,55.65,65.93,Average
STU4067,CSE,1,Male,Hostel,Night,Auditory,Average,High,,Yes,Yes,Not Started,137,485,156,213,100.0,65.7,6.92,0,31,0,1,0,0.0,44,1229,57.59,73.93,Good
STU4068,ECE,5,Male,Day Scholar,Morning,Visual,Good,Low,Good,No,No,Not Started,189,394,127,57,75.7,69.2,6.98,0,33,4,2,1,3.0,67,745,79.15,77.8,Good
STU4069,CSE-DS,4,Male,Day Scholar,Afternoon,Kinesthetic,Average,Medium,Good,No,Yes,Not Started,255,347,140,261,74.9,76.9,7.29,0,44,2,1,0,1.0,55,851,73.5,82.12,Good
STU4070,IT,3,Female,Hostel,Night,Auditory,Average,Medium,Good,Yes,No,Not Started,257,321,201,304,82.5,70.8,8.14,0,36,1,1,0,1.0,22,1235,65.88,83.0,Good
STU4071,CSE,4,Male,Hostel,,Visual,Average,Medium,Good,No,Yes,Not Started,301,275,34,262,100.0,82.5,8.37,0,42,6,2,0,2.0,175,1069,84.93,92.24,Excellent
STU4072,CSE-DS,6,Male,Hostel,Morning,Visual,Average,Medium,Good,No,No,Not Started,90,134,135,518,82.9,69.9,7.41,0,34,6,2,2,4.0,413,1181,80.04,82.53,Good
STU4073,CSE-AIML,2,Male,Day Scholar,Night,Visual,Average,Medium,Poor,No,Yes,Not Started,103,177,133,54,78.5,64.3,6.86,0,36,2,1,0,2.0,75,1188,51.88,75.05,Good
STU4074,CSE-DS,6,Male,Day Scholar,Morning,Kinesthetic,Average,Low,Average,No,No,Not Started,81,398,149,400,59.3,58.2,6.54,0,32,4,3,4,0.0,305,1426,73.41,69.46,Average
STU4075,CSE-DS,4,Female,Hostel,Night,Visual,Good,Medium,Average,No,Yes,Not Started,340,220,235,88,78.4,78.1,8.18,0,38,6,2,0,3.0,64,984,88.23,88.15,Excellent
STU4076,CSE-AIML,8,Male,Day Scholar,Night,Kinesthetic,Average,Medium,Good,No,No,Placed,230,26,120,523,82.2,76.8,7.79,0,40,8,7,2,3.0,361,1285,89.77,85.51,Excellent
STU4077,CSE-AIML,5,Female,Day Scholar,Afternoon,Auditory,Poor,Medium,Average,No,No,Not Started,259,252,165,0,72.8,62.9,6.09,3,26,3,2,0,1.0,6,1093,55.27,62.46,Average
STU4078,CSE,7,Female,Day Scholar,Afternoon,Visual,Average,Low,Average,No,No,In Progress,76,4,285,336,87.2,80.1,8.52,0,47,6,3,2,1.0,237,1055,78.2,88.55,Excellent
STU4079,IT,4,Female,Hostel,Night,Kinesthetic,Average,Medium,Poor,No,No,Not Started,179,155,198,494,73.3,66.1,7.35,0,35,3,0,2,0.0,244,1069,64.98,77.48,Good
STU4080,CSE,1,Female,Hostel,Morning,Visual,Average,High,Good,No,Yes,Not Started,230,30,127,380,73.0,72.8,8.06,0,35,1,0,0,0.0,8,1033,70.59,79.1,Good
STU4081,CSE-DS,4,Male,Day Scholar,Night,Visual,Good,Low,Good,No,Yes,Not Started,51,239,78,82,81.6,69.1,7.74,0,31,3,0,0,3.0,89,1112,70.44,77.02,Good
STU4082,CSE,5,Male,Hostel,Night,Auditory,Average,Medium,Average,No,Yes,Not Started,135,269,249,395,73.8,67.6,6.89,0,33,4,2,0,3.0,208,1115,77.73,77.47,Good
STU4083,CSE-DS,1,Female,Day Scholar,Morning,Auditory,Good,Low,Average,No,No,Not Started,219,417,1,330,79.3,68.9,6.68,0,35,0,0,0,0.0,12,978,75.43,76.75,Good
STU4084,CSE-DS,3,Female,Day Scholar,Night,Kinesthetic,Good,Low,Poor,Yes,No,Not Started,0,309,170,0,84.8,63.0,6.07,2,29,4,1,0,0.0,0,929,52.36,67.26,Average
STU4085,CSE,8,Female,Hostel,Morning,Kinesthetic,Good,Medium,Average,No,No,Placed,313,181,138,133,74.7,71.1,7.07,0,33,4,2,1,1.0,40,846,76.94,77.02,Good
STU4086,CSE,1,Female,Day Scholar,Morning,Kinesthetic,Average,Medium,Average,No,No,Not Started,240,130,161,174,88.0,71.5,7.82,1,39,0,3,0,0.0,145,828,60.0,79.86,Good
STU4087,CSE,6,Male,Hostel,Night,Auditory,Average,Medium,Average,No,No,Not Started,77,293,211,31,69.2,54.1,6.4,1,29,5,1,0,6.0,0,910,63.22,68.73,Average
STU4088,CSE-DS,2,Male,Hostel,Night,Kinesthetic,Poor,High,Good,No,Yes,Not Started,175,37,69,357,71.7,71.1,7.64,0,31,3,0,0,0.0,41,1125,62.7,76.79,Good
STU4089,IT,6,Female,Hostel,Night,Auditory,Poor,High,Average,No,Yes,In Progress,222,421,41,748,74.8,65.9,6.07,1,31,4,1,0,2.0,516,960,80.67,74.06,Good
STU4090,CSE,7,Female,Hostel,Morning,Auditory,Average,High,Good,No,No,In Progress,191,291,0,294,85.1,85.8,8.06,0,42,3,1,1,2.0,158,938,63.5,80.7,Good
STU4091,CSE-DS,1,Male,Hostel,Night,Visual,Average,Medium,Average,No,No,Not Started,174,99,124,161,78.7,72.5,7.37,0,37,0,1,0,0.0,0,954,54.95,76.03,Good
STU4092,CSE,3,Female,Day Scholar,Morning,Visual,Good,Medium,Good,Yes,No,Not Started,169,142,222,200,71.9,67.4,6.1,0,38,4,0,0,1.0,138,1146,76.67,70.15,Good
STU4093,CSE-AIML,4,Male,Day Scholar,Night,Kinesthetic,Average,Medium,Good,No,No,Not Started,249,176,44,0,77.4,74.7,7.25,1,40,2,0,1,5.0,0,1132,64.37,80.75,Good
STU4094,ECE,8,Male,Hostel,Night,Auditory,Average,Medium,Good,No,Yes,In Progress,253,229,0,0,79.6,66.9,6.45,2,41,4,5,2,5.0,12,1140,67.33,77.95,Good
STU4095,CSE,1,Female,Day Scholar,Night,Auditory,Average,Medium,Good,Yes,Yes,Not Started,242,276,40,420,96.0,86.8,8.71,0,43,0,0,0,1.0,79,1224,75.63,83.9,Good
STU4096,CSE-AIML,6,Female,Hostel,Night,Auditory,Average,Low,Good,No,Yes,Not Started,243,207,169,227,89.9,73.7,7.83,0,39,6,3,2,2.0,196,975,84.19,85.5,Excellent
STU4097,CSE,1,Male,Hostel,Night,Visual,Average,Low,Good,No,No,Not Started,223,279,119,0,66.7,74.7,6.98,0,34,0,2,0,1.0,33,989,58.87,74.96,Good
STU4098,CSE,1,Male,Day Scholar,Night,Auditory,Good,Medium,Average,No,No,Not Started,233,183,176,335,94.2,78.8,8.04,0,37,0,0,0,2.0,85,844,71.85,88.2,Excellent
STU4099,CSE,1,Male,Day Scholar,Night,Kinesthetic,Good,Low,Average,No,No,Not Started,331,413,197,243,67.5,80.6,8.01,0,37,0,1,0,1.0,0,937,78.3,76.95,Good
STU4100,CSE,3,Female,Day Scholar,Night,Kinesthetic,Average,Low,Average,Yes,No,Not Started,169,331,221,430,93.0,75.1,7.47,0,34,1,2,0,1.0,89,951,69.43,75.27,Good
STU4101,CSE-DS,8,Male,Hostel,Night,Visual,Good,Medium,Average,No,Yes,Placed,27,371,42,152,87.0,63.2,6.61,0,29,7,5,4,1.0,144,947,75.12,78.42,Good
STU4102,CSE-AIML,5,Female,Day Scholar,Night,Kinesthetic,Poor,Low,Average,No,Yes,Not Started,291,283,296,712,74.5,74.9,7.31,1,35,5,1,0,2.0,336,1043,87.6,80.87,Good
STU4103,CSE-AIML,5,Female,Day Scholar,Night,Auditory,Average,Medium,Average,Yes,Yes,Not Started,220,380,120,31,89.6,75.1,7.67,0,40,3,2,0,3.0,0,1178,71.24,79.39,Good
STU4104,CSE,1,Female,Day Scholar,Morning,Auditory,Poor,Medium,Good,No,No,Not Started,227,0,182,116,81.7,73.8,7.75,1,37,0,0,0,0.0,0,879,49.34,75.05,Good
STU4105,CSE,3,Male,Hostel,Morning,Kinesthetic,Average,Low,Good,No,Yes,Not Started,101,237,124,0,81.6,69.6,6.85,0,42,4,0,1,4.0,0,1120,64.7,80.19,Good
STU4106,CSE-DS,3,Female,Hostel,Night,Visual,Average,Low,Good,No,No,Not Started,30,420,181,176,73.3,56.6,5.79,2,28,2,1,0,1.0,117,1138,57.34,64.83,Average
STU4107,ECE,7,Male,Day Scholar,Afternoon,Auditory,Good,Low,Average,No,Yes,Placed,205,361,69,277,82.4,75.1,7.72,0,41,8,2,2,2.0,211,1014,95.95,83.83,Good
STU4108,CSE,1,Male,Day Scholar,Night,Auditory,Good,Medium,Average,No,No,Not Started,156,313,55,452,62.0,55.0,5.22,1,30,0,0,0,0.0,49,834,63.74,64.51,Average
STU4109,IT,6,Male,Hostel,Afternoon,Visual,Good,Medium,Average,No,No,In Progress,178,156,152,269,56.5,65.9,6.36,0,27,5,7,0,3.0,175,1065,77.85,69.26,Average
STU4110,CSE-AIML,6,Male,Hostel,Afternoon,Auditory,Average,Medium,Good,Yes,Yes,Not Started,132,322,217,406,88.3,73.6,6.6,0,39,1,0,1,2.0,238,1269,73.88,77.27,Good
STU4111,CSE-AIML,2,Female,Hostel,Night,Kinesthetic,Average,Medium,Good,No,No,Not Started,184,297,252,456,82.8,76.5,7.26,0,37,2,1,0,3.0,49,986,67.99,80.92,Good
STU4112,CSE-AIML,8,Male,Hostel,Night,Kinesthetic,Average,Medium,Average,No,Yes,In Progress,119,83,82,178,78.6,67.7,6.13,1,35,3,2,1,8.0,73,1046,67.99,76.92,Good
STU4113,CSE,1,Male,Hostel,Morning,Visual,Average,Medium,Good,No,Yes,Not Started,314,365,209,49,86.8,69.3,6.97,0,35,0,0,0,2.0,40,985,69.8,76.71,Good
STU4114,CSE,2,Female,Hostel,Night,Visual,Good,Low,Good,No,No,Not Started,162,218,153,315,81.4,69.0,7.29,0,37,0,1,0,0.0,166,1223,72.58,78.44,Good
STU4115,CSE-DS,6,Male,Hostel,Night,Kinesthetic,Good,Medium,Average,No,No,Not Started,257,121,126,513,88.3,74.6,7.78,0,37,7,4,1,5.0,383,1315,93.34,86.96,Excellent
STU4116,CSE,6,Female,Hostel,Afternoon,Visual,Poor,Medium,Good,No,Yes,In Progress,222,93,139,601,91.1,79.4,8.41,0,39,6,1,2,3.0,329,887,80.85,87.19,Excellent
STU4117,ECE,1,Male,Hostel,Afternoon,Kinesthetic,Average,Low,Average,No,No,Not Started,296,177,116,0,57.7,75.5,7.52,0,31,1,0,0,0.0,0,962,71.36,75.04,Good
STU4118,CSE-AIML,2,Male,Hostel,Morning,Visual,Average,Medium,Good,No,Yes,Not Started,196,271,168,0,48.6,67.7,6.78,0,40,1,1,0,0.0,60,1251,63.97,69.73,Average
STU4119,CSE,2,Female,Hostel,Morning,Kinesthetic,Good,Low,Good,No,No,Not Started,262,186,0,0,82.8,72.4,7.9,0,32,0,0,0,3.0,26,1272,68.03,81.53,Good
STU4120,CSE-DS,1,Male,Day Scholar,Afternoon,Auditory,Average,Medium,Poor,Yes,No,Not Started,244,132,0,540,83.6,69.9,6.29,0,33,2,0,0,1.0,139,826,66.89,70.45,Good
STU4121,CSE,8,Female,Hostel,Morning,Auditory,Good,Low,Average,No,No,Placed,319,157,49,534,80.4,81.6,7.36,0,41,6,0,2,1.0,396,1236,100.0,84.92,Good
STU4122,CSE-AIML,7,Male,Day Scholar,Morning,Kinesthetic,Poor,Low,,No,Yes,In Progress,243,261,198,268,71.8,65.2,6.49,0,37,3,0,2,8.0,239,1202,59.57,77.19,Good
STU4123,CSE-DS,2,Male,Hostel,Night,Auditory,Average,Medium,Average,No,No,Not Started,110,354,161,295,70.7,60.5,6.39,1,31,2,1,0,0.0,38,1019,58.8,70.6,Good
STU4124,ECE,7,Male,Day Scholar,Night,Kinesthetic,Average,Medium,Good,Yes,Yes,In Progress,163,247,133,432,79.6,73.0,6.78,0,40,5,2,1,1.0,203,1118,76.89,81.68,Good
STU4125,IT,4,Male,Hostel,Night,Visual,Poor,High,Good,Yes,No,Not Started,70,453,248,383,76.2,60.1,6.05,5,25,5,3,1,4.0,162,833,57.96,51.62,Average
STU4126,CSE-DS,8,Male,Hostel,Morning,Auditory,Good,Medium,Good,No,No,Placed,152,132,75,662,91.1,70.1,6.88,0,35,2,4,2,5.0,572,1470,87.3,82.55,Good
STU4127,CSE-DS,6,Female,Hostel,Night,Auditory,Average,Medium,Good,No,No,Not Started,55,162,162,220,84.1,68.3,6.33,3,37,7,1,2,4.0,148,1113,72.59,71.25,Good
STU4128,ECE,5,Male,Day Scholar,Night,Auditory,Poor,High,Average,No,No,Not Started,247,307,83,422,81.5,75.9,7.65,0,36,2,3,0,3.0,292,1093,65.07,77.68,Good
STU4129,CSE,8,Male,Hostel,Night,Kinesthetic,Average,Low,Average,Yes,No,Placed,18,220,89,309,94.0,71.3,6.28,1,33,7,3,4,4.0,273,1130,76.79,77.12,Good
STU4130,CSE,7,Male,Hostel,Night,Auditory,Average,Low,Poor,No,Yes,In Progress,83,376,273,525,89.2,68.1,7.05,0,32,4,3,5,5.0,307,1095,71.42,79.0,Good
STU4131,CSE,7,Female,Hostel,Night,Visual,Average,Medium,Average,No,No,In Progress,208,76,98,423,83.2,68.2,7.25,0,37,7,2,2,5.0,315,938,79.72,77.16,Good
STU4132,CSE,7,Female,Day Scholar,Night,Auditory,Average,Medium,Average,No,Yes,Placed,252,274,143,288,70.5,62.2,5.91,2,33,7,3,1,3.0,249,1198,84.25,66.68,Average
STU4133,CSE-DS,3,Female,Hostel,Night,Visual,Average,Medium,Good,Yes,No,Not Started,0,322,118,196,92.3,68.0,7.22,0,32,2,0,0,0.0,85,972,50.93,75.48,Good
STU4134,CSE-DS,8,Female,Hostel,Morning,Auditory,Average,Medium,Average,No,No,Placed,213,22,115,251,89.1,72.1,7.48,0,33,6,1,5,2.0,145,1063,76.39,83.56,Good
STU4135,CSE-AIML,2,Male,Hostel,Morning,Auditory,Good,Low,Good,No,Yes,Not Started,237,82,169,63,76.7,80.7,7.59,1,41,1,1,0,1.0,41,899,79.68,80.81,Good
STU4136,CSE,2,Male,Hostel,Morning,Visual,Average,Medium,Poor,No,No,Not Started,28,165,14,471,85.2,62.2,6.13,1,35,1,0,0,0.0,8,768,52.7,71.63,Good
STU4137,CSE-DS,3,Female,Day Scholar,Morning,Auditory,Poor,Medium,Poor,No,No,Not Started,18,77,11,199,67.5,61.5,6.41,1,29,2,1,0,3.0,0,1249,31.66,64.34,Average
STU4138,CSE,2,Female,Hostel,Morning,Visual,Poor,High,Good,No,No,Not Started,181,229,111,332,56.2,58.6,6.05,3,28,3,1,0,3.0,92,1115,60.16,60.75,Average
STU4139,CSE-DS,3,Male,Hostel,Night,Visual,Good,High,Good,Yes,No,Not Started,222,322,97,0,90.6,67.5,6.05,2,33,0,1,0,3.0,0,1243,57.45,68.95,Average
STU4140,CSE-AIML,7,Male,Day Scholar,Morning,Visual,Average,Medium,Good,No,Yes,In Progress,138,176,190,372,77.0,68.6,7.08,2,35,4,1,2,6.0,261,961,73.67,73.42,Good
STU4141,CSE,1,Other,Day Scholar,Night,Auditory,Average,Medium,Good,No,No,Not Started,198,328,218,200,69.2,60.7,5.51,4,32,0,1,0,2.0,2,845,60.97,60.46,Average
STU4142,CSE,8,Female,Hostel,Night,Auditory,Poor,Medium,Average,No,Yes,In Progress,180,116,12,826,85.1,72.2,6.42,5,34,5,2,1,1.0,628,1455,82.25,69.55,Average
STU4143,CSE,4,Male,Day Scholar,Morning,Visual,Good,Low,Good,No,No,Not Started,359,145,14,432,73.8,71.6,7.37,0,37,0,1,1,1.0,219,1118,89.58,77.64,Good
STU4144,IT,7,Female,Hostel,Afternoon,Auditory,Average,High,Good,No,No,Placed,0,157,88,0,79.5,58.7,5.79,1,26,4,0,0,3.0,82,1143,44.97,63.35,Average
STU4145,ECE,4,Male,Hostel,,Kinesthetic,Poor,High,Good,No,Yes,Not Started,137,214,77,542,55.3,62.0,6.26,1,30,4,0,2,0.0,174,1249,64.6,71.0,Good
STU4146,CSE-DS,6,Male,Day Scholar,Night,Visual,Average,Medium,Good,No,Yes,Not Started,144,42,127,342,81.0,71.5,7.78,0,33,3,4,2,3.0,181,871,76.6,80.2,Good
STU4147,CSE,7,Male,Day Scholar,Night,Visual,Average,Medium,Poor,No,No,Placed,25,65,214,0,92.8,75.9,7.48,0,38,6,5,5,6.0,24,748,41.13,80.39,Good
STU4148,CSE-AIML,5,Male,Hostel,Morning,Kinesthetic,Poor,Medium,Good,No,No,Not Started,212,47,152,56,76.4,63.3,5.93,1,33,7,3,2,3.0,0,921,59.84,68.68,Average
STU4149,CSE-DS,2,Male,Hostel,Night,Kinesthetic,Good,Low,Good,Yes,No,Not Started,129,268,186,89,87.4,73.2,6.6,0,38,0,1,0,0.0,0,1030,61.62,73.96,Good
STU4150,IT,5,Female,Hostel,Night,Visual,Good,Medium,Good,No,Yes,Not Started,99,280,74,594,92.5,65.2,7.02,2,32,1,0,1,1.0,267,1051,86.9,77.84,Good
STU4151,CSE,1,Male,Hostel,Morning,Kinesthetic,Average,Medium,Good,Yes,No,Not Started,67,0,45,39,84.8,72.6,7.42,1,43,1,1,0,0.0,0,1340,50.45,77.79,Good
STU4152,CSE,4,Female,Hostel,Night,Visual,Poor,High,Good,No,Yes,Not Started,188,437,55,308,89.5,74.2,7.56,0,37,3,3,0,0.0,155,759,60.36,77.57,Good
STU4153,CSE-DS,8,Male,Hostel,Night,Auditory,Average,Medium,Average,No,Yes,Placed,223,5,88,121,72.6,73.7,7.69,0,41,10,3,5,7.0,68,988,85.23,85.35,Excellent
STU4154,CSE,7,Male,Day Scholar,Morning,Kinesthetic,Good,High,Good,No,No,In Progress,164,348,135,170,84.8,69.6,7.67,0,35,6,4,0,0.0,138,1054,72.06,80.43,Good
STU4155,CSE,8,Female,Day Scholar,Night,Visual,Average,Medium,Good,No,No,Placed,261,366,114,383,74.7,77.3,7.28,1,35,7,0,2,6.0,187,809,82.28,79.34,Good
STU4156,CSE,1,Female,Hostel,Morning,Visual,Average,High,Good,No,Yes,Not Started,213,376,63,395,76.0,64.8,6.01,1,31,3,0,0,0.0,0,926,70.57,72.23,Good
STU4157,CSE-AIML,1,Female,Hostel,Afternoon,Visual,Good,Low,Good,No,No,Not Started,342,162,119,70,77.3,75.2,7.43,0,42,1,0,0,0.0,80,1196,74.17,81.83,Good
STU4158,IT,2,Other,Hostel,Morning,Kinesthetic,Average,Medium,Good,No,No,Not Started,81,253,66,0,95.1,75.2,7.04,0,36,1,1,0,2.0,15,1007,54.22,79.83,Good
STU4159,ECE,1,Male,Hostel,Night,Auditory,Poor,High,Average,No,No,Not Started,52,217,0,43,90.3,73.5,7.44,0,32,1,0,0,1.0,0,765,31.05,80.52,Good
STU4160,CSE-AIML,7,Male,Hostel,Night,Auditory,Poor,Medium,Good,No,No,Placed,234,456,186,225,58.9,60.1,5.8,1,29,4,3,4,4.0,168,962,63.38,62.33,Average
STU4161,CSE-AIML,7,Female,Day Scholar,Morning,Kinesthetic,Average,Medium,Good,No,Yes,In Progress,155,208,114,413,95.1,72.1,7.46,0,35,8,1,2,4.0,317,1125,86.78,84.82,Good
STU4162,CSE,8,Other,Hostel,Afternoon,Visual,Good,Medium,Average,No,No,In Progress,59,406,127,398,98.8,67.6,6.6,0,35,7,1,2,3.0,297,1381,77.65,81.28,Good
STU4163,CSE-AIML,8,Female,Day Scholar,Morning,Visual,Poor,High,Good,No,No,In Progress,90,118,144,589,81.4,68.9,7.03,0,34,5,4,1,1.0,503,1163,66.96,78.58,Good
STU4164,CSE,4,Female,Day Scholar,Night,Visual,Average,Medium,Good,No,Yes,Not Started,247,165,104,431,84.1,75.9,7.29,0,39,2,0,0,6.0,253,919,82.51,82.6,Good
STU4165,CSE-DS,7,Female,Hostel,Morning,Kinesthetic,Average,Medium,Poor,No,No,In Progress,265,203,149,150,88.9,76.0,7.8,0,34,5,4,1,7.0,77,1008,60.99,82.52,Good
STU4166,CSE,5,Male,Hostel,Night,Kinesthetic,Poor,High,Good,No,No,Not Started,249,242,314,357,100.0,75.1,7.87,0,34,2,0,0,1.0,263,1050,55.74,86.14,Excellent
STU4167,CSE,4,Female,Day Scholar,Night,Visual,Average,Medium,Good,No,Yes,Not Started,188,233,233,0,67.8,71.0,6.99,1,34,1,1,3,0.0,4,1067,65.6,74.68,Good
STU4168,CSE,2,Female,Day Scholar,Night,Visual,Average,High,Good,No,Yes,Not Started,159,168,48,434,82.8,66.4,6.91,0,35,3,1,0,0.0,41,1146,69.19,74.9,Good
STU4169,CSE,4,Female,Day Scholar,Morning,Visual,Good,Medium,Average,Yes,Yes,Not Started,163,0,0,433,75.0,60.3,5.84,2,30,5,2,1,4.0,203,1155,89.34,69.85,Average
STU4170,CSE,3,Male,Hostel,Afternoon,Kinesthetic,Average,Medium,Good,No,No,Not Started,203,88,218,73,99.3,73.4,6.89,0,35,1,0,1,0.0,0,1096,61.74,81.96,Good
STU4171,CSE,8,Male,Hostel,Afternoon,Kinesthetic,Good,Low,Average,Yes,Yes,Placed,195,306,168,660,87.4,69.4,7.24,0,36,9,5,3,8.0,502,1326,100.0,80.55,Good
STU4172,ECE,5,Male,Hostel,Night,Auditory,Average,Medium,Average,No,No,Not Started,91,345,173,461,72.0,61.5,6.21,3,28,4,0,1,4.0,205,1070,70.03,66.6,Average
STU4173,CSE-AIML,8,Male,Day Scholar,Night,Visual,Average,Medium,Average,No,No,Placed,271,205,63,565,92.8,78.1,8.33,0,40,3,2,1,5.0,443,1135,81.95,86.95,Excellent
STU4174,CSE-AIML,3,Female,Day Scholar,Night,Visual,Poor,Medium,Good,Yes,No,Not Started,184,142,58,506,79.6,65.8,6.01,1,38,2,2,0,3.0,109,989,63.09,70.69,Good
STU4175,IT,3,Male,Day Scholar,Afternoon,Auditory,Poor,High,Poor,No,No,Not Started,0,37,135,170,91.1,71.4,7.0,1,30,1,1,0,0.0,74,1038,31.07,71.54,Good
STU4176,ECE,6,Male,Hostel,Night,Visual,Poor,High,Average,No,No,Not Started,67,406,155,203,52.7,58.6,5.62,1,32,1,2,2,4.0,91,1150,39.26,66.71,Average
STU4177,CSE-AIML,7,Male,Day Scholar,Morning,Auditory,Average,Low,Poor,No,No,In Progress,142,304,324,123,84.3,68.6,6.82,0,31,4,3,0,6.0,197,1185,64.32,74.02,Good
STU4178,IT,2,Female,Hostel,Afternoon,Kinesthetic,Poor,Medium,Average,No,Yes,Not Started,198,92,201,0,74.5,71.4,6.52,0,35,2,0,0,2.0,64,1250,56.46,76.08,Good
STU4179,CSE,1,Male,Hostel,Night,Auditory,Good,Medium,Poor,Yes,Yes,Not Started,180,280,145,424,100.0,71.4,7.69,0,39,0,0,0,1.0,0,1234,60.59,82.1,Good
STU4180,CSE,3,Male,Hostel,Morning,Auditory,Good,Low,Average,No,No,Not Started,117,248,0,567,59.2,61.7,6.06,3,31,1,0,0,1.0,113,1198,82.52,64.67,Average
STU4181,CSE-AIML,4,Male,Day Scholar,Night,Kinesthetic,Average,Medium,Good,Yes,Yes,Not Started,291,364,145,282,84.0,71.6,6.19,4,36,4,1,1,1.0,44,1086,80.13,67.0,Average
STU4182,CSE-DS,1,Male,Day Scholar,Night,Visual,Average,Medium,Good,No,No,Not Started,247,260,134,900,80.5,71.2,6.39,0,34,1,1,0,1.0,37,788,78.15,75.69,Good
STU4183,CSE-DS,4,Male,Hostel,Night,Auditory,Good,Low,Good,No,No,Not Started,176,229,7,182,73.3,66.6,6.46,0,31,3,0,1,0.0,151,1015,72.83,75.22,Good
STU4184,CSE,8,Male,Day Scholar,Morning,Auditory,Good,Low,Good,No,Yes,Placed,39,313,181,44,76.9,61.0,5.45,2,32,2,3,3,6.0,16,960,66.07,65.66,Average
STU4185,CSE,4,Female,Hostel,Morning,Visual,Average,Medium,Good,No,No,Not Started,152,357,251,377,79.7,64.7,6.56,0,32,4,2,0,0.0,118,813,75.85,75.95,Good
STU4186,CSE-DS,1,Male,Hostel,Afternoon,Auditory,Average,Medium,Good,No,No,Not Started,146,241,313,315,62.8,63.4,6.91,0,32,0,1,0,1.0,46,1066,55.37,73.2,Good
STU4187,CSE,1,Male,Hostel,Morning,Kinesthetic,Average,Medium,Average,No,No,Not Started,28,105,133,476,79.7,64.6,6.1,3,28,1,0,0,0.0,75,1131,58.3,66.7,Average
STU4188,CSE-AIML,7,Female,Hostel,Night,Auditory,Poor,Medium,Good,No,Yes,Placed,226,309,66,381,76.1,76.3,7.87,1,41,6,0,3,2.0,285,1197,77.77,83.39,Good
STU4189,CSE-DS,4,Male,Hostel,Night,Visual,Good,Low,Average,No,No,Not Started,196,314,243,555,84.8,73.8,8.04,0,35,4,0,0,3.0,273,909,87.63,87.32,Excellent
STU4190,CSE-DS,2,Female,Hostel,Morning,Visual,Average,Low,,No,No,Not Started,92,278,43,0,84.2,57.1,4.15,3,29,0,0,0,1.0,11,898,57.8,63.47,Average
STU4191,IT,7,Male,Day Scholar,Night,Auditory,Good,Low,Good,No,No,Placed,202,290,138,296,85.3,67.5,6.61,0,34,4,3,0,3.0,137,748,79.45,78.45,Good
STU4192,IT,5,Female,Hostel,Night,Visual,Average,Medium,Poor,Yes,No,Not Started,267,178,3,227,63.4,67.8,6.46,1,35,2,3,0,2.0,226,1073,56.74,68.96,Average
STU4193,CSE-AIML,6,Female,Day Scholar,Morning,Visual,Poor,High,Good,No,Yes,Not Started,225,256,233,478,80.2,72.2,6.84,0,32,5,1,0,4.0,365,1284,74.17,76.48,Good
STU4194,CSE-DS,5,Female,Hostel,Afternoon,Auditory,Average,Medium,Poor,No,Yes,Not Started,127,355,60,135,79.9,66.5,6.92,0,31,3,4,1,4.0,148,793,61.07,77.16,Good
STU4195,CSE-DS,2,Male,Day Scholar,Morning,Auditory,Average,Low,Average,No,Yes,Not Started,395,291,208,103,81.3,75.3,7.19,0,34,0,0,0,0.0,31,1085,70.51,79.15,Good
STU4196,CSE,7,Male,Day Scholar,Night,Visual,Good,Low,Good,No,Yes,In Progress,219,353,127,290,76.6,70.2,7.12,0,34,6,2,3,2.0,190,1279,92.88,78.4,Good
STU4197,CSE,6,Male,Day Scholar,Night,Auditory,Poor,Medium,Good,Yes,No,Not Started,123,351,178,346,62.3,69.0,7.01,0,29,6,5,1,0.0,225,960,67.61,70.17,Good
STU4198,CSE,7,Female,Hostel,Night,Kinesthetic,Average,Medium,,No,Yes,In Progress,326,458,91,399,73.7,78.0,7.56,0,38,10,1,1,4.0,328,967,97.57,82.88,Good
STU4199,CSE-AIML,1,Female,Day Scholar,Afternoon,Auditory,Average,Medium,Good,Yes,No,Not Started,18,377,153,116,86.8,67.1,7.46,0,33,0,1,0,1.0,0,883,51.83,76.01,Good
STU4200,CSE-DS,6,Male,Hostel,Night,Visual,Good,Low,Good,No,Yes,Not Started,75,174,215,452,58.6,61.6,6.89,0,30,5,2,0,2.0,384,1163,85.36,73.34,Good
STU4201,IT,8,Male,Day Scholar,Morning,Kinesthetic,Average,Medium,Average,No,Yes,Placed,135,186,72,58,77.0,63.0,5.12,4,34,5,0,3,1.0,88,1118,65.85,64.08,Average
STU4202,CSE,4,Male,Hostel,Night,Visual,Poor,Medium,Good,No,No,Not Started,267,19,158,159,96.3,73.8,7.68,0,32,5,5,0,1.0,76,871,61.09,77.98,Good
STU4203,CSE,5,Male,Hostel,Night,Visual,Average,High,Good,No,No,Not Started,120,143,245,279,83.4,64.6,6.55,1,35,5,1,0,1.0,142,1159,64.23,71.75,Good
STU4204,ECE,6,Male,Hostel,Afternoon,Kinesthetic,Average,Low,Good,Yes,No,Not Started,168,297,33,508,83.6,70.2,6.48,1,31,2,0,5,2.0,330,1109,77.98,75.6,Good
STU4205,CSE,4,Male,Day Scholar,Night,Auditory,Good,Low,Average,No,No,Not Started,97,349,54,45,77.0,56.0,5.61,2,25,2,2,1,5.0,64,828,64.59,68.26,Average
STU4206,CSE-AIML,7,Female,Hostel,Night,Visual,Average,Medium,Good,No,No,Placed,243,127,48,467,80.4,72.0,7.67,0,37,3,0,5,0.0,295,1237,77.07,81.0,Good
STU4207,CSE-AIML,2,Female,Day Scholar,Night,Auditory,Good,Low,Good,No,No,Not Started,222,337,97,294,68.0,70.4,6.85,0,34,1,2,0,1.0,75,1478,78.44,74.51,Good
STU4208,CSE-AIML,6,Other,Day Scholar,Afternoon,Auditory,Average,Medium,Good,No,Yes,Not Started,49,258,0,399,70.6,67.3,6.42,1,33,6,4,0,7.0,254,876,82.51,72.1,Good
STU4209,CSE,4,Male,Day Scholar,Afternoon,Kinesthetic,Good,Low,Average,No,No,Not Started,175,377,130,161,68.9,65.8,6.57,0,34,3,2,1,0.0,58,1058,77.62,79.86,Good
STU4210,CSE,7,Female,Hostel,Night,Visual,Good,Low,Average,No,No,Placed,202,382,295,275,93.8,66.4,6.71,0,28,7,3,2,0.0,236,1245,84.78,81.56,Good
STU4211,CSE,7,Female,Day Scholar,Night,Kinesthetic,Poor,High,Poor,No,No,Placed,163,288,132,371,64.4,60.6,6.08,2,30,5,1,3,9.0,236,1117,52.99,65.14,Average
STU4212,CSE-AIML,7,Male,Hostel,Afternoon,Kinesthetic,Good,Medium,Average,Yes,No,In Progress,173,200,328,663,82.0,73.1,7.47,0,36,7,2,2,3.0,486,1362,100.0,80.93,Good
STU4213,CSE-AIML,2,Female,Hostel,Night,Visual,Average,Low,Average,No,No,Not Started,117,277,0,12,84.8,60.1,5.53,0,27,5,3,0,0.0,0,1002,66.21,73.53,Good
STU4214,CSE,1,Male,Day Scholar,Morning,Visual,Average,Low,Good,No,No,Not Started,254,358,0,172,66.8,67.8,7.14,0,36,1,1,0,0.0,0,1020,70.77,77.87,Good
STU4215,CSE-DS,2,Male,Day Scholar,Night,Kinesthetic,Poor,High,Average,No,Yes,Not Started,111,389,0,192,83.7,68.7,7.09,1,31,0,0,0,3.0,115,1046,46.79,76.85,Good
STU4216,IT,2,Male,Day Scholar,Morning,Kinesthetic,Average,Medium,Good,No,No,Not Started,264,206,0,342,69.1,74.2,7.83,0,41,2,0,0,0.0,13,1068,74.86,84.51,Good
STU4217,CSE,8,Male,Hostel,Morning,Kinesthetic,Average,High,Average,No,No,Placed,179,396,129,0,81.6,69.1,6.27,2,35,5,1,3,8.0,43,939,58.13,74.07,Good
STU4218,CSE-AIML,5,Female,Hostel,Afternoon,Visual,Poor,High,Good,No,No,Not Started,135,222,6,27,89.5,69.2,7.47,0,34,3,3,0,2.0,2,1266,45.24,79.78,Good
STU4219,CSE-DS,7,Male,Hostel,Afternoon,Visual,Average,Medium,Average,No,Yes,In Progress,174,557,0,682,64.8,53.6,5.59,2,20,2,1,1,0.0,532,1475,82.68,62.01,Average
STU4220,CSE,4,Male,Hostel,Night,Kinesthetic,Good,Medium,Good,No,No,Not Started,187,179,85,262,92.9,77.4,7.16,0,39,1,2,0,1.0,121,900,70.48,83.23,Good
STU4221,CSE,6,Male,Hostel,Night,Visual,Average,High,Good,Yes,No,In Progress,148,138,122,210,81.8,63.4,6.25,2,27,5,2,2,3.0,94,662,66.07,63.59,Average
STU4222,CSE-DS,5,Female,Hostel,Afternoon,Visual,Average,Medium,,No,No,Not Started,145,347,152,811,83.5,64.6,6.61,0,34,4,1,1,5.0,398,1171,84.81,79.66,Good
STU4223,IT,7,Male,Day Scholar,Morning,Visual,Poor,High,Poor,No,No,Placed,89,333,104,201,85.7,69.8,7.74,0,36,5,6,0,4.0,253,986,40.35,80.54,Good
STU4224,IT,3,Female,Day Scholar,Night,Auditory,Average,Medium,Average,No,No,Not Started,309,98,177,207,66.5,62.4,5.79,4,32,2,4,1,1.0,63,1066,67.0,64.02,Average
STU4225,CSE-AIML,2,Female,Day Scholar,Afternoon,Auditory,Average,Medium,Good,No,No,Not Started,107,231,26,320,77.0,72.3,8.82,0,39,4,0,0,1.0,70,938,69.29,84.05,Good
STU4226,CSE-DS,3,Male,Day Scholar,Night,Kinesthetic,Average,Medium,Average,No,No,Not Started,70,311,18,466,62.8,66.7,6.49,2,31,3,2,1,0.0,111,1094,63.72,68.41,Average
STU4227,CSE,7,Male,Hostel,Night,Auditory,Average,Medium,,No,Yes,In Progress,218,245,245,0,76.1,66.9,5.97,0,32,3,5,0,2.0,2,1059,62.42,73.18,Good
STU4228,CSE-DS,5,Female,Hostel,Night,Kinesthetic,Good,Medium,Average,No,Yes,Not Started,10,354,284,683,66.7,59.9,6.19,1,33,2,0,0,4.0,376,898,82.07,73.31,Good
STU4229,CSE-AIML,4,Male,Day Scholar,Night,Kinesthetic,Average,Medium,Good,No,No,Not Started,182,290,0,483,78.8,60.2,5.75,1,30,3,1,2,3.0,227,1369,76.09,71.36,Good
STU4230,CSE,5,Male,Hostel,Morning,Visual,Average,High,Good,No,No,Not Started,79,340,143,426,75.9,61.6,5.16,4,31,2,1,0,3.0,219,998,60.91,58.98,Average
STU4231,CSE-DS,8,Female,Hostel,Night,Kinesthetic,Good,Medium,Average,No,No,In Progress,219,270,30,181,77.5,74.3,8.0,0,43,13,3,1,2.0,128,1097,86.5,83.77,Good
STU4232,CSE-AIML,4,Male,Hostel,Night,Kinesthetic,Good,Low,Poor,Yes,No,Not Started,162,361,19,276,82.9,74.8,7.6,1,34,1,1,0,5.0,99,1142,64.54,74.47,Good
STU4233,CSE,4,Male,Hostel,Afternoon,Kinesthetic,Poor,Medium,Average,No,Yes,Not Started,100,363,143,444,84.9,65.4,7.31,0,28,2,1,1,4.0,130,971,53.78,77.79,Good
STU4234,ECE,7,Male,Day Scholar,Night,Kinesthetic,Average,Medium,Average,No,No,Placed,164,262,146,188,90.2,70.5,6.94,0,35,2,2,1,,222,896,66.63,81.32,Good
STU4235,CSE,1,Male,Day Scholar,Night,Visual,Poor,High,Good,No,No,Not Started,219,238,75,500,67.8,66.4,6.14,1,40,1,1,0,1.0,38,1124,53.78,72.67,Good
STU4236,CSE,7,Female,Day Scholar,Afternoon,Visual,Poor,Medium,Good,No,No,In Progress,139,198,83,331,64.7,53.0,4.72,3,21,4,2,2,4.0,164,1310,65.08,54.39,Average
STU4237,CSE,2,Female,Hostel,Afternoon,Kinesthetic,Poor,Low,Average,No,No,Not Started,146,208,8,0,75.6,65.3,5.89,0,30,1,0,0,3.0,54,984,49.57,67.04,Average
STU4238,IT,5,Female,Hostel,Night,Auditory,Average,Low,Good,Yes,Yes,Not Started,263,278,232,104,100.0,78.8,8.17,0,46,7,2,1,2.0,72,827,84.35,87.91,Excellent
STU4239,CSE-DS,4,Female,Day Scholar,Morning,Auditory,Good,Low,Good,No,No,Not Started,217,328,111,181,87.7,81.9,8.38,0,42,3,0,1,1.0,85,896,77.48,86.52,Excellent
STU4240,CSE,7,Male,Hostel,Morning,Kinesthetic,Good,Low,Good,No,No,In Progress,137,380,27,253,96.3,79.9,7.52,0,42,6,4,1,2.0,151,983,81.09,89.59,Excellent
STU4241,CSE-DS,7,Male,Hostel,Morning,Visual,Average,Medium,Poor,Yes,No,In Progress,187,35,114,270,64.5,72.1,6.91,1,33,5,1,3,4.0,86,1113,65.25,67.28,Average
STU4242,CSE,5,Male,Day Scholar,Morning,Kinesthetic,Poor,Medium,Good,No,No,Not Started,151,0,87,180,58.0,69.8,7.66,0,28,2,1,0,4.0,0,850,51.56,73.69,Good
STU4243,IT,5,Male,Day Scholar,Afternoon,Kinesthetic,Average,Medium,Average,No,Yes,Not Started,273,222,41,162,97.7,83.3,8.52,0,38,1,1,0,2.0,26,1133,71.48,90.82,Excellent
STU4244,CSE-AIML,8,Other,Day Scholar,Night,Visual,Average,Medium,Good,Yes,No,Placed,26,256,31,268,97.4,67.2,7.27,1,33,1,2,1,7.0,231,1033,60.66,74.37,Good
STU4245,CSE-AIML,4,Female,Hostel,Morning,Auditory,Average,Medium,Average,No,No,Not Started,229,6,20,260,93.9,72.4,7.43,0,33,5,1,0,1.0,150,839,72.17,82.63,Good
STU4246,ECE,6,Male,Hostel,Night,Kinesthetic,Good,Low,Good,No,Yes,Not Started,223,267,9,33,83.8,72.0,7.58,0,37,5,2,2,2.0,9,1000,78.43,80.57,Good
STU4247,CSE,8,Male,Day Scholar,Morning,Visual,Poor,Medium,Good,No,No,Placed,113,105,125,317,77.4,60.9,6.18,0,31,7,3,1,2.0,249,1177,61.11,71.78,Good
STU4248,CSE,3,Male,Hostel,Afternoon,Visual,Good,Low,Average,Yes,No,Not Started,98,256,85,412,85.4,76.6,6.51,0,36,0,0,0,0.0,127,997,71.23,75.15,Good
STU4249,CSE-AIML,2,Male,Day Scholar,Morning,Kinesthetic,Poor,Medium,Average,No,No,Not Started,283,9,324,353,78.7,72.0,7.72,1,32,1,0,0,0.0,93,1148,59.44,75.47,Good
STU4250,ECE,2,Male,Hostel,Morning,Visual,Average,Medium,Good,Yes,Yes,Not Started,160,173,184,211,86.1,73.9,7.26,0,34,3,1,0,0.0,45,702,71.17,75.96,Good
STU4251,CSE,6,Male,Day Scholar,Morning,Kinesthetic,Poor,High,Good,No,Yes,Not Started,309,271,146,362,85.2,82.3,8.13,0,39,1,2,0,5.0,149,1006,67.45,85.33,Excellent
STU4252,CSE,1,Female,Day Scholar,Night,Auditory,Good,Low,Good,No,Yes,Not Started,88,309,88,372,89.5,74.6,7.23,0,29,1,0,0,0.0,73,1137,82.49,79.08,Good
STU4253,CSE,8,Female,Hostel,Night,Kinesthetic,Poor,Medium,Average,No,No,Placed,172,252,88,395,67.0,64.0,6.36,1,32,6,1,1,4.0,318,1207,70.67,72.21,Good
STU4254,CSE-AIML,6,Male,Hostel,Morning,Auditory,Good,Medium,Average,No,Yes,Not Started,128,109,0,397,91.1,61.0,5.69,2,26,1,0,0,1.0,200,1060,75.35,69.45,Average
STU4255,CSE,1,Male,Day Scholar,Afternoon,Visual,Poor,Medium,,No,Yes,Not Started,141,286,0,394,67.9,67.5,7.6,1,38,2,0,0,1.0,66,997,69.41,73.46,Good
STU4256,CSE-DS,1,Male,Day Scholar,Morning,Kinesthetic,Average,Medium,Good,No,No,Not Started,210,137,11,22,100.0,79.3,7.97,0,43,3,1,0,0.0,13,1175,60.93,89.49,Excellent
STU4257,ECE,6,Female,Hostel,Night,Visual,Poor,Low,Average,No,Yes,Not Started,112,294,0,204,77.2,70.2,6.68,0,29,6,1,2,3.0,161,994,73.23,72.73,Good
STU4258,CSE-AIML,2,Female,Day Scholar,Night,Kinesthetic,Average,Medium,Good,No,No,Not Started,164,440,111,111,70.0,63.7,6.0,3,32,3,0,0,0.0,73,998,67.2,64.34,Average
STU4259,CSE,3,Female,Hostel,Morning,Visual,Poor,High,Average,Yes,Yes,Not Started,111,202,0,0,91.9,64.3,6.23,4,30,1,1,0,0.0,0,964,45.38,58.98,Average
STU4260,CSE-AIML,2,Male,Hostel,Afternoon,Auditory,Good,High,Good,No,No,Not Started,234,490,150,0,86.3,69.2,7.18,0,37,0,2,0,1.0,5,1009,59.17,80.46,Good
STU4261,CSE,7,Female,Hostel,Night,Kinesthetic,Poor,High,Good,No,No,In Progress,352,313,101,588,61.1,73.4,8.26,0,37,3,1,2,4.0,482,916,72.38,79.95,Good
STU4262,IT,2,Male,Day Scholar,Afternoon,Visual,Average,Low,Good,No,Yes,Not Started,296,210,277,236,75.8,77.3,7.48,0,41,1,0,0,2.0,65,1130,82.91,80.55,Good
STU4263,CSE-AIML,2,Female,Hostel,Night,Kinesthetic,Average,Medium,Average,No,No,Not Started,93,467,147,603,78.1,72.5,7.68,0,30,2,1,0,0.0,70,839,67.08,80.18,Good
STU4264,CSE,8,Male,Hostel,Afternoon,Kinesthetic,Average,Medium,Average,Yes,Yes,Placed,137,240,7,557,68.4,67.8,6.81,0,34,6,3,2,5.0,409,1307,85.77,77.65,Good
STU4265,CSE-DS,6,Male,Day Scholar,Night,Auditory,Poor,High,Good,No,Yes,Not Started,175,135,0,158,76.8,65.1,5.78,2,35,2,1,0,5.0,89,1090,55.46,67.61,Average
STU4266,CSE-AIML,6,Female,Hostel,Night,Visual,Average,High,Good,Yes,No,Not Started,0,166,269,429,61.0,59.4,5.97,4,28,4,2,1,3.0,210,743,60.53,55.68,Average
STU4267,CSE-DS,7,Male,Hostel,Night,Kinesthetic,Poor,High,Average,No,Yes,In Progress,175,249,30,531,85.4,67.0,6.94,2,36,3,1,1,3.0,375,1303,68.65,78.33,Good
STU4268,CSE,7,Male,Hostel,Night,Kinesthetic,Poor,High,Average,No,Yes,In Progress,222,156,53,276,76.3,68.5,7.14,0,34,3,0,3,3.0,250,1218,59.26,75.98,Good
STU4269,IT,8,Male,Day Scholar,Afternoon,Kinesthetic,Average,Medium,Poor,Yes,Yes,Placed,178,196,81,434,69.9,69.8,7.29,1,34,6,2,4,2.0,363,1168,72.47,75.91,Good
STU4270,ECE,6,Male,Hostel,Afternoon,Kinesthetic,Average,Medium,Good,No,No,Not Started,171,167,115,372,65.3,61.4,5.8,3,33,6,2,1,3.0,199,1008,80.11,67.72,Average
STU4271,CSE-DS,2,Male,Day Scholar,Afternoon,Kinesthetic,Poor,High,Average,No,No,Not Started,120,308,270,609,81.2,68.1,7.15,0,32,3,0,0,1.0,159,1439,58.71,77.27,Good
STU4272,ECE,3,Male,Day Scholar,Night,Visual,Average,Medium,Poor,Yes,Yes,Not Started,148,478,136,245,80.3,76.6,6.74,0,41,4,2,0,1.0,0,926,55.39,74.13,Good
STU4273,CSE,1,Male,Day Scholar,Night,Kinesthetic,Poor,High,Good,No,Yes,Not Started,137,224,126,424,81.3,81.3,8.32,0,39,3,0,0,1.0,137,1280,62.14,84.16,Good
STU4274,CSE-AIML,5,Male,Day Scholar,Afternoon,Kinesthetic,Average,High,Good,No,Yes,Not Started,86,132,111,220,67.9,67.3,6.15,3,36,6,2,0,2.0,25,942,64.75,65.54,Average
STU4275,CSE-DS,1,Other,Hostel,Morning,Kinesthetic,Poor,Medium,Good,No,Yes,Not Started,263,231,126,99,65.7,61.1,6.65,1,26,0,1,0,0.0,0,998,56.18,64.19,Average
STU4276,CSE-AIML,7,Male,Hostel,Night,Visual,Average,Low,Average,No,No,In Progress,322,123,200,44,85.2,79.1,8.09,0,42,7,1,1,2.0,165,1172,84.08,91.22,Excellent
STU4277,CSE-AIML,7,Male,Day Scholar,Night,Kinesthetic,Good,Low,Good,No,No,In Progress,124,616,68,493,90.1,69.8,6.31,0,31,7,0,0,5.0,338,1291,90.89,79.13,Good
STU4278,CSE,1,Male,Day Scholar,Night,Kinesthetic,Average,Low,Average,Yes,Yes,Not Started,88,370,69,470,100.0,70.5,7.15,0,37,1,1,0,0.0,41,837,70.8,82.43,Good
STU4279,CSE,5,Female,Hostel,Morning,Auditory,Average,Medium,Poor,Yes,No,Not Started,111,426,217,412,93.6,68.0,6.9,1,34,6,0,0,0.0,275,1274,61.59,71.12,Good
STU4280,CSE,2,Female,Hostel,Morning,Auditory,Average,Medium,Good,No,No,Not Started,92,340,64,467,99.4,67.6,6.65,0,31,0,1,0,2.0,100,831,60.45,79.44,Good
STU4281,CSE,3,Male,Hostel,Afternoon,Kinesthetic,Average,Medium,Good,No,Yes,Not Started,137,97,54,302,68.3,68.2,6.94,0,33,5,0,0,2.0,127,857,76.45,82.45,Good
STU4282,CSE-DS,3,Female,Hostel,Night,Kinesthetic,Average,Medium,Good,No,Yes,Not Started,203,289,242,307,86.3,76.8,7.87,0,37,0,0,0,1.0,58,1020,68.12,82.21,Good
STU4283,CSE,1,Female,Hostel,Night,Auditory,Poor,High,Good,No,Yes,Not Started,288,290,89,426,78.3,76.9,7.38,0,43,0,0,0,0.0,72,937,60.79,79.83,Good
STU4284,CSE,5,Female,Hostel,Night,Visual,Good,Low,Good,No,No,Not Started,36,370,108,360,92.2,65.1,5.91,0,35,2,1,1,0.0,194,999,77.07,78.09,Good
STU4285,CSE-AIML,8,Female,Hostel,Night,Visual,Good,High,Poor,No,No,Placed,265,283,85,144,75.2,69.2,6.41,1,33,8,2,2,,24,1042,69.71,72.91,Good
STU4286,CSE-AIML,7,Female,Hostel,Night,Auditory,Average,Low,Good,No,Yes,Placed,179,140,66,397,100.0,86.6,8.57,0,46,8,2,0,2.0,244,1112,94.89,88.37,Excellent
STU4287,IT,4,Female,Hostel,Night,Kinesthetic,Average,Medium,Average,No,No,Not Started,0,487,89,469,79.7,58.9,6.32,0,29,6,2,0,0.0,183,852,75.62,76.18,Good
STU4288,CSE-AIML,2,Female,Day Scholar,Night,Auditory,Average,Medium,Good,No,No,Not Started,66,342,92,188,92.2,70.3,6.56,0,32,0,0,0,1.0,31,1138,53.33,77.76,Good
STU4289,CSE,8,Male,Day Scholar,Night,Visual,Average,Medium,Good,No,Yes,Placed,225,201,209,272,66.2,62.6,5.96,1,34,5,4,3,0.0,211,1419,83.16,70.5,Good
STU4290,IT,1,Female,Day Scholar,,Auditory,Average,Medium,Good,No,No,Not Started,102,240,30,604,85.0,68.6,7.13,1,32,2,0,0,0.0,102,1175,71.42,76.47,Good
STU4291,CSE-AIML,3,Female,Hostel,Night,Visual,Poor,Low,Poor,No,Yes,Not Started,145,300,315,237,65.2,60.0,5.97,1,31,5,2,0,3.0,63,1185,58.95,62.8,Average
STU4292,CSE,7,Male,Hostel,Morning,Kinesthetic,Average,Medium,Poor,No,Yes,Placed,168,201,53,177,85.0,69.6,5.93,1,27,7,1,2,,122,966,70.02,73.49,Good
STU4293,CSE-AIML,8,Other,Day Scholar,Morning,Kinesthetic,Good,Low,Good,No,No,Placed,286,255,206,613,75.5,76.1,7.73,0,38,4,6,1,3.0,411,1241,96.1,86.02,Excellent
STU4294,ECE,8,Male,Day Scholar,,Kinesthetic,Average,Medium,Good,No,No,Placed,65,280,0,271,96.5,68.1,6.7,0,35,5,1,4,7.0,126,1037,69.54,80.08,Good
STU4295,CSE,6,Male,Hostel,Night,Visual,Poor,Medium,Average,No,Yes,Not Started,237,219,53,450,100.0,81.2,7.59,2,42,3,1,0,7.0,197,1166,66.37,81.97,Good
STU4296,CSE,6,Female,Hostel,Night,Auditory,Average,Medium,Poor,No,Yes,Not Started,294,327,97,30,69.8,64.4,6.03,1,34,5,0,0,3.0,5,880,70.14,75.33,Good
STU4297,CSE,5,Male,Hostel,Morning,Kinesthetic,Poor,High,,No,No,Not Started,92,203,33,301,78.9,69.6,7.12,0,35,2,0,1,3.0,187,1171,50.28,79.23,Good
STU4298,CSE,5,Male,Hostel,Night,Visual,Average,High,Average,No,No,Not Started,250,166,177,222,75.2,64.2,6.77,0,27,2,0,0,1.0,43,1207,66.09,75.0,Good
STU4299,CSE-AIML,1,Male,Hostel,Night,Kinesthetic,Average,Medium,Average,No,Yes,Not Started,132,360,176,451,82.9,67.0,6.21,2,32,2,1,0,2.0,40,902,74.6,75.1,Good
STU4300,CSE-AIML,8,Male,Day Scholar,Afternoon,Auditory,Good,Low,Poor,No,Yes,Placed,117,317,49,466,63.1,64.2,6.44,2,30,1,5,0,5.0,501,1273,77.3,65.22,Average
STU4301,CSE,4,Male,Hostel,Night,Kinesthetic,Average,Medium,Average,No,No,Not Started,150,237,0,69,61.7,68.0,6.6,0,32,0,1,0,2.0,18,813,50.99,65.31,Average
STU4302,ECE,3,Male,Day Scholar,Afternoon,Visual,Poor,Medium,Good,No,No,Not Started,200,162,182,509,90.5,72.3,6.97,0,37,3,1,1,2.0,102,986,65.84,78.96,Good
STU4303,IT,1,Male,Day Scholar,Afternoon,Visual,Poor,Medium,Good,No,Yes,Not Started,112,343,127,423,67.0,62.9,6.46,2,34,3,0,0,2.0,58,930,68.23,70.09,Good
STU4304,CSE-AIML,4,Other,Day Scholar,Night,Kinesthetic,Average,Medium,Average,No,Yes,Not Started,262,234,71,538,73.6,65.9,6.47,3,31,2,3,0,0.0,128,958,81.44,72.8,Good
STU4305,IT,7,Other,Day Scholar,Morning,Kinesthetic,Poor,Medium,Good,No,No,Placed,140,212,62,460,71.4,69.0,6.84,0,36,4,2,0,7.0,333,1271,63.27,78.15,Good
STU4306,CSE,5,Male,Day Scholar,Morning,Visual,Poor,High,Average,No,Yes,Not Started,0,171,49,523,70.2,67.6,7.08,1,36,5,1,2,4.0,239,1147,57.43,75.32,Good
STU4307,CSE-AIML,6,Female,Hostel,,Kinesthetic,Poor,High,Good,No,Yes,Not Started,173,97,204,50,70.1,60.7,5.75,1,29,5,2,0,6.0,22,761,54.22,67.07,Average
STU4308,CSE-DS,2,Male,Day Scholar,Afternoon,Kinesthetic,Average,High,Good,No,No,Not Started,64,361,86,365,71.7,60.3,5.6,5,24,1,0,0,1.0,144,964,58.22,56.21,Average
STU4309,IT,8,Male,Day Scholar,Morning,Kinesthetic,Poor,High,Poor,No,Yes,Placed,156,135,257,646,76.1,68.6,7.61,0,36,3,0,3,7.0,428,1260,58.34,81.78,Good
STU4310,IT,7,Male,Hostel,Morning,Auditory,Poor,High,Average,No,No,In Progress,213,75,357,251,90.6,83.3,8.86,0,41,6,4,2,6.0,171,740,61.43,84.63,Good
STU4311,CSE,6,Female,Day Scholar,Morning,Auditory,Good,Low,Good,Yes,No,In Progress,120,229,186,360,88.0,73.6,7.32,0,32,1,2,2,2.0,214,1144,74.92,78.08,Good
STU4312,ECE,3,Female,Day Scholar,Morning,Auditory,Poor,High,Poor,No,Yes,Not Started,25,275,345,336,61.7,55.0,5.08,5,31,2,0,1,3.0,91,1058,38.55,55.24,Average
STU4313,CSE,3,Male,Day Scholar,Afternoon,Kinesthetic,Average,Low,Average,No,Yes,Not Started,89,421,190,572,96.3,66.6,7.26,0,36,5,1,0,0.0,165,1123,82.23,87.92,Excellent
STU4314,IT,6,Male,Hostel,Morning,Visual,Good,Medium,Good,No,Yes,In Progress,296,277,83,417,80.2,75.7,7.45,0,37,8,3,2,5.0,260,925,98.5,83.35,Good
STU4315,ECE,7,Male,Hostel,Night,Kinesthetic,Good,Low,Poor,No,No,Placed,197,0,283,0,94.7,71.9,6.98,0,38,12,2,0,2.0,49,1143,78.59,85.81,Excellent
STU4316,CSE,6,Male,Hostel,Night,Kinesthetic,Average,Medium,Good,Yes,No,Not Started,257,122,104,226,72.8,65.2,7.22,0,37,5,4,0,6.0,199,1174,73.29,79.21,Good
STU4317,CSE-DS,4,Female,Hostel,Morning,Auditory,Average,Low,Good,No,No,Not Started,329,422,363,123,100.0,74.4,7.23,0,38,3,4,0,2.0,92,1175,72.61,85.58,Excellent
STU4318,CSE,1,Male,Hostel,Night,Visual,Good,Medium,Good,No,No,Not Started,365,237,69,297,76.9,80.6,8.18,0,49,0,0,0,0.0,48,829,73.97,83.19,Good
STU4319,CSE-AIML,5,Female,Hostel,Night,Auditory,Poor,Medium,Good,No,Yes,Not Started,199,112,213,259,73.9,65.0,6.15,3,35,5,2,0,2.0,94,927,68.06,68.54,Average
STU4320,CSE-AIML,4,Male,Day Scholar,Night,Visual,Good,Low,Good,No,No,Not Started,154,78,120,391,83.4,59.4,5.68,0,29,0,0,1,3.0,170,690,71.43,72.26,Good
STU4321,CSE-AIML,2,Female,Hostel,Morning,Kinesthetic,Good,High,Poor,No,No,Not Started,123,311,13,715,96.4,66.7,6.97,2,35,1,1,0,0.0,128,895,63.84,78.94,Good
STU4322,ECE,6,Female,Hostel,Night,Kinesthetic,Poor,High,Good,No,No,Not Started,189,129,30,194,85.9,70.9,7.26,0,36,6,0,0,3.0,233,1133,57.44,77.89,Good
STU4323,CSE-DS,2,Male,Hostel,Afternoon,Kinesthetic,Average,Medium,Good,No,Yes,Not Started,221,228,0,0,73.2,71.3,7.9,1,38,0,1,0,2.0,77,1121,62.74,78.69,Good
STU4324,CSE-AIML,2,Female,Hostel,Morning,Visual,Average,High,Good,Yes,Yes,Not Started,243,193,113,307,62.9,69.6,7.51,2,33,4,0,0,1.0,105,909,76.85,71.63,Good
STU4325,IT,4,Female,Hostel,Morning,Auditory,Average,Medium,Good,No,No,Not Started,88,451,172,246,74.7,65.6,7.38,0,26,5,0,0,1.0,105,1249,70.2,73.55,Good
STU4326,ECE,5,Male,Hostel,Afternoon,Auditory,Poor,High,Good,No,No,Not Started,89,109,0,140,74.6,69.7,7.8,0,37,4,3,1,1.0,76,1041,46.51,76.88,Good
STU4327,CSE,7,Male,Hostel,Night,Auditory,Good,Medium,Good,No,No,In Progress,158,407,0,280,94.8,79.5,7.66,1,40,7,2,1,4.0,102,927,81.61,82.04,Good
STU4328,ECE,3,Female,Hostel,Night,Visual,Poor,Medium,Average,No,Yes,Not Started,180,509,30,20,72.3,71.6,6.66,1,38,1,1,0,3.0,63,1019,52.19,75.32,Good
STU4329,CSE,1,Male,Hostel,Night,Visual,Good,High,Poor,No,Yes,Not Started,325,114,130,168,100.0,88.9,9.66,0,42,3,0,0,0.0,5,1037,66.45,94.05,Excellent
STU4330,IT,8,Male,Hostel,Morning,Kinesthetic,Average,Medium,Good,No,No,Placed,0,68,20,96,79.7,67.7,6.42,1,36,7,2,3,2.0,100,960,59.39,76.5,Good
STU4331,CSE,3,Male,Hostel,Afternoon,Auditory,Good,Low,Average,Yes,No,Not Started,125,276,135,67,83.4,57.4,5.76,1,27,3,1,1,2.0,61,1103,71.61,67.06,Average
STU4332,CSE,5,Female,Hostel,Afternoon,Visual,Poor,Medium,Average,Yes,No,Not Started,256,248,61,313,84.6,77.9,7.66,0,38,1,2,0,3.0,123,760,61.35,76.65,Good
STU4333,CSE-AIML,8,Female,Hostel,Afternoon,Auditory,Average,Low,Good,No,No,Placed,89,402,0,227,84.4,68.2,6.38,1,35,5,1,5,5.0,142,814,68.48,74.72,Good
STU4334,CSE-DS,3,Female,Day Scholar,Night,Auditory,Good,Medium,Good,No,No,Not Started,178,96,192,489,54.0,64.0,6.12,0,29,1,1,0,2.0,169,1282,76.19,66.63,Average
STU4335,CSE,6,Male,Day Scholar,Night,Visual,Average,Low,Good,No,No,In Progress,266,266,150,398,78.6,74.1,6.98,1,35,5,2,0,2.0,221,1232,86.2,80.39,Good
STU4336,CSE,6,Male,Hostel,Night,Visual,Average,High,Average,No,No,Not Started,239,293,82,373,80.3,77.8,7.08,0,34,4,3,1,4.0,193,1037,69.65,76.14,Good
STU4337,CSE-AIML,4,Female,Hostel,Night,Kinesthetic,Average,High,Average,No,No,Not Started,241,253,0,605,96.7,74.2,7.19,0,41,4,4,1,2.0,277,1299,78.8,88.33,Excellent
STU4338,ECE,2,Female,Day Scholar,Afternoon,Kinesthetic,Average,Low,Average,Yes,No,Not Started,161,191,65,222,97.1,72.8,7.6,0,34,0,1,0,0.0,21,1151,62.15,77.73,Good
STU4339,CSE,8,Male,Hostel,Afternoon,Kinesthetic,Good,Low,Good,No,No,In Progress,190,234,29,565,80.0,69.1,7.77,0,40,6,2,0,6.0,521,1313,93.14,84.98,Good
STU4340,CSE,5,Male,Day Scholar,Afternoon,Auditory,Poor,Low,Good,No,No,Not Started,194,611,63,311,84.1,74.9,7.59,2,39,2,0,0,0.0,119,964,65.63,76.74,Good
STU4341,CSE-AIML,5,Male,Day Scholar,Afternoon,Auditory,Average,Medium,Good,No,No,Not Started,132,36,33,389,84.6,74.9,7.13,0,38,5,2,2,5.0,211,1294,73.73,82.5,Good
STU4342,CSE,3,Female,Day Scholar,Night,Kinesthetic,Average,Medium,Average,No,No,Not Started,255,513,84,619,85.4,69.9,7.38,0,32,5,1,0,1.0,36,784,84.35,81.42,Good
STU4343,IT,4,Female,Day Scholar,Afternoon,Auditory,Average,Medium,Average,No,Yes,Not Started,62,180,84,549,94.8,77.3,7.62,0,40,2,0,1,3.0,119,996,70.4,87.49,Excellent
STU4344,IT,3,Female,Day Scholar,Morning,Auditory,Good,Low,Good,No,Yes,Not Started,119,102,206,272,79.5,74.0,7.5,0,43,3,3,0,3.0,61,912,85.27,87.37,Excellent
STU4345,CSE-AIML,3,Other,Day Scholar,Night,Auditory,Poor,Medium,Poor,No,Yes,Not Started,255,110,46,405,79.9,70.6,7.66,0,35,4,2,1,2.0,108,1351,61.26,79.7,Good
STU4346,CSE,5,Male,Day Scholar,Night,Auditory,Average,Medium,Good,Yes,No,Not Started,2,223,128,222,83.1,62.2,6.64,0,30,6,3,1,1.0,76,993,59.26,73.94,Good
STU4347,IT,3,Female,Day Scholar,Afternoon,Visual,Average,Medium,Poor,No,Yes,Not Started,192,256,27,400,87.7,78.2,6.75,0,45,3,0,0,0.0,135,1038,71.35,83.89,Good
STU4348,CSE-AIML,2,Female,Day Scholar,Night,Visual,Average,Low,Average,No,No,Not Started,279,249,46,443,73.0,71.1,7.25,0,41,2,2,0,0.0,0,804,77.25,81.9,Good
STU4349,IT,3,Male,Hostel,Morning,Kinesthetic,Average,Medium,Average,No,No,Not Started,111,192,54,137,81.1,62.6,6.05,4,29,3,1,0,0.0,45,836,61.59,65.68,Average
STU4350,CSE-DS,8,Female,Hostel,Night,Kinesthetic,Good,Medium,Good,No,No,Placed,217,434,209,253,75.6,68.8,6.92,0,36,5,2,2,5.0,112,941,80.22,79.53,Good
STU4351,IT,2,Male,Day Scholar,Morning,Auditory,Good,Medium,Average,Yes,No,Not Started,191,103,81,672,85.3,64.0,5.84,3,37,1,2,0,1.0,226,1043,82.49,72.67,Good
STU4352,CSE-AIML,5,Female,Hostel,Morning,Auditory,Poor,Medium,Good,No,No,Not Started,238,196,101,341,74.9,66.6,6.6,0,33,5,1,1,2.0,151,1022,68.81,76.73,Good
STU4353,CSE-AIML,4,Female,Day Scholar,Night,Visual,Average,Medium,Good,No,No,Not Started,181,236,70,404,92.0,79.8,7.36,0,41,5,0,1,5.0,253,1169,79.37,85.29,Excellent
STU4354,ECE,6,Female,Day Scholar,Afternoon,Auditory,Average,Medium,Good,No,No,Not Started,283,234,104,325,68.6,79.6,8.33,0,40,6,0,0,3.0,180,1078,79.05,81.45,Good
STU4355,CSE-AIML,8,Female,Day Scholar,Night,Auditory,Good,High,Good,No,Yes,Placed,213,106,101,92,77.5,69.7,7.59,0,33,9,1,1,2.0,76,935,81.17,78.45,Good
STU4356,CSE-DS,2,Male,Day Scholar,Night,Kinesthetic,Poor,Low,Good,Yes,Yes,Not Started,257,251,64,0,67.9,68.3,6.47,1,29,3,2,0,1.0,0,984,60.66,67.56,Average
STU4357,CSE,4,Male,Day Scholar,Morning,Auditory,Good,Low,Good,No,No,Not Started,252,286,0,393,79.8,76.4,8.4,0,38,2,1,0,1.0,198,1077,79.15,87.93,Excellent
STU4358,CSE-DS,4,Male,Hostel,Night,Visual,Good,Low,Average,No,Yes,Not Started,302,289,59,0,90.2,84.1,8.76,0,44,3,0,1,2.0,34,1293,84.3,89.03,Excellent
STU4359,CSE-AIML,2,Female,Day Scholar,Night,Auditory,Good,Medium,Good,No,No,Not Started,92,292,131,264,78.5,62.0,6.53,0,31,2,1,0,1.0,90,1079,65.42,76.14,Good
STU4360,CSE,5,Female,Hostel,Morning,Auditory,Good,Low,Average,No,Yes,Not Started,68,151,187,400,71.7,60.3,6.2,1,29,4,0,1,2.0,224,933,84.27,70.03,Good
STU4361,CSE,1,Female,Hostel,Night,Auditory,Average,Low,Average,No,No,Not Started,273,106,0,240,58.5,71.0,7.46,0,38,0,3,0,1.0,16,1261,68.97,76.34,Good
STU4362,CSE-DS,4,Male,Hostel,Night,Auditory,Average,Medium,Good,No,Yes,Not Started,194,131,0,129,56.4,61.5,6.58,0,31,3,2,1,,183,986,72.92,68.2,Average
STU4363,IT,4,Female,Hostel,Night,Auditory,Average,Medium,Good,No,Yes,Not Started,348,144,57,365,73.8,72.2,6.22,0,40,2,2,1,2.0,133,968,74.73,74.6,Good
STU4364,CSE-AIML,5,Female,Hostel,Night,Visual,Average,Medium,Good,No,No,Not Started,0,0,72,207,86.5,54.7,5.72,5,23,5,1,0,3.0,54,1042,57.43,60.76,Average
STU4365,CSE,5,Female,Hostel,Night,Kinesthetic,Average,Medium,Good,No,No,Not Started,173,214,0,489,62.2,67.7,7.65,0,39,3,3,2,2.0,283,778,74.22,81.76,Good
STU4366,CSE-DS,3,Male,Day Scholar,Night,Auditory,Average,Medium,Good,Yes,Yes,Not Started,178,223,117,288,78.9,68.5,6.89,2,35,1,1,1,1.0,103,987,65.78,70.18,Good
STU4367,CSE,5,Male,Day Scholar,Night,Kinesthetic,Average,Medium,Good,No,Yes,Not Started,260,116,212,324,66.8,75.9,8.01,0,41,2,3,1,6.0,121,817,78.02,80.09,Good
STU4368,CSE-AIML,4,Male,Hostel,Morning,Kinesthetic,Poor,Medium,Good,No,No,Not Started,355,299,40,532,79.4,72.9,7.09,1,34,3,1,1,3.0,268,1273,72.76,81.62,Good
STU4369,CSE,2,Female,Hostel,Afternoon,Visual,Average,Medium,Good,No,Yes,Not Started,180,211,99,244,85.7,76.3,6.71,1,40,1,0,0,0.0,86,1302,71.8,78.23,Good
STU4370,CSE,1,Female,Day Scholar,Morning,Kinesthetic,Poor,High,Average,Yes,No,Not Started,217,296,145,61,63.5,67.4,6.35,4,33,3,0,0,0.0,0,658,43.36,59.98,Average
STU4371,CSE,7,Other,Day Scholar,Night,Auditory,Poor,High,Average,No,Yes,Placed,19,173,99,13,71.9,58.0,7.1,0,22,2,3,2,6.0,87,1335,41.76,64.52,Average
STU4372,CSE,3,Male,Day Scholar,Night,Auditory,Good,Medium,Good,No,Yes,Not Started,205,174,52,349,76.1,67.7,8.05,0,36,1,2,0,3.0,203,1139,79.79,83.62,Good
STU4373,CSE,7,Male,Hostel,Afternoon,Auditory,Average,Medium,Good,No,No,In Progress,206,337,56,339,95.1,74.0,7.25,0,38,7,2,2,2.0,297,1060,81.83,82.7,Good
STU4374,CSE,2,Female,Day Scholar,Morning,Auditory,Average,Medium,Good,No,No,Not Started,128,57,111,342,86.7,68.7,7.05,0,37,2,0,0,2.0,104,1173,65.12,82.63,Good
STU4375,CSE-AIML,1,Female,Hostel,Afternoon,Visual,Poor,Medium,Good,No,No,Not Started,206,238,183,454,86.8,74.4,8.13,0,39,2,0,0,0.0,0,944,60.36,83.34,Good
STU4376,CSE-AIML,1,Female,Day Scholar,Morning,Kinesthetic,Good,Medium,Good,No,Yes,Not Started,202,290,115,276,86.6,79.3,7.97,0,42,0,0,0,0.0,23,1050,69.0,82.97,Good
STU4377,CSE,1,Female,Hostel,Night,Visual,Good,Medium,Good,No,No,Not Started,325,373,202,765,87.4,71.8,7.5,0,42,0,0,0,1.0,99,1316,82.58,86.03,Excellent
STU4378,IT,6,Male,Hostel,Night,Kinesthetic,Poor,High,Poor,No,No,Not Started,111,278,96,432,62.3,63.0,7.26,0,30,4,2,1,5.0,312,922,45.01,71.11,Good
STU4379,CSE,2,Female,Hostel,Night,Visual,Average,Low,Average,No,No,Not Started,100,118,98,256,49.4,55.7,5.78,0,30,2,0,0,1.0,68,954,66.79,63.89,Average
STU4380,CSE-AIML,8,Female,Hostel,Morning,Visual,Good,Low,Average,No,Yes,Placed,103,176,235,0,64.5,60.1,6.28,2,33,9,3,2,8.0,44,1103,88.98,70.17,Good
STU4381,CSE,3,Male,Hostel,Night,Visual,Average,Medium,Good,Yes,No,Not Started,140,20,25,154,74.3,71.1,7.07,0,32,2,0,1,0.0,24,1009,62.55,71.91,Good
STU4382,CSE,3,Male,Day Scholar,Night,Auditory,Poor,Medium,Good,No,Yes,Not Started,36,159,187,550,86.6,72.5,6.89,0,31,5,4,1,1.0,106,1019,63.33,76.5,Good
STU4383,CSE-AIML,1,Male,Day Scholar,Night,Auditory,Good,Low,Poor,No,No,Not Started,156,368,139,583,82.2,65.4,7.01,0,32,2,0,0,0.0,90,1031,76.09,80.04,Good
STU4384,CSE-AIML,2,Male,Hostel,Night,Visual,Average,Medium,Good,No,Yes,Not Started,183,397,54,530,69.5,67.9,7.48,2,34,2,0,0,0.0,12,1142,78.71,73.76,Good
STU4385,IT,6,Female,Hostel,Morning,Kinesthetic,Good,Low,Good,No,No,Not Started,314,207,5,140,83.9,73.3,6.97,0,35,7,1,1,4.0,133,1260,91.36,81.59,Good
STU4386,CSE-AIML,1,Male,Hostel,Afternoon,Kinesthetic,Average,Medium,Average,No,No,Not Started,168,457,114,318,54.2,58.5,4.89,1,30,0,0,0,1.0,21,895,61.66,62.49,Average
STU4387,ECE,5,Male,Day Scholar,Night,Auditory,Average,Medium,Good,No,No,Not Started,293,163,129,397,86.0,78.2,6.44,2,34,6,1,2,3.0,240,1246,84.52,71.9,Good
STU4388,CSE,8,Male,Hostel,Night,Visual,Average,Low,Good,No,No,Placed,254,262,253,574,74.4,74.7,7.61,0,34,5,1,1,5.0,493,1356,95.58,83.12,Good
STU4389,CSE,7,Female,Hostel,Night,Auditory,Average,Medium,Good,No,Yes,Placed,192,0,131,348,100.0,82.4,8.21,0,43,7,1,1,3.0,274,1207,85.03,92.51,Excellent
STU4390,CSE,3,Male,Hostel,Morning,Auditory,Good,Low,Good,No,Yes,Not Started,167,230,0,208,69.8,73.2,8.17,0,37,1,2,0,0.0,26,946,77.9,81.33,Good
STU4391,CSE,7,Female,Day Scholar,Night,Auditory,Average,Medium,Good,No,Yes,In Progress,228,247,140,94,62.1,70.8,6.97,0,33,9,1,3,2.0,91,1203,82.84,73.18,Good
STU4392,CSE-AIML,4,Male,Hostel,Morning,Visual,Good,Low,Good,No,No,Not Started,237,161,241,421,96.4,72.6,7.96,0,37,2,1,0,2.0,179,1128,81.93,83.48,Good
STU4393,CSE-DS,1,Male,Hostel,Night,Visual,Good,High,Good,No,No,Not Started,132,376,124,0,64.8,73.2,6.94,0,39,1,0,0,0.0,44,823,51.9,77.22,Good
STU4394,CSE,5,Male,Day Scholar,Night,Auditory,Poor,Low,Average,No,Yes,Not Started,232,28,148,310,80.9,66.5,6.92,0,34,8,2,2,1.0,168,933,86.64,81.23,Good
STU4395,ECE,3,Male,Day Scholar,Night,Visual,Poor,Medium,Poor,No,Yes,Not Started,171,25,0,544,80.4,74.2,7.16,0,41,4,0,0,0.0,189,1229,65.68,78.65,Good
STU4396,IT,7,Male,Day Scholar,Night,Kinesthetic,Good,Medium,Poor,No,No,Placed,229,252,213,402,90.0,76.1,7.52,1,35,3,1,0,4.0,181,1151,69.57,83.54,Good
STU4397,CSE,8,Male,Hostel,Morning,Kinesthetic,Good,Low,Good,No,Yes,Placed,327,0,32,404,72.6,78.6,6.46,3,37,7,3,1,,356,1326,100.0,72.82,Good
STU4398,CSE,6,Female,Hostel,Morning,Auditory,Good,Low,Average,Yes,Yes,Not Started,147,327,0,80,78.5,74.5,6.83,0,37,3,1,0,2.0,25,784,80.11,74.42,Good
STU4399,CSE,2,Female,Day Scholar,Morning,Kinesthetic,Average,Medium,Good,No,Yes,Not Started,1,215,51,33,88.9,62.4,6.01,3,34,2,2,0,2.0,18,798,54.4,68.83,Average
STU4400,CSE,3,Male,Day Scholar,Morning,Auditory,Good,Low,Good,No,No,Not Started,175,322,125,243,62.4,65.6,6.32,0,29,3,0,0,1.0,5,932,79.62,66.52,Average
STU4401,CSE,8,Male,Hostel,Night,Auditory,Average,Medium,Good,No,Yes,Placed,83,249,40,126,88.5,67.4,7.15,0,33,4,1,1,5.0,138,993,68.39,80.32,Good
STU4402,CSE-AIML,7,Female,Hostel,Morning,Auditory,Good,Medium,Good,No,No,Placed,203,277,180,254,89.6,64.3,5.93,2,30,2,1,0,7.0,266,1013,68.14,71.34,Good
STU4403,CSE,2,Female,Hostel,Night,Visual,Good,Low,Average,No,Yes,Not Started,89,228,0,437,87.4,65.8,6.99,0,37,3,1,0,0.0,122,1287,80.07,80.92,Good
STU4404,CSE,7,Male,Hostel,Afternoon,Visual,Average,Medium,Good,Yes,Yes,Placed,170,383,126,390,84.3,68.4,5.95,1,34,3,2,3,1.0,225,1243,76.77,71.55,Good
STU4405,ECE,2,Female,Day Scholar,Night,Visual,Poor,High,Average,No,No,Not Started,326,368,25,233,72.5,78.9,8.17,0,38,1,0,0,1.0,0,962,51.91,79.64,Good
STU4406,CSE-DS,6,Female,Day Scholar,Night,Visual,Poor,High,Poor,No,Yes,Not Started,344,286,85,253,72.8,73.5,7.15,0,35,5,3,1,0.0,142,1227,60.78,76.27,Good
STU4407,ECE,6,Female,Hostel,Afternoon,Auditory,Average,Low,Good,No,No,In Progress,212,275,241,208,82.8,79.0,7.38,2,38,8,0,0,2.0,93,1105,82.05,77.14,Good
STU4408,CSE,1,Male,Hostel,Morning,Visual,Good,Low,Good,No,No,Not Started,98,324,141,395,80.3,72.3,7.73,0,36,1,0,0,0.0,89,1187,73.15,81.38,Good
STU4409,CSE,1,Male,Day Scholar,,Kinesthetic,Poor,Medium,Average,No,No,Not Started,258,222,124,811,74.4,72.6,8.12,0,34,2,0,0,0.0,72,936,70.47,81.95,Good
STU4410,CSE-AIML,3,Male,Hostel,Night,Kinesthetic,Good,Low,Average,No,No,Not Started,138,282,13,169,91.6,70.0,7.55,1,33,2,0,1,0.0,69,1459,67.81,80.52,Good
STU4411,CSE,6,Female,Day Scholar,Night,Visual,Good,Low,Good,No,Yes,Not Started,45,158,85,145,90.1,66.9,6.72,0,37,1,0,0,3.0,0,1054,64.42,81.97,Good
STU4412,CSE,5,Female,Day Scholar,,Kinesthetic,Good,Low,Poor,No,No,Not Started,355,83,51,330,93.3,76.9,8.51,0,41,4,0,0,0.0,108,1125,76.01,89.56,Excellent
STU4413,CSE-DS,7,Male,Day Scholar,Night,Kinesthetic,Average,Low,Average,No,No,Placed,179,227,0,94,100.0,82.8,8.55,0,38,9,3,1,5.0,51,808,78.92,88.69,Excellent
STU4414,CSE-DS,7,Female,Hostel,Morning,Visual,Good,Medium,Good,No,No,Placed,229,361,146,408,100.0,73.2,7.24,0,40,8,2,1,2.0,301,1162,94.55,89.86,Excellent
STU4415,CSE-AIML,7,Female,Hostel,Night,Auditory,Average,Medium,Good,No,No,In Progress,150,322,0,758,76.0,66.9,6.07,0,32,8,2,2,2.0,625,1384,93.56,77.93,Good
STU4416,CSE-AIML,3,Other,Hostel,Afternoon,Auditory,Good,Low,Good,No,No,Not Started,228,110,79,710,79.4,70.5,6.55,0,40,7,0,0,1.0,164,869,97.49,79.35,Good
STU4417,CSE-AIML,7,Female,Hostel,Night,Auditory,Poor,Medium,Good,No,Yes,In Progress,105,155,131,215,71.4,76.2,8.09,0,35,3,1,1,0.0,200,978,58.56,77.63,Good
STU4418,CSE,4,Other,Hostel,Night,Visual,Average,Medium,Average,No,Yes,Not Started,169,192,43,112,97.2,80.5,7.78,0,45,3,2,1,,107,1153,66.71,84.68,Good
STU4419,CSE,2,Male,Day Scholar,Night,Auditory,Average,Medium,Good,Yes,Yes,Not Started,262,70,3,503,77.7,71.1,6.55,0,31,2,0,0,1.0,113,1143,77.34,69.97,Average
STU4420,CSE,7,Female,Day Scholar,Afternoon,Auditory,Poor,High,Good,No,Yes,Placed,163,150,164,457,79.0,65.1,6.75,0,31,5,3,0,7.0,342,1310,61.95,76.53,Good
STU4421,CSE,8,Female,Day Scholar,Morning,Kinesthetic,Poor,High,Good,No,No,In Progress,104,88,0,395,81.8,63.7,6.28,1,26,8,7,0,2.0,427,1173,63.06,73.29,Good
STU4422,ECE,2,Male,Hostel,Night,Auditory,Good,Medium,Good,No,No,Not Started,262,197,25,269,80.9,79.3,7.86,0,35,1,0,0,2.0,47,939,71.5,84.23,Good
STU4423,CSE-AIML,1,Male,Day Scholar,Afternoon,Visual,Poor,High,Good,No,No,Not Started,147,180,114,407,66.9,62.7,5.9,5,29,2,0,0,1.0,79,1155,52.34,60.55,Average
STU4424,CSE-DS,7,Female,Day Scholar,Morning,Auditory,Average,Low,Average,No,No,Placed,145,339,95,253,100.0,73.3,6.05,3,33,8,2,2,1.0,120,1181,82.87,73.17,Good
STU4425,CSE,8,Male,Hostel,Night,Kinesthetic,Average,Medium,Good,No,No,In Progress,78,272,78,432,100.0,76.1,7.03,0,36,7,5,4,5.0,463,1202,78.39,87.68,Excellent
STU4426,CSE,5,Female,Day Scholar,Morning,Kinesthetic,Good,Medium,Good,No,No,Not Started,319,368,249,368,74.6,72.7,6.46,3,40,7,3,0,1.0,132,1072,98.47,76.67,Good
STU4427,CSE,8,Male,Hostel,Morning,Kinesthetic,Average,Medium,Good,No,No,Placed,275,0,164,282,98.9,75.6,8.03,0,39,7,5,1,5.0,205,1266,82.69,87.7,Excellent
STU4428,CSE,6,Male,Hostel,Night,Kinesthetic,Average,Low,Average,No,No,Not Started,157,109,185,460,76.4,69.0,8.0,1,35,3,1,1,5.0,265,1024,77.55,84.2,Good
STU4429,CSE,6,Male,Hostel,Afternoon,Auditory,Good,Low,Average,No,Yes,Not Started,101,281,40,59,98.6,77.3,7.64,0,33,6,5,1,5.0,0,877,79.06,84.77,Good
STU4430,IT,1,Male,Day Scholar,Morning,Kinesthetic,Good,Medium,Average,No,Yes,Not Started,241,272,266,466,95.8,72.4,5.79,1,39,1,0,0,1.0,108,1061,85.15,74.27,Good
STU4431,CSE-DS,4,Female,Day Scholar,Night,Kinesthetic,Poor,Medium,Poor,No,No,Not Started,216,200,47,482,71.1,65.3,6.57,1,31,1,0,0,0.0,188,1223,46.17,67.68,Average
STU4432,CSE-AIML,3,Female,Hostel,Night,Kinesthetic,Poor,High,Poor,No,No,Not Started,142,355,144,133,85.4,77.1,8.44,0,36,3,0,0,1.0,0,734,38.03,83.05,Good
STU4433,CSE-AIML,3,Male,Hostel,Morning,Auditory,Poor,Low,Average,No,No,Not Started,171,234,139,120,92.1,73.6,7.39,0,38,2,1,2,2.0,22,992,57.98,77.73,Good
STU4434,ECE,5,Male,Hostel,Night,Visual,Poor,High,Good,No,No,Not Started,233,513,47,0,100.0,74.0,7.68,0,35,4,2,0,2.0,0,1033,51.22,81.3,Good
STU4435,CSE,1,Male,Hostel,Night,Kinesthetic,Good,Low,Good,No,No,Not Started,200,252,0,475,100.0,72.3,7.44,0,33,0,0,0,0.0,161,1215,81.35,85.5,Excellent
STU4436,CSE,1,Male,Hostel,Morning,Kinesthetic,Average,High,Good,No,Yes,Not Started,213,164,87,311,99.1,82.9,8.21,0,37,0,1,0,1.0,0,1056,60.39,83.8,Good
STU4437,CSE,4,Female,Hostel,Afternoon,Kinesthetic,Average,High,Poor,No,No,Not Started,203,428,59,97,81.6,68.0,6.96,1,36,4,2,0,4.0,0,991,52.66,77.79,Good
STU4438,IT,7,Male,Hostel,Morning,Auditory,Average,Low,Good,No,No,Placed,245,242,0,505,85.2,79.2,7.49,0,34,3,2,3,6.0,417,1180,89.53,83.01,Good
STU4439,ECE,3,Male,Day Scholar,Night,Auditory,Average,Low,Good,Yes,No,Not Started,129,313,44,218,82.4,71.3,7.13,0,32,2,0,0,0.0,69,1209,63.29,76.55,Good
STU4440,CSE,7,Male,Hostel,Night,Kinesthetic,Average,Low,Good,No,No,In Progress,194,124,182,157,70.3,65.0,6.52,0,31,8,4,0,2.0,105,1262,86.76,74.45,Good
STU4441,IT,1,Male,Day Scholar,Morning,Visual,Poor,High,Average,No,No,Not Started,114,283,31,543,86.2,67.7,5.7,2,34,1,2,0,1.0,5,913,45.23,65.84,Average
STU4442,IT,7,Male,Hostel,Night,Kinesthetic,Average,Medium,Average,No,Yes,In Progress,121,233,176,126,77.1,64.4,6.37,1,39,8,3,1,9.0,123,890,75.42,75.61,Good
STU4443,CSE,6,Male,Hostel,Night,Visual,Average,Medium,Good,No,No,Not Started,351,320,154,281,76.8,75.1,7.03,1,35,7,0,1,3.0,234,1177,88.3,77.65,Good
STU4444,CSE,5,Female,Hostel,Afternoon,Visual,Average,Low,Good,No,No,Not Started,51,198,142,239,68.3,68.1,5.69,0,36,8,2,1,2.0,83,1036,72.2,70.26,Good
STU4445,CSE-AIML,3,Female,Hostel,Night,Auditory,Average,High,,Yes,Yes,Not Started,240,40,322,252,79.0,73.5,7.32,1,35,0,0,1,0.0,144,981,64.82,73.27,Good
STU4446,ECE,4,Female,Hostel,Morning,Auditory,Good,Low,Average,No,No,Not Started,424,325,38,162,68.8,69.4,6.28,5,37,5,0,0,2.0,115,1001,90.54,67.54,Average
STU4447,CSE,5,Male,Day Scholar,Night,Auditory,Average,Low,Average,No,No,Not Started,338,238,148,489,100.0,87.8,8.6,0,44,1,2,1,3.0,234,1184,84.16,93.4,Excellent
STU4448,IT,2,Male,Day Scholar,Night,Visual,Average,Medium,Good,No,Yes,Not Started,230,160,104,267,80.7,82.8,8.32,0,47,3,1,0,1.0,70,850,79.1,89.28,Excellent
STU4449,CSE,6,Male,Hostel,Night,Visual,Average,Medium,Good,No,No,Not Started,351,256,107,220,90.0,73.7,7.57,0,34,3,0,1,4.0,113,1503,79.2,82.35,Good
STU4450,CSE-DS,4,Female,Hostel,Night,Visual,Good,Low,Good,No,No,Not Started,216,259,0,287,63.8,57.7,6.57,0,24,5,3,2,0.0,75,988,83.46,71.99,Good
STU4451,CSE-AIML,8,Other,Day Scholar,Night,Auditory,Good,Medium,Good,No,Yes,Placed,153,292,40,165,80.7,69.5,5.57,2,34,8,1,2,2.0,156,1231,83.59,72.25,Good
STU4452,CSE-AIML,5,Male,Hostel,Night,Auditory,Good,Low,Good,No,No,Not Started,181,288,58,423,60.5,64.3,6.37,0,31,3,4,0,1.0,160,1030,76.97,72.81,Good
STU4453,IT,1,Male,Day Scholar,Night,Auditory,Average,Medium,Poor,No,Yes,Not Started,261,407,106,247,98.5,81.8,8.82,0,43,0,0,0,0.0,63,981,62.34,90.97,Excellent
STU4454,IT,2,Female,Day Scholar,Night,Kinesthetic,Average,Medium,Average,No,Yes,Not Started,366,202,0,517,81.3,77.2,7.46,2,37,5,1,0,0.0,88,1214,93.89,82.28,Good
STU4455,IT,4,Female,Day Scholar,Night,Visual,Good,Low,Good,No,Yes,Not Started,275,361,88,718,89.3,73.2,7.44,0,36,3,0,0,1.0,340,1007,100.0,83.58,Good
STU4456,CSE,1,Female,Hostel,Morning,Visual,Good,Medium,Average,Yes,Yes,Not Started,172,193,19,128,74.7,63.9,6.15,4,29,0,0,0,0.0,0,911,67.97,56.22,Average
STU4457,CSE-DS,6,Female,Hostel,Night,Kinesthetic,Average,Medium,Good,No,Yes,Not Started,122,55,7,0,87.7,70.3,6.51,1,36,4,3,0,2.0,0,788,59.52,77.12,Good
STU4458,CSE,8,Female,Hostel,Night,Visual,Average,Low,Poor,No,No,Placed,5,393,0,267,100.0,75.1,8.45,0,37,8,0,0,2.0,207,1099,61.67,86.54,Excellent
STU4459,CSE-AIML,2,Male,Day Scholar,Night,Visual,Average,Medium,Good,No,Yes,Not Started,167,138,0,137,86.7,68.9,6.92,0,34,1,1,0,0.0,21,1140,62.59,77.15,Good
STU4460,CSE-AIML,3,Female,Day Scholar,Night,Kinesthetic,Good,Medium,Average,No,No,Not Started,86,336,63,121,78.5,69.2,7.23,0,34,1,1,0,2.0,97,1149,62.13,76.94,Good
STU4461,CSE-AIML,8,Female,Day Scholar,Morning,Visual,Average,Low,Good,No,No,Placed,263,249,197,174,77.3,69.2,7.64,0,40,7,3,3,7.0,228,1142,77.53,79.38,Good
STU4462,CSE-AIML,1,Female,Day Scholar,Afternoon,Auditory,Average,Medium,Good,Yes,Yes,Not Started,157,266,94,365,61.8,60.3,6.29,1,30,0,1,0,0.0,6,770,68.84,63.92,Average
STU4463,ECE,5,Male,Day Scholar,Morning,Kinesthetic,Average,Low,Good,No,Yes,Not Started,267,374,104,0,82.0,78.1,8.34,0,39,6,1,1,7.0,3,1006,78.17,85.01,Excellent
STU4464,CSE,7,Male,Day Scholar,Night,Visual,Average,Low,Average,No,Yes,Placed,405,0,149,508,83.6,84.7,8.66,0,40,9,1,1,3.0,284,999,100.0,93.19,Excellent
STU4465,CSE-DS,4,Male,Day Scholar,Night,Auditory,Average,Medium,Good,No,Yes,Not Started,168,337,16,566,90.5,73.8,7.73,0,37,3,0,0,2.0,222,1035,84.37,82.68,Good
STU4466,CSE,2,Male,Day Scholar,Night,Visual,Average,Low,Poor,Yes,No,Not Started,194,318,0,118,89.7,68.4,6.5,1,31,2,2,0,,81,1268,55.41,71.06,Good
STU4467,CSE,1,Female,Hostel,,Kinesthetic,Average,Medium,Poor,No,Yes,Not Started,212,132,143,136,77.8,67.2,6.81,0,29,0,0,0,0.0,0,954,47.83,68.69,Average
STU4468,CSE,3,Male,Hostel,Night,Auditory,Average,Medium,Poor,No,Yes,Not Started,154,241,85,301,91.5,65.3,6.31,3,29,2,0,0,,128,989,58.54,64.87,Average
STU4469,ECE,7,Male,Day Scholar,Night,Visual,Good,Low,Good,No,Yes,Placed,190,344,170,249,99.6,78.7,7.91,0,40,6,2,1,3.0,133,1205,92.06,90.46,Excellent
STU4470,IT,4,Female,Hostel,Night,Kinesthetic,Poor,Medium,Good,No,No,Not Started,148,111,35,292,100.0,73.9,6.35,1,35,5,1,0,1.0,130,864,63.63,78.83,Good
STU4471,ECE,4,Male,Hostel,Morning,Visual,Good,High,Poor,No,No,Not Started,302,216,194,297,76.1,72.9,7.29,0,30,2,1,0,2.0,100,793,65.45,74.07,Good
STU4472,ECE,1,Male,Day Scholar,Night,Visual,Average,Medium,Average,Yes,Yes,Not Started,160,371,10,156,82.9,73.6,7.48,0,40,0,0,0,0.0,25,1138,68.29,81.93,Good
STU4473,CSE,3,Male,Day Scholar,Night,Auditory,Good,Low,Poor,Yes,No,Not Started,67,70,120,277,91.6,65.4,6.25,1,31,3,1,0,0.0,44,843,60.14,70.08,Good
STU4474,CSE,6,Female,Day Scholar,Night,Visual,Average,Medium,Good,No,No,In Progress,75,271,168,137,68.1,66.4,6.9,0,39,2,2,0,2.0,94,720,53.44,77.48,Good
STU4475,CSE-DS,7,Male,Hostel,Night,Kinesthetic,Average,Low,Good,No,Yes,Placed,104,273,18,405,83.1,74.6,7.29,0,38,4,1,4,1.0,276,839,80.47,85.45,Excellent
STU4476,CSE-AIML,6,Female,Day Scholar,Night,Kinesthetic,Good,Low,Good,No,No,Not Started,139,264,0,191,77.2,61.4,6.32,4,32,5,4,0,4.0,150,1160,77.75,64.78,Average
STU4477,CSE-AIML,2,Male,Hostel,Morning,Auditory,Average,High,Good,No,Yes,Not Started,258,90,25,26,90.6,79.0,8.65,0,38,0,2,0,1.0,104,1053,58.48,85.58,Excellent
STU4478,CSE,1,Female,Day Scholar,Morning,Auditory,Good,Low,Good,No,Yes,Not Started,253,233,90,1,77.0,72.9,6.85,0,33,1,1,0,0.0,0,1180,81.38,78.75,Good
STU4479,CSE-AIML,7,Male,Hostel,Night,Visual,Good,Low,Average,No,No,In Progress,260,241,76,304,80.2,75.9,7.16,0,35,5,1,1,2.0,222,1187,86.68,80.7,Good
STU4480,CSE-AIML,2,Male,Day Scholar,Morning,Kinesthetic,Average,Medium,Poor,No,No,Not Started,181,219,235,286,73.2,70.4,7.58,0,40,0,0,0,0.0,97,1071,54.79,79.5,Good
STU4481,CSE,8,Male,Day Scholar,Morning,Auditory,Poor,High,Good,No,No,Placed,269,336,21,151,52.0,61.8,5.79,2,33,5,4,4,4.0,99,1156,55.08,62.17,Average
STU4482,CSE-AIML,6,Male,Hostel,Afternoon,Visual,Good,Low,Good,No,No,In Progress,157,239,213,472,74.3,71.5,7.24,0,36,5,3,3,3.0,273,930,86.6,74.65,Good
STU4483,CSE-AIML,8,Male,Day Scholar,Night,Visual,Good,Low,Good,No,Yes,Placed,14,265,202,609,96.0,66.6,6.52,0,34,6,0,3,5.0,547,1452,96.26,83.6,Good
STU4484,CSE-AIML,8,Male,Day Scholar,Night,Kinesthetic,Average,Medium,Good,No,No,In Progress,265,73,89,546,62.9,70.5,5.8,0,40,4,4,2,10.0,482,1140,87.58,76.01,Good
STU4485,CSE,7,Male,Hostel,,Kinesthetic,Poor,Medium,Good,No,Yes,In Progress,118,131,0,589,85.0,76.6,7.59,0,39,7,2,3,3.0,428,1037,81.35,86.51,Excellent
STU4486,CSE-DS,4,Female,Hostel,Night,Visual,Average,Medium,Good,Yes,No,Not Started,160,160,24,489,83.1,64.6,6.01,0,33,1,1,0,3.0,243,1321,71.04,74.15,Good
STU4487,CSE,2,Male,Hostel,Night,Kinesthetic,Poor,High,Good,No,Yes,Not Started,147,170,187,437,74.2,63.5,6.44,0,34,0,1,0,1.0,92,1276,48.09,72.32,Good
STU4488,CSE,8,Male,Hostel,Afternoon,Visual,Good,Low,Poor,No,Yes,Placed,227,242,87,451,92.7,71.4,7.54,0,34,10,2,1,5.0,307,1151,97.49,84.35,Good
STU4489,IT,3,Female,Day Scholar,Afternoon,Visual,Good,Low,Poor,No,Yes,Not Started,194,133,220,434,78.9,71.6,6.68,1,34,3,1,0,5.0,111,945,79.52,78.46,Good
STU4490,CSE-AIML,5,Female,Day Scholar,Night,Kinesthetic,Good,Low,Good,No,No,Not Started,159,91,99,322,79.6,72.7,6.98,1,40,2,1,0,2.0,208,1111,81.06,78.6,Good
STU4491,CSE,6,Male,Hostel,Night,Auditory,Good,Medium,Average,Yes,Yes,Not Started,323,252,0,363,99.2,79.3,7.12,1,41,7,2,0,5.0,203,1120,100.0,82.68,Good
STU4492,CSE-DS,6,Male,Hostel,Afternoon,Visual,Average,Medium,Poor,No,No,Not Started,171,232,121,345,55.8,59.0,5.94,1,28,5,1,1,3.0,232,1190,61.8,65.23,Average
STU4493,CSE-AIML,3,Female,Hostel,Afternoon,Kinesthetic,Poor,High,Good,No,Yes,Not Started,158,275,298,681,59.3,69.6,6.88,1,32,5,4,0,2.0,274,990,71.77,70.66,Good
STU4494,IT,7,Male,Hostel,Afternoon,Visual,Average,High,Average,No,Yes,Placed,252,497,45,314,100.0,83.0,8.51,0,38,7,2,2,4.0,227,1303,87.28,88.47,Excellent
STU4495,CSE-DS,7,Female,Hostel,Morning,Visual,Good,Low,Good,No,Yes,In Progress,285,87,258,324,95.7,69.8,7.11,0,30,6,3,2,4.0,200,1049,100.0,82.3,Good
STU4496,CSE-DS,7,Male,Hostel,Afternoon,Visual,Average,High,Good,No,Yes,In Progress,260,243,367,522,94.2,76.8,7.78,1,40,1,2,0,4.0,384,1185,80.37,85.5,Excellent
STU4497,CSE-AIML,2,Female,Hostel,Night,Kinesthetic,Good,Low,Good,Yes,No,Not Started,126,234,28,375,100.0,71.2,6.84,0,37,1,1,0,0.0,0,966,72.05,82.69,Good
STU4498,CSE,1,Male,Day Scholar,Night,Kinesthetic,Good,Medium,Good,No,No,Not Started,213,252,0,426,92.0,75.9,8.04,0,37,0,1,0,0.0,45,770,70.5,87.38,Excellent
STU4499,CSE,8,Female,Day Scholar,Night,Kinesthetic,Average,Medium,Average,No,No,Placed,187,493,11,326,84.9,75.0,7.78,1,40,8,2,3,2.0,317,1053,77.14,83.78,Good
STU4500,CSE-AIML,4,Male,Hostel,Afternoon,Auditory,Average,Medium,Poor,No,No,Not Started,162,0,12,315,65.7,68.9,7.09,2,32,2,1,2,2.0,107,975,55.79,67.65,Average
STU4501,CSE-AIML,5,Female,Day Scholar,Night,Visual,Good,Medium,Good,Yes,Yes,Not Started,95,192,49,489,83.5,66.8,6.6,0,34,1,1,2,5.0,344,1113,80.16,73.61,Good
STU4502,CSE-AIML,1,Male,Day Scholar,Morning,Auditory,Poor,Medium,Average,No,Yes,Not Started,199,238,125,0,72.8,67.8,7.38,0,31,3,0,0,0.0,0,1002,57.81,75.3,Good
STU4503,CSE,1,Male,Day Scholar,Afternoon,Visual,Average,High,Good,No,No,Not Started,277,301,0,344,80.1,72.5,7.45,0,32,0,0,0,0.0,39,934,60.11,75.51,Good
STU4504,CSE,3,Female,Hostel,Night,Kinesthetic,Average,Medium,Good,No,Yes,Not Started,326,323,98,0,49.0,61.4,6.24,3,29,2,0,1,1.0,0,1184,64.96,66.16,Average
STU4505,CSE-AIML,2,Male,Day Scholar,Night,Visual,Good,Medium,Average,No,No,Not Started,283,32,163,0,62.1,66.8,5.94,1,33,2,1,0,2.0,105,1127,66.83,67.76,Average
STU4506,CSE,6,Female,Day Scholar,Afternoon,Visual,Poor,High,Average,No,No,Not Started,139,217,116,0,78.0,61.5,6.67,0,33,5,3,2,7.0,0,951,45.39,73.33,Good
STU4507,CSE-DS,6,Male,Hostel,Night,Visual,Poor,High,Average,Yes,No,Not Started,96,125,182,406,85.1,68.3,8.05,0,30,8,5,3,3.0,182,1198,67.67,75.23,Good
STU4508,CSE,3,Female,Hostel,Night,Auditory,Good,Medium,Average,No,No,Not Started,45,282,161,52,73.1,60.1,5.78,3,24,2,2,0,4.0,40,973,53.25,64.48,Average
STU4509,CSE-AIML,2,Male,Day Scholar,Night,Kinesthetic,Poor,Medium,Poor,No,No,Not Started,274,258,264,167,80.5,74.7,7.24,0,37,2,0,0,0.0,67,1184,49.7,76.75,Good
STU4510,ECE,3,Female,Day Scholar,Night,Kinesthetic,Average,High,Good,Yes,No,Not Started,254,169,29,468,73.1,73.7,7.13,1,34,2,0,1,1.0,178,989,73.34,72.2,Good
STU4511,CSE,6,Female,Day Scholar,Night,Visual,Poor,High,Good,No,No,In Progress,130,453,354,228,69.9,56.7,5.5,1,30,3,1,1,2.0,89,1204,48.69,65.18,Average
STU4512,CSE-AIML,1,Male,Day Scholar,Night,Kinesthetic,Poor,Low,Average,No,No,Not Started,111,204,31,189,90.7,71.2,6.75,0,37,1,0,0,1.0,61,980,53.28,79.67,Good
STU4513,CSE,4,Female,Day Scholar,Night,Auditory,Good,Medium,Good,No,No,Not Started,294,200,13,532,70.8,78.6,8.74,0,40,3,4,0,2.0,235,1374,82.82,82.22,Good
STU4514,CSE-DS,8,Female,Hostel,Morning,Auditory,Poor,High,Average,No,Yes,Placed,267,131,102,385,67.9,67.6,7.13,0,34,7,3,1,9.0,207,1223,73.3,77.87,Good
STU4515,CSE-AIML,7,Male,Hostel,Afternoon,Kinesthetic,Good,Low,Average,No,Yes,Placed,296,0,130,217,100.0,72.0,7.29,1,35,6,1,1,2.0,183,1099,87.14,84.42,Good
STU4516,CSE-AIML,2,Female,Day Scholar,Night,Auditory,Average,Medium,Good,Yes,Yes,Not Started,230,247,142,365,86.0,69.3,7.33,1,38,2,0,0,1.0,10,1357,74.7,78.99,Good
STU4517,CSE-AIML,8,Male,Hostel,Night,Auditory,Good,Medium,Good,No,No,In Progress,238,133,244,66,84.7,74.9,7.87,0,34,3,2,0,5.0,0,948,71.49,79.43,Good
STU4518,IT,5,Female,Hostel,Afternoon,Kinesthetic,Good,Low,Good,No,Yes,Not Started,0,262,325,173,74.9,65.3,6.08,0,32,7,2,3,4.0,124,1539,77.96,75.41,Good
STU4519,CSE,5,Male,Day Scholar,Night,Kinesthetic,Good,Low,Good,No,Yes,Not Started,146,595,145,596,91.1,69.1,6.82,1,31,7,0,1,3.0,263,1081,100.0,80.54,Good
STU4520,CSE,1,Male,Day Scholar,Morning,Visual,Good,Medium,Good,No,No,Not Started,362,264,296,32,81.9,77.6,7.88,0,36,0,0,0,0.0,0,1159,69.98,79.67,Good
STU4521,IT,3,Male,Hostel,Night,Visual,Poor,Medium,Good,Yes,No,Not Started,128,262,229,161,67.9,69.5,7.28,0,29,1,0,0,0.0,11,987,48.44,68.36,Average
STU4522,CSE-AIML,3,Female,Hostel,Afternoon,Auditory,Average,Medium,Good,No,No,Not Started,199,359,0,221,100.0,76.6,7.95,1,41,2,1,1,3.0,76,1112,66.67,85.05,Excellent
STU4523,IT,6,Female,Hostel,Afternoon,Kinesthetic,Average,Medium,Good,No,Yes,Not Started,320,400,177,173,63.6,72.4,7.24,0,29,9,3,1,1.0,177,959,91.33,76.6,Good
STU4524,CSE-AIML,1,Female,Hostel,Night,Auditory,Average,Medium,Average,No,Yes,Not Started,258,264,0,370,88.6,77.0,6.73,0,40,1,2,0,1.0,49,1230,75.86,82.53,Good
STU4525,IT,6,Male,Day Scholar,Morning,Kinesthetic,Good,Low,Good,No,Yes,In Progress,93,262,225,328,63.4,62.8,5.52,3,30,2,3,1,1.0,149,1144,78.65,65.98,Average
STU4526,CSE-AIML,6,Male,Hostel,Morning,Auditory,Average,Medium,Average,No,Yes,In Progress,74,173,175,406,88.6,60.9,5.83,1,33,8,3,3,5.0,306,1175,85.18,72.43,Good
STU4527,CSE-DS,5,Female,Day Scholar,Night,Auditory,Average,Medium,Average,No,No,Not Started,324,306,214,430,100.0,81.9,8.73,0,39,1,1,0,1.0,211,1316,79.08,88.01,Excellent
STU4528,ECE,6,Female,Day Scholar,Night,Auditory,Average,Low,Average,No,Yes,Not Started,246,311,0,406,64.8,54.5,5.47,1,27,6,1,3,1.0,130,1040,93.87,67.76,Average
STU4529,CSE-AIML,8,Male,Day Scholar,Night,Visual,Poor,Medium,Good,No,Yes,Placed,211,244,175,573,99.3,77.2,7.68,0,37,8,2,0,2.0,421,1318,83.93,86.72,Excellent
STU4530,CSE,7,Male,Hostel,Night,Kinesthetic,Poor,Medium,Poor,No,Yes,In Progress,225,96,145,493,77.3,65.9,6.26,0,26,3,2,0,0.0,392,1201,62.4,72.68,Good
STU4531,CSE,6,Male,Hostel,Morning,Auditory,Average,Low,Good,No,No,In Progress,146,263,55,254,83.2,68.7,6.76,0,35,3,2,1,4.0,181,988,68.17,77.12,Good
STU4532,CSE,5,Male,Hostel,Night,Visual,Poor,High,Good,No,No,Not Started,99,332,147,587,54.3,60.8,6.51,0,31,4,3,0,2.0,317,904,56.02,69.34,Average
STU4533,CSE,7,Female,Hostel,Night,Auditory,Average,Medium,Good,No,No,Placed,219,124,33,179,89.1,84.6,8.44,0,41,3,1,1,2.0,144,930,66.35,87.49,Excellent
STU4534,CSE,3,Male,Day Scholar,Night,Auditory,Good,Low,Average,No,Yes,Not Started,125,271,59,211,70.8,62.3,6.31,1,29,4,0,0,2.0,0,714,80.53,74.95,Good
STU4535,CSE-AIML,2,Female,Hostel,Night,Kinesthetic,Good,Medium,Good,No,No,Not Started,126,330,212,316,77.9,66.2,5.47,3,38,1,3,0,1.0,79,819,67.08,63.96,Average
STU4536,CSE-AIML,4,Male,Day Scholar,Night,Auditory,Average,Medium,Good,No,Yes,Not Started,147,278,104,464,93.3,75.6,6.95,0,39,7,2,0,2.0,262,1239,81.2,85.96,Excellent
STU4537,CSE-AIML,6,Male,Hostel,Night,Kinesthetic,Average,Low,Poor,No,No,Not Started,250,457,144,358,76.8,64.6,6.87,0,38,4,3,0,5.0,188,963,69.55,79.38,Good
STU4538,CSE-DS,8,Female,Hostel,Morning,Visual,Poor,Low,Good,No,No,Placed,116,155,123,269,65.3,68.6,6.9,0,31,8,0,2,4.0,219,1014,70.26,73.81,Good
STU4539,CSE,7,Female,Day Scholar,Afternoon,Visual,Good,Low,Average,No,Yes,Placed,108,115,155,271,98.5,74.2,7.3,0,38,4,2,0,8.0,138,1017,82.96,85.35,Excellent
STU4540,CSE,2,Male,Hostel,Night,Auditory,Good,Medium,Good,No,No,Not Started,94,129,124,529,77.8,66.8,6.24,0,35,2,1,0,0.0,218,1083,74.14,78.55,Good
STU4541,CSE,5,Female,Hostel,Night,Visual,Average,Medium,Good,No,Yes,Not Started,166,171,0,287,77.9,73.5,6.97,0,39,5,1,1,1.0,64,847,76.74,80.29,Good
STU4542,CSE-AIML,2,Male,Hostel,Night,Kinesthetic,Average,High,Good,Yes,No,Not Started,270,156,30,443,90.0,71.8,7.04,0,42,1,0,0,0.0,137,1211,69.09,79.39,Good
STU4543,CSE,4,Female,Hostel,Night,Kinesthetic,Average,Medium,Poor,No,No,Not Started,166,337,57,0,91.2,69.5,6.71,0,32,1,1,0,2.0,28,1134,46.58,76.81,Good
STU4544,CSE,8,Male,Day Scholar,Afternoon,Visual,Average,Medium,Good,Yes,No,Placed,180,11,0,0,100.0,75.3,7.72,0,35,4,2,3,5.0,13,1193,64.7,81.71,Good
STU4545,CSE-AIML,2,Female,Hostel,Night,Kinesthetic,Average,Medium,,No,No,Not Started,197,154,123,557,75.6,64.1,6.95,0,31,1,1,0,0.0,122,1023,62.53,76.51,Good
STU4546,IT,8,Male,Hostel,Morning,Kinesthetic,Poor,Medium,Good,No,Yes,In Progress,150,354,32,0,70.2,70.1,7.47,0,34,5,5,0,2.0,15,994,57.22,75.28,Good
STU4547,CSE,7,Male,Hostel,Morning,Auditory,Average,Medium,Good,No,Yes,In Progress,98,217,18,0,85.6,65.5,5.94,2,28,6,2,3,1.0,58,995,64.98,65.98,Average
STU4548,CSE-DS,2,Other,Day Scholar,Morning,Auditory,Poor,Medium,Average,No,No,Not Started,141,90,0,300,90.0,72.5,7.39,0,32,1,0,0,0.0,22,1234,48.25,80.44,Good
STU4549,CSE-DS,8,Female,Hostel,Night,Kinesthetic,Average,Medium,Good,No,Yes,In Progress,128,180,73,475,82.1,66.7,7.43,1,32,7,3,0,4.0,439,1209,86.57,76.91,Good
STU4550,IT,2,Male,Hostel,Morning,Visual,Average,Medium,Average,No,Yes,Not Started,172,395,140,0,82.9,69.0,6.99,0,37,1,0,0,3.0,0,856,62.06,79.84,Good
STU4551,ECE,2,Male,Hostel,Night,Kinesthetic,Poor,High,Good,Yes,No,Not Started,139,217,122,292,85.0,65.4,7.01,0,37,3,0,0,1.0,108,1040,52.35,77.09,Good
STU4552,CSE,1,Male,Hostel,,Auditory,Average,Medium,Good,No,No,Not Started,200,276,175,454,79.7,67.3,7.41,0,34,1,0,0,0.0,16,1024,67.37,75.46,Good
STU4553,CSE,6,Female,Hostel,Afternoon,Visual,Average,Medium,Good,No,No,Not Started,169,215,71,191,73.9,64.8,6.6,0,25,1,2,3,3.0,85,1308,55.66,72.39,Good
STU4554,IT,5,Female,Hostel,Night,Kinesthetic,Good,Low,Poor,No,No,Not Started,123,432,210,243,71.9,63.8,6.05,0,36,1,1,1,1.0,65,1152,62.54,69.41,Average
STU4555,CSE-AIML,4,Female,Hostel,Night,Visual,Average,Medium,Average,No,No,Not Started,311,201,182,458,71.8,69.1,7.08,1,38,1,0,1,1.0,153,1192,82.79,78.28,Good
STU4556,CSE-AIML,5,Male,Hostel,Morning,Visual,Good,Low,Good,Yes,No,Not Started,223,171,91,337,86.4,69.2,6.21,0,34,3,0,0,2.0,187,968,84.63,75.18,Good
STU4557,CSE-DS,1,Female,Hostel,Morning,Visual,Poor,High,Good,No,No,Not Started,161,325,87,279,63.3,56.2,5.73,1,24,0,0,0,0.0,0,1044,41.87,62.86,Average
STU4558,CSE-DS,1,Male,Day Scholar,Night,Kinesthetic,Average,Medium,Good,No,No,Not Started,131,310,308,137,92.4,69.9,7.23,0,35,0,0,0,0.0,45,1155,53.26,79.37,Good
STU4559,ECE,7,Male,Day Scholar,Afternoon,Auditory,Poor,Low,Good,No,No,In Progress,262,219,67,158,96.6,80.2,6.94,0,40,6,1,2,4.0,139,1153,69.38,82.63,Good
STU4560,ECE,1,Female,Hostel,Night,Visual,Poor,Low,Good,No,Yes,Not Started,101,263,289,358,88.2,64.2,5.41,0,28,1,0,0,0.0,111,907,65.86,69.3,Average
STU4561,CSE-DS,6,Female,Hostel,Afternoon,Visual,Average,Low,Good,Yes,No,In Progress,306,322,188,236,62.5,75.2,7.92,0,39,5,2,2,2.0,130,962,80.8,77.93,Good
STU4562,CSE,1,Female,Day Scholar,Afternoon,Kinesthetic,Good,Low,Average,Yes,No,Not Started,50,172,28,109,69.8,54.3,4.57,0,25,0,0,0,2.0,0,856,60.31,60.32,Average
STU4563,IT,2,Female,Day Scholar,Morning,Auditory,Poor,High,Good,No,No,Not Started,429,336,113,64,68.0,67.2,6.14,4,38,0,0,0,3.0,0,940,51.75,66.23,Average
STU4564,CSE,5,Female,Hostel,Night,Auditory,Average,High,Poor,Yes,Yes,Not Started,142,250,65,0,65.4,55.6,5.74,3,26,6,0,0,1.0,0,859,52.44,52.15,Average
STU4565,CSE,3,Female,Day Scholar,Night,Kinesthetic,Average,High,Good,Yes,Yes,Not Started,63,274,39,159,77.8,70.5,6.55,0,35,2,0,0,1.0,104,1257,56.27,75.57,Good
STU4566,IT,4,Male,Hostel,Morning,Visual,Average,Medium,Good,No,No,Not Started,119,171,112,297,99.1,71.9,7.17,1,33,5,2,0,2.0,92,1312,71.11,81.26,Good
STU4567,CSE,1,Male,Hostel,Night,Kinesthetic,Average,Medium,Good,No,Yes,Not Started,151,238,39,546,93.9,80.3,8.37,0,44,2,0,0,1.0,7,994,74.97,89.98,Excellent
STU4568,CSE,5,Female,Day Scholar,Night,Auditory,Poor,High,Good,No,No,Not Started,129,135,33,471,92.6,63.9,6.71,0,32,5,1,1,2.0,210,1134,64.03,77.16,Good
STU4569,CSE,7,Female,Day Scholar,Night,Visual,Average,High,Average,No,No,In Progress,212,175,123,225,53.3,75.1,7.91,0,37,8,2,0,,168,1016,74.74,75.63,Good
STU4570,IT,1,Male,Day Scholar,Morning,Visual,Poor,High,Good,No,Yes,Not Started,205,375,217,200,100.0,72.5,7.43,0,38,1,1,0,1.0,39,936,51.07,82.48,Good
STU4571,CSE-AIML,6,Male,Hostel,Afternoon,Auditory,Poor,High,Good,No,No,Not Started,465,112,79,175,100.0,84.3,8.98,0,40,5,4,2,2.0,120,941,69.68,87.97,Excellent
STU4572,CSE-DS,1,Male,Hostel,Night,Visual,Average,Medium,Average,No,No,Not Started,187,169,135,0,67.7,65.6,6.25,1,34,0,0,0,0.0,0,878,54.08,70.98,Good
STU4573,CSE,1,Male,Day Scholar,Morning,Kinesthetic,Good,Low,Good,No,Yes,Not Started,60,138,134,38,59.6,61.2,6.04,2,31,0,0,0,2.0,79,967,69.84,68.11,Average
STU4574,IT,8,Female,Hostel,Morning,Auditory,Good,Medium,Average,No,No,Placed,164,285,27,212,83.6,70.8,7.03,0,38,12,2,1,5.0,187,956,91.06,81.95,Good
STU4575,IT,8,Male,Hostel,Night,Auditory,Poor,Medium,Good,Yes,No,Placed,192,409,251,260,100.0,76.6,6.51,0,38,7,1,0,3.0,341,1400,65.17,79.93,Good
STU4576,CSE,1,Female,Hostel,Afternoon,Visual,Average,Medium,Poor,No,Yes,Not Started,134,211,78,219,87.2,76.2,7.62,0,34,1,0,0,0.0,0,927,50.28,78.92,Good
STU4577,CSE-AIML,7,Male,Hostel,Afternoon,Auditory,Poor,High,Good,Yes,No,In Progress,237,0,47,68,78.1,68.9,7.42,0,38,10,1,3,1.0,138,1084,63.76,76.24,Good
STU4578,CSE,8,Male,Hostel,Afternoon,Kinesthetic,Poor,High,Average,Yes,No,Placed,249,323,242,198,82.4,70.5,7.19,0,40,6,1,1,2.0,236,1244,58.85,81.45,Good
STU4579,ECE,1,Male,Day Scholar,Night,Auditory,Average,Medium,Good,No,Yes,Not Started,122,226,151,105,91.6,78.8,8.23,0,39,0,1,0,1.0,12,1082,63.32,83.07,Good
STU4580,CSE-DS,4,Female,Day Scholar,Afternoon,Visual,Good,Low,Good,No,Yes,Not Started,148,294,208,545,72.6,67.4,6.65,0,32,3,1,1,6.0,159,949,91.02,76.44,Good
STU4581,ECE,5,Female,Hostel,Night,Auditory,Average,Medium,Good,No,No,Not Started,8,322,21,451,88.3,63.8,6.82,0,32,4,3,0,1.0,290,1378,66.32,75.63,Good
STU4582,CSE,8,Female,Day Scholar,Night,Visual,Poor,Low,Good,No,Yes,Placed,101,167,307,262,98.8,76.5,7.29,0,40,7,6,1,2.0,161,980,78.29,85.69,Excellent
STU4583,IT,8,Male,Hostel,Night,Visual,Average,Medium,Average,No,Yes,Placed,156,104,0,532,69.1,65.0,6.62,0,37,9,1,4,3.0,452,1152,90.91,79.37,Good
STU4584,IT,6,Male,Day Scholar,Afternoon,Kinesthetic,Poor,Medium,Good,No,Yes,Not Started,192,98,199,379,86.7,81.6,9.28,0,42,5,0,1,2.0,202,919,66.59,89.59,Excellent
STU4585,CSE-DS,1,Male,Hostel,Morning,Auditory,Average,Low,Poor,No,No,Not Started,167,460,184,334,96.7,69.8,7.4,0,39,1,0,0,0.0,0,1155,55.58,81.3,Good
STU4586,ECE,1,Male,Day Scholar,Night,Kinesthetic,Good,Low,Good,Yes,No,Not Started,104,177,102,313,60.6,63.2,6.27,1,32,2,0,0,0.0,28,854,70.86,69.53,Average
STU4587,CSE,1,Female,Day Scholar,Afternoon,Kinesthetic,Average,Medium,Average,No,Yes,Not Started,279,185,204,0,79.5,68.0,6.15,1,27,1,0,0,0.0,0,949,71.8,68.78,Average
STU4588,CSE,1,Female,Hostel,Night,Auditory,Average,Medium,Good,No,Yes,Not Started,270,308,0,388,71.6,69.6,7.65,0,31,1,0,0,1.0,0,900,80.58,81.2,Good
STU4589,CSE-DS,8,Female,Hostel,Afternoon,Kinesthetic,Good,Low,Good,Yes,Yes,Placed,279,232,116,483,70.5,66.8,7.65,0,35,7,3,3,2.0,426,1018,100.0,79.12,Good
STU4590,CSE-DS,2,Male,Day Scholar,Night,Kinesthetic,Poor,High,Good,No,Yes,Not Started,319,0,203,411,100.0,80.7,9.06,0,44,2,3,0,0.0,114,1194,62.08,91.36,Excellent
STU4591,CSE-AIML,2,Male,Hostel,Afternoon,Visual,Average,Medium,Average,No,No,Not Started,91,111,226,318,93.3,69.1,7.16,0,32,5,0,0,0.0,0,1054,63.72,77.71,Good
STU4592,CSE,3,Male,Day Scholar,Night,Kinesthetic,Average,Low,Average,Yes,No,Not Started,218,263,203,373,96.9,72.2,5.79,0,33,1,2,1,1.0,130,816,75.02,77.52,Good
STU4593,CSE-AIML,1,Male,Day Scholar,Afternoon,Auditory,Average,Medium,Good,Yes,Yes,Not Started,262,125,0,412,94.3,71.9,6.91,0,32,0,0,0,0.0,70,885,76.3,75.26,Good
STU4594,CSE,3,Female,Hostel,Morning,Visual,Poor,High,Good,No,Yes,Not Started,384,428,199,471,85.3,78.5,8.61,0,44,5,0,0,1.0,131,1012,77.96,87.62,Excellent
STU4595,CSE-AIML,4,Female,Day Scholar,Night,Kinesthetic,Good,Medium,Average,No,No,Not Started,314,87,143,398,88.9,75.3,7.55,0,42,2,2,0,4.0,121,904,79.88,85.27,Excellent
STU4596,CSE-DS,3,Male,Day Scholar,Night,Kinesthetic,Good,Medium,Good,No,No,Not Started,156,105,254,576,96.7,77.4,7.88,1,36,4,0,0,1.0,102,864,80.12,83.67,Good
STU4597,CSE-DS,5,Male,Day Scholar,Night,Auditory,Average,High,Good,Yes,Yes,Not Started,36,114,113,200,80.7,60.0,5.95,1,26,5,1,1,0.0,106,822,61.14,65.81,Average
STU4598,CSE,2,Female,Hostel,Night,Kinesthetic,Average,Medium,Good,Yes,No,Not Started,71,300,0,249,91.2,71.0,7.16,0,36,0,0,0,1.0,62,875,58.04,75.35,Good
STU4599,CSE-AIML,2,Female,Hostel,Night,Auditory,Good,Low,Good,No,No,Not Started,240,93,116,460,100.0,79.4,7.44,1,38,2,0,0,1.0,7,880,76.62,80.99,Good
STU4600,CSE,1,Female,Hostel,Afternoon,Kinesthetic,Average,Medium,Good,No,No,Not Started,185,426,0,407,92.2,82.2,7.51,0,43,1,0,0,0.0,127,1203,65.8,87.17,Excellent
STU4601,CSE,8,Male,Day Scholar,Morning,Kinesthetic,Poor,High,Good,No,Yes,Placed,117,391,138,379,78.6,68.4,5.86,2,35,7,1,2,6.0,414,1112,64.26,68.55,Average
STU4602,IT,1,Male,Day Scholar,Night,Auditory,Average,Medium,Average,No,Yes,Not Started,1,348,15,532,78.9,65.9,6.43,2,33,0,0,0,1.0,35,757,71.28,73.38,Good
STU4603,ECE,4,Female,Day Scholar,Morning,Visual,Good,High,Average,No,Yes,Not Started,259,40,253,27,74.1,63.2,5.5,5,30,4,0,1,0.0,51,1075,74.48,60.11,Average
STU4604,CSE,6,Female,Hostel,Night,Auditory,Poor,Medium,Good,No,No,Not Started,76,271,129,385,65.0,62.9,7.09,0,22,4,1,1,6.0,199,859,55.1,68.71,Average
STU4605,IT,4,Male,Hostel,Morning,Visual,Average,Medium,Average,No,Yes,Not Started,307,0,0,193,45.5,58.0,5.78,2,25,3,1,0,2.0,118,972,76.21,62.1,Average
STU4606,IT,5,Female,Day Scholar,Afternoon,Visual,Good,Medium,Good,No,Yes,Not Started,90,410,255,440,69.4,56.3,5.32,1,31,7,1,1,2.0,268,1196,89.54,68.22,Average
STU4607,IT,1,Female,Day Scholar,Morning,Auditory,Average,Medium,Average,No,Yes,Not Started,139,277,354,193,77.2,66.7,6.94,0,36,2,0,0,0.0,0,911,73.19,75.63,Good
STU4608,CSE,1,Male,Day Scholar,Night,Auditory,Average,High,Good,No,Yes,Not Started,119,300,44,485,85.8,71.5,6.84,1,30,3,1,0,0.0,0,1031,72.85,73.77,Good
STU4609,ECE,4,Male,Day Scholar,Night,Kinesthetic,Average,High,Average,No,No,Not Started,237,187,0,538,88.2,77.5,8.65,0,35,4,1,1,3.0,271,1123,77.24,87.16,Excellent
STU4610,CSE,4,Male,Day Scholar,Morning,Kinesthetic,Poor,High,Average,No,Yes,Not Started,119,253,0,163,80.2,76.0,7.68,0,34,3,0,1,3.0,6,1080,48.26,78.54,Good
STU4611,CSE,4,Male,Day Scholar,Afternoon,Visual,Average,High,Good,No,No,Not Started,160,243,0,61,77.3,65.8,6.84,0,29,4,0,0,4.0,2,561,57.28,75.93,Good
STU4612,CSE,2,Female,Day Scholar,Night,Kinesthetic,Average,Medium,Average,No,No,Not Started,148,264,166,374,99.6,71.0,7.44,0,38,0,0,0,2.0,145,1042,62.29,80.04,Good
STU4613,CSE-AIML,3,Male,Hostel,Afternoon,Auditory,Average,High,Good,No,Yes,Not Started,100,309,49,550,71.1,60.5,5.49,1,25,2,1,0,3.0,185,992,67.82,61.83,Average
STU4614,CSE,3,Female,Day Scholar,Night,Visual,Poor,Medium,Average,No,No,Not Started,181,57,42,600,100.0,73.2,6.19,5,39,0,1,0,3.0,141,861,60.07,72.44,Good
STU4615,CSE,1,Other,Day Scholar,Night,Kinesthetic,Average,Low,Good,No,Yes,Not Started,203,259,85,643,70.3,64.5,7.07,0,38,0,0,0,0.0,38,1395,84.47,79.81,Good
STU4616,CSE,2,Male,Hostel,Night,Kinesthetic,Average,Medium,Good,No,Yes,Not Started,243,399,251,109,78.3,76.8,8.07,0,40,5,1,0,0.0,6,808,72.67,85.03,Excellent
STU4617,IT,4,Male,Hostel,Night,Auditory,Average,Medium,Good,No,Yes,Not Started,234,186,84,233,75.7,79.0,8.54,0,40,2,1,1,1.0,34,921,69.0,86.59,Excellent
STU4618,IT,1,Female,Hostel,Afternoon,Auditory,Average,High,Good,No,Yes,Not Started,244,408,67,155,72.1,71.0,6.81,0,32,2,1,0,0.0,0,1078,65.97,75.04,Good
STU4619,CSE,2,Female,Hostel,Night,Kinesthetic,Average,Medium,Poor,No,No,Not Started,20,51,15,269,66.1,61.8,6.86,0,29,2,0,0,1.0,0,1102,48.98,75.79,Good
STU4620,IT,5,Female,Hostel,Night,Visual,Average,High,Good,No,No,Not Started,177,457,164,340,73.4,67.0,7.7,1,34,5,0,2,2.0,144,1027,73.68,77.76,Good
STU4621,IT,6,Male,Hostel,Night,Visual,Average,Low,Good,No,No,Not Started,99,87,18,478,100.0,73.8,7.11,0,39,1,3,0,2.0,217,1035,74.05,86.9,Excellent
STU4622,IT,2,Male,Hostel,,Auditory,Good,High,Good,Yes,Yes,Not Started,180,252,68,418,99.5,80.9,8.13,0,38,1,1,0,0.0,67,1123,73.71,83.78,Good
STU4623,CSE,7,Female,Hostel,Night,Auditory,Average,Medium,Average,No,No,Placed,192,275,226,547,83.6,66.7,7.17,1,30,2,5,0,4.0,382,1180,75.46,74.91,Good
STU4624,CSE-DS,1,Female,Day Scholar,,Auditory,Average,Medium,Good,No,Yes,Not Started,198,247,0,227,77.2,66.9,7.22,0,34,2,0,0,0.0,0,1114,70.29,80.11,Good
STU4625,ECE,8,Male,Hostel,Night,Kinesthetic,Average,Medium,Good,No,No,Placed,35,149,0,588,100.0,71.7,8.26,0,37,3,2,3,5.0,464,1469,70.39,87.92,Excellent
STU4626,CSE-DS,3,Female,Hostel,Morning,Kinesthetic,Good,Medium,Good,No,No,Not Started,395,372,58,292,61.9,65.3,6.92,0,31,3,1,0,1.0,80,1128,81.3,75.64,Good
STU4627,CSE,7,Male,Hostel,Morning,Auditory,Good,Medium,Good,No,Yes,In Progress,387,136,105,374,77.3,76.5,7.55,0,35,6,1,1,6.0,269,1175,98.13,80.77,Good
STU4628,CSE-AIML,4,Other,Hostel,Night,Visual,Average,Medium,Good,No,No,Not Started,123,552,157,610,51.6,53.0,5.62,3,25,1,0,1,0.0,230,1201,70.19,56.31,Average
STU4629,CSE-DS,6,Female,Hostel,Night,Auditory,Average,Medium,Average,No,No,Not Started,79,120,106,0,100.0,73.7,6.54,0,33,4,1,0,2.0,0,1246,56.59,79.55,Good
STU4630,CSE-AIML,8,Male,Day Scholar,Afternoon,Auditory,Good,Low,Poor,No,Yes,Placed,435,364,122,313,92.5,82.0,8.94,0,46,9,4,4,8.0,285,1230,100.0,94.9,Excellent
STU4631,CSE,5,Female,Day Scholar,Night,Visual,Good,Low,Good,No,Yes,Not Started,279,69,279,0,86.5,75.4,7.46,0,36,3,0,0,1.0,0,1053,82.02,82.34,Good
STU4632,CSE,8,Male,Hostel,Morning,Visual,Average,Medium,Good,Yes,Yes,In Progress,247,153,165,14,75.3,71.6,6.84,0,36,8,1,1,7.0,0,1047,74.57,77.49,Good
STU4633,IT,6,Male,Day Scholar,,Visual,Poor,High,Average,Yes,Yes,Not Started,69,0,80,311,100.0,76.3,7.2,0,35,3,1,2,3.0,200,1354,53.07,77.84,Good
STU4634,IT,8,Male,Hostel,Afternoon,Visual,Good,Medium,Poor,No,No,Placed,325,390,111,108,88.2,75.0,7.33,1,32,3,3,0,9.0,43,873,65.48,78.86,Good
STU4635,CSE,6,Male,Day Scholar,Afternoon,Kinesthetic,Average,High,Good,No,No,In Progress,101,310,93,387,81.5,67.4,6.02,1,29,9,2,1,4.0,261,961,73.27,75.52,Good
STU4636,ECE,2,Male,Day Scholar,Afternoon,Kinesthetic,Average,Medium,Average,No,No,Not Started,163,0,197,315,100.0,72.2,7.09,0,37,1,1,0,0.0,24,846,61.46,81.82,Good
STU4637,CSE,1,Female,Hostel,Morning,Auditory,Average,High,Good,No,Yes,Not Started,303,91,255,155,95.6,79.1,7.76,0,42,0,0,0,2.0,0,844,59.07,84.83,Good
STU4638,CSE-DS,8,Female,Day Scholar,Morning,Kinesthetic,Average,Medium,Poor,No,Yes,Placed,142,1,105,0,68.6,65.4,6.2,1,30,3,6,1,2.0,0,1028,54.86,67.34,Average
STU4639,IT,8,Male,Day Scholar,Night,Auditory,Poor,Low,Average,Yes,No,Placed,200,200,0,529,91.0,68.8,6.78,1,33,8,4,5,5.0,444,1304,81.04,74.19,Good
STU4640,IT,1,Female,Day Scholar,Night,Auditory,Average,Medium,Good,No,No,Not Started,285,196,236,333,66.6,73.2,7.36,0,33,0,0,0,2.0,0,981,69.54,76.54,Good
STU4641,ECE,6,Female,Day Scholar,Night,Visual,Average,Medium,Good,No,No,Not Started,71,365,30,130,98.9,74.1,7.0,0,33,5,1,2,3.0,0,854,64.45,79.51,Good
STU4642,CSE,4,Female,Day Scholar,Morning,Visual,Average,Medium,Good,Yes,No,Not Started,284,223,128,145,100.0,84.1,8.62,0,40,2,1,0,3.0,0,1090,67.19,83.71,Good
STU4643,IT,1,Female,Hostel,Morning,Kinesthetic,Good,Medium,Average,Yes,No,Not Started,324,447,0,84,61.1,71.2,6.83,1,35,1,0,0,0.0,0,809,70.76,68.47,Average
STU4644,CSE,6,Male,Day Scholar,Night,Kinesthetic,Good,Low,Good,No,Yes,Not Started,173,86,49,318,85.0,75.1,7.18,0,40,2,1,1,2.0,260,1025,85.42,87.83,Excellent
STU4645,CSE-DS,1,Male,Day Scholar,Night,Kinesthetic,Good,Medium,Good,No,Yes,Not Started,290,199,192,456,76.2,68.5,7.38,0,38,0,0,0,0.0,0,772,84.72,77.31,Good
STU4646,CSE-DS,4,Female,Day Scholar,Afternoon,Kinesthetic,Average,Medium,Average,No,Yes,Not Started,110,167,182,385,67.1,62.2,6.5,2,29,2,1,0,1.0,51,944,68.25,68.72,Average
STU4647,CSE-DS,5,Male,Day Scholar,Morning,Visual,Average,Medium,Average,No,No,Not Started,41,170,17,544,100.0,66.4,7.48,0,32,5,2,1,0.0,279,1123,70.34,81.3,Good
STU4648,CSE,7,Male,Hostel,Night,Visual,Good,Medium,Good,No,No,In Progress,1,333,155,358,70.3,64.3,6.53,0,34,9,4,2,1.0,254,1227,77.85,76.0,Good
STU4649,IT,6,Male,Hostel,,Kinesthetic,Average,Medium,Good,No,No,Not Started,226,315,0,600,71.1,68.0,6.93,0,34,7,1,1,4.0,335,1223,82.45,74.34,Good
STU4650,CSE,3,Male,Hostel,Afternoon,Auditory,Good,Low,Good,No,No,Not Started,220,62,5,289,73.6,67.7,7.22,2,31,5,1,0,0.0,151,1143,84.42,72.24,Good
STU4651,CSE,3,Male,Hostel,,Visual,Good,Medium,Good,No,No,Not Started,127,225,29,0,63.5,64.4,6.01,3,37,1,2,0,2.0,0,806,60.72,66.57,Average
STU4652,CSE-DS,6,Male,Hostel,Night,Visual,Average,Medium,Good,Yes,Yes,Not Started,285,260,214,40,88.3,76.1,7.38,0,40,4,1,2,0.0,18,918,74.42,79.93,Good
STU4653,CSE-AIML,2,Male,Day Scholar,Night,Visual,Good,Low,Good,No,No,Not Started,121,404,87,229,72.2,65.5,7.13,1,35,1,1,0,2.0,2,843,71.25,77.64,Good
STU4654,IT,5,Female,Day Scholar,Morning,Visual,Good,Low,Good,No,No,Not Started,68,438,163,235,83.1,75.0,7.65,0,36,5,0,0,0.0,166,1044,74.95,81.65,Good
STU4655,CSE,2,Female,Day Scholar,Night,Kinesthetic,Average,Low,Average,No,Yes,Not Started,94,291,188,158,77.3,61.6,5.64,1,35,0,1,0,1.0,0,865,67.35,70.07,Good
STU4656,CSE,7,Male,Hostel,Afternoon,Kinesthetic,Poor,High,Average,No,No,In Progress,307,258,117,405,95.2,75.1,8.22,0,38,4,3,0,6.0,202,982,70.59,86.56,Excellent
STU4657,IT,3,Male,Day Scholar,Night,Auditory,Average,Medium,Good,No,No,Not Started,255,295,247,520,92.1,78.8,7.38,0,36,2,1,1,3.0,202,1127,74.99,86.49,Excellent
STU4658,CSE-AIML,4,Male,Day Scholar,Night,Visual,Poor,Medium,Poor,No,No,Not Started,164,119,32,0,83.1,68.4,7.11,0,33,4,0,1,3.0,78,1133,46.53,73.71,Good
STU4659,CSE,6,Male,Day Scholar,Afternoon,Kinesthetic,Average,Medium,Good,No,Yes,Not Started,155,172,138,447,74.9,62.5,6.26,4,31,1,4,0,2.0,283,1047,70.16,64.54,Average
STU4660,CSE-DS,7,Male,Hostel,Night,Kinesthetic,Poor,High,Good,No,Yes,In Progress,128,125,0,195,70.9,54.6,4.78,5,30,7,6,0,8.0,150,1494,62.88,60.96,Average
STU4661,CSE-AIML,8,Male,Hostel,Afternoon,Visual,Good,Medium,Average,Yes,No,Placed,0,374,183,0,67.4,57.4,5.66,3,30,10,1,3,5.0,11,970,68.5,59.76,Average
STU4662,CSE-DS,8,Female,Day Scholar,Morning,Kinesthetic,Average,Low,Average,No,Yes,Placed,36,195,175,35,76.4,64.9,6.76,0,33,7,2,5,3.0,0,1183,73.19,71.71,Good
STU4663,CSE-AIML,1,Male,Hostel,Afternoon,Kinesthetic,Average,Medium,Good,No,Yes,Not Started,167,210,76,195,60.9,62.1,6.28,4,28,0,0,0,0.0,0,1045,66.01,61.12,Average
STU4664,IT,3,Male,Day Scholar,Night,Kinesthetic,Average,Medium,Good,No,Yes,Not Started,233,261,58,179,77.6,71.0,6.97,0,32,1,1,0,0.0,110,1042,72.35,72.99,Good
STU4665,IT,5,Male,Day Scholar,Morning,Auditory,Good,Medium,Good,Yes,Yes,Not Started,150,296,226,109,89.6,67.2,6.61,0,33,2,4,2,5.0,114,1081,71.13,73.68,Good
STU4666,CSE-DS,3,Female,Day Scholar,Night,Kinesthetic,Average,Medium,Good,Yes,No,Not Started,40,461,62,35,76.8,67.6,7.09,0,31,1,1,0,2.0,0,798,55.96,71.94,Good
STU4667,CSE,5,Female,Day Scholar,Morning,Visual,Good,High,Average,No,No,Not Started,326,252,215,677,62.3,66.7,6.98,0,31,3,0,0,5.0,315,1032,89.11,71.78,Good
STU4668,IT,5,Female,Day Scholar,Afternoon,Visual,Poor,High,Good,No,Yes,Not Started,56,225,67,312,78.8,70.4,7.01,2,37,1,1,1,3.0,178,1174,43.85,71.45,Good
STU4669,CSE-DS,6,Female,Day Scholar,Morning,Visual,Poor,High,Good,No,Yes,Not Started,181,385,164,416,88.6,73.9,7.79,0,33,1,2,0,4.0,284,1202,61.63,78.42,Good
STU4670,CSE-DS,5,Male,Hostel,Night,Kinesthetic,Good,Low,Poor,No,Yes,Not Started,194,232,0,495,90.3,75.7,8.16,0,42,4,3,2,4.0,252,1276,81.64,90.8,Excellent
STU4671,CSE,2,Male,Hostel,Afternoon,Auditory,Good,Low,Average,Yes,No,Not Started,391,124,61,191,64.2,73.8,7.49,0,36,4,1,0,1.0,71,1236,89.24,76.16,Good
STU4672,IT,8,Female,Hostel,Afternoon,Kinesthetic,Average,Medium,Average,No,No,Placed,95,0,130,251,91.8,69.5,6.44,4,33,9,1,1,5.0,217,1233,72.27,70.73,Good
STU4673,CSE-DS,7,Male,Hostel,Morning,Visual,Average,High,Average,No,Yes,In Progress,184,284,314,331,90.4,73.5,7.56,0,41,3,2,2,6.0,231,1060,68.63,86.49,Excellent
STU4674,CSE,4,Other,Hostel,,Auditory,Average,Medium,Good,Yes,No,Not Started,196,223,240,79,76.9,68.6,7.2,0,35,2,1,0,1.0,23,1053,61.52,75.03,Good
STU4675,CSE-AIML,3,Female,Hostel,Night,Auditory,Poor,High,Good,No,Yes,Not Started,77,433,84,85,89.6,74.5,7.62,0,34,1,0,0,1.0,0,1141,43.51,77.72,Good
STU4676,IT,4,Female,Day Scholar,Night,Kinesthetic,Poor,High,Average,No,Yes,Not Started,207,213,249,720,66.4,60.6,5.68,0,26,3,0,0,0.0,323,1189,71.27,66.57,Average
STU4677,CSE,7,Male,Hostel,Afternoon,Visual,Good,Medium,Good,No,Yes,Placed,140,115,97,808,50.2,66.9,6.45,1,30,7,3,1,5.0,511,1227,100.0,70.83,Good
STU4678,ECE,1,Female,Hostel,Morning,Kinesthetic,Good,Low,Average,No,No,Not Started,152,332,190,0,72.7,63.0,6.91,0,35,0,0,0,1.0,28,1156,62.93,75.48,Good
STU4679,CSE-DS,7,Male,Day Scholar,,Visual,Average,Low,Good,No,Yes,In Progress,114,251,98,408,80.6,68.7,7.28,0,30,4,1,1,3.0,326,1417,83.16,76.89,Good
STU4680,CSE-DS,3,Male,Day Scholar,Morning,Auditory,Poor,Medium,Good,No,Yes,Not Started,285,342,41,404,82.6,73.1,7.8,0,39,2,0,1,2.0,70,975,69.0,82.68,Good
STU4681,CSE,8,Male,Day Scholar,Night,Kinesthetic,Average,Medium,Good,No,No,Placed,168,266,69,350,47.1,60.9,6.69,0,31,7,1,0,3.0,279,1036,73.52,70.08,Good
STU4682,CSE,4,Female,Day Scholar,,Auditory,Good,Low,Average,No,No,Not Started,107,268,0,123,80.8,69.3,6.52,0,34,5,1,1,3.0,4,923,78.84,79.17,Good
STU4683,ECE,4,Male,Hostel,Afternoon,Visual,Poor,Medium,Average,No,Yes,Not Started,0,258,68,99,76.6,66.1,5.91,2,36,3,2,0,4.0,0,1147,48.19,66.81,Average
STU4684,CSE,6,Male,Hostel,Night,Auditory,Good,Low,Average,No,Yes,In Progress,349,170,0,555,100.0,79.2,8.44,0,40,7,2,1,2.0,343,1267,100.0,93.32,Excellent
STU4685,IT,6,Male,Hostel,Night,Auditory,Average,Medium,Average,No,No,In Progress,186,249,151,657,85.1,77.2,6.59,2,40,3,3,2,2.0,375,1155,76.18,76.27,Good
STU4686,CSE,7,Female,Hostel,Afternoon,Auditory,Average,High,Good,Yes,Yes,Placed,295,246,200,289,86.0,79.8,8.93,0,41,8,2,4,4.0,260,1076,83.56,90.14,Excellent
STU4687,CSE,7,Female,Hostel,Afternoon,Kinesthetic,Poor,Low,Average,No,No,In Progress,291,439,76,21,87.8,74.4,7.51,1,38,7,3,1,5.0,44,780,69.29,85.96,Excellent
STU4688,CSE,1,Female,Day Scholar,Afternoon,Visual,Average,Low,Good,No,Yes,Not Started,213,245,0,256,100.0,85.2,8.36,0,46,1,0,0,0.0,26,1108,78.23,87.57,Excellent
STU4689,CSE-AIML,5,Male,Hostel,Night,Auditory,Good,Low,Good,No,Yes,Not Started,262,206,221,200,87.7,71.7,6.97,0,28,7,2,2,3.0,0,992,91.63,79.22,Good
STU4690,ECE,3,Male,Hostel,,Auditory,Good,Low,,No,Yes,Not Started,293,369,81,139,97.9,82.0,7.92,0,44,3,0,0,2.0,18,1119,84.03,88.92,Excellent
STU4691,CSE,6,Female,Hostel,Morning,Auditory,Average,Medium,Average,No,No,Not Started,86,133,234,248,61.1,61.2,6.35,2,31,4,3,1,4.0,146,1031,62.1,69.34,Average
STU4692,CSE,3,Male,Day Scholar,Morning,Auditory,Poor,Medium,,No,No,Not Started,260,303,148,464,100.0,74.9,7.44,0,34,4,0,1,3.0,107,1324,68.55,81.15,Good
STU4693,CSE,1,Female,Hostel,Morning,Visual,Average,Medium,Average,No,No,Not Started,205,101,306,470,74.5,79.6,8.37,0,36,1,0,0,0.0,0,879,69.35,80.38,Good
STU4694,CSE-AIML,6,Female,Hostel,Morning,Visual,Poor,Medium,Average,No,Yes,Not Started,99,24,99,345,73.1,66.1,7.17,0,31,4,3,1,3.0,141,898,63.52,75.29,Good
STU4695,CSE-AIML,6,Male,Hostel,Morning,Kinesthetic,Average,Medium,Good,No,No,In Progress,257,376,0,374,85.7,72.2,7.06,0,34,5,1,0,2.0,308,889,82.32,82.27,Good
STU4696,IT,5,Male,Hostel,Night,Visual,Poor,Medium,Good,No,No,Not Started,93,197,133,346,79.3,67.3,6.97,2,29,3,1,1,3.0,184,1197,54.06,69.61,Average
STU4697,CSE-AIML,3,Female,Hostel,Morning,Visual,Average,Low,Good,No,No,Not Started,229,0,23,170,79.0,74.6,7.61,0,33,2,1,1,0.0,54,1060,72.43,77.9,Good
STU4698,CSE-AIML,8,Male,Hostel,Afternoon,Auditory,Average,Low,Good,No,Yes,Placed,205,143,21,556,88.8,69.0,6.75,1,36,4,2,1,1.0,486,1120,90.15,77.53,Good
STU4699,CSE,3,Male,Hostel,Night,Kinesthetic,Poor,High,Good,Yes,No,Not Started,121,217,249,28,73.6,65.5,6.08,4,31,4,2,0,3.0,0,863,44.41,59.96,Average
STU4700,ECE,3,Female,Day Scholar,Morning,Kinesthetic,Average,Medium,Average,No,Yes,Not Started,349,523,147,380,86.5,79.7,7.57,2,38,0,0,0,0.0,100,1218,76.96,84.72,Good
STU4701,CSE,5,Male,Hostel,Morning,Auditory,Poor,High,Good,No,No,Not Started,258,0,48,369,60.6,68.8,7.45,0,31,1,1,0,2.0,225,1056,55.43,70.82,Good
STU4702,CSE,6,Female,Day Scholar,Morning,Kinesthetic,Good,Low,Good,No,Yes,Not Started,107,343,123,693,88.5,70.4,6.91,0,37,7,0,0,0.0,428,1132,100.0,88.52,Excellent
STU4703,CSE-DS,1,Male,Hostel,Morning,Visual,Poor,Low,Good,No,No,Not Started,292,176,122,57,86.4,66.3,6.77,0,26,1,2,0,0.0,55,1123,54.53,73.43,Good
STU4704,CSE-AIML,3,Female,Hostel,Night,Kinesthetic,Average,Medium,Good,No,Yes,Not Started,148,234,0,255,76.1,65.1,7.22,0,32,1,1,1,1.0,68,1368,69.55,75.66,Good
STU4705,CSE-AIML,4,Male,Hostel,Night,Auditory,Poor,High,Good,Yes,No,Not Started,143,151,205,117,68.8,68.8,6.58,1,34,5,2,1,2.0,97,863,48.89,66.65,Average
STU4706,CSE-AIML,8,Male,Hostel,Morning,Kinesthetic,Poor,High,Good,No,No,Placed,266,360,193,563,71.8,75.2,7.73,0,38,6,1,2,3.0,577,1121,78.59,83.75,Good
STU4707,IT,8,Female,Hostel,Afternoon,Kinesthetic,Poor,Low,Average,Yes,Yes,Placed,239,270,83,141,73.9,70.1,7.22,0,35,7,3,2,5.0,59,1037,76.04,73.84,Good
STU4708,CSE,5,Female,Hostel,Morning,Kinesthetic,Poor,High,Good,No,No,Not Started,157,132,142,207,72.5,64.9,6.3,2,32,3,2,2,4.0,47,1290,49.09,73.64,Good
STU4709,IT,2,Male,Day Scholar,Night,Auditory,Good,Medium,Average,No,No,Not Started,321,348,0,595,81.7,75.7,7.6,1,36,2,0,0,1.0,72,1056,90.82,79.38,Good
STU4710,CSE-DS,1,Male,Day Scholar,Night,Visual,Good,Low,,No,Yes,Not Started,109,411,310,93,85.2,73.2,8.48,0,34,1,0,0,1.0,0,626,70.55,86.1,Excellent
STU4711,CSE-AIML,4,Female,Day Scholar,Afternoon,Kinesthetic,Good,Low,Good,No,No,Not Started,308,377,212,215,86.1,74.8,7.31,0,34,4,0,3,3.0,102,799,86.7,86.38,Excellent
STU4712,CSE-AIML,3,Male,Hostel,Afternoon,Visual,Average,Medium,Good,No,No,Not Started,112,529,67,504,72.1,77.4,7.55,1,32,6,0,0,0.0,150,1126,69.56,74.27,Good
STU4713,CSE,2,Other,Day Scholar,Morning,Visual,Good,Medium,Good,Yes,Yes,Not Started,213,372,9,611,86.6,64.8,6.11,3,32,6,0,0,1.0,163,885,98.28,67.33,Average
STU4714,IT,1,Other,Hostel,Night,Visual,Good,Low,Average,No,No,Not Started,147,254,70,172,62.3,67.1,6.67,0,34,1,0,0,0.0,137,997,70.85,71.04,Good
STU4715,CSE-AIML,5,Female,Day Scholar,Night,Kinesthetic,Poor,High,Good,No,Yes,Not Started,251,169,43,530,57.2,63.2,6.47,2,28,2,4,0,0.0,325,1034,71.9,69.15,Average
STU4716,CSE,2,Male,Hostel,Night,Visual,Good,Medium,Poor,No,No,Not Started,0,351,161,326,91.5,61.1,6.83,0,27,0,0,0,1.0,6,1075,46.58,72.46,Good
STU4717,CSE-AIML,6,Male,Hostel,Morning,Kinesthetic,Average,High,Average,Yes,No,Not Started,86,160,71,237,63.4,63.1,6.41,2,29,3,1,0,3.0,62,1146,54.86,65.24,Average
STU4718,ECE,7,Female,Day Scholar,Night,Kinesthetic,Average,Medium,Average,No,No,In Progress,231,386,0,489,58.6,64.5,6.78,1,30,6,1,0,1.0,326,1522,85.32,72.19,Good
STU4719,CSE-AIML,2,Male,Day Scholar,Night,Kinesthetic,Average,Medium,Average,No,Yes,Not Started,259,216,76,203,59.8,64.4,5.97,0,29,3,0,0,0.0,23,995,78.37,74.46,Good
STU4720,ECE,7,Male,Hostel,Night,Visual,Average,Medium,Average,No,No,Placed,122,284,46,20,85.7,66.8,5.75,0,32,9,2,0,5.0,102,1117,71.58,77.64,Good
STU4721,CSE,8,Male,Hostel,Morning,Kinesthetic,Average,Medium,Average,No,No,In Progress,276,99,201,0,84.2,73.4,7.81,0,38,7,2,1,0.0,0,1115,74.58,81.25,Good
STU4722,CSE,4,Male,Hostel,Night,Auditory,Average,High,Good,No,Yes,Not Started,117,209,321,358,86.5,70.6,6.73,0,35,3,0,0,,141,994,67.45,76.66,Good
STU4723,CSE,1,Male,Day Scholar,Morning,Auditory,Average,Medium,Good,No,No,Not Started,226,122,109,359,85.0,74.8,6.29,4,28,1,0,0,0.0,50,1408,66.1,65.16,Average
STU4724,CSE-AIML,4,Male,Hostel,Night,Auditory,Average,Medium,Good,Yes,No,Not Started,167,442,129,339,74.0,74.5,8.34,0,36,1,1,1,2.0,167,1122,65.59,80.05,Good
STU4725,CSE,4,Female,Day Scholar,Afternoon,Kinesthetic,Good,Low,Average,No,No,Not Started,44,205,39,119,74.7,69.3,7.6,0,32,4,1,1,2.0,0,1165,64.19,80.84,Good
STU4726,CSE,3,Male,Hostel,Night,Auditory,Poor,High,Average,No,Yes,Not Started,338,231,186,462,60.0,68.7,6.78,1,32,2,1,0,2.0,168,1312,67.37,70.37,Good
STU4727,ECE,5,Male,Hostel,Night,Kinesthetic,Average,Low,Average,Yes,No,Not Started,129,111,97,443,90.5,63.8,5.99,1,29,2,1,3,4.0,201,1235,70.02,67.59,Average
STU4728,IT,2,Male,Day Scholar,Afternoon,Kinesthetic,Average,High,Good,No,No,Not Started,113,56,123,518,85.0,65.8,6.02,1,33,2,0,0,0.0,47,1011,61.17,75.52,Good
STU4729,CSE-DS,1,Female,Hostel,Night,Kinesthetic,Poor,Medium,Good,No,No,Not Started,145,135,203,269,69.7,76.9,7.61,0,39,2,0,0,2.0,0,1440,55.49,78.16,Good
STU4730,CSE,8,Male,Hostel,Morning,Visual,Good,Medium,Good,No,Yes,In Progress,141,136,181,370,100.0,83.0,8.64,0,37,4,4,2,1.0,213,1094,77.7,89.89,Excellent
STU4731,CSE,6,Female,Hostel,Afternoon,Auditory,Average,Medium,Average,Yes,No,In Progress,198,134,91,296,63.2,67.0,6.7,0,35,1,2,3,3.0,188,1165,66.62,66.58,Average
STU4732,CSE,5,Female,Day Scholar,Afternoon,Kinesthetic,Poor,Low,Average,No,No,Not Started,137,131,198,59,85.4,68.3,6.86,0,31,9,1,1,2.0,139,1422,69.66,75.15,Good
STU4733,CSE-DS,5,Male,Day Scholar,Morning,Auditory,Average,Medium,Average,No,No,Not Started,132,329,289,358,55.7,56.5,6.57,0,26,1,0,1,3.0,227,1127,65.71,68.37,Average
STU4734,ECE,1,Male,Day Scholar,Night,Auditory,Good,Low,Good,No,No,Not Started,223,184,150,246,67.7,66.2,5.86,5,31,1,0,0,0.0,77,1280,77.69,62.72,Average
STU4735,CSE-AIML,5,Male,Day Scholar,Morning,Visual,Average,Medium,Average,No,No,Not Started,180,309,172,157,59.7,64.6,6.7,1,30,4,1,1,2.0,109,1279,65.76,66.69,Average
STU4736,CSE,3,Female,Day Scholar,Night,Auditory,Poor,Low,Good,No,No,Not Started,221,182,179,654,91.4,70.3,7.41,0,37,1,0,1,2.0,314,1422,71.58,82.41,Good
STU4737,CSE-AIML,5,Female,Hostel,Night,Kinesthetic,Good,Low,Good,No,No,Not Started,154,269,15,0,100.0,67.7,6.69,0,30,3,1,0,4.0,0,1032,73.03,81.98,Good
STU4738,CSE,8,Female,Hostel,Night,Kinesthetic,Average,High,Good,No,No,Placed,207,320,168,291,68.4,62.3,6.94,0,26,8,1,0,2.0,178,1248,78.97,76.49,Good
STU4739,CSE,8,Male,Day Scholar,Night,Auditory,Average,Medium,Good,No,No,In Progress,43,153,106,280,72.1,70.3,7.54,0,35,10,3,3,0.0,283,1056,79.76,81.06,Good
STU4740,CSE-DS,3,Other,Day Scholar,Morning,Auditory,Good,Low,Poor,No,Yes,Not Started,278,387,245,358,100.0,78.3,8.07,0,36,2,1,1,1.0,88,1065,75.67,91.96,Excellent
STU4741,CSE-DS,2,Male,Hostel,Night,Visual,Average,Medium,Poor,No,No,Not Started,143,247,134,182,72.6,67.7,6.53,0,33,3,0,0,2.0,112,1102,54.94,75.08,Good
STU4742,CSE,2,Male,Hostel,Morning,Kinesthetic,Poor,Medium,Average,No,Yes,Not Started,160,97,69,0,100.0,76.7,7.16,0,44,1,0,0,1.0,0,1187,45.41,84.76,Good
STU4743,CSE,4,Female,Hostel,Night,Auditory,Average,Medium,Average,No,Yes,Not Started,229,162,88,176,91.2,76.1,6.8,0,39,2,0,0,3.0,49,1229,66.57,80.34,Good
STU4744,ECE,8,Female,Hostel,Night,Auditory,Poor,High,Average,No,No,Placed,202,196,292,183,90.5,67.8,7.48,0,34,4,0,3,3.0,170,1108,53.24,82.2,Good
STU4745,CSE,3,Male,Hostel,Night,Kinesthetic,Good,Medium,Good,No,No,Not Started,237,184,420,574,100.0,85.5,9.63,0,44,1,0,0,2.0,175,1177,83.31,94.01,Excellent
STU4746,CSE,6,Male,Day Scholar,Morning,Auditory,Good,Low,Poor,No,Yes,Not Started,303,0,160,400,90.1,78.3,8.15,0,38,4,2,2,2.0,187,1164,80.1,81.27,Good
STU4747,CSE,2,Male,Hostel,Night,Visual,Average,Medium,Good,No,Yes,Not Started,158,102,50,381,63.2,61.8,6.28,2,36,3,1,0,3.0,60,1114,72.24,69.97,Average
STU4748,CSE,5,Male,Day Scholar,Night,Auditory,Good,Low,Average,No,Yes,Not Started,176,319,0,612,70.9,66.2,6.69,0,34,2,3,0,1.0,289,989,91.08,77.51,Good
STU4749,CSE,1,Male,Day Scholar,Night,Auditory,Good,Low,,No,No,Not Started,421,212,72,481,69.7,72.2,7.36,0,34,1,0,0,0.0,101,815,80.22,78.88,Good
STU4750,IT,1,Female,Day Scholar,Morning,Visual,Poor,High,,No,Yes,Not Started,137,272,125,695,71.9,63.2,6.83,0,33,1,0,0,1.0,57,919,61.87,75.19,Good
STU4751,CSE,7,Female,Hostel,Night,Visual,Average,Medium,Good,No,Yes,In Progress,119,267,68,243,95.2,74.2,6.6,2,36,3,2,2,7.0,75,758,66.23,75.66,Good
STU4752,CSE-AIML,8,Female,Hostel,Morning,Visual,Poor,High,Good,No,Yes,In Progress,251,211,0,489,71.2,53.5,5.39,0,26,9,2,3,7.0,357,997,79.22,66.8,Average
STU4753,CSE-DS,3,Female,Hostel,Night,Kinesthetic,Good,Low,Good,No,Yes,Not Started,264,149,157,265,86.0,71.4,6.91,0,39,6,0,0,,86,784,88.87,84.59,Good
STU4754,CSE-AIML,6,Male,Hostel,Night,Auditory,Good,Low,Good,Yes,No,Not Started,256,168,86,95,75.4,66.0,6.71,0,32,5,2,3,1.0,48,1023,76.62,72.23,Good
STU4755,IT,4,Female,Hostel,Morning,Auditory,Average,Medium,Good,Yes,Yes,Not Started,120,258,94,168,87.8,71.0,6.2,2,32,4,0,1,5.0,40,1000,73.01,69.77,Average
STU4756,IT,5,Female,Day Scholar,Morning,Visual,Average,Medium,Average,No,No,Not Started,167,108,156,326,67.7,57.3,5.24,3,29,5,1,3,3.0,232,1009,67.48,62.89,Average
STU4757,CSE,3,Male,Hostel,Night,Kinesthetic,Poor,Medium,Good,No,No,Not Started,179,287,88,478,100.0,68.0,6.12,1,33,1,1,0,1.0,101,1007,59.56,77.23,Good
STU4758,IT,7,Female,Day Scholar,Afternoon,Visual,Poor,Medium,Good,No,Yes,In Progress,153,406,482,558,100.0,72.1,7.46,0,31,6,1,2,4.0,375,1110,77.64,84.03,Good
STU4759,CSE-AIML,1,Male,Day Scholar,Morning,Auditory,Good,Medium,Good,No,No,Not Started,194,0,177,54,71.9,70.5,6.93,0,31,2,0,0,1.0,0,1238,67.72,74.61,Good
STU4760,ECE,3,Female,Day Scholar,Night,Kinesthetic,Good,Medium,Good,No,Yes,Not Started,151,304,0,264,76.5,76.3,7.51,0,37,0,2,0,0.0,153,1245,69.12,80.22,Good
STU4761,CSE-AIML,5,Other,Day Scholar,Night,Kinesthetic,Average,Medium,Good,No,No,Not Started,317,216,196,218,74.1,76.8,8.08,0,35,4,1,1,3.0,35,794,76.99,82.77,Good
STU4762,ECE,6,Male,Hostel,Night,Auditory,Poor,High,Good,No,No,Not Started,90,301,182,788,91.0,70.9,6.88,0,40,3,0,0,7.0,484,1119,62.01,80.41,Good
STU4763,IT,8,Female,Day Scholar,Morning,Kinesthetic,Average,Medium,Poor,No,No,In Progress,337,171,156,271,86.1,83.1,8.76,0,44,6,1,3,,162,1272,72.56,89.42,Excellent
STU4764,CSE,6,Male,Hostel,Morning,Kinesthetic,Poor,High,Average,No,No,In Progress,67,405,262,175,74.6,65.7,6.45,5,33,4,1,0,3.0,134,1145,45.13,63.59,Average
STU4765,CSE-AIML,2,Female,Day Scholar,Night,Visual,Average,Medium,Good,No,Yes,Not Started,358,217,164,273,72.4,80.7,8.5,0,39,1,0,0,0.0,0,874,74.13,81.51,Good
STU4766,ECE,5,Male,Hostel,Night,Kinesthetic,Good,Medium,Good,No,No,Not Started,263,261,24,430,96.6,77.8,8.27,0,35,6,3,0,0.0,264,1217,88.9,89.08,Excellent
STU4767,IT,7,Male,Hostel,Night,Visual,Poor,High,Poor,No,Yes,In Progress,117,288,27,629,89.4,81.3,8.14,0,42,5,3,0,5.0,503,1511,64.92,83.98,Good
STU4768,CSE,2,Male,Hostel,Night,Kinesthetic,Good,Low,,No,No,Not Started,179,256,84,0,87.8,64.5,7.24,0,34,1,1,0,4.0,0,874,61.66,79.29,Good
STU4769,CSE-DS,2,Female,Hostel,Afternoon,Visual,Average,Medium,Good,Yes,No,Not Started,243,261,208,213,97.6,79.7,7.58,0,43,0,1,0,1.0,0,819,59.5,85.88,Excellent
STU4770,CSE,2,Male,Hostel,Morning,Visual,Poor,High,Good,No,Yes,Not Started,244,273,37,258,80.9,66.3,6.35,1,30,0,0,0,1.0,56,1091,55.52,72.58,Good
STU4771,CSE,3,Female,Hostel,Night,Kinesthetic,Average,Medium,Poor,No,No,Not Started,169,180,7,275,98.6,77.6,6.58,0,39,6,1,0,1.0,66,1317,62.76,85.24,Excellent
STU4772,CSE-AIML,7,Male,Day Scholar,Night,Visual,Poor,High,Good,Yes,No,In Progress,88,205,386,804,82.2,69.7,6.94,0,34,4,4,2,1.0,547,1187,64.45,76.23,Good
STU4773,CSE,1,Female,Hostel,Night,Auditory,Average,Low,Good,No,Yes,Not Started,274,364,121,249,73.9,75.6,6.93,0,35,1,0,0,0.0,0,940,79.08,77.92,Good
STU4774,IT,6,Female,Hostel,Night,Auditory,Average,Medium,Good,No,No,In Progress,205,54,57,695,80.9,73.9,8.05,0,35,4,3,2,3.0,383,1154,83.5,83.19,Good
STU4775,CSE,8,Male,Hostel,Night,Kinesthetic,Good,High,Poor,No,No,Placed,306,142,0,172,73.5,76.0,7.52,0,37,3,2,1,6.0,132,1157,60.16,78.97,Good
STU4776,IT,3,Male,Hostel,Night,Kinesthetic,Average,Medium,Good,No,Yes,Not Started,170,34,30,21,69.9,70.3,6.75,0,38,0,1,0,3.0,7,1080,55.98,76.1,Good
STU4777,CSE,1,Female,Hostel,Morning,Kinesthetic,Poor,Medium,Good,No,Yes,Not Started,198,36,39,426,68.5,66.5,6.82,0,32,0,0,0,1.0,2,857,58.05,70.34,Good
STU4778,CSE,6,Female,Day Scholar,Night,Auditory,Good,Low,Good,Yes,No,Not Started,307,120,117,260,50.5,65.0,6.83,0,31,6,2,2,2.0,136,1097,86.65,67.77,Average
STU4779,CSE,8,Female,Hostel,Night,Kinesthetic,Average,Low,Good,No,Yes,Placed,201,212,101,23,81.7,82.4,7.6,0,42,8,5,3,3.0,89,1096,85.35,85.89,Excellent
STU4780,CSE,7,Male,Hostel,Afternoon,Kinesthetic,Average,Medium,Good,No,No,Placed,63,303,161,470,87.3,66.0,6.35,4,33,2,1,1,5.0,318,1075,67.81,71.86,Good
STU4781,CSE,8,Male,Hostel,Night,Visual,Poor,High,Good,No,No,Placed,50,285,0,550,64.6,58.6,6.21,3,29,7,1,1,5.0,487,1350,64.84,62.61,Average
STU4782,CSE,7,Other,Hostel,Afternoon,Kinesthetic,Poor,High,Good,Yes,Yes,Placed,24,313,257,381,66.0,65.9,6.64,0,39,1,3,2,3.0,220,1104,48.27,74.58,Good
STU4783,CSE-AIML,5,Male,Hostel,Night,Auditory,Average,Medium,Good,Yes,Yes,Not Started,101,164,239,365,78.8,67.0,7.17,0,36,5,1,2,1.0,191,1524,73.8,77.33,Good
STU4784,CSE,8,Male,Day Scholar,Afternoon,Auditory,Average,High,Average,No,Yes,Placed,141,472,28,348,92.7,79.1,8.01,0,40,9,2,3,2.0,314,1473,91.47,87.7,Excellent
STU4785,CSE-AIML,6,Male,Hostel,Night,Kinesthetic,Average,Medium,Good,No,No,Not Started,260,236,303,435,73.7,67.4,6.4,0,30,3,3,3,2.0,268,1247,80.68,74.06,Good
STU4786,CSE,6,Female,Hostel,Night,Auditory,Average,Medium,Poor,No,No,Not Started,271,402,0,499,91.5,80.0,8.18,0,44,4,1,0,1.0,225,1382,68.85,86.57,Excellent
STU4787,IT,7,Female,Day Scholar,Night,Visual,Poor,Medium,Poor,No,Yes,Placed,0,190,25,67,100.0,66.4,7.05,0,33,10,0,2,2.0,17,899,47.94,80.16,Good
STU4788,ECE,6,Male,Hostel,Night,Visual,Average,Medium,Good,No,No,In Progress,235,157,29,215,61.1,69.5,7.73,0,30,4,1,0,6.0,119,998,70.45,78.73,Good
STU4789,CSE-AIML,4,Male,Day Scholar,Night,Kinesthetic,Poor,Medium,Good,No,Yes,Not Started,146,273,56,316,100.0,73.3,7.55,0,32,4,1,1,1.0,164,932,69.26,82.37,Good
STU4790,CSE,5,Male,Hostel,Afternoon,Kinesthetic,Average,Low,Average,No,No,Not Started,211,86,24,279,100.0,78.2,7.75,0,39,7,3,0,2.0,68,856,78.51,87.95,Excellent
STU4791,CSE,3,Male,Hostel,,Visual,Poor,High,Good,No,No,Not Started,353,84,74,373,82.9,74.4,7.14,0,38,3,0,0,2.0,137,1076,72.66,81.75,Good
STU4792,ECE,8,Male,Day Scholar,Night,Visual,Poor,Low,Good,No,No,Placed,106,387,192,349,100.0,73.2,7.2,0,35,1,1,2,1.0,291,1046,61.82,79.45,Good
STU4793,CSE,3,Other,Hostel,Afternoon,Kinesthetic,Average,Low,Good,No,No,Not Started,224,252,90,338,85.9,77.8,7.58,1,38,2,0,0,0.0,44,1254,72.65,84.73,Good
STU4794,CSE,1,Male,Day Scholar,Morning,Auditory,Average,Medium,Average,Yes,No,Not Started,275,203,438,176,66.8,72.8,6.5,3,34,1,0,0,1.0,63,1238,65.36,63.28,Average
STU4795,CSE,3,Male,Hostel,Morning,Kinesthetic,Poor,High,Good,No,Yes,Not Started,187,401,261,172,69.3,68.6,6.53,0,33,4,0,0,4.0,62,847,57.87,76.55,Good
STU4796,CSE,2,Female,Day Scholar,Morning,Kinesthetic,Average,Medium,Average,No,No,Not Started,124,152,248,621,69.2,75.1,7.95,1,37,1,0,0,1.0,58,661,68.99,78.02,Good
STU4797,CSE,6,Male,Day Scholar,Night,Kinesthetic,Average,Medium,Poor,No,No,Not Started,122,556,26,227,93.4,75.5,6.73,0,34,4,3,2,1.0,108,841,56.92,81.24,Good
STU4798,IT,3,Female,Day Scholar,Night,Kinesthetic,Average,Medium,Good,Yes,Yes,Not Started,136,220,85,960,94.5,70.4,7.73,0,34,4,0,0,1.0,299,1149,94.8,86.74,Excellent
STU4799,CSE,1,Male,Day Scholar,Morning,Kinesthetic,Average,High,Good,Yes,Yes,Not Started,201,148,72,0,97.4,75.0,7.53,0,36,0,0,0,1.0,0,994,54.17,76.13,Good
STU4800,CSE-DS,1,Male,Day Scholar,Night,Kinesthetic,Average,Medium,Good,No,No,Not Started,118,361,11,192,72.5,66.1,5.74,4,29,0,0,0,0.0,0,1086,58.22,62.1,Average
STU4801,CSE,2,Female,Hostel,Morning,Kinesthetic,Good,Medium,Good,No,No,Not Started,233,154,325,403,100.0,83.8,7.7,0,41,1,0,0,1.0,104,962,70.52,87.27,Excellent
STU4802,CSE,1,Female,Hostel,Night,Auditory,Good,Medium,Average,No,Yes,Not Started,217,248,228,386,80.9,76.5,6.85,0,40,1,1,0,0.0,70,991,77.62,80.07,Good
STU4803,ECE,7,Male,Hostel,Afternoon,Kinesthetic,Poor,Medium,Good,No,Yes,In Progress,25,483,101,102,100.0,68.8,6.79,0,36,8,3,5,3.0,32,970,57.78,83.32,Good
STU4804,CSE,4,Female,Hostel,Night,Visual,Poor,High,Good,No,Yes,Not Started,281,198,161,803,86.0,79.2,7.84,0,39,2,1,0,2.0,392,1161,73.08,85.99,Excellent
STU4805,IT,7,Female,Day Scholar,Afternoon,Kinesthetic,Good,Medium,Average,No,No,Placed,378,239,129,172,73.0,73.5,7.64,1,35,5,3,1,3.0,17,1098,83.34,79.58,Good
STU4806,CSE-AIML,6,Male,Hostel,Afternoon,Auditory,Poor,Medium,Good,Yes,Yes,Not Started,136,262,22,139,93.3,68.6,6.09,1,30,9,2,0,2.0,20,724,72.44,73.7,Good
STU4807,CSE,6,Male,Hostel,Night,Visual,Average,Medium,Poor,No,No,Not Started,262,385,198,282,83.1,76.9,8.06,0,34,5,4,0,2.0,157,1297,65.34,79.43,Good
STU4808,ECE,6,Female,Day Scholar,Morning,Kinesthetic,Good,High,Good,No,No,In Progress,301,210,129,71,52.9,61.1,5.75,4,28,8,2,2,1.0,0,1098,77.04,62.18,Average
STU4809,CSE,5,Male,Hostel,Night,Kinesthetic,Good,Low,Average,No,No,Not Started,244,432,67,137,79.4,73.1,7.1,0,41,5,2,1,1.0,90,1225,84.54,83.71,Good
STU4810,IT,3,Female,Hostel,Night,Visual,Poor,Low,Good,No,No,Not Started,230,211,4,162,65.3,70.1,7.2,0,34,1,0,0,2.0,68,861,58.76,71.47,Good
STU4811,CSE,4,Female,Hostel,Afternoon,Kinesthetic,Good,Low,Poor,No,No,Not Started,27,337,179,10,84.1,64.3,6.38,0,30,2,4,0,1.0,5,921,48.05,75.19,Good
STU4812,IT,3,Female,Hostel,Night,Auditory,Average,Medium,Average,No,Yes,Not Started,154,172,112,349,90.2,70.1,6.63,0,31,1,1,0,4.0,123,1017,67.38,80.26,Good
STU4813,CSE,4,Male,Day Scholar,Morning,Kinesthetic,Good,Medium,Good,No,No,Not Started,166,263,34,74,72.6,67.0,6.96,0,31,1,0,0,0.0,17,1253,60.96,75.24,Good
STU4814,CSE-AIML,3,Male,Hostel,Night,Auditory,Average,Medium,Good,No,Yes,Not Started,300,307,240,358,79.4,82.7,7.97,0,44,3,2,0,1.0,158,1598,76.14,85.88,Excellent
STU4815,IT,2,Female,Hostel,Night,Kinesthetic,Average,Medium,Good,No,No,Not Started,64,239,134,92,85.6,65.0,6.48,4,32,1,1,0,1.0,53,751,57.23,72.08,Good
STU4816,ECE,8,Male,Day Scholar,Morning,Visual,Average,Medium,Good,No,No,In Progress,355,134,0,516,74.0,76.4,7.13,0,34,9,6,1,2.0,391,1141,98.56,78.55,Good
STU4817,ECE,7,Male,Hostel,Night,Auditory,Average,Low,Good,No,No,Placed,327,195,267,443,81.6,73.2,7.79,0,37,6,3,5,3.0,260,893,89.57,85.62,Excellent
STU4818,IT,1,Male,Day Scholar,Afternoon,Kinesthetic,Average,Low,Poor,No,No,Not Started,90,354,0,427,58.3,64.5,5.69,2,27,1,0,0,0.0,50,1026,59.27,59.76,Average
STU4819,IT,1,Male,Day Scholar,Night,Kinesthetic,Poor,Medium,Good,No,Yes,Not Started,67,187,68,283,73.4,59.2,5.18,1,33,1,1,0,1.0,6,908,53.13,66.03,Average
STU4820,CSE,7,Female,Hostel,Morning,Visual,Poor,High,Good,No,Yes,In Progress,277,490,123,575,88.9,76.2,7.22,1,31,8,2,2,4.0,454,1161,84.88,79.35,Good
STU4821,CSE,2,Male,Hostel,Afternoon,Visual,Good,Medium,Good,No,Yes,Not Started,153,257,3,367,79.6,62.5,7.01,0,30,4,0,0,0.0,48,1042,82.95,80.6,Good
STU4822,CSE,4,Female,Hostel,Night,Auditory,Average,Low,Good,No,No,Not Started,157,257,104,200,73.8,60.5,6.18,0,30,6,0,0,2.0,62,1174,76.69,75.18,Good
STU4823,CSE,7,Male,Day Scholar,Morning,Auditory,Poor,Low,Good,No,Yes,In Progress,268,277,277,69,82.5,73.1,7.27,1,38,8,3,0,4.0,100,836,78.92,78.65,Good
STU4824,CSE,5,Female,Hostel,Night,Auditory,Average,High,Good,No,No,Not Started,74,256,258,397,67.0,61.4,5.59,2,35,7,1,1,2.0,220,1081,63.33,64.87,Average
STU4825,CSE-AIML,4,Male,Hostel,Night,Kinesthetic,Poor,Low,Good,No,Yes,Not Started,267,445,201,114,70.3,66.8,6.83,2,28,3,0,1,2.0,0,1397,68.74,69.86,Average
STU4826,CSE,1,Female,Day Scholar,Night,Kinesthetic,Average,Medium,,No,No,Not Started,68,198,219,400,83.6,62.2,6.02,3,33,4,0,0,1.0,104,1034,58.57,66.8,Average
STU4827,CSE-DS,5,Female,Hostel,Night,Auditory,Average,Low,Good,No,Yes,Not Started,63,292,232,285,77.3,63.7,6.04,0,31,5,0,1,3.0,89,976,78.37,73.77,Good
STU4828,CSE,3,Male,Hostel,Night,Kinesthetic,Average,Medium,Good,No,No,Not Started,262,368,213,301,80.4,70.9,7.64,0,36,2,1,1,3.0,105,1249,71.45,83.48,Good
STU4829,CSE,5,Female,Day Scholar,Morning,Visual,Poor,Medium,Average,No,No,Not Started,242,441,139,467,90.1,81.2,8.6,0,44,4,1,1,2.0,298,1067,70.59,89.23,Excellent
STU4830,CSE-AIML,4,Male,Hostel,Night,Kinesthetic,Poor,Low,Average,Yes,No,Not Started,0,286,85,504,86.4,73.2,6.49,2,37,2,2,0,1.0,223,1046,60.13,72.57,Good
STU4831,IT,2,Female,Day Scholar,Night,Auditory,Average,Medium,Good,No,Yes,Not Started,259,83,46,234,66.1,67.3,7.19,0,35,3,1,0,1.0,35,935,73.43,78.48,Good
STU4832,CSE-DS,3,Other,Day Scholar,Morning,Kinesthetic,Average,Medium,Average,No,No,Not Started,353,69,62,321,68.0,73.2,7.06,0,33,1,5,0,2.0,165,1320,77.84,78.64,Good
STU4833,CSE-DS,4,Female,Hostel,Afternoon,Visual,Good,Low,Good,No,Yes,Not Started,189,291,0,529,90.9,75.6,7.62,0,37,2,3,1,0.0,224,1139,89.65,84.66,Good
STU4834,CSE,3,Female,Day Scholar,Night,Auditory,Average,Medium,Good,No,No,Not Started,295,301,192,616,86.7,74.3,6.43,1,31,1,1,0,1.0,215,1114,82.37,73.83,Good
STU4835,CSE-AIML,5,Male,Hostel,Night,Auditory,Poor,High,Good,No,No,Not Started,160,254,159,425,84.5,67.7,7.09,0,37,2,0,0,0.0,228,987,55.55,79.46,Good
STU4836,CSE,1,Male,Day Scholar,Night,Auditory,Good,Low,Good,No,No,Not Started,277,209,132,735,93.3,78.4,8.04,0,33,1,1,0,1.0,154,1165,90.15,83.85,Good
STU4837,CSE,4,Male,Hostel,Night,Auditory,Average,Low,Poor,Yes,No,Not Started,0,232,83,71,100.0,70.4,6.68,0,36,4,2,0,1.0,0,1233,45.56,77.83,Good
STU4838,CSE-AIML,8,Male,Hostel,Morning,Kinesthetic,Good,Low,,No,No,Placed,124,230,160,153,98.2,69.1,6.96,1,33,7,1,4,6.0,132,927,76.84,81.24,Good
STU4839,CSE,2,Female,Hostel,Night,Visual,Average,Medium,Good,Yes,Yes,Not Started,436,225,133,0,100.0,88.2,7.81,0,44,3,0,0,1.0,66,995,80.16,86.01,Excellent
STU4840,CSE,8,Male,Hostel,Night,Kinesthetic,Poor,High,Average,No,No,Placed,315,288,104,131,92.1,84.6,8.0,0,36,6,0,1,4.0,108,815,63.93,88.31,Excellent
STU4841,ECE,8,Female,Day Scholar,Afternoon,Kinesthetic,Good,Low,Good,No,Yes,In Progress,152,243,198,76,81.6,73.2,6.58,0,32,8,3,1,3.0,0,853,87.26,80.05,Good
STU4842,ECE,7,Male,Day Scholar,Afternoon,Auditory,Good,Medium,Average,No,No,In Progress,178,157,114,483,73.3,77.0,7.74,0,36,6,1,0,2.0,295,1035,88.89,79.19,Good
STU4843,CSE,5,Male,Day Scholar,Afternoon,Visual,Good,Low,,No,Yes,Not Started,79,198,179,323,86.8,76.2,7.39,0,44,3,3,0,2.0,154,1020,81.05,83.31,Good
STU4844,CSE,4,Female,Hostel,Night,Kinesthetic,Average,Medium,Good,No,No,Not Started,181,75,213,683,98.6,79.0,7.88,0,40,4,0,0,4.0,201,1140,81.12,92.6,Excellent
STU4845,CSE,2,Male,Hostel,Morning,Visual,Good,Low,Average,No,Yes,Not Started,25,0,12,399,83.5,57.3,5.16,1,33,0,0,0,0.0,107,1157,75.4,69.69,Average
STU4846,CSE,4,Female,Day Scholar,Morning,Visual,Poor,High,Good,No,No,Not Started,228,246,174,0,71.3,67.6,5.79,0,33,6,0,0,6.0,75,1126,54.56,67.62,Average
STU4847,ECE,5,Male,Hostel,Morning,Visual,Average,Medium,Good,No,No,Not Started,130,272,0,24,84.8,75.4,8.18,0,35,4,1,2,1.0,131,880,59.84,84.67,Good
STU4848,CSE,4,Female,Day Scholar,Afternoon,Visual,Average,Medium,Good,No,No,Not Started,243,102,198,247,91.4,78.0,7.04,0,34,6,3,0,1.0,175,1144,78.12,83.02,Good
STU4849,IT,3,Male,Day Scholar,Morning,Kinesthetic,Average,High,Average,No,Yes,Not Started,128,298,215,225,79.6,71.8,6.13,1,37,2,1,0,2.0,97,1304,64.52,76.7,Good
STU4850,CSE,5,Male,Hostel,Night,Visual,Good,Low,Good,No,No,Not Started,123,274,201,354,100.0,67.1,7.19,0,30,6,2,1,2.0,126,1050,83.64,82.52,Good
STU4851,ECE,4,Female,Day Scholar,Morning,Kinesthetic,Good,Low,Good,No,No,Not Started,262,159,221,19,70.0,73.3,7.32,0,34,0,1,1,2.0,0,1186,71.98,80.02,Good
STU4852,CSE,7,Female,Day Scholar,Night,Visual,Poor,High,Good,No,No,Placed,140,229,239,231,74.5,68.1,7.38,0,30,6,1,0,1.0,182,968,53.24,76.75,Good
STU4853,IT,1,Male,Day Scholar,Night,Visual,Average,Medium,Average,No,No,Not Started,146,81,110,523,87.6,74.7,8.08,0,35,2,0,0,0.0,0,985,74.15,85.1,Excellent
STU4854,CSE,4,Male,Hostel,Night,Kinesthetic,Poor,High,Good,Yes,Yes,Not Started,316,309,184,330,91.4,80.9,7.12,0,41,6,1,0,3.0,120,807,71.07,81.74,Good
STU4855,CSE-DS,3,Male,Hostel,Night,Auditory,Average,Medium,Good,No,Yes,Not Started,314,0,212,315,84.5,84.0,8.34,0,43,3,1,0,4.0,54,969,78.19,82.9,Good
STU4856,CSE,2,Male,Hostel,Morning,Kinesthetic,Poor,High,Average,No,Yes,Not Started,257,217,53,496,66.5,71.1,7.24,0,29,0,1,0,1.0,22,828,60.04,75.16,Good
STU4857,CSE,7,Female,Hostel,Afternoon,Visual,Average,Medium,Good,No,Yes,Placed,182,390,0,176,88.7,75.0,7.62,2,38,5,3,5,5.0,99,1091,73.96,77.85,Good
STU4858,ECE,2,Female,Hostel,Morning,Kinesthetic,Good,Low,Good,No,No,Not Started,404,235,171,25,100.0,75.9,7.48,2,37,1,2,0,1.0,0,782,76.98,80.93,Good
STU4859,ECE,8,Male,Day Scholar,Night,Visual,Poor,High,Poor,No,Yes,Placed,305,180,196,75,91.7,82.6,9.22,0,44,5,1,2,3.0,19,1026,51.62,88.23,Excellent
STU4860,IT,7,Male,Day Scholar,Afternoon,Kinesthetic,Average,Low,Average,No,Yes,In Progress,122,76,232,499,99.9,76.4,7.75,0,36,3,2,0,2.0,330,1082,79.16,87.92,Excellent
STU4861,CSE-DS,2,Female,Hostel,Night,Kinesthetic,Average,Medium,Average,No,No,Not Started,247,496,122,204,71.9,67.4,6.91,1,32,0,1,0,0.0,73,1053,62.21,70.69,Good
STU4862,IT,1,Male,Hostel,Night,Kinesthetic,Average,Medium,Average,No,Yes,Not Started,92,80,132,151,100.0,68.3,6.5,5,33,1,1,0,0.0,0,1138,62.04,63.81,Average
STU4863,CSE,3,Female,Day Scholar,Night,Auditory,Average,Medium,Poor,Yes,No,Not Started,220,389,129,226,87.1,71.9,6.28,5,42,2,1,0,1.0,104,733,58.06,63.53,Average
STU4864,CSE,8,Male,Hostel,Night,Kinesthetic,Poor,Medium,Average,No,No,Placed,164,190,66,176,76.4,75.4,7.93,0,37,6,2,1,3.0,163,1080,61.07,84.9,Good
STU4865,CSE,5,Female,Day Scholar,Night,Kinesthetic,Poor,High,Average,No,Yes,Not Started,131,261,200,248,76.5,79.2,7.85,0,39,7,1,1,2.0,31,1233,67.07,81.95,Good
STU4866,CSE-DS,2,Male,Day Scholar,Afternoon,Auditory,Average,High,Poor,No,No,Not Started,222,222,183,357,95.1,74.4,8.03,0,34,0,0,0,0.0,136,1137,49.83,83.17,Good
STU4867,CSE,7,Female,Day Scholar,Night,Auditory,Poor,High,Average,Yes,Yes,In Progress,103,93,110,95,100.0,68.7,6.25,1,34,7,1,0,6.0,0,839,58.97,74.45,Good
STU4868,CSE,3,Male,Day Scholar,Morning,Visual,Average,Medium,Good,No,Yes,Not Started,158,144,126,0,79.3,74.1,7.23,0,39,3,1,0,3.0,0,1078,60.81,77.77,Good
STU4869,CSE-AIML,4,Male,Day Scholar,Night,Visual,Good,High,Good,No,No,Not Started,222,392,104,171,99.9,75.6,7.13,1,44,4,1,0,3.0,17,1125,69.02,86.28,Excellent
STU4870,IT,1,Female,Hostel,Night,Kinesthetic,Average,Medium,Good,No,Yes,Not Started,189,0,313,227,92.9,78.9,7.42,0,39,0,1,0,1.0,0,1127,59.36,82.18,Good
STU4871,CSE,3,Male,Hostel,Morning,Visual,Average,High,Poor,No,No,Not Started,164,219,179,500,82.4,74.6,7.47,0,37,5,1,0,0.0,124,1170,60.09,79.68,Good
STU4872,CSE,3,Male,Hostel,Night,Kinesthetic,Poor,High,Poor,No,No,Not Started,153,447,0,378,80.4,63.9,5.1,2,32,5,1,1,,139,1008,47.99,68.02,Average
STU4873,CSE,5,Male,Hostel,Afternoon,Auditory,Average,Low,Poor,No,Yes,Not Started,156,295,120,152,100.0,75.7,7.58,0,39,4,1,1,3.0,95,1068,66.32,84.5,Good
STU4874,CSE,3,Male,Day Scholar,Night,Auditory,Poor,Medium,Average,No,Yes,Not Started,324,294,84,363,85.7,65.2,6.64,1,31,2,0,0,2.0,163,1305,72.75,72.33,Good
STU4875,CSE,5,Female,Hostel,Night,Kinesthetic,Poor,High,Good,No,No,Not Started,274,298,127,624,100.0,83.6,9.45,0,46,5,1,0,1.0,454,1292,73.34,94.48,Excellent
STU4876,CSE-DS,1,Female,Day Scholar,Night,Visual,Good,Low,Good,No,No,Not Started,30,232,67,548,66.8,58.9,5.63,0,28,0,0,0,1.0,52,968,73.82,67.59,Average
STU4877,CSE-DS,1,Male,Hostel,Morning,Visual,Good,Medium,Average,No,No,Not Started,89,189,215,209,73.1,61.2,6.53,0,32,1,0,0,1.0,18,1052,58.9,75.63,Good
STU4878,CSE-DS,4,Female,Hostel,Morning,Visual,Good,High,Good,Yes,No,Not Started,70,379,109,339,89.1,69.1,6.71,0,38,3,0,0,3.0,140,1259,67.37,76.24,Good
STU4879,CSE,5,Male,Day Scholar,Night,Kinesthetic,Good,Low,Good,No,Yes,Not Started,140,100,128,467,78.0,67.3,7.06,0,33,2,2,2,3.0,239,1053,93.0,81.03,Good
STU4880,IT,5,Female,Hostel,Night,Visual,Poor,High,Good,No,Yes,Not Started,291,301,147,616,74.8,69.5,7.61,0,30,5,0,0,0.0,337,1122,78.85,78.98,Good
STU4881,CSE,2,Male,Day Scholar,Afternoon,Auditory,Poor,High,Average,No,No,Not Started,107,129,130,281,80.3,65.3,5.38,0,39,1,1,0,1.0,41,1115,46.07,75.04,Good
STU4882,CSE-AIML,2,Female,Day Scholar,Afternoon,Auditory,Average,Medium,Average,No,No,Not Started,221,162,0,320,85.2,72.5,7.32,0,34,4,0,0,3.0,5,657,70.34,78.33,Good
STU4883,IT,4,Male,Hostel,Morning,Auditory,Average,Medium,Good,No,Yes,Not Started,280,378,30,250,94.0,77.6,8.46,0,42,3,2,0,1.0,49,911,76.54,88.31,Excellent
STU4884,CSE,1,Male,Hostel,Night,Auditory,Good,Low,Average,Yes,No,Not Started,0,202,35,134,87.6,72.2,7.84,0,33,1,0,0,0.0,7,869,59.89,76.48,Good
STU4885,CSE,6,Male,Hostel,Morning,Auditory,Good,Medium,Good,No,Yes,Not Started,131,164,146,220,79.6,78.5,7.91,0,37,9,3,2,4.0,133,1133,89.33,86.31,Excellent
STU4886,IT,2,Male,Day Scholar,Morning,Auditory,Average,Medium,Average,No,Yes,Not Started,36,441,61,432,54.9,60.9,6.46,2,31,3,0,0,1.0,112,1106,71.48,65.01,Average
STU4887,CSE,3,Female,Day Scholar,Night,Auditory,Average,High,Average,No,No,Not Started,123,119,46,715,94.4,73.0,7.12,0,36,5,3,0,,319,1401,77.01,83.93,Good
STU4888,CSE-DS,1,Male,Hostel,Morning,Auditory,Poor,Low,Average,No,No,Not Started,223,474,96,87,74.1,62.2,6.59,0,24,0,0,0,1.0,0,897,59.55,68.74,Average
STU4889,CSE,6,Female,Day Scholar,Night,Auditory,Poor,Medium,Poor,Yes,No,Not Started,25,269,174,534,75.7,61.4,6.1,1,25,9,0,1,0.0,337,1221,64.63,64.32,Average
STU4890,CSE-DS,8,Male,Hostel,Morning,Kinesthetic,Average,Medium,Good,No,No,Placed,180,379,97,646,90.1,66.0,6.32,1,37,9,4,2,3.0,472,971,96.99,83.16,Good
STU4891,CSE,3,Female,Day Scholar,Morning,Kinesthetic,Good,Low,Average,No,Yes,Not Started,21,149,126,263,79.7,58.0,6.1,3,27,3,0,0,2.0,64,894,78.87,70.28,Good
STU4892,CSE,7,Female,Day Scholar,Night,Auditory,Poor,High,Average,No,Yes,In Progress,65,354,100,327,87.6,71.6,6.83,0,41,6,3,1,3.0,279,946,65.22,78.57,Good
STU4893,CSE-DS,5,Female,Day Scholar,Afternoon,Auditory,Average,High,Good,No,Yes,Not Started,287,346,375,305,98.4,77.3,8.02,0,36,4,2,1,2.0,178,1027,74.09,85.9,Excellent
STU4894,CSE,1,Female,Day Scholar,Morning,Auditory,Good,Medium,Poor,No,Yes,Not Started,242,171,122,642,85.8,77.1,8.02,0,33,2,0,0,0.0,27,1216,82.72,81.86,Good
STU4895,CSE,7,Female,Hostel,Afternoon,Visual,Average,Medium,Average,No,Yes,In Progress,65,194,78,87,63.7,63.7,6.85,0,31,4,1,1,7.0,57,714,63.67,68.46,Average
STU4896,CSE,4,Male,Day Scholar,Afternoon,Kinesthetic,Poor,Medium,Average,No,No,Not Started,179,57,0,277,88.9,71.5,7.1,0,35,3,2,0,0.0,76,1114,58.28,84.02,Good
STU4897,CSE,5,Female,Hostel,Night,Auditory,Average,Medium,Poor,No,Yes,Not Started,159,110,109,408,74.7,62.7,7.34,2,27,4,4,0,1.0,188,903,69.87,68.82,Average
STU4898,CSE,5,Male,Day Scholar,Morning,Kinesthetic,Good,Low,Good,No,Yes,Not Started,204,335,281,164,82.4,70.0,6.42,4,40,2,0,2,5.0,140,1129,83.85,73.8,Good
STU4899,CSE,3,Male,Hostel,Night,Auditory,Good,Medium,Average,No,No,Not Started,259,220,0,0,77.8,62.7,7.09,0,30,2,0,0,2.0,0,1080,64.2,71.41,Good
STU4900,ECE,7,Male,Day Scholar,Night,Visual,Poor,Medium,Good,No,Yes,In Progress,407,77,40,120,83.4,74.4,8.0,0,38,4,2,1,3.0,21,1177,76.05,81.22,Good
STU4901,CSE,5,Female,Day Scholar,Morning,Auditory,Average,Medium,Good,No,No,Not Started,149,295,338,40,81.9,81.7,8.53,0,44,6,1,1,4.0,0,1127,63.74,87.02,Excellent
STU4902,CSE-AIML,2,Male,Day Scholar,,Kinesthetic,Average,Low,Good,Yes,No,Not Started,359,403,0,373,73.7,73.6,7.86,0,39,1,2,0,4.0,42,1115,81.08,80.4,Good
STU4903,CSE,1,Male,Hostel,Night,Kinesthetic,Good,Low,Good,Yes,No,Not Started,101,366,199,541,73.2,71.4,6.91,0,33,1,0,0,2.0,43,1127,69.46,74.65,Good
STU4904,CSE,2,Male,Day Scholar,Morning,Kinesthetic,Poor,Medium,Average,No,Yes,Not Started,169,374,95,357,100.0,70.7,5.68,2,39,1,1,0,0.0,112,1315,58.97,73.64,Good
STU4905,ECE,3,Other,Day Scholar,Afternoon,Kinesthetic,Good,Low,Good,No,No,Not Started,136,10,3,71,100.0,78.8,7.61,0,43,1,1,0,1.0,16,834,70.74,89.27,Excellent
STU4906,CSE,6,Male,Day Scholar,Morning,Auditory,Average,Medium,Good,No,No,Not Started,140,295,177,405,68.9,62.9,6.51,0,31,5,2,3,3.0,153,1058,78.7,75.91,Good
STU4907,ECE,8,Male,Hostel,Night,Visual,Good,Low,Good,Yes,Yes,Placed,201,15,0,247,96.1,75.7,7.98,2,36,8,4,1,3.0,209,1179,89.94,84.03,Good
STU4908,CSE,3,Male,Hostel,Night,Visual,Average,Medium,Good,No,No,Not Started,249,92,207,626,84.8,68.6,7.58,0,36,1,0,0,0.0,230,1100,75.77,80.65,Good
STU4909,CSE-DS,1,Female,Hostel,Morning,Auditory,Poor,High,Average,Yes,No,Not Started,212,354,44,233,89.9,77.8,7.63,0,36,1,0,0,2.0,0,1155,46.75,75.6,Good
STU4910,CSE-AIML,5,Female,Hostel,Night,Auditory,Average,High,Poor,No,Yes,Not Started,249,285,0,151,98.1,78.9,7.15,0,35,4,0,2,1.0,89,1255,55.65,83.11,Good
STU4911,IT,7,Female,Hostel,Night,Kinesthetic,Average,Low,Average,No,Yes,Placed,242,402,252,424,81.2,77.2,7.54,1,42,7,2,1,6.0,325,1049,97.27,85.86,Excellent
STU4912,CSE-AIML,7,Female,Hostel,Morning,Auditory,Average,Medium,Good,Yes,Yes,Placed,209,220,99,206,82.7,73.5,7.48,0,37,4,3,1,2.0,120,1274,77.76,80.7,Good
STU4913,CSE-AIML,4,Male,Hostel,Night,Visual,Poor,High,Good,No,Yes,Not Started,169,389,206,313,99.6,85.3,7.94,0,39,1,0,1,3.0,88,1085,50.67,85.29,Excellent
STU4914,CSE,3,Female,Hostel,Night,Auditory,Average,High,Good,No,Yes,Not Started,124,274,286,0,80.2,69.3,7.86,0,36,1,0,0,0.0,1,898,54.32,80.21,Good
STU4915,CSE,1,Male,Hostel,Night,Auditory,Average,Low,Good,No,No,Not Started,138,130,22,204,77.3,68.9,7.12,0,34,1,0,0,1.0,0,1210,58.43,74.26,Good
STU4916,ECE,4,Male,Day Scholar,Morning,Visual,Poor,High,Average,No,No,Not Started,302,356,0,332,69.3,73.5,7.2,0,34,3,1,0,1.0,82,1135,60.07,72.7,Good
STU4917,CSE,5,Male,Hostel,Night,Visual,Average,Low,Average,No,No,Not Started,133,239,175,372,72.5,78.9,8.04,0,39,4,1,1,1.0,164,836,75.45,79.54,Good
STU4918,CSE,6,Female,Hostel,Night,Auditory,Poor,Medium,Good,No,No,Not Started,233,271,94,209,81.1,69.7,6.96,1,39,7,2,0,3.0,111,796,68.96,78.99,Good
STU4919,IT,3,Female,Hostel,Night,Kinesthetic,Average,Low,Good,No,No,Not Started,317,373,169,559,82.1,69.5,6.24,4,31,2,1,1,0.0,173,1093,84.01,73.62,Good
STU4920,CSE,6,Male,Day Scholar,Night,Kinesthetic,Good,High,Good,No,No,Not Started,227,520,291,99,76.9,69.5,7.52,1,33,5,2,0,5.0,121,1053,71.29,79.51,Good
STU4921,ECE,1,Female,Day Scholar,Morning,Kinesthetic,Good,Medium,Average,No,No,Not Started,202,198,0,439,67.0,64.6,6.99,0,38,1,0,0,0.0,24,1271,72.98,71.16,Good
STU4922,CSE-DS,6,Male,Hostel,Night,Visual,Average,Low,Good,No,No,Not Started,337,312,61,553,62.4,77.1,7.16,1,42,2,3,0,2.0,265,1291,87.52,77.62,Good
STU4923,CSE-AIML,6,Male,Hostel,Night,Visual,Poor,Medium,Poor,No,Yes,Not Started,195,226,147,267,65.9,67.7,7.24,0,35,3,1,1,3.0,132,1243,53.74,71.85,Good
STU4924,IT,1,Male,Day Scholar,Morning,Kinesthetic,Poor,Low,Average,No,No,Not Started,145,158,127,837,63.8,61.2,5.2,5,32,0,0,0,1.0,116,1164,72.29,53.77,Average
STU4925,CSE,1,Female,Hostel,Morning,Auditory,Average,Low,Average,No,No,Not Started,329,225,75,86,100.0,79.1,7.76,0,43,0,0,0,0.0,95,1250,68.31,86.51,Excellent
STU4926,CSE,3,Female,Hostel,Morning,Auditory,Good,Medium,Good,No,No,Not Started,146,337,244,234,62.7,64.9,6.51,0,32,4,1,1,,72,1157,74.22,70.32,Good
STU4927,CSE-AIML,6,Male,Hostel,Night,Auditory,Average,Medium,Average,Yes,No,Not Started,187,333,0,312,78.1,63.7,6.68,0,30,4,0,1,4.0,164,975,66.16,74.55,Good
STU4928,CSE,4,Female,Hostel,Night,Visual,Average,Low,Average,No,No,Not Started,135,64,0,343,87.4,56.6,6.55,2,26,5,1,0,0.0,190,1061,81.12,72.53,Good
STU4929,CSE-DS,8,Male,Day Scholar,Afternoon,Visual,Average,Medium,Good,No,Yes,In Progress,0,208,187,391,100.0,73.5,8.12,0,35,7,2,2,4.0,362,1144,77.64,85.21,Excellent
STU4930,ECE,1,Female,Hostel,Afternoon,Kinesthetic,Poor,Medium,Good,Yes,No,Not Started,37,442,73,217,80.6,62.3,6.2,3,35,0,1,0,1.0,0,983,43.37,64.38,Average
STU4931,CSE-AIML,5,Other,Day Scholar,Night,Auditory,Average,Medium,Poor,No,Yes,Not Started,84,58,202,410,81.4,79.7,7.05,1,43,7,2,3,,241,1033,69.82,81.01,Good
STU4932,CSE,6,Male,Day Scholar,Night,Visual,Good,Low,Average,No,No,Not Started,184,79,283,440,98.7,81.1,7.97,0,41,1,4,5,5.0,227,1125,78.8,86.39,Excellent
STU4933,ECE,1,Female,Hostel,Morning,Visual,Average,Low,Good,Yes,No,Not Started,195,378,0,113,93.9,68.3,6.95,0,37,1,2,0,0.0,110,1080,65.84,73.01,Good
STU4934,CSE-AIML,4,Female,Hostel,,Kinesthetic,Poor,Medium,Good,No,No,Not Started,211,208,81,431,84.6,68.8,7.29,0,29,2,4,0,1.0,116,954,63.83,76.4,Good
STU4935,CSE-AIML,7,Male,Hostel,Morning,Auditory,Average,Medium,Good,No,No,In Progress,119,2,0,393,76.7,67.7,7.66,1,29,9,7,2,2.0,312,962,74.35,75.76,Good
STU4936,CSE,3,Female,Hostel,Night,Visual,Average,Medium,Good,No,Yes,Not Started,113,217,187,485,97.2,79.9,7.55,0,42,1,1,0,1.0,102,1303,69.67,85.19,Excellent
STU4937,ECE,6,Male,Hostel,Night,Visual,Poor,High,Poor,No,No,Not Started,463,170,25,253,82.7,78.1,7.83,0,32,6,0,3,5.0,111,929,61.91,79.27,Good
STU4938,CSE-AIML,7,Male,Day Scholar,Night,Visual,Poor,Low,Good,No,No,In Progress,118,138,269,0,75.1,58.9,6.18,1,25,5,2,0,2.0,35,970,57.65,65.33,Average
STU4939,IT,1,Male,Hostel,Afternoon,Visual,Average,Medium,Good,Yes,Yes,Not Started,220,514,54,0,69.4,77.7,7.15,1,41,1,1,0,0.0,0,1249,66.42,75.45,Good
STU4940,IT,1,Male,Day Scholar,Night,Auditory,Good,Low,Good,No,No,Not Started,278,25,47,310,82.2,83.6,8.56,0,46,0,0,0,0.0,0,1077,75.43,86.46,Excellent
STU4941,CSE,5,Female,Hostel,Night,Kinesthetic,Average,Low,Good,Yes,No,Not Started,221,161,211,168,100.0,71.2,7.18,0,34,2,1,0,3.0,31,1100,65.37,78.8,Good
STU4942,CSE-AIML,5,Female,Day Scholar,Afternoon,Auditory,Poor,Medium,Poor,No,No,Not Started,157,262,118,395,88.9,73.0,8.06,0,37,3,2,1,0.0,187,1137,48.97,82.7,Good
STU4943,IT,6,Female,Day Scholar,Morning,Kinesthetic,Average,Medium,Average,No,Yes,In Progress,77,50,205,282,87.0,58.7,5.21,0,34,11,0,2,2.0,193,1045,83.67,75.99,Good
STU4944,CSE,7,Male,Hostel,Night,Visual,Poor,High,Average,No,No,In Progress,75,384,0,248,83.6,71.1,7.08,1,37,10,1,3,2.0,66,1121,58.44,78.13,Good
STU4945,IT,8,Male,Hostel,Night,Auditory,Poor,Medium,Average,No,Yes,Placed,141,140,115,440,82.3,78.8,8.19,0,39,6,2,0,4.0,375,1152,70.26,83.06,Good
STU4946,ECE,7,Male,Hostel,Morning,Kinesthetic,Good,Low,Good,No,No,In Progress,167,97,250,317,83.0,74.2,7.38,0,35,5,2,1,2.0,181,1086,81.49,84.71,Good
STU4947,CSE-DS,1,Male,Hostel,Morning,Kinesthetic,Average,Medium,Good,No,No,Not Started,176,315,117,265,93.2,71.6,6.5,1,30,0,0,0,1.0,71,1143,55.42,75.55,Good
STU4948,CSE-DS,8,Other,Hostel,Night,Visual,Poor,High,Good,No,No,Placed,115,310,0,85,65.4,61.9,5.92,0,33,7,2,1,6.0,80,1078,47.73,70.26,Good
STU4949,IT,6,Female,Hostel,Night,Kinesthetic,Average,Medium,Average,No,No,Not Started,136,238,294,126,99.1,82.2,8.32,0,40,4,4,1,0.0,41,1512,63.78,87.98,Excellent
STU4950,IT,1,Male,Hostel,Night,Kinesthetic,Average,High,Good,No,No,Not Started,304,124,0,344,85.3,80.0,9.27,0,40,0,0,0,1.0,55,961,59.14,90.07,Excellent
STU4951,CSE,5,Female,Day Scholar,Morning,Kinesthetic,Good,Low,Average,No,Yes,Not Started,87,181,40,384,86.3,66.9,6.06,0,34,5,0,1,2.0,191,1101,87.04,80.03,Good
STU4952,CSE,4,Female,Hostel,,Visual,Average,High,Average,No,No,Not Started,118,243,0,645,93.3,74.7,7.43,0,33,7,1,0,,278,1231,78.3,81.58,Good
STU4953,CSE-AIML,2,Male,Hostel,Afternoon,Auditory,Average,Medium,Good,No,No,Not Started,62,136,222,441,95.9,70.4,7.14,0,31,2,0,0,1.0,192,1127,62.02,83.95,Good
STU4954,CSE-DS,8,Female,Hostel,Night,Visual,Average,Medium,Poor,No,Yes,In Progress,437,408,407,171,82.7,76.8,8.08,0,36,5,1,2,4.0,206,1025,78.38,87.27,Excellent
STU4955,CSE-AIML,2,Male,Hostel,Night,Kinesthetic,Average,Medium,Good,Yes,No,Not Started,4,458,100,485,68.2,69.9,6.54,1,38,0,1,0,0.0,172,1028,64.75,66.42,Average
STU4956,CSE-DS,1,Male,Hostel,Night,Kinesthetic,Average,Medium,Average,No,Yes,Not Started,148,76,319,592,49.6,59.5,6.09,5,27,0,0,0,0.0,0,969,76.89,56.86,Average
STU4957,CSE,7,Male,Day Scholar,Morning,Auditory,Poor,High,Good,No,No,In Progress,343,438,338,438,80.3,76.8,8.82,0,40,4,6,0,5.0,283,1160,68.12,87.0,Excellent
STU4958,CSE-DS,5,Male,Hostel,Night,Kinesthetic,Average,Low,Good,No,No,Not Started,304,215,131,108,81.8,81.3,7.52,1,35,5,3,0,0.0,72,1293,76.04,79.77,Good
STU4959,CSE,3,Male,Hostel,Night,Auditory,Poor,Low,Good,No,No,Not Started,210,72,100,686,89.5,79.1,7.98,1,37,1,1,1,2.0,178,1076,71.3,82.24,Good
STU4960,CSE-DS,3,Male,Hostel,Night,Kinesthetic,Poor,High,,No,No,Not Started,224,298,83,757,69.6,70.6,7.44,0,37,0,3,0,1.0,264,1238,63.43,77.55,Good
STU4961,CSE-AIML,2,Male,Hostel,,Kinesthetic,Average,Low,Average,No,No,Not Started,82,201,135,0,94.3,68.0,6.83,1,31,1,0,0,0.0,12,1181,60.18,79.38,Good
STU4962,CSE,4,Female,Hostel,Night,Visual,Good,Medium,Average,Yes,No,Not Started,42,289,313,278,100.0,70.8,7.15,1,38,3,3,2,4.0,0,1049,63.94,80.22,Good
STU4963,CSE,2,Other,Day Scholar,Night,Visual,Poor,Medium,Good,No,No,Not Started,120,350,137,160,76.5,67.3,7.06,0,35,1,0,0,0.0,0,1132,48.59,73.68,Good
STU4964,CSE-DS,1,Female,Hostel,Afternoon,Auditory,Average,Medium,Good,Yes,Yes,Not Started,133,320,94,621,95.0,72.4,7.28,0,33,2,0,0,1.0,94,994,82.44,81.61,Good
STU4965,CSE-AIML,4,Male,Hostel,Night,Visual,Good,High,Good,No,Yes,Not Started,226,152,117,352,96.8,78.9,8.26,0,38,2,1,2,2.0,137,1082,73.6,89.08,Excellent
STU4966,CSE,3,Male,Day Scholar,Morning,Auditory,Average,Medium,Good,No,No,Not Started,171,449,168,205,98.3,73.3,7.16,0,34,0,1,0,2.0,60,950,58.31,81.29,Good
STU4967,ECE,7,Male,Hostel,Night,Visual,Poor,High,Good,No,Yes,In Progress,330,197,73,187,97.3,75.9,7.81,0,39,4,3,0,0.0,116,838,66.91,86.0,Excellent
STU4968,CSE-DS,5,Male,Hostel,Night,Auditory,Average,High,Good,No,Yes,Not Started,203,334,91,107,96.1,71.2,6.79,0,34,5,2,0,2.0,0,1014,64.34,79.49,Good
STU4969,ECE,8,Female,Day Scholar,Afternoon,Kinesthetic,Average,Medium,Good,No,No,Placed,33,328,55,896,87.4,71.6,7.05,0,39,6,3,0,5.0,652,1175,87.18,81.54,Good
STU4970,CSE-AIML,5,Female,Hostel,Night,Auditory,Poor,Medium,Good,No,Yes,Not Started,50,284,19,306,97.0,78.3,7.81,0,40,3,3,0,2.0,122,1213,54.56,81.55,Good
STU4971,CSE-AIML,1,Female,Day Scholar,Night,Visual,Good,Medium,Good,No,Yes,Not Started,145,291,177,229,79.7,69.9,6.62,0,35,0,0,0,0.0,15,1123,69.28,75.85,Good
STU4972,IT,2,Female,Hostel,Night,Auditory,Poor,Low,Good,No,No,Not Started,115,123,22,0,94.2,71.1,6.32,2,36,0,0,0,1.0,0,936,43.7,76.98,Good
STU4973,CSE-AIML,1,Male,Hostel,Night,Visual,Good,Low,Good,No,No,Not Started,178,198,113,393,100.0,77.4,7.12,0,38,0,0,0,2.0,100,1027,73.92,84.2,Good
STU4974,CSE-DS,8,Male,Hostel,Night,Kinesthetic,Poor,Medium,Good,No,No,Placed,250,118,86,70,64.9,58.8,5.76,1,26,7,2,0,5.0,43,1128,60.0,67.85,Average
STU4975,CSE,5,Female,Hostel,Night,Visual,Average,High,Average,No,Yes,Not Started,234,352,210,431,64.9,64.8,7.01,0,35,6,2,0,3.0,41,858,78.83,76.63,Good
STU4976,CSE-AIML,8,Male,Hostel,Afternoon,Kinesthetic,Average,Medium,Average,No,No,In Progress,81,181,89,189,78.6,72.1,7.39,0,36,8,0,3,2.0,154,1296,71.87,82.15,Good
STU4977,CSE,3,Male,Hostel,Morning,Kinesthetic,Good,Low,Good,No,Yes,Not Started,287,190,178,606,90.2,79.6,8.46,0,41,4,2,1,0.0,169,1112,100.0,89.42,Excellent
STU4978,CSE,5,Male,Day Scholar,Afternoon,Visual,Average,Medium,Poor,No,No,Not Started,149,174,0,146,74.9,65.4,6.85,0,29,4,1,0,4.0,69,1128,58.21,74.85,Good
STU4979,CSE,4,Male,Day Scholar,Night,Kinesthetic,Good,Medium,Average,No,No,Not Started,184,179,239,273,86.8,73.2,7.81,0,37,3,0,0,1.0,43,1169,69.4,88.0,Excellent
STU4980,CSE,7,Male,Hostel,Morning,Visual,Average,Medium,,No,No,In Progress,98,222,175,499,84.5,65.6,6.34,0,27,12,2,1,4.0,327,1329,89.32,75.25,Good
STU4981,ECE,8,Female,Hostel,Night,Auditory,Average,Medium,Good,No,Yes,In Progress,217,196,249,481,84.9,75.2,7.55,0,36,2,2,1,4.0,351,1181,82.91,82.21,Good
STU4982,CSE,7,Female,Day Scholar,Afternoon,Kinesthetic,Good,Low,Average,No,Yes,In Progress,211,262,148,392,66.4,71.0,7.0,0,37,8,3,0,6.0,366,1043,98.59,81.53,Good
STU4983,CSE-DS,6,Male,Day Scholar,Night,Auditory,Poor,Medium,Good,No,No,Not Started,312,216,144,394,100.0,82.9,8.27,0,45,2,0,2,5.0,259,1102,66.43,87.74,Excellent
STU4984,IT,5,Male,Hostel,Morning,Auditory,Average,High,Average,No,No,Not Started,122,78,72,237,88.6,70.0,6.27,2,25,5,0,1,3.0,146,949,65.53,71.1,Good
STU4985,CSE-AIML,5,Female,Day Scholar,Night,Visual,Average,Medium,Good,No,No,Not Started,188,334,144,101,90.7,75.6,7.81,0,41,3,2,1,2.0,23,1222,59.86,85.09,Excellent
STU4986,CSE,7,Male,Hostel,Night,Visual,Average,Low,Good,Yes,Yes,Placed,213,273,7,285,93.3,71.5,7.1,2,37,5,1,3,2.0,233,1054,88.51,76.36,Good
STU4987,CSE-DS,6,Male,Hostel,Night,Kinesthetic,Average,Medium,Good,No,No,Not Started,207,327,39,240,93.8,78.9,8.47,0,39,4,1,0,4.0,188,1222,69.43,89.2,Excellent
STU4988,CSE-DS,4,Male,Hostel,Night,Visual,Good,Low,Average,Yes,Yes,Not Started,296,245,51,388,78.6,80.9,7.47,0,37,6,0,1,0.0,151,829,96.17,80.9,Good
STU4989,CSE-DS,2,Male,Day Scholar,Night,Auditory,Poor,High,Average,No,No,Not Started,109,296,85,415,95.8,75.5,6.37,5,36,1,1,0,1.0,54,1250,51.69,67.96,Average
STU4990,IT,8,Female,Day Scholar,Night,Auditory,Good,Low,Average,Yes,Yes,Placed,223,97,0,265,82.7,72.1,7.38,0,35,5,2,3,5.0,150,1001,88.66,81.61,Good
STU4991,ECE,8,Female,Day Scholar,Night,Auditory,Poor,High,Poor,No,No,In Progress,230,185,4,451,98.4,67.0,6.24,2,30,7,2,0,9.0,459,1222,65.01,72.46,Good
STU4992,CSE-AIML,5,Male,Hostel,Morning,Kinesthetic,Average,High,Good,No,No,Not Started,147,310,0,322,76.0,65.6,6.75,0,32,5,1,0,2.0,234,967,70.18,77.2,Good
STU4993,CSE,7,Male,Day Scholar,Night,Visual,Good,Medium,Good,No,No,In Progress,201,184,275,371,78.8,77.4,8.03,0,34,3,1,1,4.0,199,1081,77.31,85.35,Excellent
STU4994,CSE-DS,1,Male,Hostel,Night,Auditory,Average,Medium,Average,No,Yes,Not Started,197,399,9,294,87.8,73.3,8.11,0,36,0,0,0,2.0,0,853,67.65,80.19,Good
STU4995,CSE,5,Male,Hostel,Afternoon,Kinesthetic,Poor,High,Average,No,Yes,Not Started,220,415,23,413,72.7,67.1,7.08,0,36,3,3,2,5.0,127,1026,68.79,77.36,Good
STU4996,IT,1,Other,Hostel,Night,Visual,Average,Low,Average,Yes,Yes,Not Started,151,272,107,276,71.4,61.1,6.51,0,29,2,0,0,0.0,0,1103,70.53,70.71,Good
STU4997,CSE,4,Female,Hostel,Night,Visual,Average,Low,Good,No,No,Not Started,109,247,138,192,74.6,71.9,5.91,1,36,3,1,1,5.0,62,1074,71.02,68.74,Average
STU4998,CSE,5,Male,Day Scholar,Night,Auditory,Good,Low,Average,Yes,No,Not Started,194,484,159,417,93.9,75.8,7.21,0,40,1,1,0,1.0,226,1102,78.97,80.23,Good
STU4999,IT,8,Female,Hostel,Night,Kinesthetic,Good,Medium,Average,No,No,Placed,241,0,55,260,94.7,82.0,8.56,0,42,8,6,2,1.0,336,1251,93.51,96.63,Excellent
STU5000,CSE-AIML,7,Female,Day Scholar,Afternoon,Auditory,Average,Medium,Poor,No,No,Placed,93,282,102,351,85.3,57.8,5.71,0,27,6,2,0,5.0,276,1087,62.41,71.1,Good
